{
  "step": 37,
  "group": 0,
  "rollout": 13,
  "reward": 2.635983083334135,
  "raw_score": 2.635983083334135,
  "valid": true,
  "parsed": true,
  "ran": true,
  "msg": "ok",
  "advantage": 0.12499999999873457,
  "beta": 1048576.0,
  "n_response_tokens": 2357,
  "sandbox_stdout": "Invalid packing: Circle 0 at (0.07999999999999999,0.07999999999999999) r=1.0 outside unit square\nInvalid packing: Circle 0 at (0.07999999999999999,0.07999999999999999) r=1.0 outside unit square\nInvalid packing: Circle 14 at (0.54642100218674,0.8925687622861771) r=0.10743123777696338 outside unit square\n",
  "parent_value": 2.635983083334135,
  "parent_is_seed": false
}