{
  "step": 37,
  "group": 4,
  "rollout": 37,
  "reward": 2.635983083334135,
  "raw_score": 2.635983083334135,
  "valid": true,
  "parsed": true,
  "ran": true,
  "msg": "ok",
  "advantage": 0.08620689655054448,
  "beta": 1048576.0,
  "n_response_tokens": 2228,
  "sandbox_stdout": "Invalid packing: Circle 0 at (0.07999999999999999,0.07999999999999999) r=1.0 outside unit square\nInvalid packing: Circle 0 at (0.07999999999999999,0.07999999999999999) r=1.0 outside unit square\nInvalid packing: Circle 0 at (0.8743804283741012,0.125619572175358) r=0.12561957174204844 outside unit square\nInvalid packing: Circle 2 at (0.4989214733343554,0.0947497548928023) r=0.11286221806458295 outside unit square\n",
  "parent_value": 2.635983083334135,
  "parent_is_seed": false
}