{
  "step": 37,
  "group": 6,
  "rollout": 50,
  "reward": 2.6330352269620008,
  "raw_score": 2.6330352269620008,
  "valid": true,
  "parsed": true,
  "ran": true,
  "msg": "ok",
  "advantage": -1.0,
  "beta": 1048576.0,
  "n_response_tokens": 2427,
  "sandbox_stdout": "Invalid packing: Circle 4 at (0.8634162378053983,0.13658376235181013) r=0.1365837622416242 outside unit square\nInvalid packing: Circles 2 and 3 overlap\nInvalid packing: Circles 1 and 14 overlap\n",
  "parent_value": 2.635983083334135,
  "parent_is_seed": false
}