{
  "step": 37,
  "group": 2,
  "rollout": 6,
  "reward": 2.635983083334135,
  "raw_score": 2.635983083334135,
  "valid": true,
  "parsed": true,
  "ran": true,
  "msg": "ok",
  "advantage": 0.08620689655054448,
  "beta": 1048576.0,
  "n_response_tokens": 2311,
  "sandbox_stdout": "Invalid packing: Circles 1 and 5 overlap\nInvalid packing: Circle 0 at (0.0,1.0) r=1.0 outside unit square\nInvalid packing: Circle 1 at (0.1086912841789774,0.8913087176010199) r=0.10869128243483199 outside unit square\n",
  "parent_value": 2.635983083334135,
  "parent_is_seed": false
}