{
  "step": 37,
  "group": 7,
  "rollout": 41,
  "reward": 2.635983083334135,
  "raw_score": 2.635983083334135,
  "valid": true,
  "parsed": true,
  "ran": true,
  "msg": "ok",
  "advantage": 0.016129032257031994,
  "beta": 1048576.0,
  "n_response_tokens": 2355,
  "sandbox_stdout": "Invalid packing: Circle 0 at (0.07999999999999999,0.07999999999999999) r=1.0 outside unit square\nInvalid packing: Circle 0 at (0.07999999999999999,0.07999999999999999) r=1.0 outside unit square\nInvalid packing: Circle 5 at (0.0,0.0) r=1.0 outside unit square\nInvalid packing: Circle 0 at (1.0,0.0) r=1.0 outside unit square\n",
  "parent_value": 2.635983083334135,
  "parent_is_seed": false
}