{
  "step": 37,
  "group": 5,
  "rollout": 7,
  "reward": 2.635983083334135,
  "raw_score": 2.635983083334135,
  "valid": true,
  "parsed": true,
  "ran": true,
  "msg": "ok",
  "advantage": 0.08620689655054448,
  "beta": 1048576.0,
  "n_response_tokens": 2154,
  "sandbox_stdout": "Invalid packing: Circle 0 at (0.07999999999999999,0.07999999999999999) r=1.0 outside unit square\nInvalid packing: Circle 0 at (0.07999999999999999,0.07999999999999999) r=1.0 outside unit square\nInvalid packing: Circle 21 at (0.1589761333027472,0.15897617746620057) r=0.1589761773976929 outside unit square\n",
  "parent_value": 2.635983083334135,
  "parent_is_seed": false
}