{
  "step": 19,
  "group": 2,
  "rollout": 10,
  "reward": 2.4707106781186545,
  "raw_score": 2.4707106781186545,
  "valid": true,
  "parsed": true,
  "ran": true,
  "msg": "ok",
  "advantage": 0.37796446837913317,
  "algo": "ppo",
  "ppo_epochs": 4,
  "ppo_clip": 0.2,
  "n_response_tokens": 2020,
  "sandbox_stdout": "",
  "parent_value": 2.4707106781224923,
  "parent_is_seed": false
}