{
  "step": 19,
  "group": 0,
  "rollout": 6,
  "reward": 2.3707106781186544,
  "raw_score": 2.3707106781186544,
  "valid": true,
  "parsed": true,
  "ran": true,
  "msg": "ok",
  "advantage": 0.11788107394448236,
  "algo": "ppo",
  "ppo_epochs": 4,
  "ppo_clip": 0.2,
  "n_response_tokens": 2214,
  "sandbox_stdout": "",
  "parent_value": 2.4707106781224923,
  "parent_is_seed": false
}