{
  "step": 8,
  "group": 5,
  "rollout": 61,
  "reward": 2.6001027478168357,
  "raw_score": 2.6001027478168357,
  "valid": true,
  "parsed": true,
  "ran": true,
  "msg": "ok",
  "advantage": 1.0362842544959276,
  "beta": 2.021258992375888,
  "n_response_tokens": 2242,
  "sandbox_stdout": "",
  "parent_value": 2.6260030423590592,
  "parent_is_seed": false
}