{
  "step": 8,
  "group": 6,
  "rollout": 11,
  "reward": 2.623963611741696,
  "raw_score": 2.623963611741696,
  "valid": true,
  "parsed": true,
  "ran": true,
  "msg": "ok",
  "advantage": 1.2386653031932089,
  "beta": 30056.328018685144,
  "n_response_tokens": 2186,
  "sandbox_stdout": "",
  "parent_value": 2.623963611741696,
  "parent_is_seed": false
}