{
  "step": 8,
  "group": 3,
  "rollout": 20,
  "reward": 2.6164514514957764,
  "raw_score": 2.6164514514957764,
  "valid": true,
  "parsed": true,
  "ran": true,
  "msg": "ok",
  "advantage": 1.1464789311839403,
  "beta": 2.0856485757183787,
  "n_response_tokens": 2017,
  "sandbox_stdout": "",
  "parent_value": 2.627829002215816,
  "parent_is_seed": false
}