{
  "step": 8,
  "group": 3,
  "rollout": 47,
  "reward": 2.619002997312662,
  "raw_score": 2.619002997312662,
  "valid": true,
  "parsed": true,
  "ran": true,
  "msg": "ok",
  "advantage": 1.1583245180681043,
  "beta": 2.0856485757183787,
  "n_response_tokens": 1554,
  "sandbox_stdout": "",
  "parent_value": 2.627829002215816,
  "parent_is_seed": false
}