{
  "step": 8,
  "group": 6,
  "rollout": 13,
  "reward": 2.623941708908177,
  "raw_score": 2.623941708908177,
  "valid": true,
  "parsed": true,
  "ran": true,
  "msg": "ok",
  "advantage": 0.13947633690538574,
  "beta": 30056.328018685144,
  "n_response_tokens": 2450,
  "sandbox_stdout": "",
  "parent_value": 2.623963611741696,
  "parent_is_seed": false
}