{
  "step": 8,
  "group": 0,
  "rollout": 25,
  "reward": 2.6030501213168007,
  "raw_score": 2.6030501213168007,
  "valid": true,
  "parsed": true,
  "ran": true,
  "msg": "ok",
  "advantage": 1.1030745099869619,
  "beta": 1.7460929467424389,
  "n_response_tokens": 1806,
  "sandbox_stdout": "",
  "parent_value": 2.6302148014238265,
  "parent_is_seed": false
}