{
  "step": 8,
  "group": 2,
  "rollout": 62,
  "reward": 2.6089418551081898,
  "raw_score": 2.6089418551081898,
  "valid": true,
  "parsed": true,
  "ran": true,
  "msg": "ok",
  "advantage": 1.1968325152286994,
  "beta": 1.5772055575832336,
  "n_response_tokens": 3373,
  "sandbox_stdout": "",
  "parent_value": 2.628212418165334,
  "parent_is_seed": false
}