{
  "step": 8,
  "group": 2,
  "rollout": 12,
  "reward": 2.624260816512127,
  "raw_score": 2.624260816512127,
  "valid": true,
  "parsed": true,
  "ran": true,
  "msg": "ok",
  "advantage": 1.2524777677056091,
  "beta": 1.5772055575832336,
  "n_response_tokens": 2593,
  "sandbox_stdout": "",
  "parent_value": 2.628212418165334,
  "parent_is_seed": false
}