{
  "step": 8,
  "group": 0,
  "rollout": 45,
  "reward": 0.0,
  "raw_score": null,
  "valid": false,
  "parsed": true,
  "ran": true,
  "msg": "Circle 10 at (0.08694611103395707,0.409091475854515) r=0.08694611103496042 outside unit square",
  "advantage": -0.9783826945462855,
  "beta": 1.7460929467424389,
  "n_response_tokens": 1675,
  "sandbox_stdout": "",
  "parent_value": 2.6302148014238265,
  "parent_is_seed": false
}