{
  "step": 8,
  "group": 7,
  "rollout": 47,
  "reward": 2.623941708908177,
  "raw_score": 2.623941708908177,
  "valid": true,
  "parsed": true,
  "ran": true,
  "msg": "ok",
  "advantage": 1.0821167186073835,
  "beta": 160.70950547187408,
  "n_response_tokens": 2008,
  "sandbox_stdout": "",
  "parent_value": 2.623941708908177,
  "parent_is_seed": false
}