{
  "step": 8,
  "group": 6,
  "rollout": 3,
  "reward": 2.6221605527287886,
  "raw_score": 2.6221605527287886,
  "valid": true,
  "parsed": true,
  "ran": true,
  "msg": "ok",
  "advantage": -1.0,
  "beta": 30056.328018685144,
  "n_response_tokens": 1881,
  "sandbox_stdout": "",
  "parent_value": 2.623963611741696,
  "parent_is_seed": false
}