{
  "step": 8,
  "group": 2,
  "rollout": 44,
  "reward": 2.6216221624319616,
  "raw_score": 2.6216221624319616,
  "valid": true,
  "parsed": true,
  "ran": true,
  "msg": "ok",
  "advantage": 1.2427900860620125,
  "beta": 1.5772055575832336,
  "n_response_tokens": 2646,
  "sandbox_stdout": "",
  "parent_value": 2.628212418165334,
  "parent_is_seed": false
}