{
  "step": 8,
  "group": 7,
  "rollout": 51,
  "reward": 2.6239636117416727,
  "raw_score": 2.6239636117416727,
  "valid": true,
  "parsed": true,
  "ran": true,
  "msg": "ok",
  "advantage": 1.0897022018625506,
  "beta": 160.70950547187408,
  "n_response_tokens": 2048,
  "sandbox_stdout": "",
  "parent_value": 2.623941708908177,
  "parent_is_seed": false
}