{
  "step": 8,
  "group": 1,
  "rollout": 25,
  "reward": 2.623670986997829,
  "raw_score": 2.623670986997829,
  "valid": true,
  "parsed": true,
  "ran": true,
  "msg": "ok",
  "advantage": 1.5215261510745668,
  "beta": 1.2391825974841093,
  "n_response_tokens": 2306,
  "sandbox_stdout": "",
  "parent_value": 2.628457135531273,
  "parent_is_seed": false
}