{
  "step": 8,
  "group": 3,
  "rollout": 40,
  "reward": 2.614971918446882,
  "raw_score": 2.614971918446882,
  "valid": true,
  "parsed": true,
  "ran": true,
  "msg": "ok",
  "advantage": 1.1396409587259475,
  "beta": 2.0856485757183787,
  "n_response_tokens": 1593,
  "sandbox_stdout": "",
  "parent_value": 2.627829002215816,
  "parent_is_seed": false
}