{
  "step": 8,
  "group": 0,
  "rollout": 3,
  "reward": 2.6232422102880415,
  "raw_score": 2.6232422102880415,
  "valid": true,
  "parsed": true,
  "ran": true,
  "msg": "ok",
  "advantage": 1.1811587356091908,
  "beta": 1.7460929467424389,
  "n_response_tokens": 1840,
  "sandbox_stdout": "",
  "parent_value": 2.6302148014238265,
  "parent_is_seed": false
}