{
  "step": 8,
  "group": 2,
  "rollout": 40,
  "reward": 2.6196265827800254,
  "raw_score": 2.6196265827800254,
  "valid": true,
  "parsed": true,
  "ran": true,
  "msg": "ok",
  "advantage": 1.2354920482712815,
  "beta": 1.5772055575832336,
  "n_response_tokens": 2537,
  "sandbox_stdout": "",
  "parent_value": 2.628212418165334,
  "parent_is_seed": false
}