{
  "step": 8,
  "group": 5,
  "rollout": 5,
  "reward": 2.4690369211956553,
  "raw_score": 2.4690369211956553,
  "valid": true,
  "parsed": true,
  "ran": true,
  "msg": "ok",
  "advantage": 0.5507125659240677,
  "beta": 2.021258992375888,
  "n_response_tokens": 1941,
  "sandbox_stdout": "",
  "parent_value": 2.6260030423590592,
  "parent_is_seed": false
}