{
  "step": 8,
  "group": 2,
  "rollout": 11,
  "reward": 2.624164749605107,
  "raw_score": 2.624164749605107,
  "valid": true,
  "parsed": true,
  "ran": true,
  "msg": "ok",
  "advantage": 1.2521243048152857,
  "beta": 1.5772055575832336,
  "n_response_tokens": 2455,
  "sandbox_stdout": "",
  "parent_value": 2.628212418165334,
  "parent_is_seed": false
}