{
  "step": 8,
  "group": 3,
  "rollout": 62,
  "reward": 2.6024792798548084,
  "raw_score": 2.6024792798548084,
  "valid": true,
  "parsed": true,
  "ran": true,
  "msg": "ok",
  "advantage": 1.0827928131985192,
  "beta": 2.0856485757183787,
  "n_response_tokens": 1671,
  "sandbox_stdout": "",
  "parent_value": 2.627829002215816,
  "parent_is_seed": false
}