{
  "step": 8,
  "group": 0,
  "rollout": 35,
  "reward": 2.6080812515263925,
  "raw_score": 2.6080812515263925,
  "valid": true,
  "parsed": true,
  "ran": true,
  "msg": "ok",
  "advantage": 1.1222561377913234,
  "beta": 1.7460929467424389,
  "n_response_tokens": 1829,
  "sandbox_stdout": "",
  "parent_value": 2.6302148014238265,
  "parent_is_seed": false
}