{
  "step": 8,
  "group": 3,
  "rollout": 18,
  "reward": 2.6268470068627234,
  "raw_score": 2.6268470068627234,
  "valid": true,
  "parsed": true,
  "ran": true,
  "msg": "ok",
  "advantage": 1.1951652433082196,
  "beta": 2.0856485757183787,
  "n_response_tokens": 1487,
  "sandbox_stdout": "",
  "parent_value": 2.627829002215816,
  "parent_is_seed": false
}