{
  "step": 8,
  "group": 0,
  "rollout": 16,
  "reward": 2.6079950692048968,
  "raw_score": 2.6079950692048968,
  "valid": true,
  "parsed": true,
  "ran": true,
  "msg": "ok",
  "advantage": 1.1219260440000993,
  "beta": 1.7460929467424389,
  "n_response_tokens": 1851,
  "sandbox_stdout": "",
  "parent_value": 2.6302148014238265,
  "parent_is_seed": false
}