{
  "step": 8,
  "group": 5,
  "rollout": 46,
  "reward": 2.6260030423589447,
  "raw_score": 2.6260030423589447,
  "valid": true,
  "parsed": true,
  "ran": true,
  "msg": "ok",
  "advantage": 1.1494598668641602,
  "beta": 2.021258992375888,
  "n_response_tokens": 2091,
  "sandbox_stdout": "",
  "parent_value": 2.6260030423590592,
  "parent_is_seed": false
}