{
  "step": 9,
  "group": 5,
  "rollout": 26,
  "reward": 2.5527237775942586,
  "raw_score": 2.5527237775942586,
  "valid": true,
  "parsed": true,
  "ran": true,
  "msg": "ok",
  "advantage": -0.9995511784592318,
  "beta": 121.06341941263771,
  "n_response_tokens": 1658,
  "sandbox_stdout": "",
  "parent_value": 2.6274424473967617,
  "parent_is_seed": false
}