{
  "step": 9,
  "group": 3,
  "rollout": 14,
  "reward": 2.623963611741641,
  "raw_score": 2.623963611741641,
  "valid": true,
  "parsed": true,
  "ran": true,
  "msg": "ok",
  "advantage": 0.2793692259063085,
  "beta": 199.9965107570653,
  "n_response_tokens": 1862,
  "sandbox_stdout": "",
  "parent_value": 2.6292543118743033,
  "parent_is_seed": false
}