{
  "step": 9,
  "group": 7,
  "rollout": 53,
  "reward": 2.6230548092924066,
  "raw_score": 2.6230548092924066,
  "valid": true,
  "parsed": true,
  "ran": true,
  "msg": "ok",
  "advantage": 1.678097723310501,
  "beta": 1.1493018268950628,
  "n_response_tokens": 2403,
  "sandbox_stdout": "",
  "parent_value": 2.6260880863151304,
  "parent_is_seed": false
}