{
  "step": 9,
  "group": 3,
  "rollout": 60,
  "reward": 2.62094672046841,
  "raw_score": 2.62094672046841,
  "valid": true,
  "parsed": true,
  "ran": true,
  "msg": "ok",
  "advantage": -0.30660707997246317,
  "beta": 199.9965107570653,
  "n_response_tokens": 1834,
  "sandbox_stdout": "",
  "parent_value": 2.6292543118743033,
  "parent_is_seed": false
}