{
  "step": 9,
  "group": 2,
  "rollout": 33,
  "reward": 2.62836479992025,
  "raw_score": 2.62836479992025,
  "valid": true,
  "parsed": true,
  "ran": true,
  "msg": "ok",
  "advantage": 4.6131243825865225,
  "beta": 58.99445532844982,
  "n_response_tokens": 2830,
  "sandbox_stdout": "",
  "parent_value": 2.6310935891136586,
  "parent_is_seed": false
}