{
  "step": 9,
  "group": 6,
  "rollout": 5,
  "reward": 2.6200351913724775,
  "raw_score": 2.6200351913724775,
  "valid": true,
  "parsed": true,
  "ran": true,
  "msg": "ok",
  "advantage": 1.167756920578681,
  "beta": 1.7469647351337174,
  "n_response_tokens": 1893,
  "sandbox_stdout": "",
  "parent_value": 2.6274424473965405,
  "parent_is_seed": false
}