{
  "step": 9,
  "group": 7,
  "rollout": 38,
  "reward": 2.6253538361887196,
  "raw_score": 2.6253538361887196,
  "valid": true,
  "parsed": true,
  "ran": true,
  "msg": "ok",
  "advantage": 1.6854853905049385,
  "beta": 1.1493018268950628,
  "n_response_tokens": 2356,
  "sandbox_stdout": "",
  "parent_value": 2.6260880863151304,
  "parent_is_seed": false
}