{
  "step": 9,
  "group": 2,
  "rollout": 39,
  "reward": 2.6135417669297962,
  "raw_score": 2.6135417669297962,
  "valid": true,
  "parsed": true,
  "ran": true,
  "msg": "ok",
  "advantage": 1.2255363850507335,
  "beta": 58.99445532844982,
  "n_response_tokens": 3016,
  "sandbox_stdout": "",
  "parent_value": 2.6310935891136586,
  "parent_is_seed": false
}