{
  "step": 9,
  "group": 4,
  "rollout": 40,
  "reward": 2.623692586389548,
  "raw_score": 2.623692586389548,
  "valid": true,
  "parsed": true,
  "ran": true,
  "msg": "ok",
  "advantage": 1.8067443507181156,
  "beta": 1.0775233696630728,
  "n_response_tokens": 2324,
  "sandbox_stdout": "",
  "parent_value": 2.627829002215837,
  "parent_is_seed": false
}