{
  "step": 9,
  "group": 3,
  "rollout": 57,
  "reward": 2.616178960408562,
  "raw_score": 2.616178960408562,
  "valid": true,
  "parsed": true,
  "ran": true,
  "msg": "ok",
  "advantage": -0.7345783936867518,
  "beta": 199.9965107570653,
  "n_response_tokens": 1818,
  "sandbox_stdout": "",
  "parent_value": 2.6292543118743033,
  "parent_is_seed": false
}