{
  "step": 9,
  "group": 3,
  "rollout": 0,
  "reward": 2.6130924369439317,
  "raw_score": 2.6130924369439317,
  "valid": true,
  "parsed": true,
  "ran": true,
  "msg": "ok",
  "advantage": -0.8571083046480643,
  "beta": 199.9965107570653,
  "n_response_tokens": 1806,
  "sandbox_stdout": "",
  "parent_value": 2.6292543118743033,
  "parent_is_seed": false
}