{
  "step": 9,
  "group": 2,
  "rollout": 51,
  "reward": 2.6122537571539928,
  "raw_score": 2.6122537571539928,
  "valid": true,
  "parsed": true,
  "ran": true,
  "msg": "ok",
  "advantage": 1.0573753042242515,
  "beta": 58.99445532844982,
  "n_response_tokens": 3123,
  "sandbox_stdout": "",
  "parent_value": 2.6310935891136586,
  "parent_is_seed": false
}