{
  "step": 9,
  "group": 6,
  "rollout": 1,
  "reward": 2.6103435529938603,
  "raw_score": 2.6103435529938603,
  "valid": true,
  "parsed": true,
  "ran": true,
  "msg": "ok",
  "advantage": 1.130133176165692,
  "beta": 1.7469647351337174,
  "n_response_tokens": 1657,
  "sandbox_stdout": "",
  "parent_value": 2.6274424473965405,
  "parent_is_seed": false
}