{
  "step": 9,
  "group": 4,
  "rollout": 13,
  "reward": 0.0,
  "raw_score": null,
  "valid": false,
  "parsed": true,
  "ran": true,
  "msg": "Circle 0 at (0.11643353669091128,0.1164335366909102) r=0.11643353669193228 outside unit square",
  "advantage": -0.8405659562643486,
  "beta": 1.0775233696630728,
  "n_response_tokens": 2307,
  "sandbox_stdout": "",
  "parent_value": 2.627829002215837,
  "parent_is_seed": false
}