{
  "step": 9,
  "group": 2,
  "rollout": 13,
  "reward": 2.6120700173941427,
  "raw_score": 2.6120700173941427,
  "valid": true,
  "parsed": true,
  "ran": true,
  "msg": "ok",
  "advantage": 1.0344782662281777,
  "beta": 58.99445532844982,
  "n_response_tokens": 2760,
  "sandbox_stdout": "",
  "parent_value": 2.6310935891136586,
  "parent_is_seed": false
}