{
  "step": 9,
  "group": 3,
  "rollout": 19,
  "reward": 2.621088371688919,
  "raw_score": 2.621088371688919,
  "valid": true,
  "parsed": true,
  "ran": true,
  "msg": "ok",
  "advantage": -0.2864568688790674,
  "beta": 199.9965107570653,
  "n_response_tokens": 1875,
  "sandbox_stdout": "",
  "parent_value": 2.6292543118743033,
  "parent_is_seed": false
}