{
  "step": 9,
  "group": 7,
  "rollout": 17,
  "reward": 2.6193356236622165,
  "raw_score": 2.6193356236622165,
  "valid": true,
  "parsed": true,
  "ran": true,
  "msg": "ok",
  "advantage": 1.6661912870198061,
  "beta": 1.1493018268950628,
  "n_response_tokens": 2548,
  "sandbox_stdout": "",
  "parent_value": 2.6260880863151304,
  "parent_is_seed": false
}