{
  "step": 9,
  "group": 5,
  "rollout": 9,
  "reward": 2.6266918954684995,
  "raw_score": 2.6266918954684995,
  "valid": true,
  "parsed": true,
  "ran": true,
  "msg": "ok",
  "advantage": 2.6792153476282925,
  "beta": 121.06341941263771,
  "n_response_tokens": 1493,
  "sandbox_stdout": "",
  "parent_value": 2.6274424473967617,
  "parent_is_seed": false
}