{
  "step": 9,
  "group": 1,
  "rollout": 35,
  "reward": 2.6143460453336522,
  "raw_score": 2.6143460453336522,
  "valid": true,
  "parsed": true,
  "ran": true,
  "msg": "ok",
  "advantage": 1.1202710406431677,
  "beta": 2.043675436247519,
  "n_response_tokens": 1923,
  "sandbox_stdout": "",
  "parent_value": 2.6310935891138167,
  "parent_is_seed": false
}