{
  "step": 9,
  "group": 3,
  "rollout": 1,
  "reward": 2.6201091178809133,
  "raw_score": 2.6201091178809133,
  "valid": true,
  "parsed": true,
  "ran": true,
  "msg": "ok",
  "advantage": -0.4145486523561378,
  "beta": 199.9965107570653,
  "n_response_tokens": 1704,
  "sandbox_stdout": "",
  "parent_value": 2.6292543118743033,
  "parent_is_seed": false
}