{
  "step": 9,
  "group": 2,
  "rollout": 1,
  "reward": 2.6048623850156836,
  "raw_score": 2.6048623850156836,
  "valid": true,
  "parsed": true,
  "ran": true,
  "msg": "ok",
  "advantage": 0.31509090732598577,
  "beta": 58.99445532844982,
  "n_response_tokens": 3370,
  "sandbox_stdout": "",
  "parent_value": 2.6310935891136586,
  "parent_is_seed": false
}