{
  "step": 9,
  "group": 1,
  "rollout": 21,
  "reward": 2.5476226878618635,
  "raw_score": 2.5476226878618635,
  "valid": true,
  "parsed": true,
  "ran": true,
  "msg": "ok",
  "advantage": 0.8420924501178209,
  "beta": 2.043675436247519,
  "n_response_tokens": 1909,
  "sandbox_stdout": "",
  "parent_value": 2.6310935891138167,
  "parent_is_seed": false
}