{
  "step": 9,
  "group": 5,
  "rollout": 62,
  "reward": 2.625855887299393,
  "raw_score": 2.625855887299393,
  "valid": true,
  "parsed": true,
  "ran": true,
  "msg": "ok",
  "advantage": 2.3064788211541796,
  "beta": 121.06341941263771,
  "n_response_tokens": 1512,
  "sandbox_stdout": "",
  "parent_value": 2.6274424473967617,
  "parent_is_seed": false
}