{
  "step": 9,
  "group": 0,
  "rollout": 40,
  "reward": 2.6121357266298504,
  "raw_score": 2.6121357266298504,
  "valid": true,
  "parsed": true,
  "ran": true,
  "msg": "ok",
  "advantage": 1.309838484383819,
  "beta": 1.4617986013936897,
  "n_response_tokens": 2454,
  "sandbox_stdout": "",
  "parent_value": 2.6310935891138283,
  "parent_is_seed": false
}