{
  "step": 9,
  "group": 1,
  "rollout": 40,
  "reward": 2.605618073146523,
  "raw_score": 2.605618073146523,
  "valid": true,
  "parsed": true,
  "ran": true,
  "msg": "ok",
  "advantage": 1.0815482669506373,
  "beta": 2.043675436247519,
  "n_response_tokens": 1760,
  "sandbox_stdout": "",
  "parent_value": 2.6310935891138167,
  "parent_is_seed": false
}