{
  "step": 9,
  "group": 5,
  "rollout": 40,
  "reward": 2.6180682559781308,
  "raw_score": 2.6180682559781308,
  "valid": true,
  "parsed": true,
  "ran": true,
  "msg": "ok",
  "advantage": 0.2480092384263919,
  "beta": 121.06341941263771,
  "n_response_tokens": 1670,
  "sandbox_stdout": "",
  "parent_value": 2.6274424473967617,
  "parent_is_seed": false
}