{
  "step": 9,
  "group": 1,
  "rollout": 39,
  "reward": 0.0,
  "raw_score": null,
  "valid": false,
  "parsed": true,
  "ran": true,
  "msg": "Circle 0 at (0.07399172485100282,0.07399172485108403) r=0.07399172485230279 outside unit square",
  "advantage": -0.9901892475714535,
  "beta": 2.043675436247519,
  "n_response_tokens": 1905,
  "sandbox_stdout": "",
  "parent_value": 2.6310935891138167,
  "parent_is_seed": false
}