{
  "step": 9,
  "group": 7,
  "rollout": 43,
  "reward": 2.602736966280272,
  "raw_score": 2.602736966280272,
  "valid": true,
  "parsed": true,
  "ran": true,
  "msg": "ok",
  "advantage": 1.6137206212788198,
  "beta": 1.1493018268950628,
  "n_response_tokens": 2336,
  "sandbox_stdout": "",
  "parent_value": 2.6260880863151304,
  "parent_is_seed": false
}