{
  "step": 9,
  "group": 0,
  "rollout": 6,
  "reward": 2.550384605190593,
  "raw_score": 2.550384605190593,
  "valid": true,
  "parsed": true,
  "ran": true,
  "msg": "ok",
  "advantage": 1.1038106399064587,
  "beta": 1.4617986013936897,
  "n_response_tokens": 2726,
  "sandbox_stdout": "",
  "parent_value": 2.6310935891138283,
  "parent_is_seed": false
}