{
  "step": 9,
  "group": 2,
  "rollout": 56,
  "reward": 2.5848921578580963,
  "raw_score": 2.5848921578580963,
  "valid": true,
  "parsed": true,
  "ran": true,
  "msg": "ok",
  "advantage": -0.6009113442193623,
  "beta": 58.99445532844982,
  "n_response_tokens": 3037,
  "sandbox_stdout": "",
  "parent_value": 2.6310935891136586,
  "parent_is_seed": false
}