{
  "step": 9,
  "group": 0,
  "rollout": 32,
  "reward": 2.6149109317294266,
  "raw_score": 2.6149109317294266,
  "valid": true,
  "parsed": true,
  "ran": true,
  "msg": "ok",
  "advantage": 1.3195737599960538,
  "beta": 1.4617986013936897,
  "n_response_tokens": 2759,
  "sandbox_stdout": "",
  "parent_value": 2.6310935891138283,
  "parent_is_seed": false
}