{
  "step": 9,
  "group": 0,
  "rollout": 19,
  "reward": 2.6102008646756785,
  "raw_score": 2.6102008646756785,
  "valid": true,
  "parsed": true,
  "ran": true,
  "msg": "ok",
  "advantage": 1.303076125739559,
  "beta": 1.4617986013936897,
  "n_response_tokens": 2792,
  "sandbox_stdout": "",
  "parent_value": 2.6310935891138283,
  "parent_is_seed": false
}