{
  "step": 9,
  "group": 6,
  "rollout": 26,
  "reward": 2.6058241404158746,
  "raw_score": 2.6058241404158746,
  "valid": true,
  "parsed": true,
  "ran": true,
  "msg": "ok",
  "advantage": 1.1128196497886078,
  "beta": 1.7469647351337174,
  "n_response_tokens": 1621,
  "sandbox_stdout": "",
  "parent_value": 2.6274424473965405,
  "parent_is_seed": false
}