{
  "step": 9,
  "group": 3,
  "rollout": 38,
  "reward": 2.621351517237606,
  "raw_score": 2.621351517237606,
  "valid": true,
  "parsed": true,
  "ran": true,
  "msg": "ok",
  "advantage": -0.24743806479321961,
  "beta": 199.9965107570653,
  "n_response_tokens": 2083,
  "sandbox_stdout": "",
  "parent_value": 2.6292543118743033,
  "parent_is_seed": false
}