{
  "step": 9,
  "group": 5,
  "rollout": 42,
  "reward": 2.6191804436339927,
  "raw_score": 2.6191804436339927,
  "valid": true,
  "parsed": true,
  "ran": true,
  "msg": "ok",
  "advantage": 0.4319743853256708,
  "beta": 121.06341941263771,
  "n_response_tokens": 1733,
  "sandbox_stdout": "",
  "parent_value": 2.6274424473967617,
  "parent_is_seed": false
}