{
  "step": 9,
  "group": 5,
  "rollout": 16,
  "reward": 2.615091477255008,
  "raw_score": 2.615091477255008,
  "valid": true,
  "parsed": true,
  "ran": true,
  "msg": "ok",
  "advantage": -0.1348095428027365,
  "beta": 121.06341941263771,
  "n_response_tokens": 1817,
  "sandbox_stdout": "",
  "parent_value": 2.6274424473967617,
  "parent_is_seed": false
}