{
  "step": 9,
  "group": 5,
  "rollout": 39,
  "reward": 2.596134528941644,
  "raw_score": 2.596134528941644,
  "valid": true,
  "parsed": true,
  "ran": true,
  "msg": "ok",
  "advantage": -0.9138850601206306,
  "beta": 121.06341941263771,
  "n_response_tokens": 1753,
  "sandbox_stdout": "",
  "parent_value": 2.6274424473967617,
  "parent_is_seed": false
}