{
  "step": 0,
  "group": 1,
  "rollout": 0,
  "reward": 0.0,
  "raw_score": null,
  "valid": false,
  "parsed": true,
  "ran": true,
  "msg": "Circle 0 at (0.0,0.007290136327387507) r=0.49999999999647354 outside unit square",
  "advantage": -0.3060581869150918,
  "beta": 3.3598790733928183,
  "n_response_tokens": 1590,
  "sandbox_stdout": "Validation failed: Circle 0 at (0.0,0.007290136327387507) r=0.49999999999647354 outside unit square\n",
  "parent_value": 0.0,
  "parent_is_seed": true
}