{
  "step": 12,
  "group": 6,
  "rollout": 38,
  "reward": 2.6241805868651555,
  "raw_score": 2.6241805868651555,
  "valid": true,
  "parsed": true,
  "ran": true,
  "msg": "ok",
  "advantage": -0.44916264116989524,
  "beta": 229.7799605084339,
  "n_response_tokens": 1503,
  "sandbox_stdout": "",
  "parent_value": 2.6313341922976963,
  "parent_is_seed": false
}