{
  "step": 12,
  "group": 7,
  "rollout": 33,
  "reward": 2.6282122618677337,
  "raw_score": 2.6282122618677337,
  "valid": true,
  "parsed": true,
  "ran": true,
  "msg": "ok",
  "advantage": -0.05599620448522957,
  "beta": 513.8518185476548,
  "n_response_tokens": 1429,
  "sandbox_stdout": "",
  "parent_value": 2.6310934327966593,
  "parent_is_seed": false
}