{
  "step": 12,
  "group": 1,
  "rollout": 43,
  "reward": 2.6208976562664934,
  "raw_score": 2.6208976562664934,
  "valid": true,
  "parsed": true,
  "ran": true,
  "msg": "ok",
  "advantage": -0.9990946298611801,
  "beta": 650.4240402582967,
  "n_response_tokens": 2129,
  "sandbox_stdout": "",
  "parent_value": 2.6323260072585617,
  "parent_is_seed": false
}