{
  "step": 12,
  "group": 7,
  "rollout": 19,
  "reward": 2.626125328007323,
  "raw_score": 2.626125328007323,
  "valid": true,
  "parsed": true,
  "ran": true,
  "msg": "ok",
  "advantage": -0.6801196520743793,
  "beta": 513.8518185476548,
  "n_response_tokens": 1579,
  "sandbox_stdout": "",
  "parent_value": 2.6310934327966593,
  "parent_is_seed": false
}