{
  "step": 12,
  "group": 1,
  "rollout": 47,
  "reward": 2.620897315978681,
  "raw_score": 2.620897315978681,
  "valid": true,
  "parsed": true,
  "ran": true,
  "msg": "ok",
  "advantage": -0.9990948302287014,
  "beta": 650.4240402582967,
  "n_response_tokens": 1915,
  "sandbox_stdout": "Invalid packing: Circles 0 and 13 overlap\n",
  "parent_value": 2.6323260072585617,
  "parent_is_seed": false
}