{
  "step": 12,
  "group": 7,
  "rollout": 0,
  "reward": 2.625522513765635,
  "raw_score": 2.625522513765635,
  "valid": true,
  "parsed": true,
  "ran": true,
  "msg": "ok",
  "advantage": -0.7656447273924638,
  "beta": 513.8518185476548,
  "n_response_tokens": 1441,
  "sandbox_stdout": "",
  "parent_value": 2.6310934327966593,
  "parent_is_seed": false
}