{
  "step": 12,
  "group": 0,
  "rollout": 43,
  "reward": 2.6323260072585617,
  "raw_score": 2.6323260072585617,
  "valid": true,
  "parsed": true,
  "ran": true,
  "msg": "ok",
  "advantage": 0.8666698005387359,
  "beta": 464.6793689222155,
  "n_response_tokens": 2599,
  "sandbox_stdout": "Invalid packing: Circle 0 at (3.829515044658561e-09,0.999999996170485) r=0.999999996170485 outside unit square\nInvalid packing: Circle 1 at (0.9554492142237849,0.0) r=0.9552920015596957 outside unit square\nInvalid packing: Circle 1 at (0.9554492142237849,0.0) r=0.9552920015596957 outside unit square\n",
  "parent_value": 2.6323260072585617,
  "parent_is_seed": false
}