{
  "step": 12,
  "group": 3,
  "rollout": 5,
  "reward": 2.5914884127932614,
  "raw_score": 2.5914884127932614,
  "valid": true,
  "parsed": true,
  "ran": true,
  "msg": "ok",
  "advantage": -1.0,
  "beta": 1378.7128880280393,
  "n_response_tokens": 2450,
  "sandbox_stdout": "",
  "parent_value": 2.6313341923021363,
  "parent_is_seed": false
}