{
  "step": 12,
  "group": 6,
  "rollout": 41,
  "reward": 2.630734894431755,
  "raw_score": 2.630734894431755,
  "valid": true,
  "parsed": true,
  "ran": true,
  "msg": "ok",
  "advantage": 1.5622685751840861,
  "beta": 229.7799605084339,
  "n_response_tokens": 1689,
  "sandbox_stdout": "",
  "parent_value": 2.6313341922976963,
  "parent_is_seed": false
}