{
  "step": 12,
  "group": 0,
  "rollout": 46,
  "reward": 2.5991727432126384,
  "raw_score": 2.5991727432126384,
  "valid": true,
  "parsed": true,
  "ran": true,
  "msg": "ok",
  "advantage": -0.9999996303395753,
  "beta": 464.6793689222155,
  "n_response_tokens": 2253,
  "sandbox_stdout": "Invalid packing: Circle 1 at (0.9554492142237849,0.0) r=0.9552920015596957 outside unit square\n",
  "parent_value": 2.6323260072585617,
  "parent_is_seed": false
}