{
  "step": 12,
  "group": 3,
  "rollout": 4,
  "reward": 2.62944535517544,
  "raw_score": 2.62944535517544,
  "valid": true,
  "parsed": true,
  "ran": true,
  "msg": "ok",
  "advantage": -0.835788546701292,
  "beta": 1378.7128880280393,
  "n_response_tokens": 2476,
  "sandbox_stdout": "",
  "parent_value": 2.6313341923021363,
  "parent_is_seed": false
}