{
  "step": 12,
  "group": 7,
  "rollout": 53,
  "reward": 2.621380801802149,
  "raw_score": 2.621380801802149,
  "valid": true,
  "parsed": true,
  "ran": true,
  "msg": "ok",
  "advantage": -0.9721915402427981,
  "beta": 513.8518185476548,
  "n_response_tokens": 1479,
  "sandbox_stdout": "",
  "parent_value": 2.6310934327966593,
  "parent_is_seed": false
}