{
  "step": 12,
  "group": 3,
  "rollout": 8,
  "reward": 2.629445354934218,
  "raw_score": 2.629445354934218,
  "valid": true,
  "parsed": true,
  "ran": true,
  "msg": "ok",
  "advantage": -0.8357886014564362,
  "beta": 1378.7128880280393,
  "n_response_tokens": 1969,
  "sandbox_stdout": "",
  "parent_value": 2.6313341923021363,
  "parent_is_seed": false
}