{
  "step": 12,
  "group": 0,
  "rollout": 26,
  "reward": 2.609044221575422,
  "raw_score": 2.609044221575422,
  "valid": true,
  "parsed": true,
  "ran": true,
  "msg": "ok",
  "advantage": -0.9999636969252875,
  "beta": 464.6793689222155,
  "n_response_tokens": 2317,
  "sandbox_stdout": "Invalid packing: Circle 12 at (0.9999999997,2.999999999700001e-10) r=0.9999999997 outside unit square\n",
  "parent_value": 2.6323260072585617,
  "parent_is_seed": false
}