{
  "step": 12,
  "group": 3,
  "rollout": 47,
  "reward": 2.629445355185195,
  "raw_score": 2.629445355185195,
  "valid": true,
  "parsed": true,
  "ran": true,
  "msg": "ok",
  "advantage": -0.83578854448703,
  "beta": 1378.7128880280393,
  "n_response_tokens": 1872,
  "sandbox_stdout": "Invalid packing: Circle 0 at (1.0,0.0) r=1.0 outside unit square\n",
  "parent_value": 2.6313341923021363,
  "parent_is_seed": false
}