{
  "step": 12,
  "group": 2,
  "rollout": 28,
  "reward": 2.631349420598646,
  "raw_score": 2.631349420598646,
  "valid": true,
  "parsed": true,
  "ran": true,
  "msg": "ok",
  "advantage": 0.5015367462607951,
  "beta": 1048576.0,
  "n_response_tokens": 2056,
  "sandbox_stdout": "",
  "parent_value": 2.6313496673383434,
  "parent_is_seed": false
}