{
  "step": 12,
  "group": 3,
  "rollout": 31,
  "reward": 2.607708097076575,
  "raw_score": 2.607708097076575,
  "valid": true,
  "parsed": true,
  "ran": true,
  "msg": "ok",
  "advantage": -0.9999999999999842,
  "beta": 1378.7128880280393,
  "n_response_tokens": 2186,
  "sandbox_stdout": "",
  "parent_value": 2.6313341923021363,
  "parent_is_seed": false
}