{
  "step": 12,
  "group": 6,
  "rollout": 53,
  "reward": 2.6310779580161983,
  "raw_score": 2.6310779580161983,
  "valid": true,
  "parsed": true,
  "ran": true,
  "msg": "ok",
  "advantage": 1.7817036056312023,
  "beta": 229.7799605084339,
  "n_response_tokens": 1853,
  "sandbox_stdout": "",
  "parent_value": 2.6313341922976963,
  "parent_is_seed": false
}