{
  "step": 12,
  "group": 4,
  "rollout": 49,
  "reward": 2.631334191931585,
  "raw_score": 2.631334191931585,
  "valid": true,
  "parsed": true,
  "ran": true,
  "msg": "ok",
  "advantage": 0.31138699741948517,
  "beta": 1048576.0,
  "n_response_tokens": 2298,
  "sandbox_stdout": "",
  "parent_value": 2.631334192927723,
  "parent_is_seed": false
}