{
  "step": 12,
  "group": 6,
  "rollout": 24,
  "reward": 2.6213404452451154,
  "raw_score": 2.6213404452451154,
  "valid": true,
  "parsed": true,
  "ran": true,
  "msg": "ok",
  "advantage": -0.7143835396622247,
  "beta": 229.7799605084339,
  "n_response_tokens": 1900,
  "sandbox_stdout": "",
  "parent_value": 2.6313341922976963,
  "parent_is_seed": false
}