{
  "step": 12,
  "group": 7,
  "rollout": 3,
  "reward": 2.626755287609708,
  "raw_score": 2.626755287609708,
  "valid": true,
  "parsed": true,
  "ran": true,
  "msg": "ok",
  "advantage": -0.5569885569972584,
  "beta": 513.8518185476548,
  "n_response_tokens": 1717,
  "sandbox_stdout": "",
  "parent_value": 2.6310934327966593,
  "parent_is_seed": false
}