{
  "step": 12,
  "group": 7,
  "rollout": 54,
  "reward": 2.62612532800741,
  "raw_score": 2.62612532800741,
  "valid": true,
  "parsed": true,
  "ran": true,
  "msg": "ok",
  "advantage": -0.6801196520599995,
  "beta": 513.8518185476548,
  "n_response_tokens": 1543,
  "sandbox_stdout": "",
  "parent_value": 2.6310934327966593,
  "parent_is_seed": false
}