{
  "step": 12,
  "group": 7,
  "rollout": 38,
  "reward": 2.620781400295147,
  "raw_score": 2.620781400295147,
  "valid": true,
  "parsed": true,
  "ran": true,
  "msg": "ok",
  "advantage": -0.9795656006369546,
  "beta": 513.8518185476548,
  "n_response_tokens": 1517,
  "sandbox_stdout": "",
  "parent_value": 2.6310934327966593,
  "parent_is_seed": false
}