{
  "step": 12,
  "group": 7,
  "rollout": 8,
  "reward": 2.6278288459417753,
  "raw_score": 2.6278288459417753,
  "valid": true,
  "parsed": true,
  "ran": true,
  "msg": "ok",
  "advantage": -0.2268792444651212,
  "beta": 513.8518185476548,
  "n_response_tokens": 1407,
  "sandbox_stdout": "",
  "parent_value": 2.6310934327966593,
  "parent_is_seed": false
}