{
  "step": 12,
  "group": 0,
  "rollout": 9,
  "reward": 0.0,
  "raw_score": 0.0,
  "valid": true,
  "parsed": true,
  "ran": true,
  "msg": "ok",
  "advantage": -1.0,
  "beta": 464.6793689222155,
  "n_response_tokens": 1858,
  "sandbox_stdout": "Invalid packing: Circle 0 at (3.705489639403335e-08,0.000867246656077225) r=1.0 outside unit square\nInvalid packing: Circle 0 at (0.166041220816269,0.05477499356064701) r=1.0 outside unit square\nInvalid packing: Circle 0 at (0.028963293988037306,0.00015334213947788215) r=0.9998179881298155 outside unit square\n",
  "parent_value": 2.6323260072585617,
  "parent_is_seed": false
}