{
  "step": 10,
  "group": 0,
  "rollout": 23,
  "reward": 0.0,
  "raw_score": null,
  "valid": false,
  "parsed": true,
  "ran": true,
  "msg": "Circle 0 at (0.1928662619472574,0.18435653547232134) r=55991556.63456929 outside unit square",
  "advantage": 6.842569351196289,
  "algo": "a2c",
  "value_baseline": -6.842569351196289,
  "n_response_tokens": 1705,
  "sandbox_stdout": "",
  "parent_value": 2.616508976238759,
  "parent_is_seed": false
}