{
  "step": 10,
  "group": 3,
  "rollout": 4,
  "reward": 2.3195113173338484,
  "raw_score": 2.3195113173338484,
  "valid": true,
  "parsed": true,
  "ran": true,
  "msg": "ok",
  "advantage": 9.162080668530137,
  "algo": "a2c",
  "value_baseline": -6.842569351196289,
  "n_response_tokens": 1831,
  "sandbox_stdout": "",
  "parent_value": 2.4179586801558925,
  "parent_is_seed": false
}