{
  "step": 10,
  "group": 3,
  "rollout": 12,
  "reward": 2.335917360311723,
  "raw_score": 2.335917360311723,
  "valid": true,
  "parsed": true,
  "ran": true,
  "msg": "ok",
  "advantage": 9.178486711508011,
  "algo": "a2c",
  "value_baseline": -6.842569351196289,
  "n_response_tokens": 1595,
  "sandbox_stdout": "",
  "parent_value": 2.4179586801558925,
  "parent_is_seed": false
}