{
  "step": 10,
  "group": 0,
  "rollout": 6,
  "reward": 2.581511635976372,
  "raw_score": 2.581511635976372,
  "valid": true,
  "parsed": true,
  "ran": true,
  "msg": "ok",
  "advantage": 9.424080987172662,
  "algo": "a2c",
  "value_baseline": -6.842569351196289,
  "n_response_tokens": 1571,
  "sandbox_stdout": "",
  "parent_value": 2.616508976238759,
  "parent_is_seed": false
}