{
  "step": 13,
  "group": 3,
  "rollout": 19,
  "reward": 2.1666666666666665,
  "raw_score": 2.1666666666666665,
  "valid": true,
  "parsed": true,
  "ran": true,
  "msg": "ok",
  "advantage": 0.9808072258688749,
  "beta": 1.4473012347184342,
  "n_response_tokens": 3241,
  "sandbox_stdout": "Validation Failed: Circle 5 at (1.1,0.1) r=0.0 outside unit square\n",
  "parent_value": 2.4707136070508424,
  "parent_is_seed": false
}