{
  "step": 13,
  "group": 0,
  "rollout": 21,
  "reward": 0.849326730209646,
  "raw_score": 0.849326730209646,
  "valid": true,
  "parsed": true,
  "ran": true,
  "msg": "ok",
  "advantage": -0.9261194785640414,
  "beta": 2.0894800182155193,
  "n_response_tokens": 2418,
  "sandbox_stdout": "",
  "parent_value": 2.4737376657089936,
  "parent_is_seed": false
}