{
  "step": 13,
  "group": 1,
  "rollout": 11,
  "reward": 2.4707136070508424,
  "raw_score": 2.4707136070508424,
  "valid": true,
  "parsed": true,
  "ran": true,
  "msg": "ok",
  "advantage": 1.4486973141593804,
  "beta": 4.623023014923406,
  "n_response_tokens": 2462,
  "sandbox_stdout": "",
  "parent_value": 2.471929562103177,
  "parent_is_seed": false
}