{
  "step": 13,
  "group": 0,
  "rollout": 8,
  "reward": 2.4707136070508424,
  "raw_score": 2.4707136070508424,
  "valid": true,
  "parsed": true,
  "ran": true,
  "msg": "ok",
  "advantage": 1.4083078181291913,
  "beta": 2.0894800182155193,
  "n_response_tokens": 2699,
  "sandbox_stdout": "Validation Failed: Circle 4 at (1.125,0.125) r=0.0 outside unit square\n",
  "parent_value": 2.4737376657089936,
  "parent_is_seed": false
}