{
  "step": 13,
  "group": 0,
  "rollout": 23,
  "reward": 0.020134223653915456,
  "raw_score": 0.020134223653915456,
  "valid": true,
  "parsed": true,
  "ran": true,
  "msg": "ok",
  "advantage": -0.9869703525108009,
  "beta": 2.0894800182155193,
  "n_response_tokens": 2448,
  "sandbox_stdout": "Validation Failed: Circle 2 at (1.25,1.1160254037844386) r=0.0 outside unit square\nValidation Failed: Circle 5 at (1.1,0.1) r=0.0 outside unit square\nValidation Failed: Circle 0 at (0.030779207102841724,-0.03552384798144468) r=0.0 outside unit square\nValidation Failed: Circle 1 at (-0.035831641012118665,-0.02296052385542953) r=0.0 outside unit square\nValidation Failed: Circle 2 at (-0.02937787819540996,-0.011119791065167514) r=0.0 outside unit square\nValidation Failed: Circle 3 at (-0.04727473525366957,0.026874694296477042) r=0.0 outside unit square\nValidation Failed: Circle 4 at (-0.03476972609591174,0.031960011076181835) r=0.0 outside unit square\nValidation Failed: Circle 6 at (-0.014164255459712616,0.033445277900512424) r=0.0 outside unit square\nValidation Failed: Circle 8 at (-0.02578429727425228,-0.0371805320943922) r=0.0 outside unit square\nValidation Failed: Circle 9 at (-0.04782295622546834,-0.01945368549392992) r=0.0 outside unit square\nValidation Failed: Circle 10 at (0.012218744152989111,-0.018409142131580472) r=0.0 outside unit square\nValidation Failed: Circle 11 at (-0.011795111170642816,-0.04446463441636847) r=0.0 outside unit square\nValidation Failed: Circle 12 at (-0.004078306224064909,-0.04686158622004554) r=0.0 outside unit square\nValidation Failed: Circle 13 at (-0.04353669306995093,-0.010576393255200378) r=0.0 outside unit square\nValidation Failed: Circle 15 at (0.01632734205084968,-0.005795971225728523) r=0.0 outside unit square\nValidation Failed: Circle 16 at (-0.029475601313585554,0.04536933562923638) r=0.0 outside unit square\nValidation Failed: Circle 18 at (-0.020436853222535648,-0.04487472691465873) r=0.0 outside unit square\nValidation Failed: Circle 21 at (-0.003775342839770393,0.00552782385315511) r=0.0 outside unit square\nValidation Failed: Circle 22 at (0.02848446251001388,-0.016802135194718473) r=0.0 outside unit square\nValidation Failed: Circle 23 at (-0.040927597558211605,0.01590178858110139) r=0.0 outside unit square\nValidation Fail",
  "parent_value": 2.4737376657089936,
  "parent_is_seed": false
}