{
  "step": 13,
  "group": 1,
  "rollout": 12,
  "reward": 2.4707136070508424,
  "raw_score": 2.4707136070508424,
  "valid": true,
  "parsed": true,
  "ran": true,
  "msg": "ok",
  "advantage": 1.4486973141593804,
  "beta": 4.623023014923406,
  "n_response_tokens": 2993,
  "sandbox_stdout": "Validation Failed: Circle 4 at (1.125,0.125) r=0.0 outside unit square\nValidation Failed: Circle 4 at (1.125,0.125) r=0.0 outside unit square\nValidation Failed: Circle 4 at (1.125,0.125) r=0.0 outside unit square\nValidation Failed: Circle 25 at (-0.037712752077723725,-0.04766366118320962) r=0.0 outside unit square\n",
  "parent_value": 2.471929562103177,
  "parent_is_seed": false
}