{
  "step": 5,
  "group": 7,
  "rollout": 25,
  "reward": 2.618068255945088,
  "raw_score": 2.618068255945088,
  "valid": true,
  "parsed": true,
  "ran": true,
  "msg": "ok",
  "advantage": 1.3062202401651115,
  "beta": 1.5445323075051547,
  "n_response_tokens": 1746,
  "sandbox_stdout": "",
  "parent_value": 2.624035917900815,
  "parent_is_seed": false
}