{
  "step": 5,
  "group": 7,
  "rollout": 30,
  "reward": 2.611742140239079,
  "raw_score": 2.611742140239079,
  "valid": true,
  "parsed": true,
  "ran": true,
  "msg": "ok",
  "advantage": 1.2829835451493241,
  "beta": 1.5445323075051547,
  "n_response_tokens": 1658,
  "sandbox_stdout": "",
  "parent_value": 2.624035917900815,
  "parent_is_seed": false
}