{
  "step": 5,
  "group": 6,
  "rollout": 60,
  "reward": 2.6240488941398654,
  "raw_score": 2.6240488941398654,
  "valid": true,
  "parsed": true,
  "ran": true,
  "msg": "ok",
  "advantage": 1.2239844159830349,
  "beta": 8.047504727580312,
  "n_response_tokens": 1684,
  "sandbox_stdout": "",
  "parent_value": 2.6240488941398654,
  "parent_is_seed": false
}