{
  "step": 8,
  "group": 1,
  "rollout": 20,
  "reward": 2.5707398675549076,
  "raw_score": 2.5707398675549076,
  "valid": true,
  "parsed": true,
  "ran": true,
  "msg": "ok",
  "advantage": -0.581799565201433,
  "beta": 33.31559796174495,
  "n_response_tokens": 1716,
  "sandbox_stdout": "",
  "parent_value": 2.6307297079874887,
  "parent_is_seed": false
}