{
  "step": 2,
  "group": 2,
  "rollout": 45,
  "reward": 2.1666666666665795,
  "raw_score": 2.1666666666665795,
  "valid": true,
  "parsed": true,
  "ran": true,
  "msg": "ok",
  "advantage": 2.3757555707824456,
  "beta": 1.1843543186580439,
  "n_response_tokens": 1499,
  "sandbox_stdout": "",
  "parent_value": 2.166666666666823,
  "parent_is_seed": false
}