{
  "step": 7,
  "group": 5,
  "rollout": 61,
  "reward": 2.6279973535198646,
  "raw_score": 2.6279973535198646,
  "valid": true,
  "parsed": true,
  "ran": true,
  "msg": "ok",
  "advantage": 1.2889302410009615,
  "beta": 19.487714935025156,
  "n_response_tokens": 1605,
  "sandbox_stdout": "",
  "parent_value": 2.6279973535241803,
  "parent_is_seed": false
}