{
  "step": 6,
  "group": 1,
  "rollout": 8,
  "reward": 2.6279973535241803,
  "raw_score": 2.6279973535241803,
  "valid": true,
  "parsed": true,
  "ran": true,
  "msg": "ok",
  "advantage": 1.605377095794125,
  "beta": 1.1902948248548302,
  "n_response_tokens": 1574,
  "sandbox_stdout": "",
  "parent_value": 2.6307297079877103,
  "parent_is_seed": false
}