{
  "step": 8,
  "group": 3,
  "rollout": 49,
  "reward": 2.5658206328788324,
  "raw_score": 2.5658206328788324,
  "valid": true,
  "parsed": true,
  "ran": true,
  "msg": "ok",
  "advantage": -0.8793834981068822,
  "beta": 50.916879856703424,
  "n_response_tokens": 1867,
  "sandbox_stdout": "",
  "parent_value": 2.6284571355158817,
  "parent_is_seed": false
}