{
  "step": 9,
  "group": 5,
  "rollout": 27,
  "reward": 2.5889326236448365,
  "raw_score": 2.5889326236448365,
  "valid": true,
  "parsed": true,
  "ran": true,
  "msg": "ok",
  "advantage": 0.9889272582318822,
  "beta": 7.258677661081078,
  "n_response_tokens": 1693,
  "sandbox_stdout": "",
  "parent_value": 2.6284345301693937,
  "parent_is_seed": false
}