{
  "step": 3,
  "group": 7,
  "rollout": 22,
  "reward": 0.0,
  "raw_score": null,
  "valid": false,
  "parsed": true,
  "ran": true,
  "msg": "Circle 0 at (0.08333333333333333,0.08333333333333333) r=0.1 outside unit square",
  "advantage": -0.8638247957269397,
  "beta": 1.4476011173118373,
  "n_response_tokens": 1355,
  "sandbox_stdout": "",
  "parent_value": 2.08,
  "parent_is_seed": false
}