{
  "step": 8,
  "group": 6,
  "rollout": 56,
  "reward": 2.6180682559626165,
  "raw_score": 2.6180682559626165,
  "valid": true,
  "parsed": true,
  "ran": true,
  "msg": "ok",
  "advantage": -0.9095364401122632,
  "beta": 304.5595708260836,
  "n_response_tokens": 1563,
  "sandbox_stdout": "",
  "parent_value": 2.62843453016934,
  "parent_is_seed": false
}