{
  "step": 6,
  "group": 1,
  "rollout": 34,
  "reward": 2.6180682540929032,
  "raw_score": 2.6180682540929032,
  "valid": true,
  "parsed": true,
  "ran": true,
  "msg": "ok",
  "advantage": 1.5735161195315803,
  "beta": 1.1902948248548302,
  "n_response_tokens": 1816,
  "sandbox_stdout": "",
  "parent_value": 2.6307297079877103,
  "parent_is_seed": false
}