{
  "step": 6,
  "group": 2,
  "rollout": 41,
  "reward": 2.6113323743168455,
  "raw_score": 2.6113323743168455,
  "valid": true,
  "parsed": true,
  "ran": true,
  "msg": "ok",
  "advantage": 0.8706083093905201,
  "beta": 22.199339328066177,
  "n_response_tokens": 1910,
  "sandbox_stdout": "",
  "parent_value": 2.6296189481766077,
  "parent_is_seed": false
}