{
  "step": 0,
  "group": 0,
  "rollout": 10,
  "reward": 0.0,
  "raw_score": null,
  "valid": false,
  "parsed": true,
  "ran": true,
  "msg": "Circle 0 at (0.08333333333333333,0.12371791482634838) r=0.13 outside unit square",
  "advantage": -0.3060581869150919,
  "beta": 12.922611820741606,
  "n_response_tokens": 1269,
  "sandbox_stdout": "",
  "parent_value": 0.0,
  "parent_is_seed": true
}