{
  "step": 5,
  "group": 1,
  "rollout": 32,
  "reward": 2.547687588899712,
  "raw_score": 2.547687588899712,
  "valid": true,
  "parsed": true,
  "ran": true,
  "msg": "ok",
  "advantage": -0.035987908749624986,
  "beta": 11.283125900410129,
  "n_response_tokens": 2088,
  "sandbox_stdout": "",
  "parent_value": 2.6282124181496993,
  "parent_is_seed": false
}