{
  "step": 5,
  "group": 1,
  "rollout": 58,
  "reward": 2.6073476127340776,
  "raw_score": 2.6073476127340776,
  "valid": true,
  "parsed": true,
  "ran": true,
  "msg": "ok",
  "advantage": 0.9180424196343844,
  "beta": 11.283125900410129,
  "n_response_tokens": 1738,
  "sandbox_stdout": "",
  "parent_value": 2.6282124181496993,
  "parent_is_seed": false
}