{
  "step": 7,
  "group": 4,
  "rollout": 0,
  "reward": 2.6192441846224535,
  "raw_score": 2.6192441846224535,
  "valid": true,
  "parsed": true,
  "ran": true,
  "msg": "ok",
  "advantage": 1.1677350066918861,
  "beta": 9.656513785718564,
  "n_response_tokens": 1737,
  "sandbox_stdout": "",
  "parent_value": 2.628082958623089,
  "parent_is_seed": false
}