{
  "step": 6,
  "group": 7,
  "rollout": 3,
  "reward": 2.625194526100819,
  "raw_score": 2.625194526100819,
  "valid": true,
  "parsed": true,
  "ran": true,
  "msg": "ok",
  "advantage": 1.3787091541966925,
  "beta": 25.237788306753504,
  "n_response_tokens": 2022,
  "sandbox_stdout": "",
  "parent_value": 2.62690610421935,
  "parent_is_seed": false
}