{
  "step": 8,
  "group": 5,
  "rollout": 4,
  "reward": 2.6284344264535626,
  "raw_score": 2.6284344264535626,
  "valid": true,
  "parsed": true,
  "ran": true,
  "msg": "ok",
  "advantage": 0.7715775317848645,
  "beta": 1048576.0,
  "n_response_tokens": 1644,
  "sandbox_stdout": "",
  "parent_value": 2.628434530169357,
  "parent_is_seed": false
}