{
  "step": 4,
  "group": 0,
  "rollout": 40,
  "reward": 2.61806825596248,
  "raw_score": 2.61806825596248,
  "valid": true,
  "parsed": true,
  "ran": true,
  "msg": "ok",
  "advantage": 1.8934001836153924,
  "beta": 1.089237576163159,
  "n_response_tokens": 2054,
  "sandbox_stdout": "",
  "parent_value": 2.6279138200757255,
  "parent_is_seed": false
}