{
  "step": 3,
  "group": 2,
  "rollout": 24,
  "reward": 2.5598804564737225,
  "raw_score": 2.5598804564737225,
  "valid": true,
  "parsed": true,
  "ran": true,
  "msg": "ok",
  "advantage": 1.0260520212651123,
  "beta": 1.7537896379174565,
  "n_response_tokens": 1858,
  "sandbox_stdout": "",
  "parent_value": 2.6210063111330815,
  "parent_is_seed": false
}