{
  "step": 9,
  "group": 6,
  "rollout": 11,
  "reward": 2.45182593782991,
  "raw_score": 2.45182593782991,
  "valid": true,
  "parsed": true,
  "ran": true,
  "msg": "ok",
  "advantage": -1.0,
  "beta": 1536.1420236008366,
  "n_response_tokens": 1934,
  "sandbox_stdout": "",
  "parent_value": 2.628434530169387,
  "parent_is_seed": false
}