{
  "step": 7,
  "group": 2,
  "rollout": 12,
  "reward": 2.620131347341446,
  "raw_score": 2.620131347341446,
  "valid": true,
  "parsed": true,
  "ran": true,
  "msg": "ok",
  "advantage": 1.6175743938906262,
  "beta": 24.65566742965785,
  "n_response_tokens": 1862,
  "sandbox_stdout": "",
  "parent_value": 2.6282124181496935,
  "parent_is_seed": false
}