{
  "step": 7,
  "group": 5,
  "rollout": 27,
  "reward": 0.0,
  "raw_score": null,
  "valid": false,
  "parsed": true,
  "ran": true,
  "msg": "Circle 20 at (0.09080906414627721,0.7774373072064557) r=0.09080906414829937 outside unit square",
  "advantage": -1.0,
  "beta": 19.487714935025156,
  "n_response_tokens": 1909,
  "sandbox_stdout": "",
  "parent_value": 2.6279973535241803,
  "parent_is_seed": false
}