{
  "step": 6,
  "group": 2,
  "rollout": 37,
  "reward": 2.6059535445336337,
  "raw_score": 2.6059535445336337,
  "valid": true,
  "parsed": true,
  "ran": true,
  "msg": "ok",
  "advantage": 0.6545363790039485,
  "beta": 22.199339328066177,
  "n_response_tokens": 2564,
  "sandbox_stdout": "",
  "parent_value": 2.6296189481766077,
  "parent_is_seed": false
}