{
  "step": 6,
  "group": 2,
  "rollout": 2,
  "reward": 2.611556195309176,
  "raw_score": 2.611556195309176,
  "valid": true,
  "parsed": true,
  "ran": true,
  "msg": "ok",
  "advantage": 0.8802039674670223,
  "beta": 22.199339328066177,
  "n_response_tokens": 1847,
  "sandbox_stdout": "",
  "parent_value": 2.6296189481766077,
  "parent_is_seed": false
}