{
  "step": 5,
  "group": 5,
  "rollout": 45,
  "reward": 2.6187730616667566,
  "raw_score": 2.6187730616667566,
  "valid": true,
  "parsed": true,
  "ran": true,
  "msg": "ok",
  "advantage": 1.1395204058747779,
  "beta": 2.8689906867827184,
  "n_response_tokens": 1418,
  "sandbox_stdout": "",
  "parent_value": 2.626066440562668,
  "parent_is_seed": false
}