{
  "step": 8,
  "group": 2,
  "rollout": 14,
  "reward": 2.618068255935727,
  "raw_score": 2.618068255935727,
  "valid": true,
  "parsed": true,
  "ran": true,
  "msg": "ok",
  "advantage": 1.2923528652686755,
  "beta": 21.977234483641645,
  "n_response_tokens": 1699,
  "sandbox_stdout": "",
  "parent_value": 2.629868052372239,
  "parent_is_seed": false
}