{
  "step": 8,
  "group": 1,
  "rollout": 35,
  "reward": 2.617834609705005,
  "raw_score": 2.617834609705005,
  "valid": true,
  "parsed": true,
  "ran": true,
  "msg": "ok",
  "advantage": 1.0601023034325139,
  "beta": 33.31559796174495,
  "n_response_tokens": 1439,
  "sandbox_stdout": "",
  "parent_value": 2.6307297079874887,
  "parent_is_seed": false
}