{
  "step": 8,
  "group": 2,
  "rollout": 27,
  "reward": 2.614744556264441,
  "raw_score": 2.614744556264441,
  "valid": true,
  "parsed": true,
  "ran": true,
  "msg": "ok",
  "advantage": 1.1254279376563234,
  "beta": 21.977234483641645,
  "n_response_tokens": 1628,
  "sandbox_stdout": "",
  "parent_value": 2.629868052372239,
  "parent_is_seed": false
}