{
  "step": 8,
  "group": 4,
  "rollout": 61,
  "reward": 2.5163785488975856,
  "raw_score": 2.5163785488975856,
  "valid": true,
  "parsed": true,
  "ran": true,
  "msg": "ok",
  "advantage": -0.9065313126582797,
  "beta": 28.226760084752016,
  "n_response_tokens": 1672,
  "sandbox_stdout": "",
  "parent_value": 2.6284345301693937,
  "parent_is_seed": false
}