{
  "step": 7,
  "group": 7,
  "rollout": 22,
  "reward": 2.6191893934345027,
  "raw_score": 2.6191893934345027,
  "valid": true,
  "parsed": true,
  "ran": true,
  "msg": "ok",
  "advantage": 1.4338878766192682,
  "beta": 1.381022742833324,
  "n_response_tokens": 1641,
  "sandbox_stdout": "",
  "parent_value": 2.6278466300313137,
  "parent_is_seed": false
}