{
  "step": 2,
  "group": 0,
  "rollout": 24,
  "reward": 0.0,
  "raw_score": null,
  "valid": false,
  "parsed": true,
  "ran": true,
  "msg": "Circle 0 at (0.0796691640625908,0.07966916406259601) r=0.07967916406258961 outside unit square",
  "advantage": -0.9512372184826453,
  "beta": 1.463651503440619,
  "n_response_tokens": 1938,
  "sandbox_stdout": "",
  "parent_value": 2.619586183844713,
  "parent_is_seed": false
}