{
  "step": 6,
  "group": 0,
  "rollout": 13,
  "reward": 2.6201313473414913,
  "raw_score": 2.6201313473414913,
  "valid": true,
  "parsed": true,
  "ran": true,
  "msg": "ok",
  "advantage": 1.4267057292668457,
  "beta": 41.9673670314801,
  "n_response_tokens": 1708,
  "sandbox_stdout": "",
  "parent_value": 2.631093589098471,
  "parent_is_seed": false
}