{
  "step": 6,
  "group": 0,
  "rollout": 43,
  "reward": 2.5727045858522843,
  "raw_score": 2.5727045858522843,
  "valid": true,
  "parsed": true,
  "ran": true,
  "msg": "ok",
  "advantage": -0.6790777366622276,
  "beta": 41.9673670314801,
  "n_response_tokens": 1972,
  "sandbox_stdout": "",
  "parent_value": 2.631093589098471,
  "parent_is_seed": false
}