{
  "step": 2,
  "group": 1,
  "rollout": 59,
  "reward": 0.0,
  "raw_score": null,
  "valid": false,
  "parsed": true,
  "ran": true,
  "msg": "Circle 2 at (0.8077359990324156,0.860770797389353) r=0.14136703848188537 outside unit square",
  "advantage": -0.8935951492892396,
  "beta": 1.209865800761243,
  "n_response_tokens": 1573,
  "sandbox_stdout": "",
  "parent_value": 2.61219771240149,
  "parent_is_seed": false
}