{
  "step": 5,
  "group": 3,
  "rollout": 25,
  "reward": 2.627322625935511,
  "raw_score": 2.627322625935511,
  "valid": true,
  "parsed": true,
  "ran": true,
  "msg": "ok",
  "advantage": 1.1642812660984387,
  "beta": 193.53641586065135,
  "n_response_tokens": 1597,
  "sandbox_stdout": "",
  "parent_value": 2.6273226259360496,
  "parent_is_seed": false
}