{
  "step": 7,
  "group": 1,
  "rollout": 34,
  "reward": 2.553835561873346,
  "raw_score": 2.553835561873346,
  "valid": true,
  "parsed": true,
  "ran": true,
  "msg": "ok",
  "advantage": 1.1630364933491624,
  "beta": 1.3697944897440433,
  "n_response_tokens": 1952,
  "sandbox_stdout": "",
  "parent_value": 2.6282124181498414,
  "parent_is_seed": false
}