{
  "step": 5,
  "group": 1,
  "rollout": 39,
  "reward": 2.2472338378506005,
  "raw_score": 2.2472338378506005,
  "valid": true,
  "parsed": true,
  "ran": true,
  "msg": "ok",
  "advantage": -0.9679797479847031,
  "beta": 11.283125900410129,
  "n_response_tokens": 2046,
  "sandbox_stdout": "",
  "parent_value": 2.6282124181496993,
  "parent_is_seed": false
}