{
  "step": 3,
  "group": 1,
  "rollout": 29,
  "reward": 0.0,
  "raw_score": null,
  "valid": false,
  "parsed": true,
  "ran": true,
  "msg": "Circle 3 at (0.8220424348904801,0.11475588228724236) r=0.11475588229369764 outside unit square",
  "advantage": -0.9059928284327313,
  "beta": 1.2448254621617925,
  "n_response_tokens": 1410,
  "sandbox_stdout": "",
  "parent_value": 2.622084916507914,
  "parent_is_seed": false
}