{
  "step": 3,
  "group": 6,
  "rollout": 4,
  "reward": 0.0,
  "raw_score": null,
  "valid": false,
  "parsed": true,
  "ran": true,
  "msg": "Circle 0 at (0.08333333333333333,0.08333333333333333) r=0.09999999999999999 outside unit square",
  "advantage": -0.736163625876845,
  "beta": 1.2026275886097146,
  "n_response_tokens": 1409,
  "sandbox_stdout": "",
  "parent_value": 2.166666666666667,
  "parent_is_seed": false
}