{
  "step": 5,
  "group": 5,
  "rollout": 59,
  "reward": 2.5174446172870746,
  "raw_score": 2.5174446172870746,
  "valid": true,
  "parsed": true,
  "ran": true,
  "msg": "ok",
  "advantage": 0.5861990909638493,
  "beta": 2.8689906867827184,
  "n_response_tokens": 1497,
  "sandbox_stdout": "",
  "parent_value": 2.626066440562668,
  "parent_is_seed": false
}