{
  "step": 6,
  "group": 5,
  "rollout": 12,
  "reward": 2.62732262593577,
  "raw_score": 2.62732262593577,
  "valid": true,
  "parsed": true,
  "ran": true,
  "msg": "ok",
  "advantage": 1.3113160111908582,
  "beta": 17.246398262115143,
  "n_response_tokens": 1692,
  "sandbox_stdout": "",
  "parent_value": 2.6273226259360496,
  "parent_is_seed": false
}