{
  "step": 8,
  "group": 1,
  "rollout": 13,
  "reward": 2.618068255962735,
  "raw_score": 2.618068255962735,
  "valid": true,
  "parsed": true,
  "ran": true,
  "msg": "ok",
  "advantage": 1.0767315203031393,
  "beta": 33.31559796174495,
  "n_response_tokens": 1368,
  "sandbox_stdout": "",
  "parent_value": 2.6307297079874887,
  "parent_is_seed": false
}