{
  "step": 5,
  "group": 0,
  "rollout": 12,
  "reward": 0.0,
  "raw_score": null,
  "valid": false,
  "parsed": true,
  "ran": false,
  "msg": "run_failed: Final packing is invalid: Circle 3 at (0.6392974423341997,0.09669712437275692) r=0.11500269129388196 outside unit square",
  "advantage": -0.9216916449256933,
  "beta": 1.3008213563393283,
  "n_response_tokens": 2085,
  "sandbox_stdout": "",
  "parent_value": 2.631093589098119,
  "parent_is_seed": false
}