{
  "step": 6,
  "group": 7,
  "rollout": 43,
  "reward": 0.0,
  "raw_score": null,
  "valid": false,
  "parsed": true,
  "ran": true,
  "msg": "Circle 0 at (0.12517062789145986,0.6085720782381744) r=0.12968383854115292 outside unit square",
  "advantage": -1.0,
  "beta": 25.237788306753504,
  "n_response_tokens": 2100,
  "sandbox_stdout": "",
  "parent_value": 2.62690610421935,
  "parent_is_seed": false
}