{
  "step": 6,
  "group": 4,
  "rollout": 1,
  "reward": 2.6135417668946146,
  "raw_score": 2.6135417668946146,
  "valid": true,
  "parsed": true,
  "ran": true,
  "msg": "ok",
  "advantage": 1.3341460145944541,
  "beta": 1.457291298029097,
  "n_response_tokens": 1711,
  "sandbox_stdout": "",
  "parent_value": 2.62791382007542,
  "parent_is_seed": false
}