{
  "step": 8,
  "group": 0,
  "rollout": 47,
  "reward": 2.6150720176617606,
  "raw_score": 2.6150720176617606,
  "valid": true,
  "parsed": true,
  "ran": true,
  "msg": "ok",
  "advantage": 0.7059049267443678,
  "beta": 51.541880762602524,
  "n_response_tokens": 1621,
  "sandbox_stdout": "",
  "parent_value": 2.6307297079875718,
  "parent_is_seed": false
}