{
  "step": 6,
  "group": 7,
  "rollout": 44,
  "reward": 0.0,
  "raw_score": null,
  "valid": false,
  "parsed": true,
  "ran": true,
  "msg": "Circle 1 at (0.21774757836995462,0.09239522784046277) r=0.11177599467018673 outside unit square",
  "advantage": -1.0,
  "beta": 25.237788306753504,
  "n_response_tokens": 1624,
  "sandbox_stdout": "",
  "parent_value": 2.62690610421935,
  "parent_is_seed": false
}