{
  "step": 4,
  "group": 0,
  "rollout": 34,
  "reward": 0.0,
  "raw_score": null,
  "valid": false,
  "parsed": true,
  "ran": true,
  "msg": "Circle 0 at (0.10231188697827968,0.10231188698002157) r=0.10231188698662147 outside unit square",
  "advantage": -0.839847799867997,
  "beta": 1.089237576163159,
  "n_response_tokens": 1820,
  "sandbox_stdout": "Packing is invalid (overlap or out-of-bounds).\n",
  "parent_value": 2.6279138200757255,
  "parent_is_seed": false
}