{
  "step": 8,
  "group": 0,
  "rollout": 14,
  "reward": 2.612706057896422,
  "raw_score": 2.612706057896422,
  "valid": true,
  "parsed": true,
  "ran": true,
  "msg": "ok",
  "advantage": 0.5053807894816906,
  "beta": 51.541880762602524,
  "n_response_tokens": 1557,
  "sandbox_stdout": "",
  "parent_value": 2.6307297079875718,
  "parent_is_seed": false
}