{
  "step": 7,
  "group": 3,
  "rollout": 7,
  "reward": 2.595189332716557,
  "raw_score": 2.595189332716557,
  "valid": true,
  "parsed": true,
  "ran": true,
  "msg": "ok",
  "advantage": 0.45611341807853445,
  "beta": 15.745469437890588,
  "n_response_tokens": 1999,
  "sandbox_stdout": "",
  "parent_value": 2.6282124181495803,
  "parent_is_seed": false
}