{
  "step": 5,
  "group": 5,
  "rollout": 16,
  "reward": 2.545810180386702,
  "raw_score": 2.545810180386702,
  "valid": true,
  "parsed": true,
  "ran": true,
  "msg": "ok",
  "advantage": 0.724363721666017,
  "beta": 2.8689906867827184,
  "n_response_tokens": 1414,
  "sandbox_stdout": "",
  "parent_value": 2.626066440562668,
  "parent_is_seed": false
}