{
  "step": 7,
  "group": 6,
  "rollout": 44,
  "reward": 2.5677388410204607,
  "raw_score": 2.5677388410204607,
  "valid": true,
  "parsed": true,
  "ran": true,
  "msg": "ok",
  "advantage": -0.7323017874956304,
  "beta": 40.072533069617535,
  "n_response_tokens": 1579,
  "sandbox_stdout": "",
  "parent_value": 2.627913820075555,
  "parent_is_seed": false
}