{
  "step": 2,
  "group": 1,
  "rollout": 25,
  "reward": 2.61897447707484,
  "raw_score": 2.61897447707484,
  "valid": true,
  "parsed": true,
  "ran": true,
  "msg": "ok",
  "advantage": 1.630905208104735,
  "beta": 1.209865800761243,
  "n_response_tokens": 1459,
  "sandbox_stdout": "",
  "parent_value": 2.61219771240149,
  "parent_is_seed": false
}