{
  "step": 2,
  "group": 1,
  "rollout": 11,
  "reward": 0.0,
  "raw_score": null,
  "valid": false,
  "parsed": true,
  "ran": true,
  "msg": "Circle 4 at (0.8597460618340056,0.14025393865865513) r=0.14025393865745148 outside unit square",
  "advantage": -0.8935951492892396,
  "beta": 1.209865800761243,
  "n_response_tokens": 1655,
  "sandbox_stdout": "",
  "parent_value": 2.61219771240149,
  "parent_is_seed": false
}