{
  "step": 5,
  "group": 4,
  "rollout": 14,
  "reward": 2.6269061042190542,
  "raw_score": 2.6269061042190542,
  "valid": true,
  "parsed": true,
  "ran": true,
  "msg": "ok",
  "advantage": 1.6695399899781616,
  "beta": 1.162527684699634,
  "n_response_tokens": 1594,
  "sandbox_stdout": "",
  "parent_value": 2.6269061042192887,
  "parent_is_seed": false
}