{
  "step": 6,
  "group": 2,
  "rollout": 25,
  "reward": 2.6263296282001667,
  "raw_score": 2.6263296282001667,
  "valid": true,
  "parsed": true,
  "ran": true,
  "msg": "ok",
  "advantage": 1.640562592225805,
  "beta": 22.199339328066177,
  "n_response_tokens": 1935,
  "sandbox_stdout": "",
  "parent_value": 2.6296189481766077,
  "parent_is_seed": false
}