{
  "step": 5,
  "group": 7,
  "rollout": 49,
  "reward": 2.596813943475057,
  "raw_score": 2.596813943475057,
  "valid": true,
  "parsed": true,
  "ran": true,
  "msg": "ok",
  "advantage": 1.2291056225902972,
  "beta": 1.5445323075051547,
  "n_response_tokens": 1662,
  "sandbox_stdout": "",
  "parent_value": 2.624035917900815,
  "parent_is_seed": false
}