{
  "step": 4,
  "group": 2,
  "rollout": 39,
  "reward": 2.5827742796639086,
  "raw_score": 2.5827742796639086,
  "valid": true,
  "parsed": true,
  "ran": true,
  "msg": "ok",
  "advantage": 0.5273471480416425,
  "beta": 10.88329043733055,
  "n_response_tokens": 1523,
  "sandbox_stdout": "",
  "parent_value": 2.6240488941398215,
  "parent_is_seed": false
}