{
  "step": 6,
  "group": 6,
  "rollout": 25,
  "reward": 2.603906408015947,
  "raw_score": 2.603906408015947,
  "valid": true,
  "parsed": true,
  "ran": true,
  "msg": "ok",
  "advantage": -0.04291580705242404,
  "beta": 38.08244465801945,
  "n_response_tokens": 1707,
  "sandbox_stdout": "",
  "parent_value": 2.6273226259360496,
  "parent_is_seed": false
}