{
  "step": 6,
  "group": 5,
  "rollout": 49,
  "reward": 2.62008398449688,
  "raw_score": 2.62008398449688,
  "valid": true,
  "parsed": true,
  "ran": true,
  "msg": "ok",
  "advantage": 1.0313083187125227,
  "beta": 17.246398262115143,
  "n_response_tokens": 1702,
  "sandbox_stdout": "",
  "parent_value": 2.6273226259360496,
  "parent_is_seed": false
}