{
  "step": 9,
  "group": 4,
  "rollout": 57,
  "reward": 2.6241380564823484,
  "raw_score": 2.6241380564823484,
  "valid": true,
  "parsed": true,
  "ran": true,
  "msg": "ok",
  "advantage": 1.351049070984594,
  "beta": 5.346682498471847,
  "n_response_tokens": 1608,
  "sandbox_stdout": "",
  "parent_value": 2.6284345301693937,
  "parent_is_seed": false
}