{
  "step": 2,
  "group": 1,
  "rollout": 12,
  "reward": 2.6255768288051233,
  "raw_score": 2.6255768288051233,
  "valid": true,
  "parsed": true,
  "ran": true,
  "msg": "ok",
  "advantage": 1.6528934293330226,
  "beta": 1.209865800761243,
  "n_response_tokens": 1674,
  "sandbox_stdout": "",
  "parent_value": 2.61219771240149,
  "parent_is_seed": false
}