{
  "step": 5,
  "group": 6,
  "rollout": 33,
  "reward": 0.0,
  "raw_score": null,
  "valid": false,
  "parsed": true,
  "ran": true,
  "msg": "Circle 0 at (0.07903759547888044,0.07903759548496551) r=0.07903759548284946 outside unit square",
  "advantage": -0.9999999985510665,
  "beta": 8.047504727580312,
  "n_response_tokens": 1261,
  "sandbox_stdout": "",
  "parent_value": 2.6240488941398654,
  "parent_is_seed": false
}