{
  "step": 3,
  "group": 3,
  "rollout": 6,
  "reward": 2.618692370278292,
  "raw_score": 2.618692370278292,
  "valid": true,
  "parsed": true,
  "ran": true,
  "msg": "ok",
  "advantage": 1.3480001795500942,
  "beta": 68.81717481719508,
  "n_response_tokens": 1457,
  "sandbox_stdout": "",
  "parent_value": 2.6195861838448664,
  "parent_is_seed": false
}