{
  "step": 8,
  "group": 1,
  "rollout": 40,
  "reward": 0.0,
  "raw_score": null,
  "valid": false,
  "parsed": true,
  "ran": true,
  "msg": "Circle 24 at (0.8730326619358078,0.8730326619394253) r=0.1269673380641912 outside unit square",
  "advantage": -1.0,
  "beta": 33.31559796174495,
  "n_response_tokens": 1525,
  "sandbox_stdout": "",
  "parent_value": 2.6307297079874887,
  "parent_is_seed": false
}