{
  "step": 5,
  "group": 6,
  "rollout": 36,
  "reward": 0.0,
  "raw_score": null,
  "valid": false,
  "parsed": true,
  "ran": true,
  "msg": "Circle 1 at (0.25105756264443857,0.10525328488817288) r=0.10525328488945779 outside unit square",
  "advantage": -0.9999999985510665,
  "beta": 8.047504727580312,
  "n_response_tokens": 1385,
  "sandbox_stdout": "",
  "parent_value": 2.6240488941398654,
  "parent_is_seed": false
}