{
  "step": 4,
  "group": 3,
  "rollout": 23,
  "reward": 2.621380854247387,
  "raw_score": 2.621380854247387,
  "valid": true,
  "parsed": true,
  "ran": true,
  "msg": "ok",
  "advantage": 1.174127059982081,
  "beta": 2.0407276987833116,
  "n_response_tokens": 1433,
  "sandbox_stdout": "",
  "parent_value": 2.6213808542473327,
  "parent_is_seed": false
}