{
  "step": 6,
  "group": 3,
  "rollout": 28,
  "reward": 2.561451100367897,
  "raw_score": 2.561451100367897,
  "valid": true,
  "parsed": true,
  "ran": true,
  "msg": "ok",
  "advantage": 1.2692008652848772,
  "beta": 1.2985582967171565,
  "n_response_tokens": 1833,
  "sandbox_stdout": "",
  "parent_value": 2.6282124181497135,
  "parent_is_seed": false
}