{
  "step": 4,
  "group": 5,
  "rollout": 24,
  "reward": 0.0,
  "raw_score": null,
  "valid": false,
  "parsed": true,
  "ran": true,
  "msg": "Circle 4 at (0.8636187345405579,0.13610428069023922) r=0.136398451119395 outside unit square",
  "advantage": -1.0,
  "beta": 20.038860416848564,
  "n_response_tokens": 1780,
  "sandbox_stdout": "",
  "parent_value": 2.620514504487473,
  "parent_is_seed": false
}