{
  "step": 4,
  "group": 7,
  "rollout": 33,
  "reward": 2.1666666666667385,
  "raw_score": 2.1666666666667385,
  "valid": true,
  "parsed": true,
  "ran": true,
  "msg": "ok",
  "advantage": 3.7240894278979795,
  "beta": 1.138041447600363,
  "n_response_tokens": 2220,
  "sandbox_stdout": "",
  "parent_value": 2.166666666666877,
  "parent_is_seed": false
}