{
  "step": 7,
  "group": 5,
  "rollout": 20,
  "reward": 2.619887865685034,
  "raw_score": 2.619887865685034,
  "valid": true,
  "parsed": true,
  "ran": true,
  "msg": "ok",
  "advantage": 0.944008679850199,
  "beta": 19.487714935025156,
  "n_response_tokens": 1540,
  "sandbox_stdout": "",
  "parent_value": 2.6279973535241803,
  "parent_is_seed": false
}