{
  "step": 9,
  "group": 7,
  "rollout": 15,
  "reward": 2.5870286051528777,
  "raw_score": 2.5870286051528777,
  "valid": true,
  "parsed": true,
  "ran": true,
  "msg": "ok",
  "advantage": -0.09147747432367448,
  "beta": 23.590031878436086,
  "n_response_tokens": 1904,
  "sandbox_stdout": "",
  "parent_value": 2.628434530169357,
  "parent_is_seed": false
}