{
  "step": 3,
  "group": 2,
  "rollout": 34,
  "reward": 2.6210063111330815,
  "raw_score": 2.6210063111330815,
  "valid": true,
  "parsed": true,
  "ran": true,
  "msg": "ok",
  "advantage": 1.263555376957728,
  "beta": 1.7537896379174565,
  "n_response_tokens": 1663,
  "sandbox_stdout": "",
  "parent_value": 2.6210063111330815,
  "parent_is_seed": false
}