{
  "step": 3,
  "group": 3,
  "rollout": 44,
  "reward": 2.619586183844781,
  "raw_score": 2.619586183844781,
  "valid": true,
  "parsed": true,
  "ran": true,
  "msg": "ok",
  "advantage": 1.5028771564294865,
  "beta": 68.81717481719508,
  "n_response_tokens": 1151,
  "sandbox_stdout": "",
  "parent_value": 2.6195861838448664,
  "parent_is_seed": false
}