{
  "step": 5,
  "group": 2,
  "rollout": 59,
  "reward": 2.625918192634597,
  "raw_score": 2.625918192634597,
  "valid": true,
  "parsed": true,
  "ran": true,
  "msg": "ok",
  "advantage": 2.1098030786377975,
  "beta": 1.0406480816332293,
  "n_response_tokens": 1667,
  "sandbox_stdout": "",
  "parent_value": 2.6280829586231014,
  "parent_is_seed": false
}