{
  "step": 7,
  "group": 6,
  "rollout": 1,
  "reward": 2.6044924020163784,
  "raw_score": 2.6044924020163784,
  "valid": true,
  "parsed": true,
  "ran": true,
  "msg": "ok",
  "advantage": 0.18447512212170558,
  "beta": 40.072533069617535,
  "n_response_tokens": 1541,
  "sandbox_stdout": "",
  "parent_value": 2.627913820075555,
  "parent_is_seed": false
}