{
  "step": 5,
  "group": 0,
  "rollout": 46,
  "reward": 2.6218101350199037,
  "raw_score": 2.6218101350199037,
  "valid": true,
  "parsed": true,
  "ran": true,
  "msg": "ok",
  "advantage": 1.4607838550076475,
  "beta": 1.3008213563393283,
  "n_response_tokens": 2190,
  "sandbox_stdout": "",
  "parent_value": 2.631093589098119,
  "parent_is_seed": false
}