{
  "step": 9,
  "group": 5,
  "rollout": 24,
  "reward": 2.6284345301693937,
  "raw_score": 2.6284345301693937,
  "valid": true,
  "parsed": true,
  "ran": true,
  "msg": "ok",
  "advantage": 1.677452564812401,
  "beta": 7.258677661081078,
  "n_response_tokens": 1722,
  "sandbox_stdout": "",
  "parent_value": 2.6284345301693937,
  "parent_is_seed": false
}