{
  "step": 9,
  "group": 5,
  "rollout": 56,
  "reward": 2.567017508649225,
  "raw_score": 2.567017508649225,
  "valid": true,
  "parsed": true,
  "ran": true,
  "msg": "ok",
  "advantage": 0.688580877190321,
  "beta": 7.258677661081078,
  "n_response_tokens": 1862,
  "sandbox_stdout": "",
  "parent_value": 2.6284345301693937,
  "parent_is_seed": false
}