{
  "step": 6,
  "group": 2,
  "rollout": 47,
  "reward": 2.6085272995823727,
  "raw_score": 2.6085272995823727,
  "valid": true,
  "parsed": true,
  "ran": true,
  "msg": "ok",
  "advantage": 0.7545315715379746,
  "beta": 22.199339328066177,
  "n_response_tokens": 2231,
  "sandbox_stdout": "",
  "parent_value": 2.6296189481766077,
  "parent_is_seed": false
}