{
  "step": 2,
  "group": 1,
  "rollout": 61,
  "reward": 2.5874719050489836,
  "raw_score": 2.5874719050489836,
  "valid": true,
  "parsed": true,
  "ran": true,
  "msg": "ok",
  "advantage": 1.5285691905738772,
  "beta": 1.209865800761243,
  "n_response_tokens": 1705,
  "sandbox_stdout": "",
  "parent_value": 2.61219771240149,
  "parent_is_seed": false
}