{
  "step": 6,
  "group": 2,
  "rollout": 46,
  "reward": 2.612347389605351,
  "raw_score": 2.612347389605351,
  "valid": true,
  "parsed": true,
  "ran": true,
  "msg": "ok",
  "advantage": 0.9145320145874407,
  "beta": 22.199339328066177,
  "n_response_tokens": 1627,
  "sandbox_stdout": "",
  "parent_value": 2.6296189481766077,
  "parent_is_seed": false
}