{
  "step": 3,
  "group": 1,
  "rollout": 3,
  "reward": 0.0,
  "raw_score": null,
  "valid": false,
  "parsed": true,
  "ran": true,
  "msg": "Circle 10 at (0.11120935962066611,0.4731118052086108) r=0.11120935962241948 outside unit square",
  "advantage": -0.9059928284327313,
  "beta": 1.2448254621617925,
  "n_response_tokens": 1620,
  "sandbox_stdout": "",
  "parent_value": 2.622084916507914,
  "parent_is_seed": false
}