{
  "step": 7,
  "group": 4,
  "rollout": 41,
  "reward": 0.0,
  "raw_score": null,
  "valid": false,
  "parsed": true,
  "ran": false,
  "msg": "run_failed: Final packing is invalid: Circle 0 at (0.8732662317011706,0.8732538706590965) r=0.12733249822885437 outside unit square",
  "advantage": -0.9999999999782827,
  "beta": 9.656513785718564,
  "n_response_tokens": 2120,
  "sandbox_stdout": "",
  "parent_value": 2.628082958623089,
  "parent_is_seed": false
}