{
  "step": 8,
  "group": 2,
  "rollout": 51,
  "reward": 2.613222372880657,
  "raw_score": 2.613222372880657,
  "valid": true,
  "parsed": true,
  "ran": true,
  "msg": "ok",
  "advantage": 1.0532223827649356,
  "beta": 21.977234483641645,
  "n_response_tokens": 1890,
  "sandbox_stdout": "",
  "parent_value": 2.629868052372239,
  "parent_is_seed": false
}