{
  "step": 6,
  "group": 3,
  "rollout": 25,
  "reward": 2.6171070867853112,
  "raw_score": 2.6171070867853112,
  "valid": true,
  "parsed": true,
  "ran": true,
  "msg": "ok",
  "advantage": 1.4458763585974537,
  "beta": 1.2985582967171565,
  "n_response_tokens": 1825,
  "sandbox_stdout": "",
  "parent_value": 2.6282124181497135,
  "parent_is_seed": false
}