{
  "step": 6,
  "group": 7,
  "rollout": 55,
  "reward": 2.6240359179014145,
  "raw_score": 2.6240359179014145,
  "valid": true,
  "parsed": true,
  "ran": true,
  "msg": "ok",
  "advantage": 1.3076502221438404,
  "beta": 25.237788306753504,
  "n_response_tokens": 1944,
  "sandbox_stdout": "",
  "parent_value": 2.62690610421935,
  "parent_is_seed": false
}