{
  "step": 6,
  "group": 0,
  "rollout": 23,
  "reward": 2.596100944189447,
  "raw_score": 2.596100944189447,
  "valid": true,
  "parsed": true,
  "ran": true,
  "msg": "ok",
  "advantage": -0.13595643891168485,
  "beta": 41.9673670314801,
  "n_response_tokens": 1882,
  "sandbox_stdout": "",
  "parent_value": 2.631093589098471,
  "parent_is_seed": false
}