{
  "step": 4,
  "group": 1,
  "rollout": 27,
  "reward": 2.591043505833597,
  "raw_score": 2.591043505833597,
  "valid": true,
  "parsed": true,
  "ran": true,
  "msg": "ok",
  "advantage": 1.156251569179628,
  "beta": 1.5758290296605566,
  "n_response_tokens": 1523,
  "sandbox_stdout": "",
  "parent_value": 2.627322625935731,
  "parent_is_seed": false
}