{
  "step": 3,
  "group": 1,
  "rollout": 30,
  "reward": 0.0,
  "raw_score": null,
  "valid": false,
  "parsed": true,
  "ran": true,
  "msg": "Circle 9 at (0.8875342749226403,0.2789795757642163) r=0.11246572508175603 outside unit square",
  "advantage": -0.9059928284327313,
  "beta": 1.2448254621617925,
  "n_response_tokens": 1822,
  "sandbox_stdout": "Validation failed: Circle 9 at (0.8875342749226403,0.2789795757642163) r=0.11246572508175603 outside unit square\n",
  "parent_value": 2.622084916507914,
  "parent_is_seed": false
}