{
  "step": 7,
  "group": 1,
  "rollout": 7,
  "reward": 2.618660937292019,
  "raw_score": 2.618660937292019,
  "valid": true,
  "parsed": true,
  "ran": true,
  "msg": "ok",
  "advantage": 1.3714552011828598,
  "beta": 1.3697944897440433,
  "n_response_tokens": 2320,
  "sandbox_stdout": "",
  "parent_value": 2.6282124181498414,
  "parent_is_seed": false
}