{
  "step": 6,
  "group": 2,
  "rollout": 1,
  "reward": 2.618068255962565,
  "raw_score": 2.618068255962565,
  "valid": true,
  "parsed": true,
  "ran": true,
  "msg": "ok",
  "advantage": 1.182773642069197,
  "beta": 22.199339328066177,
  "n_response_tokens": 2233,
  "sandbox_stdout": "",
  "parent_value": 2.6296189481766077,
  "parent_is_seed": false
}