{
  "step": 7,
  "group": 4,
  "rollout": 39,
  "reward": 2.6245535431281493,
  "raw_score": 2.6245535431281493,
  "valid": true,
  "parsed": true,
  "ran": true,
  "msg": "ok",
  "advantage": 1.285910712703858,
  "beta": 9.656513785718564,
  "n_response_tokens": 1775,
  "sandbox_stdout": "",
  "parent_value": 2.628082958623089,
  "parent_is_seed": false
}