{
  "step": 4,
  "group": 2,
  "rollout": 54,
  "reward": 0.0,
  "raw_score": null,
  "valid": false,
  "parsed": true,
  "ran": true,
  "msg": "Circle 0 at (0.34896067751754123,0.5699171940678173) r=1.0 outside unit square",
  "advantage": -0.9999999999990755,
  "beta": 10.88329043733055,
  "n_response_tokens": 1490,
  "sandbox_stdout": "differential_evolution step 1: f(x)= -18.178712205830852\ndifferential_evolution step 2: f(x)= -18.951235801755214\ndifferential_evolution step 3: f(x)= -19.331027439270624\ndifferential_evolution step 4: f(x)= -19.507421039981693\ndifferential_evolution step 5: f(x)= -20.540981703114703\ndifferential_evolution step 6: f(x)= -20.990934913243233\ndifferential_evolution step 7: f(x)= -21.960548264561616\ndifferential_evolution step 8: f(x)= -21.960548264561616\ndifferential_evolution step 9: f(x)= -21.960548264561616\ndifferential_evolution step 10: f(x)= -21.960548264561616\ndifferential_evolution step 11: f(x)= -21.960548264561616\ndifferential_evolution step 12: f(x)= -21.960548264561616\ndifferential_evolution step 13: f(x)= -21.960548264561616\ndifferential_evolution step 14: f(x)= -21.960548264561616\ndifferential_evolution step 15: f(x)= -21.960548264561616\ndifferential_evolution step 16: f(x)= -21.960548264561616\ndifferential_evolution step 17: f(x)= -21.960548264561616\ndifferential_evolution step 18: f(x)= -21.960548264561616\ndifferential_evolution step 19: f(x)= -21.960548264561616\ndifferential_evolution step 20: f(x)= -22.091312245580106\ndifferential_evolution step 21: f(x)= -22.157690981194452\ndifferential_evolution step 22: f(x)= -22.459355322887394\ndifferential_evolution step 23: f(x)= -22.475200994704334\ndifferential_evolution step 24: f(x)= -22.475200994704334\ndifferential_evolution step 25: f(x)= -22.475200994704334\ndifferential_evolution step 26: f(x)= -22.475200994704334\ndifferential_evolution step 27: f(x)= -22.475200994704334\ndifferential_evolution step 28: f(x)= -22.736276971875675\ndifferential_evolution step 29: f(x)= -22.736276971875675\ndifferential_evolution step 30: f(x)= -22.736276971875675\ndifferential_evolution step 31: f(x)= -22.736276971875675\ndifferential_evolution step 32: f(x)= -23.156988323099366\ndifferential_evolution step 33: f(x)= -23.156988323099366\ndifferential_evolution step 34: f(x)= -23.156988323099366\ndifferential_evolution step 35: f(x)=",
  "parent_value": 2.6240488941398215,
  "parent_is_seed": false
}