{
  "step": 7,
  "group": 4,
  "rollout": 4,
  "reward": 2.618068255949008,
  "raw_score": 2.618068255949008,
  "valid": true,
  "parsed": true,
  "ran": true,
  "msg": "ok",
  "advantage": 1.1424264450506474,
  "beta": 9.656513785718564,
  "n_response_tokens": 1904,
  "sandbox_stdout": "",
  "parent_value": 2.628082958623089,
  "parent_is_seed": false
}