{
  "step": 9,
  "group": 6,
  "rollout": 61,
  "reward": 2.627322625925541,
  "raw_score": 2.627322625925541,
  "valid": true,
  "parsed": true,
  "ran": true,
  "msg": "ok",
  "advantage": -0.6333988518964127,
  "beta": 1536.1420236008366,
  "n_response_tokens": 1986,
  "sandbox_stdout": "",
  "parent_value": 2.628434530169387,
  "parent_is_seed": false
}