{
  "step": 6,
  "group": 4,
  "rollout": 6,
  "reward": 2.6117062235207444,
  "raw_score": 2.6117062235207444,
  "valid": true,
  "parsed": true,
  "ran": true,
  "msg": "ok",
  "advantage": 1.3276803226527432,
  "beta": 1.457291298029097,
  "n_response_tokens": 1559,
  "sandbox_stdout": "",
  "parent_value": 2.62791382007542,
  "parent_is_seed": false
}