{
  "step": 1,
  "group": 4,
  "rollout": 45,
  "reward": 1.326716514427062e-14,
  "raw_score": 1.326716514427062e-14,
  "valid": true,
  "parsed": true,
  "ran": true,
  "msg": "ok",
  "advantage": -0.3060581869150809,
  "beta": 1.5507134184888836,
  "n_response_tokens": 1413,
  "sandbox_stdout": "",
  "parent_value": 1.3350431871117507e-13,
  "parent_is_seed": false
}