{
  "step": 6,
  "group": 1,
  "rollout": 17,
  "reward": 0.0,
  "raw_score": null,
  "valid": false,
  "parsed": true,
  "ran": true,
  "msg": "Circle 0 at (0.39414741958317434,0.05) r=70894625.90920597 outside unit square",
  "advantage": -0.8902221137908894,
  "beta": 1.1902948248548302,
  "n_response_tokens": 1656,
  "sandbox_stdout": "",
  "parent_value": 2.6307297079877103,
  "parent_is_seed": false
}