{
  "step": 9,
  "group": 2,
  "rollout": 54,
  "reward": 2.6180682559626414,
  "raw_score": 2.6180682559626414,
  "valid": true,
  "parsed": true,
  "ran": true,
  "msg": "ok",
  "advantage": 0.22284050891411478,
  "beta": 71.1087584057366,
  "n_response_tokens": 1387,
  "sandbox_stdout": "",
  "parent_value": 2.628434530170728,
  "parent_is_seed": false
}