{
  "step": 4,
  "group": 1,
  "rollout": 52,
  "reward": 0.0,
  "raw_score": null,
  "valid": false,
  "parsed": true,
  "ran": false,
  "msg": "run_failed: Final packing is invalid: Circle 0 at (5.692514822852601e-07,0.9999994307485177) r=0.9999994307485177 outside unit square",
  "advantage": -0.9648371724110483,
  "beta": 1.5758290296605566,
  "n_response_tokens": 1458,
  "sandbox_stdout": "",
  "parent_value": 2.627322625935731,
  "parent_is_seed": false
}