{
  "step": 3,
  "group": 3,
  "rollout": 23,
  "reward": 0.0,
  "raw_score": null,
  "valid": false,
  "parsed": true,
  "ran": true,
  "msg": "Circle 3 at (3.201639474398876e-05,3.201639474398876e-05) r=0.999967983605256 outside unit square",
  "advantage": -1.0,
  "beta": 68.81717481719508,
  "n_response_tokens": 1419,
  "sandbox_stdout": "",
  "parent_value": 2.6195861838448664,
  "parent_is_seed": false
}