{
  "step": 8,
  "group": 3,
  "rollout": 23,
  "reward": 2.625974469168264,
  "raw_score": 2.625974469168264,
  "valid": true,
  "parsed": true,
  "ran": true,
  "msg": "ok",
  "advantage": 1.6845770409512109,
  "beta": 50.916879856703424,
  "n_response_tokens": 1709,
  "sandbox_stdout": "",
  "parent_value": 2.6284571355158817,
  "parent_is_seed": false
}