{
  "step": 3,
  "group": 1,
  "rollout": 56,
  "reward": 2.6148843489652536,
  "raw_score": 2.6148843489652536,
  "valid": true,
  "parsed": true,
  "ran": true,
  "msg": "ok",
  "advantage": 1.530930108239644,
  "beta": 1.2448254621617925,
  "n_response_tokens": 1459,
  "sandbox_stdout": "",
  "parent_value": 2.622084916507914,
  "parent_is_seed": false
}