{
  "step": 7,
  "group": 5,
  "rollout": 15,
  "reward": 2.6269683991871835,
  "raw_score": 2.6269683991871835,
  "valid": true,
  "parsed": true,
  "ran": true,
  "msg": "ok",
  "advantage": 1.241872779976211,
  "beta": 19.487714935025156,
  "n_response_tokens": 1578,
  "sandbox_stdout": "",
  "parent_value": 2.6279973535241803,
  "parent_is_seed": false
}