{
  "step": 4,
  "group": 5,
  "rollout": 25,
  "reward": 2.5739210239164834,
  "raw_score": 2.5739210239164834,
  "valid": true,
  "parsed": true,
  "ran": true,
  "msg": "ok",
  "advantage": 0.05743845166969952,
  "beta": 20.038860416848564,
  "n_response_tokens": 1605,
  "sandbox_stdout": "",
  "parent_value": 2.620514504487473,
  "parent_is_seed": false
}