{
  "step": 3,
  "group": 1,
  "rollout": 10,
  "reward": 2.614144082880217,
  "raw_score": 2.614144082880217,
  "valid": true,
  "parsed": true,
  "ran": true,
  "msg": "ok",
  "advantage": 1.5285053631159937,
  "beta": 1.2448254621617925,
  "n_response_tokens": 1432,
  "sandbox_stdout": "",
  "parent_value": 2.622084916507914,
  "parent_is_seed": false
}