{
  "step": 4,
  "group": 2,
  "rollout": 48,
  "reward": 0.0,
  "raw_score": null,
  "valid": false,
  "parsed": true,
  "ran": true,
  "msg": "Circle 20 at (0.11901062084811653,0.8809893791560514) r=0.11901062084812113 outside unit square",
  "advantage": -0.9999999999990755,
  "beta": 10.88329043733055,
  "n_response_tokens": 1486,
  "sandbox_stdout": "",
  "parent_value": 2.6240488941398215,
  "parent_is_seed": false
}