{
  "step": 6,
  "group": 2,
  "rollout": 3,
  "reward": 0.0,
  "raw_score": null,
  "valid": false,
  "parsed": true,
  "ran": false,
  "msg": "run_failed: Final packing is invalid: Circle 11 at (0.7812526429116022,0.42984498958737877) r=0.34097537930122035 outside unit square",
  "advantage": -1.0,
  "beta": 22.199339328066177,
  "n_response_tokens": 2375,
  "sandbox_stdout": "",
  "parent_value": 2.6296189481766077,
  "parent_is_seed": false
}