{
  "step": 5,
  "group": 0,
  "rollout": 54,
  "reward": 2.534536868462092,
  "raw_score": 2.534536868462092,
  "valid": true,
  "parsed": true,
  "ran": true,
  "msg": "ok",
  "advantage": 1.1875229977444985,
  "beta": 1.3008213563393283,
  "n_response_tokens": 2452,
  "sandbox_stdout": "",
  "parent_value": 2.631093589098119,
  "parent_is_seed": false
}