{
  "step": 8,
  "group": 3,
  "rollout": 45,
  "reward": 2.606572650101638,
  "raw_score": 2.606572650101638,
  "valid": true,
  "parsed": true,
  "ran": true,
  "msg": "ok",
  "advantage": -0.02639586314339404,
  "beta": 50.916879856703424,
  "n_response_tokens": 1699,
  "sandbox_stdout": "",
  "parent_value": 2.6284571355158817,
  "parent_is_seed": false
}