{
  "step": 5,
  "group": 5,
  "rollout": 47,
  "reward": 2.626066440562668,
  "raw_score": 2.626066440562668,
  "valid": true,
  "parsed": true,
  "ran": true,
  "msg": "ok",
  "advantage": 1.1863307661794709,
  "beta": 2.8689906867827184,
  "n_response_tokens": 1432,
  "sandbox_stdout": "",
  "parent_value": 2.626066440562668,
  "parent_is_seed": false
}