{
  "step": 6,
  "group": 2,
  "rollout": 36,
  "reward": 0.0,
  "raw_score": null,
  "valid": false,
  "parsed": true,
  "ran": false,
  "msg": "run_failed: Final packing is invalid: Circle 0 at (0.0693330080927815,0.0693330080927815) r=0.08933300809278151 outside unit square",
  "advantage": -1.0,
  "beta": 22.199339328066177,
  "n_response_tokens": 1820,
  "sandbox_stdout": "",
  "parent_value": 2.6296189481766077,
  "parent_is_seed": false
}