{
  "step": 6,
  "group": 0,
  "rollout": 30,
  "reward": 2.610963540290258,
  "raw_score": 2.610963540290258,
  "valid": true,
  "parsed": true,
  "ran": true,
  "msg": "ok",
  "advantage": 0.6315962412910858,
  "beta": 41.9673670314801,
  "n_response_tokens": 1889,
  "sandbox_stdout": "",
  "parent_value": 2.631093589098471,
  "parent_is_seed": false
}