{
  "step": 4,
  "group": 2,
  "rollout": 13,
  "reward": 2.624048892827153,
  "raw_score": 2.624048892827153,
  "valid": true,
  "parsed": true,
  "ran": true,
  "msg": "ok",
  "advantage": 1.42681327105218,
  "beta": 10.88329043733055,
  "n_response_tokens": 1901,
  "sandbox_stdout": "",
  "parent_value": 2.6240488941398215,
  "parent_is_seed": false
}