{
  "step": 2,
  "group": 1,
  "rollout": 32,
  "reward": 0.7596038736968309,
  "raw_score": 0.7596038736968309,
  "valid": true,
  "parsed": true,
  "ran": true,
  "msg": "ok",
  "advantage": -0.7325806189890556,
  "beta": 1.209865800761243,
  "n_response_tokens": 1675,
  "sandbox_stdout": "",
  "parent_value": 2.61219771240149,
  "parent_is_seed": false
}