{
  "step": 5,
  "group": 5,
  "rollout": 31,
  "reward": 0.0,
  "raw_score": null,
  "valid": false,
  "parsed": true,
  "ran": true,
  "msg": "Circle 0 at (0.18285714285714286,0.18285714285714286) r=1.0 outside unit square",
  "advantage": -0.9988705591747559,
  "beta": 2.8689906867827184,
  "n_response_tokens": 1507,
  "sandbox_stdout": "",
  "parent_value": 2.626066440562668,
  "parent_is_seed": false
}