{
  "step": 3,
  "group": 3,
  "rollout": 4,
  "reward": 2.4800130380818093,
  "raw_score": 2.4800130380818093,
  "valid": true,
  "parsed": true,
  "ran": true,
  "msg": "ok",
  "advantage": -0.999837778099762,
  "beta": 68.81717481719508,
  "n_response_tokens": 1545,
  "sandbox_stdout": "",
  "parent_value": 2.6195861838448664,
  "parent_is_seed": false
}