{
  "step": 4,
  "group": 4,
  "rollout": 32,
  "reward": 2.624558805121384,
  "raw_score": 2.624558805121384,
  "valid": true,
  "parsed": true,
  "ran": true,
  "msg": "ok",
  "advantage": 1.9736943325549037,
  "beta": 24.675962258604805,
  "n_response_tokens": 2205,
  "sandbox_stdout": "",
  "parent_value": 2.6213370273335,
  "parent_is_seed": false
}