{
  "step": 8,
  "group": 4,
  "rollout": 23,
  "reward": 2.6284345301693937,
  "raw_score": 2.6284345301693937,
  "valid": true,
  "parsed": true,
  "ran": true,
  "msg": "ok",
  "advantage": 1.2864864032383672,
  "beta": 28.226760084752016,
  "n_response_tokens": 1481,
  "sandbox_stdout": "",
  "parent_value": 2.6284345301693937,
  "parent_is_seed": false
}