{
  "step": 7,
  "group": 4,
  "rollout": 9,
  "reward": 0.0,
  "raw_score": null,
  "valid": false,
  "parsed": true,
  "ran": false,
  "msg": "run_failed: Final packing is invalid: Circle 0 at (1.021405182655144e-14,1.021405182655144e-14) r=0.9999999999999898 outside unit square",
  "advantage": -0.9999999999782827,
  "beta": 9.656513785718564,
  "n_response_tokens": 1864,
  "sandbox_stdout": "",
  "parent_value": 2.628082958623089,
  "parent_is_seed": false
}