{
  "step": 7,
  "group": 2,
  "rollout": 8,
  "reward": 2.6163062056273367,
  "raw_score": 2.6163062056273367,
  "valid": true,
  "parsed": true,
  "ran": true,
  "msg": "ok",
  "advantage": 1.3731168490424648,
  "beta": 24.65566742965785,
  "n_response_tokens": 1905,
  "sandbox_stdout": "",
  "parent_value": 2.6282124181496935,
  "parent_is_seed": false
}