{
  "step": 4,
  "group": 2,
  "rollout": 42,
  "reward": 0.0,
  "raw_score": null,
  "valid": false,
  "parsed": true,
  "ran": true,
  "msg": "Circle 0 at (5.5973421069310415e-05,6.110977513282589e-05) r=0.08172183790041063 outside unit square",
  "advantage": -0.9999999999990755,
  "beta": 10.88329043733055,
  "n_response_tokens": 1578,
  "sandbox_stdout": "",
  "parent_value": 2.6240488941398215,
  "parent_is_seed": false
}