{
  "step": 7,
  "group": 2,
  "rollout": 41,
  "reward": 2.618773061666873,
  "raw_score": 2.618773061666873,
  "valid": true,
  "parsed": true,
  "ran": true,
  "msg": "ok",
  "advantage": 1.527905706755408,
  "beta": 24.65566742965785,
  "n_response_tokens": 1788,
  "sandbox_stdout": "",
  "parent_value": 2.6282124181496935,
  "parent_is_seed": false
}