{
  "step": 9,
  "group": 4,
  "rollout": 30,
  "reward": 2.622160552713193,
  "raw_score": 2.622160552713193,
  "valid": true,
  "parsed": true,
  "ran": true,
  "msg": "ok",
  "advantage": 1.3254094791692488,
  "beta": 5.346682498471847,
  "n_response_tokens": 1540,
  "sandbox_stdout": "",
  "parent_value": 2.6284345301693937,
  "parent_is_seed": false
}