{
  "step": 5,
  "group": 2,
  "rollout": 42,
  "reward": 2.581529282938595,
  "raw_score": 2.581529282938595,
  "valid": true,
  "parsed": true,
  "ran": true,
  "msg": "ok",
  "advantage": 1.962816468216087,
  "beta": 1.0406480816332293,
  "n_response_tokens": 1906,
  "sandbox_stdout": "",
  "parent_value": 2.6280829586231014,
  "parent_is_seed": false
}