{
  "step": 6,
  "group": 0,
  "rollout": 52,
  "reward": 2.6126031131254113,
  "raw_score": 2.6126031131254113,
  "valid": true,
  "parsed": true,
  "ran": true,
  "msg": "ok",
  "advantage": 0.7510469247333142,
  "beta": 41.9673670314801,
  "n_response_tokens": 1746,
  "sandbox_stdout": "",
  "parent_value": 2.631093589098471,
  "parent_is_seed": false
}