{
  "step": 8,
  "group": 2,
  "rollout": 44,
  "reward": 2.6209139559275085,
  "raw_score": 2.6209139559275085,
  "valid": true,
  "parsed": true,
  "ran": true,
  "msg": "ok",
  "advantage": 1.4460400824248416,
  "beta": 21.977234483641645,
  "n_response_tokens": 1828,
  "sandbox_stdout": "",
  "parent_value": 2.629868052372239,
  "parent_is_seed": false
}