{
  "step": 8,
  "group": 7,
  "rollout": 20,
  "reward": 2.6078786510515792,
  "raw_score": 2.6078786510515792,
  "valid": true,
  "parsed": true,
  "ran": true,
  "msg": "ok",
  "advantage": -0.413749302955998,
  "beta": 64.84845448249878,
  "n_response_tokens": 1818,
  "sandbox_stdout": "",
  "parent_value": 2.6279973535241803,
  "parent_is_seed": false
}