{
  "step": 7,
  "group": 2,
  "rollout": 35,
  "reward": 2.587431347327478,
  "raw_score": 2.587431347327478,
  "valid": true,
  "parsed": true,
  "ran": true,
  "msg": "ok",
  "advantage": 0.1425610989797541,
  "beta": 24.65566742965785,
  "n_response_tokens": 2058,
  "sandbox_stdout": "",
  "parent_value": 2.6282124181496935,
  "parent_is_seed": false
}