{
  "step": 1,
  "group": 4,
  "rollout": 12,
  "reward": 1.7064127888488656e-13,
  "raw_score": 1.7064127888488656e-13,
  "valid": true,
  "parsed": true,
  "ran": true,
  "msg": "ok",
  "advantage": -0.30605818691491016,
  "beta": 1.5507134184888836,
  "n_response_tokens": 1383,
  "sandbox_stdout": "",
  "parent_value": 1.3350431871117507e-13,
  "parent_is_seed": false
}