{
  "step": 6,
  "group": 5,
  "rollout": 22,
  "reward": 2.612026184635725,
  "raw_score": 2.612026184635725,
  "valid": true,
  "parsed": true,
  "ran": true,
  "msg": "ok",
  "advantage": 0.7603936321116003,
  "beta": 17.246398262115143,
  "n_response_tokens": 1836,
  "sandbox_stdout": "",
  "parent_value": 2.6273226259360496,
  "parent_is_seed": false
}