{
  "step": 1,
  "group": 3,
  "rollout": 4,
  "reward": 2.5915519730190795e-11,
  "raw_score": 2.5915519730190795e-11,
  "valid": true,
  "parsed": true,
  "ran": true,
  "msg": "ok",
  "advantage": -0.30605818645689153,
  "beta": 27.372958285301408,
  "n_response_tokens": 1612,
  "sandbox_stdout": "",
  "parent_value": 2.591796222084497e-11,
  "parent_is_seed": false
}