{
  "step": 4,
  "group": 4,
  "rollout": 55,
  "reward": 2.5815965912615217,
  "raw_score": 2.5815965912615217,
  "valid": true,
  "parsed": true,
  "ran": true,
  "msg": "ok",
  "advantage": -0.0007127967522462253,
  "beta": 24.675962258604805,
  "n_response_tokens": 1976,
  "sandbox_stdout": "",
  "parent_value": 2.6213370273335,
  "parent_is_seed": false
}