{
  "step": 6,
  "group": 2,
  "rollout": 17,
  "reward": 2.605373863978763,
  "raw_score": 2.605373863978763,
  "valid": true,
  "parsed": true,
  "ran": true,
  "msg": "ok",
  "advantage": 0.63283304880972,
  "beta": 22.199339328066177,
  "n_response_tokens": 2063,
  "sandbox_stdout": "",
  "parent_value": 2.6296189481766077,
  "parent_is_seed": false
}