{
  "step": 7,
  "group": 2,
  "rollout": 42,
  "reward": 2.5849943503967627,
  "raw_score": 2.5849943503967627,
  "valid": true,
  "parsed": true,
  "ran": true,
  "msg": "ok",
  "advantage": 0.07479449571795338,
  "beta": 24.65566742965785,
  "n_response_tokens": 1835,
  "sandbox_stdout": "",
  "parent_value": 2.6282124181496935,
  "parent_is_seed": false
}