{
  "step": 2,
  "group": 3,
  "rollout": 40,
  "reward": 0.0,
  "raw_score": null,
  "valid": false,
  "parsed": true,
  "ran": true,
  "msg": "Circle 14 at (0.4146980650614749,0.03408093813435989) r=0.03408240881730562 outside unit square",
  "advantage": -0.7246321614406268,
  "beta": 1.522234643751662,
  "n_response_tokens": 1185,
  "sandbox_stdout": "",
  "parent_value": 1.3000000000000003,
  "parent_is_seed": false
}