{
  "step": 7,
  "group": 7,
  "rollout": 20,
  "reward": 2.5334943462429087,
  "raw_score": 2.5334943462429087,
  "valid": true,
  "parsed": true,
  "ran": true,
  "msg": "ok",
  "advantage": 1.152953160230441,
  "beta": 1.381022742833324,
  "n_response_tokens": 1580,
  "sandbox_stdout": "",
  "parent_value": 2.6278466300313137,
  "parent_is_seed": false
}