{
  "step": 6,
  "group": 7,
  "rollout": 25,
  "reward": 1.435231802475973,
  "raw_score": 1.435231802475973,
  "valid": true,
  "parsed": true,
  "ran": true,
  "msg": "ok",
  "advantage": -0.9999999999997923,
  "beta": 25.237788306753504,
  "n_response_tokens": 2227,
  "sandbox_stdout": "",
  "parent_value": 2.62690610421935,
  "parent_is_seed": false
}