{
  "step": 6,
  "group": 6,
  "rollout": 61,
  "reward": 2.625410847034157,
  "raw_score": 2.625410847034157,
  "valid": true,
  "parsed": true,
  "ran": true,
  "msg": "ok",
  "advantage": 1.213401303252534,
  "beta": 38.08244465801945,
  "n_response_tokens": 1646,
  "sandbox_stdout": "",
  "parent_value": 2.6273226259360496,
  "parent_is_seed": false
}