{
  "step": 3,
  "group": 2,
  "rollout": 16,
  "reward": 2.55649654182765,
  "raw_score": 2.55649654182765,
  "valid": true,
  "parsed": true,
  "ran": true,
  "msg": "ok",
  "advantage": 1.0136804849493508,
  "beta": 1.7537896379174565,
  "n_response_tokens": 1581,
  "sandbox_stdout": "",
  "parent_value": 2.6210063111330815,
  "parent_is_seed": false
}