{
  "step": 9,
  "group": 1,
  "rollout": 47,
  "reward": 2.626293702972853,
  "raw_score": 2.626293702972853,
  "valid": true,
  "parsed": true,
  "ran": true,
  "msg": "ok",
  "advantage": 1.9342591396399524,
  "beta": 28.612443708102305,
  "n_response_tokens": 1608,
  "sandbox_stdout": "",
  "parent_value": 2.6296189481751533,
  "parent_is_seed": false
}