{
  "step": 5,
  "group": 2,
  "rollout": 21,
  "reward": 2.5861710759328265,
  "raw_score": 2.5861710759328265,
  "valid": true,
  "parsed": true,
  "ran": true,
  "msg": "ok",
  "advantage": 1.9778410123351127,
  "beta": 1.0406480816332293,
  "n_response_tokens": 1833,
  "sandbox_stdout": "",
  "parent_value": 2.6280829586231014,
  "parent_is_seed": false
}