{
  "step": 7,
  "group": 3,
  "rollout": 49,
  "reward": 2.612769343784294,
  "raw_score": 2.612769343784294,
  "valid": true,
  "parsed": true,
  "ran": true,
  "msg": "ok",
  "advantage": 0.9347432019900572,
  "beta": 15.745469437890588,
  "n_response_tokens": 1572,
  "sandbox_stdout": "",
  "parent_value": 2.6282124181495803,
  "parent_is_seed": false
}