{
  "step": 4,
  "group": 0,
  "rollout": 7,
  "reward": 2.6180682538441435,
  "raw_score": 2.6180682538441435,
  "valid": true,
  "parsed": true,
  "ran": true,
  "msg": "ok",
  "advantage": 1.893400176632627,
  "beta": 1.089237576163159,
  "n_response_tokens": 1742,
  "sandbox_stdout": "",
  "parent_value": 2.6279138200757255,
  "parent_is_seed": false
}