{
  "step": 6,
  "group": 2,
  "rollout": 59,
  "reward": 2.625909868085038,
  "raw_score": 2.625909868085038,
  "valid": true,
  "parsed": true,
  "ran": true,
  "msg": "ok",
  "advantage": 1.6150544554130843,
  "beta": 22.199339328066177,
  "n_response_tokens": 2066,
  "sandbox_stdout": "",
  "parent_value": 2.6296189481766077,
  "parent_is_seed": false
}