{
  "step": 8,
  "group": 3,
  "rollout": 50,
  "reward": 2.607673433953937,
  "raw_score": 2.607673433953937,
  "valid": true,
  "parsed": true,
  "ran": true,
  "msg": "ok",
  "advantage": 0.030649614257612257,
  "beta": 50.916879856703424,
  "n_response_tokens": 1697,
  "sandbox_stdout": "",
  "parent_value": 2.6284571355158817,
  "parent_is_seed": false
}