{
  "step": 1,
  "group": 0,
  "rollout": 47,
  "reward": 2.573170552525382,
  "raw_score": 2.573170552525382,
  "valid": true,
  "parsed": true,
  "ran": true,
  "msg": "ok",
  "advantage": 2.2237858772659744,
  "beta": 1.0176240724920032,
  "n_response_tokens": 1570,
  "sandbox_stdout": "",
  "parent_value": 2.603212450735002,
  "parent_is_seed": false
}