{
  "step": 6,
  "group": 0,
  "rollout": 14,
  "reward": 2.606777803526699,
  "raw_score": 2.606777803526699,
  "valid": true,
  "parsed": true,
  "ran": true,
  "msg": "ok",
  "advantage": 0.3630582876605948,
  "beta": 41.9673670314801,
  "n_response_tokens": 1725,
  "sandbox_stdout": "",
  "parent_value": 2.631093589098471,
  "parent_is_seed": false
}