{
  "step": 9,
  "group": 6,
  "rollout": 25,
  "reward": 0.0,
  "raw_score": null,
  "valid": false,
  "parsed": true,
  "ran": false,
  "msg": "run_failed: Final packing is invalid: Circle 23 at (0.4930518655658169,0.4930518655658169) r=0.5069481344341831 outside unit square",
  "advantage": -1.0,
  "beta": 1536.1420236008366,
  "n_response_tokens": 1770,
  "sandbox_stdout": "",
  "parent_value": 2.628434530169387,
  "parent_is_seed": false
}