{
  "step": 9,
  "group": 0,
  "rollout": 60,
  "reward": 2.6267554439258434,
  "raw_score": 2.6267554439258434,
  "valid": true,
  "parsed": true,
  "ran": true,
  "msg": "ok",
  "advantage": 1.666228204083538,
  "beta": 1.1471142456070447,
  "n_response_tokens": 1559,
  "sandbox_stdout": "",
  "parent_value": 2.6359773947540925,
  "parent_is_seed": false
}