{
  "step": 2,
  "group": 1,
  "rollout": 22,
  "reward": 2.5875331133221944,
  "raw_score": 2.5875331133221944,
  "valid": true,
  "parsed": true,
  "ran": true,
  "msg": "ok",
  "advantage": 1.5287639639882697,
  "beta": 1.209865800761243,
  "n_response_tokens": 1637,
  "sandbox_stdout": "",
  "parent_value": 2.61219771240149,
  "parent_is_seed": false
}