{
  "step": 8,
  "group": 3,
  "rollout": 43,
  "reward": 2.5838995449162026,
  "raw_score": 2.5838995449162026,
  "valid": true,
  "parsed": true,
  "ran": true,
  "msg": "ok",
  "advantage": -0.6963018730074326,
  "beta": 50.916879856703424,
  "n_response_tokens": 1923,
  "sandbox_stdout": "",
  "parent_value": 2.6284571355158817,
  "parent_is_seed": false
}