{
  "step": 3,
  "group": 1,
  "rollout": 27,
  "reward": 2.6000511542371143,
  "raw_score": 2.6000511542371143,
  "valid": true,
  "parsed": true,
  "ran": true,
  "msg": "ok",
  "advantage": 1.482801132945493,
  "beta": 1.2448254621617925,
  "n_response_tokens": 1678,
  "sandbox_stdout": "",
  "parent_value": 2.622084916507914,
  "parent_is_seed": false
}