{
  "step": 8,
  "group": 4,
  "rollout": 22,
  "reward": 2.6221605526966454,
  "raw_score": 2.6221605526966454,
  "valid": true,
  "parsed": true,
  "ran": true,
  "msg": "ok",
  "advantage": 0.9041755877598583,
  "beta": 28.226760084752016,
  "n_response_tokens": 1444,
  "sandbox_stdout": "",
  "parent_value": 2.6284345301693937,
  "parent_is_seed": false
}