{
  "step": 8,
  "group": 3,
  "rollout": 32,
  "reward": 2.6279973535244125,
  "raw_score": 2.6279973535244125,
  "valid": true,
  "parsed": true,
  "ran": true,
  "msg": "ok",
  "advantage": 1.9896487060095747,
  "beta": 50.916879856703424,
  "n_response_tokens": 1535,
  "sandbox_stdout": "",
  "parent_value": 2.6284571355158817,
  "parent_is_seed": false
}