{
  "step": 5,
  "group": 1,
  "rollout": 62,
  "reward": 0.0,
  "raw_score": null,
  "valid": false,
  "parsed": true,
  "ran": false,
  "msg": "run_failed: Final packing is invalid: Circle 0 at (0.08961638659972755,0.08961638660794233) r=0.08961638671756832 outside unit square",
  "advantage": -0.9999999999996886,
  "beta": 11.283125900410129,
  "n_response_tokens": 2062,
  "sandbox_stdout": "",
  "parent_value": 2.6282124181496993,
  "parent_is_seed": false
}