{
  "step": 2,
  "group": 4,
  "rollout": 40,
  "reward": 1.3000000000000003,
  "raw_score": 1.3000000000000003,
  "valid": true,
  "parsed": true,
  "ran": true,
  "msg": "ok",
  "advantage": 14.112585190541981,
  "beta": 2.2876197851561093,
  "n_response_tokens": 1198,
  "sandbox_stdout": "",
  "parent_value": 1.3000000000000003,
  "parent_is_seed": false
}