{
  "step": 5,
  "group": 7,
  "rollout": 48,
  "reward": 0.0,
  "raw_score": null,
  "valid": false,
  "parsed": true,
  "ran": true,
  "msg": "Circle 0 at (0.09816080079769465,0.09816080079843423) r=0.09816080080053419 outside unit square",
  "advantage": -0.9609695942940641,
  "beta": 1.5445323075051547,
  "n_response_tokens": 1554,
  "sandbox_stdout": "",
  "parent_value": 2.624035917900815,
  "parent_is_seed": false
}