{
  "step": 6,
  "group": 6,
  "rollout": 15,
  "reward": 2.621345998382254,
  "raw_score": 2.621345998382254,
  "valid": true,
  "parsed": true,
  "ran": true,
  "msg": "ok",
  "advantage": 0.8864657062932786,
  "beta": 38.08244465801945,
  "n_response_tokens": 1504,
  "sandbox_stdout": "",
  "parent_value": 2.6273226259360496,
  "parent_is_seed": false
}