{
  "step": 5,
  "group": 7,
  "rollout": 63,
  "reward": 0.0,
  "raw_score": null,
  "valid": false,
  "parsed": true,
  "ran": true,
  "msg": "Circle 21 at (0.6176309186566051,0.8488779232370224) r=0.15112207676470404 outside unit square",
  "advantage": -0.9609695942940641,
  "beta": 1.5445323075051547,
  "n_response_tokens": 1877,
  "sandbox_stdout": "",
  "parent_value": 2.624035917900815,
  "parent_is_seed": false
}