{
  "step": 4,
  "group": 3,
  "rollout": 40,
  "reward": 2.54581018038686,
  "raw_score": 2.54581018038686,
  "valid": true,
  "parsed": true,
  "ran": true,
  "msg": "ok",
  "advantage": 0.8542645868649013,
  "beta": 2.0407276987833116,
  "n_response_tokens": 1536,
  "sandbox_stdout": "",
  "parent_value": 2.6213808542473327,
  "parent_is_seed": false
}