{
  "step": 7,
  "group": 0,
  "rollout": 39,
  "reward": 2.601789789331343,
  "raw_score": 2.601789789331343,
  "valid": true,
  "parsed": true,
  "ran": true,
  "msg": "ok",
  "advantage": -0.47814377470526226,
  "beta": 56.170441797942445,
  "n_response_tokens": 1682,
  "sandbox_stdout": "",
  "parent_value": 2.62843453016934,
  "parent_is_seed": false
}