{
  "step": 6,
  "group": 5,
  "rollout": 41,
  "reward": 2.483231050563028,
  "raw_score": 2.483231050563028,
  "valid": true,
  "parsed": true,
  "ran": true,
  "msg": "ok",
  "advantage": -0.8136858806389804,
  "beta": 17.246398262115143,
  "n_response_tokens": 1891,
  "sandbox_stdout": "",
  "parent_value": 2.6273226259360496,
  "parent_is_seed": false
}