{
  "step": 1,
  "group": 0,
  "rollout": 38,
  "reward": 2.552314627735608,
  "raw_score": 2.552314627735608,
  "valid": true,
  "parsed": true,
  "ran": true,
  "msg": "ok",
  "advantage": 2.1526989799933545,
  "beta": 1.0176240724920032,
  "n_response_tokens": 1542,
  "sandbox_stdout": "",
  "parent_value": 2.603212450735002,
  "parent_is_seed": false
}