{
  "step": 9,
  "group": 2,
  "rollout": 31,
  "reward": 2.5321575745419764,
  "raw_score": 2.5321575745419764,
  "valid": true,
  "parsed": true,
  "ran": true,
  "msg": "ok",
  "advantage": -0.9973335501076032,
  "beta": 71.1087584057366,
  "n_response_tokens": 1360,
  "sandbox_stdout": "",
  "parent_value": 2.628434530170728,
  "parent_is_seed": false
}