{
  "step": 8,
  "group": 3,
  "rollout": 4,
  "reward": 2.6140530172200407,
  "raw_score": 2.6140530172200407,
  "valid": true,
  "parsed": true,
  "ran": true,
  "msg": "ok",
  "advantage": 0.43521725955649115,
  "beta": 50.916879856703424,
  "n_response_tokens": 1688,
  "sandbox_stdout": "",
  "parent_value": 2.6284571355158817,
  "parent_is_seed": false
}