{
  "step": 8,
  "group": 6,
  "rollout": 28,
  "reward": 2.628434530169059,
  "raw_score": 2.628434530169059,
  "valid": true,
  "parsed": true,
  "ran": true,
  "msg": "ok",
  "advantage": 1.1972066751312487,
  "beta": 304.5595708260836,
  "n_response_tokens": 1580,
  "sandbox_stdout": "",
  "parent_value": 2.62843453016934,
  "parent_is_seed": false
}