{
  "step": 5,
  "group": 1,
  "rollout": 13,
  "reward": 2.5703311591745797,
  "raw_score": 2.5703311591745797,
  "valid": true,
  "parsed": true,
  "ran": true,
  "msg": "ok",
  "advantage": 0.25019935810018246,
  "beta": 11.283125900410129,
  "n_response_tokens": 2002,
  "sandbox_stdout": "",
  "parent_value": 2.6282124181496993,
  "parent_is_seed": false
}