{
  "step": 8,
  "group": 4,
  "rollout": 26,
  "reward": 2.627322625935731,
  "raw_score": 2.627322625935731,
  "valid": true,
  "parsed": true,
  "ran": true,
  "msg": "ok",
  "advantage": 1.2133563983164772,
  "beta": 28.226760084752016,
  "n_response_tokens": 1647,
  "sandbox_stdout": "",
  "parent_value": 2.6284345301693937,
  "parent_is_seed": false
}