{
  "step": 4,
  "group": 4,
  "rollout": 12,
  "reward": 0.0,
  "raw_score": null,
  "valid": false,
  "parsed": true,
  "ran": false,
  "msg": "run_failed: Final packing is invalid: Circle 0 at (-123.8924715995583,-33.065464982119614) r=64.25509496557456 outside unit square",
  "advantage": -1.0,
  "beta": 24.675962258604805,
  "n_response_tokens": 2094,
  "sandbox_stdout": "",
  "parent_value": 2.6213370273335,
  "parent_is_seed": false
}