{
  "step": 2,
  "group": 2,
  "rollout": 22,
  "reward": 0.3367923876892359,
  "raw_score": 0.3367923876892359,
  "valid": true,
  "parsed": true,
  "ran": true,
  "msg": "ok",
  "advantage": -0.6309995463891829,
  "beta": 1.1843543186580439,
  "n_response_tokens": 1569,
  "sandbox_stdout": "",
  "parent_value": 2.166666666666823,
  "parent_is_seed": false
}