{
  "step": 7,
  "group": 3,
  "rollout": 11,
  "reward": 0.0,
  "raw_score": null,
  "valid": false,
  "parsed": true,
  "ran": false,
  "msg": "run_failed: Final packing is invalid: Circle 2 at (0.8991697579984813,0.10272621222162148) r=0.10174588076457125 outside unit square",
  "advantage": -1.0,
  "beta": 15.745469437890588,
  "n_response_tokens": 1794,
  "sandbox_stdout": "",
  "parent_value": 2.6282124181495803,
  "parent_is_seed": false
}