{
  "step": 9,
  "group": 4,
  "rollout": 21,
  "reward": 2.595184109907664,
  "raw_score": 2.595184109907664,
  "valid": true,
  "parsed": true,
  "ran": true,
  "msg": "ok",
  "advantage": 1.0031404470213148,
  "beta": 5.346682498471847,
  "n_response_tokens": 1771,
  "sandbox_stdout": "",
  "parent_value": 2.6284345301693937,
  "parent_is_seed": false
}