{
  "step": 7,
  "group": 4,
  "rollout": 59,
  "reward": 2.618935757943768,
  "raw_score": 2.618935757943768,
  "valid": true,
  "parsed": true,
  "ran": true,
  "msg": "ok",
  "advantage": 1.161067252860375,
  "beta": 9.656513785718564,
  "n_response_tokens": 2166,
  "sandbox_stdout": "",
  "parent_value": 2.628082958623089,
  "parent_is_seed": false
}