{
  "step": 7,
  "group": 6,
  "rollout": 37,
  "reward": 2.5938967956641434,
  "raw_score": 2.5938967956641434,
  "valid": true,
  "parsed": true,
  "ran": true,
  "msg": "ok",
  "advantage": -0.23031698347177854,
  "beta": 40.072533069617535,
  "n_response_tokens": 1442,
  "sandbox_stdout": "",
  "parent_value": 2.627913820075555,
  "parent_is_seed": false
}