{
  "step": 8,
  "group": 4,
  "rollout": 46,
  "reward": 2.5822900101171684,
  "raw_score": 2.5822900101171684,
  "valid": true,
  "parsed": true,
  "ran": true,
  "msg": "ok",
  "advantage": -0.39442565105897576,
  "beta": 28.226760084752016,
  "n_response_tokens": 1678,
  "sandbox_stdout": "",
  "parent_value": 2.6284345301693937,
  "parent_is_seed": false
}