{
  "step": 7,
  "group": 7,
  "rollout": 35,
  "reward": 2.519324735614973,
  "raw_score": 2.519324735614973,
  "valid": true,
  "parsed": true,
  "ran": true,
  "msg": "ok",
  "advantage": 1.109835315189633,
  "beta": 1.381022742833324,
  "n_response_tokens": 1897,
  "sandbox_stdout": "",
  "parent_value": 2.6278466300313137,
  "parent_is_seed": false
}