{
  "step": 4,
  "group": 4,
  "rollout": 13,
  "reward": 2.560328015296908,
  "raw_score": 2.560328015296908,
  "valid": true,
  "parsed": true,
  "ran": true,
  "msg": "ok",
  "advantage": -0.4125661913026075,
  "beta": 24.675962258604805,
  "n_response_tokens": 1696,
  "sandbox_stdout": "",
  "parent_value": 2.6213370273335,
  "parent_is_seed": false
}