{
  "step": 7,
  "group": 3,
  "rollout": 60,
  "reward": 2.6008688309969847,
  "raw_score": 2.6008688309969847,
  "valid": true,
  "parsed": true,
  "ran": true,
  "msg": "ok",
  "advantage": 0.5957784765977303,
  "beta": 15.745469437890588,
  "n_response_tokens": 1939,
  "sandbox_stdout": "",
  "parent_value": 2.6282124181495803,
  "parent_is_seed": false
}