{
  "step": 8,
  "group": 7,
  "rollout": 44,
  "reward": 2.592269286089828,
  "raw_score": 2.592269286089828,
  "valid": true,
  "parsed": true,
  "ran": true,
  "msg": "ok",
  "advantage": -0.7882094327791239,
  "beta": 64.84845448249878,
  "n_response_tokens": 1678,
  "sandbox_stdout": "",
  "parent_value": 2.6279973535241803,
  "parent_is_seed": false
}