{
  "step": 9,
  "group": 4,
  "rollout": 34,
  "reward": 2.6245535431282323,
  "raw_score": 2.6245535431282323,
  "valid": true,
  "parsed": true,
  "ran": true,
  "msg": "ok",
  "advantage": 1.3564732460082647,
  "beta": 5.346682498471847,
  "n_response_tokens": 1995,
  "sandbox_stdout": "",
  "parent_value": 2.6284345301693937,
  "parent_is_seed": false
}