{
  "step": 4,
  "group": 0,
  "rollout": 38,
  "reward": 0.0,
  "raw_score": null,
  "valid": false,
  "parsed": true,
  "ran": true,
  "msg": "Circle 21 at (0.11307815801159493,0.41569432317744515) r=0.1130781580152701 outside unit square",
  "advantage": -0.839847799867997,
  "beta": 1.089237576163159,
  "n_response_tokens": 1973,
  "sandbox_stdout": "",
  "parent_value": 2.6279138200757255,
  "parent_is_seed": false
}