{
  "step": 5,
  "group": 1,
  "rollout": 11,
  "reward": 2.625855887283842,
  "raw_score": 2.625855887283842,
  "valid": true,
  "parsed": true,
  "ran": true,
  "msg": "ok",
  "advantage": 1.3803127365239458,
  "beta": 11.283125900410129,
  "n_response_tokens": 1759,
  "sandbox_stdout": "",
  "parent_value": 2.6282124181496993,
  "parent_is_seed": false
}