{
  "step": 7,
  "group": 3,
  "rollout": 14,
  "reward": 2.626755443928252,
  "raw_score": 2.626755443928252,
  "valid": true,
  "parsed": true,
  "ran": true,
  "msg": "ok",
  "advantage": 1.4297454063788124,
  "beta": 15.745469437890588,
  "n_response_tokens": 1675,
  "sandbox_stdout": "",
  "parent_value": 2.6282124181495803,
  "parent_is_seed": false
}