{
  "step": 5,
  "group": 0,
  "rollout": 9,
  "reward": 2.6282124181497135,
  "raw_score": 2.6282124181497135,
  "valid": true,
  "parsed": true,
  "ran": true,
  "msg": "ok",
  "advantage": 1.4821742227663899,
  "beta": 1.3008213563393283,
  "n_response_tokens": 1931,
  "sandbox_stdout": "",
  "parent_value": 2.631093589098119,
  "parent_is_seed": false
}