{
  "step": 4,
  "group": 4,
  "rollout": 50,
  "reward": 2.6130098548286567,
  "raw_score": 2.6130098548286567,
  "valid": true,
  "parsed": true,
  "ran": true,
  "msg": "ok",
  "advantage": 1.2104296983660383,
  "beta": 24.675962258604805,
  "n_response_tokens": 1725,
  "sandbox_stdout": "",
  "parent_value": 2.6213370273335,
  "parent_is_seed": false
}