{
  "step": 7,
  "group": 0,
  "rollout": 35,
  "reward": 2.6046335195943735,
  "raw_score": 2.6046335195943735,
  "valid": true,
  "parsed": true,
  "ran": true,
  "msg": "ok",
  "advantage": -0.3868795489713408,
  "beta": 56.170441797942445,
  "n_response_tokens": 1937,
  "sandbox_stdout": "",
  "parent_value": 2.62843453016934,
  "parent_is_seed": false
}