{
  "step": 8,
  "group": 3,
  "rollout": 12,
  "reward": 2.5570149763322485,
  "raw_score": 2.5570149763322485,
  "valid": true,
  "parsed": true,
  "ran": true,
  "msg": "ok",
  "advantage": -0.9230182778487978,
  "beta": 50.916879856703424,
  "n_response_tokens": 2026,
  "sandbox_stdout": "",
  "parent_value": 2.6284571355158817,
  "parent_is_seed": false
}