{
  "step": 9,
  "group": 5,
  "rollout": 44,
  "reward": 2.6284345301692444,
  "raw_score": 2.6284345301692444,
  "valid": true,
  "parsed": true,
  "ran": true,
  "msg": "ok",
  "advantage": 1.6774525648093777,
  "beta": 7.258677661081078,
  "n_response_tokens": 1759,
  "sandbox_stdout": "",
  "parent_value": 2.6284345301693937,
  "parent_is_seed": false
}