{
  "step": 7,
  "group": 4,
  "rollout": 45,
  "reward": 2.6089082886831014,
  "raw_score": 2.6089082886831014,
  "valid": true,
  "parsed": true,
  "ran": true,
  "msg": "ok",
  "advantage": 0.9554317435440631,
  "beta": 9.656513785718564,
  "n_response_tokens": 1513,
  "sandbox_stdout": "",
  "parent_value": 2.628082958623089,
  "parent_is_seed": false
}