{
  "step": 1,
  "group": 0,
  "rollout": 3,
  "reward": 2.5437635349944268,
  "raw_score": 2.5437635349944268,
  "valid": true,
  "parsed": true,
  "ran": true,
  "msg": "ok",
  "advantage": 2.124029352236435,
  "beta": 1.0176240724920032,
  "n_response_tokens": 1634,
  "sandbox_stdout": "",
  "parent_value": 2.603212450735002,
  "parent_is_seed": false
}