{
  "step": 5,
  "group": 7,
  "rollout": 50,
  "reward": 2.6231637118792386,
  "raw_score": 2.6231637118792386,
  "valid": true,
  "parsed": true,
  "ran": true,
  "msg": "ok",
  "advantage": 1.325114528881337,
  "beta": 1.5445323075051547,
  "n_response_tokens": 1502,
  "sandbox_stdout": "",
  "parent_value": 2.624035917900815,
  "parent_is_seed": false
}