{
  "step": 5,
  "group": 1,
  "rollout": 20,
  "reward": 2.6122571282859828,
  "raw_score": 2.6122571282859828,
  "valid": true,
  "parsed": true,
  "ran": true,
  "msg": "ok",
  "advantage": 1.0308112908528586,
  "beta": 11.283125900410129,
  "n_response_tokens": 1847,
  "sandbox_stdout": "",
  "parent_value": 2.6282124181496993,
  "parent_is_seed": false
}