{
  "step": 8,
  "group": 0,
  "rollout": 45,
  "reward": 2.521260869759363,
  "raw_score": 2.521260869759363,
  "valid": true,
  "parsed": true,
  "ran": true,
  "msg": "ok",
  "advantage": -0.9868010174527861,
  "beta": 51.541880762602524,
  "n_response_tokens": 1656,
  "sandbox_stdout": "",
  "parent_value": 2.6307297079875718,
  "parent_is_seed": false
}