{
  "step": 7,
  "group": 3,
  "rollout": 50,
  "reward": 2.628212418149968,
  "raw_score": 2.628212418149968,
  "valid": true,
  "parsed": true,
  "ran": true,
  "msg": "ok",
  "advantage": 1.4883569066272573,
  "beta": 15.745469437890588,
  "n_response_tokens": 1602,
  "sandbox_stdout": "",
  "parent_value": 2.6282124181495803,
  "parent_is_seed": false
}