{
  "step": 6,
  "group": 4,
  "rollout": 61,
  "reward": 2.6266782235204875,
  "raw_score": 2.6266782235204875,
  "valid": true,
  "parsed": true,
  "ran": true,
  "msg": "ok",
  "advantage": 1.3809655424288088,
  "beta": 1.457291298029097,
  "n_response_tokens": 1862,
  "sandbox_stdout": "",
  "parent_value": 2.62791382007542,
  "parent_is_seed": false
}