{
  "step": 1,
  "group": 1,
  "rollout": 34,
  "reward": 0.0,
  "raw_score": null,
  "valid": false,
  "parsed": true,
  "ran": true,
  "msg": "Circle 0 at (0.0016418165176494658,0.9997803385992854) r=0.5 outside unit square",
  "advantage": -0.5945099885053923,
  "beta": 2.3016582590238004,
  "n_response_tokens": 1329,
  "sandbox_stdout": "",
  "parent_value": 0.52,
  "parent_is_seed": false
}