{
  "step": 3,
  "group": 0,
  "rollout": 16,
  "reward": 2.617944328439136,
  "raw_score": 2.617944328439136,
  "valid": true,
  "parsed": true,
  "ran": true,
  "msg": "ok",
  "advantage": 27.785709709724717,
  "beta": 1.2834035609137786,
  "n_response_tokens": 1563,
  "sandbox_stdout": "",
  "parent_value": 2.6255768288051233,
  "parent_is_seed": false
}