{
  "step": 6,
  "group": 2,
  "rollout": 50,
  "reward": 2.4786291679276107,
  "raw_score": 2.4786291679276107,
  "valid": true,
  "parsed": true,
  "ran": true,
  "msg": "ok",
  "advantage": -0.9043828582301544,
  "beta": 22.199339328066177,
  "n_response_tokens": 1857,
  "sandbox_stdout": "",
  "parent_value": 2.6296189481766077,
  "parent_is_seed": false
}