{
  "step": 8,
  "group": 3,
  "rollout": 47,
  "reward": 2.6261254842660957,
  "raw_score": 2.6261254842660957,
  "valid": true,
  "parsed": true,
  "ran": true,
  "msg": "ok",
  "advantage": 1.7061890188199027,
  "beta": 50.916879856703424,
  "n_response_tokens": 1594,
  "sandbox_stdout": "",
  "parent_value": 2.6284571355158817,
  "parent_is_seed": false
}