{
  "step": 5,
  "group": 7,
  "rollout": 4,
  "reward": 2.6180682559582955,
  "raw_score": 2.6180682559582955,
  "valid": true,
  "parsed": true,
  "ran": true,
  "msg": "ok",
  "advantage": 1.30622024021388,
  "beta": 1.5445323075051547,
  "n_response_tokens": 1567,
  "sandbox_stdout": "",
  "parent_value": 2.624035917900815,
  "parent_is_seed": false
}