{
  "step": 6,
  "group": 7,
  "rollout": 5,
  "reward": 2.6241380564812493,
  "raw_score": 2.6241380564812493,
  "valid": true,
  "parsed": true,
  "ran": true,
  "msg": "ok",
  "advantage": 1.3138252018178216,
  "beta": 25.237788306753504,
  "n_response_tokens": 1941,
  "sandbox_stdout": "",
  "parent_value": 2.62690610421935,
  "parent_is_seed": false
}