{
  "step": 9,
  "group": 6,
  "rollout": 6,
  "reward": 2.6269683991871773,
  "raw_score": 2.6269683991871773,
  "valid": true,
  "parsed": true,
  "ran": true,
  "msg": "ok",
  "advantage": -0.7877652801388879,
  "beta": 1536.1420236008366,
  "n_response_tokens": 1724,
  "sandbox_stdout": "",
  "parent_value": 2.628434530169387,
  "parent_is_seed": false
}