{
  "step": 9,
  "group": 0,
  "rollout": 34,
  "reward": 0.0,
  "raw_score": null,
  "valid": false,
  "parsed": true,
  "ran": true,
  "msg": "Circle 0 at (2.6257492170372243e-05,2.8651489735673392e-05) r=0.10176223060669526 outside unit square",
  "advantage": -0.8740634174644331,
  "beta": 1.1471142456070447,
  "n_response_tokens": 1558,
  "sandbox_stdout": "",
  "parent_value": 2.6359773947540925,
  "parent_is_seed": false
}