{
  "step": 4,
  "group": 2,
  "rollout": 57,
  "reward": 2.6240488941398215,
  "raw_score": 2.6240488941398215,
  "valid": true,
  "parsed": true,
  "ran": true,
  "msg": "ok",
  "advantage": 1.426813307057519,
  "beta": 10.88329043733055,
  "n_response_tokens": 1501,
  "sandbox_stdout": "",
  "parent_value": 2.6240488941398215,
  "parent_is_seed": false
}