{
  "step": 7,
  "group": 4,
  "rollout": 48,
  "reward": 2.6155882868524625,
  "raw_score": 2.6155882868524625,
  "valid": true,
  "parsed": true,
  "ran": true,
  "msg": "ok",
  "advantage": 1.0900474984239699,
  "beta": 9.656513785718564,
  "n_response_tokens": 1576,
  "sandbox_stdout": "",
  "parent_value": 2.628082958623089,
  "parent_is_seed": false
}