{
  "step": 3,
  "group": 6,
  "rollout": 20,
  "reward": 2.166666666666667,
  "raw_score": 2.166666666666667,
  "valid": true,
  "parsed": true,
  "ran": true,
  "msg": "ok",
  "advantage": 2.7705273045384113,
  "beta": 1.2026275886097146,
  "n_response_tokens": 1242,
  "sandbox_stdout": "",
  "parent_value": 2.166666666666667,
  "parent_is_seed": false
}