{
  "step": 6,
  "group": 7,
  "rollout": 34,
  "reward": 2.578061235599499,
  "raw_score": 2.578061235599499,
  "valid": true,
  "parsed": true,
  "ran": true,
  "msg": "ok",
  "advantage": -0.2945422948796176,
  "beta": 25.237788306753504,
  "n_response_tokens": 2106,
  "sandbox_stdout": "",
  "parent_value": 2.62690610421935,
  "parent_is_seed": false
}