{
  "step": 3,
  "group": 1,
  "rollout": 57,
  "reward": 2.576319733309096,
  "raw_score": 2.576319733309096,
  "valid": true,
  "parsed": true,
  "ran": true,
  "msg": "ok",
  "advantage": 1.4077661393823702,
  "beta": 1.2448254621617925,
  "n_response_tokens": 2734,
  "sandbox_stdout": "",
  "parent_value": 2.622084916507914,
  "parent_is_seed": false
}