{
  "step": 8,
  "group": 1,
  "rollout": 11,
  "reward": 2.6180682559625494,
  "raw_score": 2.6180682559625494,
  "valid": true,
  "parsed": true,
  "ran": true,
  "msg": "ok",
  "advantage": 1.0767315202898726,
  "beta": 33.31559796174495,
  "n_response_tokens": 1365,
  "sandbox_stdout": "",
  "parent_value": 2.6307297079874887,
  "parent_is_seed": false
}