{
  "step": 9,
  "group": 6,
  "rollout": 0,
  "reward": 2.628434530169357,
  "raw_score": 2.628434530169357,
  "valid": true,
  "parsed": true,
  "ran": true,
  "msg": "ok",
  "advantage": 1.0775830867006646,
  "beta": 1536.1420236008366,
  "n_response_tokens": 1898,
  "sandbox_stdout": "",
  "parent_value": 2.628434530169387,
  "parent_is_seed": false
}