{
  "step": 7,
  "group": 0,
  "rollout": 10,
  "reward": 2.5916925692787944,
  "raw_score": 2.5916925692787944,
  "valid": true,
  "parsed": true,
  "ran": true,
  "msg": "ok",
  "advantage": -0.7050966785733352,
  "beta": 56.170441797942445,
  "n_response_tokens": 1608,
  "sandbox_stdout": "",
  "parent_value": 2.62843453016934,
  "parent_is_seed": false
}