{
  "step": 9,
  "group": 4,
  "rollout": 11,
  "reward": 2.547987344117609,
  "raw_score": 2.547987344117609,
  "valid": true,
  "parsed": true,
  "ran": true,
  "msg": "ok",
  "advantage": 0.5454325267012314,
  "beta": 5.346682498471847,
  "n_response_tokens": 1655,
  "sandbox_stdout": "",
  "parent_value": 2.6284345301693937,
  "parent_is_seed": false
}