{
  "step": 9,
  "group": 0,
  "rollout": 47,
  "reward": 2.624119166234845,
  "raw_score": 2.624119166234845,
  "valid": true,
  "parsed": true,
  "ran": true,
  "msg": "ok",
  "advantage": 1.6578377655365286,
  "beta": 1.1471142456070447,
  "n_response_tokens": 1734,
  "sandbox_stdout": "",
  "parent_value": 2.6359773947540925,
  "parent_is_seed": false
}