{
  "step": 2,
  "group": 0,
  "rollout": 54,
  "reward": 2.5961663994945394,
  "raw_score": 2.5961663994945394,
  "valid": true,
  "parsed": true,
  "ran": true,
  "msg": "ok",
  "advantage": 1.2557923766786088,
  "beta": 1.463651503440619,
  "n_response_tokens": 1369,
  "sandbox_stdout": "",
  "parent_value": 2.619586183844713,
  "parent_is_seed": false
}