{
  "step": 9,
  "group": 3,
  "rollout": 51,
  "reward": 2.600224358236219,
  "raw_score": 2.600224358236219,
  "valid": true,
  "parsed": true,
  "ran": true,
  "msg": "ok",
  "advantage": -0.9996331550326991,
  "beta": 305.97543676775115,
  "n_response_tokens": 1774,
  "sandbox_stdout": "",
  "parent_value": 2.628434530169428,
  "parent_is_seed": false
}