{
  "step": 4,
  "group": 4,
  "rollout": 61,
  "reward": 2.5949032627073154,
  "raw_score": 2.5949032627073154,
  "valid": true,
  "parsed": true,
  "ran": true,
  "msg": "ok",
  "advantage": 0.39630031784886555,
  "beta": 24.675962258604805,
  "n_response_tokens": 1697,
  "sandbox_stdout": "",
  "parent_value": 2.6213370273335,
  "parent_is_seed": false
}