{
  "step": 6,
  "group": 3,
  "rollout": 43,
  "reward": 2.62709971804969,
  "raw_score": 2.62709971804969,
  "valid": true,
  "parsed": true,
  "ran": true,
  "msg": "ok",
  "advantage": 1.4790779247796864,
  "beta": 1.2985582967171565,
  "n_response_tokens": 1876,
  "sandbox_stdout": "",
  "parent_value": 2.6282124181497135,
  "parent_is_seed": false
}