{
  "step": 5,
  "group": 2,
  "rollout": 11,
  "reward": 2.5481132925610335,
  "raw_score": 2.5481132925610335,
  "valid": true,
  "parsed": true,
  "ran": true,
  "msg": "ok",
  "advantage": 1.8569654882805322,
  "beta": 1.0406480816332293,
  "n_response_tokens": 2063,
  "sandbox_stdout": "",
  "parent_value": 2.6280829586231014,
  "parent_is_seed": false
}