{
  "step": 4,
  "group": 5,
  "rollout": 49,
  "reward": 2.553189327827491,
  "raw_score": 2.553189327827491,
  "valid": true,
  "parsed": true,
  "ran": true,
  "msg": "ok",
  "advantage": -0.30599761945474924,
  "beta": 20.038860416848564,
  "n_response_tokens": 1579,
  "sandbox_stdout": "",
  "parent_value": 2.620514504487473,
  "parent_is_seed": false
}