{
  "step": 6,
  "group": 2,
  "rollout": 54,
  "reward": 2.6051124470714933,
  "raw_score": 2.6051124470714933,
  "valid": true,
  "parsed": true,
  "ran": true,
  "msg": "ok",
  "advantage": 0.623141270711709,
  "beta": 22.199339328066177,
  "n_response_tokens": 2008,
  "sandbox_stdout": "",
  "parent_value": 2.6296189481766077,
  "parent_is_seed": false
}