{
  "step": 4,
  "group": 5,
  "rollout": 39,
  "reward": 2.5891430090539367,
  "raw_score": 2.5891430090539367,
  "valid": true,
  "parsed": true,
  "ran": true,
  "msg": "ok",
  "advantage": 0.44323226053473275,
  "beta": 20.038860416848564,
  "n_response_tokens": 1340,
  "sandbox_stdout": "",
  "parent_value": 2.620514504487473,
  "parent_is_seed": false
}