{
  "step": 8,
  "group": 0,
  "rollout": 61,
  "reward": 2.57848806921666,
  "raw_score": 2.57848806921666,
  "valid": true,
  "parsed": true,
  "ran": true,
  "msg": "ok",
  "advantage": -0.7469628870137079,
  "beta": 51.541880762602524,
  "n_response_tokens": 1671,
  "sandbox_stdout": "",
  "parent_value": 2.6307297079875718,
  "parent_is_seed": false
}