{
  "step": 8,
  "group": 0,
  "rollout": 60,
  "reward": 2.5565424945930224,
  "raw_score": 2.5565424945930224,
  "valid": true,
  "parsed": true,
  "ran": true,
  "msg": "ok",
  "advantage": -0.9185733012113703,
  "beta": 51.541880762602524,
  "n_response_tokens": 1599,
  "sandbox_stdout": "",
  "parent_value": 2.6307297079875718,
  "parent_is_seed": false
}