{
  "step": 4,
  "group": 2,
  "rollout": 32,
  "reward": 2.5944245562424664,
  "raw_score": 2.5944245562424664,
  "valid": true,
  "parsed": true,
  "ran": true,
  "msg": "ok",
  "advantage": 0.7395185419836989,
  "beta": 10.88329043733055,
  "n_response_tokens": 1680,
  "sandbox_stdout": "",
  "parent_value": 2.6240488941398215,
  "parent_is_seed": false
}