{
  "step": 7,
  "group": 4,
  "rollout": 49,
  "reward": 2.6240080257903955,
  "raw_score": 2.6240080257903955,
  "valid": true,
  "parsed": true,
  "ran": true,
  "msg": "ok",
  "advantage": 1.2734672590749794,
  "beta": 9.656513785718564,
  "n_response_tokens": 1667,
  "sandbox_stdout": "",
  "parent_value": 2.628082958623089,
  "parent_is_seed": false
}