{
  "step": 7,
  "group": 6,
  "rollout": 3,
  "reward": 2.5848261628423965,
  "raw_score": 2.5848261628423965,
  "valid": true,
  "parsed": true,
  "ran": true,
  "msg": "ok",
  "advantage": -0.4668625561882428,
  "beta": 40.072533069617535,
  "n_response_tokens": 1907,
  "sandbox_stdout": "",
  "parent_value": 2.627913820075555,
  "parent_is_seed": false
}