{
  "step": 9,
  "group": 2,
  "rollout": 10,
  "reward": 2.60476204410152,
  "raw_score": 2.60476204410152,
  "valid": true,
  "parsed": true,
  "ran": true,
  "msg": "ok",
  "advantage": -0.5308424335352275,
  "beta": 71.1087584057366,
  "n_response_tokens": 1490,
  "sandbox_stdout": "",
  "parent_value": 2.628434530170728,
  "parent_is_seed": false
}