{
  "step": 8,
  "group": 0,
  "rollout": 10,
  "reward": 2.6266654746254487,
  "raw_score": 2.6266654746254487,
  "valid": true,
  "parsed": true,
  "ran": true,
  "msg": "ok",
  "advantage": 2.1709571572229787,
  "beta": 51.541880762602524,
  "n_response_tokens": 1348,
  "sandbox_stdout": "",
  "parent_value": 2.6307297079875718,
  "parent_is_seed": false
}