{
  "step": 8,
  "group": 1,
  "rollout": 58,
  "reward": 2.618068255887532,
  "raw_score": 2.618068255887532,
  "valid": true,
  "parsed": true,
  "ran": true,
  "msg": "ok",
  "advantage": 1.076731514928516,
  "beta": 33.31559796174495,
  "n_response_tokens": 1722,
  "sandbox_stdout": "",
  "parent_value": 2.6307297079874887,
  "parent_is_seed": false
}