{
  "step": 4,
  "group": 5,
  "rollout": 34,
  "reward": 0.0,
  "raw_score": null,
  "valid": false,
  "parsed": true,
  "ran": true,
  "msg": "Circle 0 at (0.0985791578566168,0.09881308441724446) r=0.10215229737550219 outside unit square",
  "advantage": -1.0,
  "beta": 20.038860416848564,
  "n_response_tokens": 1268,
  "sandbox_stdout": "",
  "parent_value": 2.620514504487473,
  "parent_is_seed": false
}