{
  "step": 5,
  "group": 0,
  "rollout": 17,
  "reward": 2.5667148558420947,
  "raw_score": 2.5667148558420947,
  "valid": true,
  "parsed": true,
  "ran": true,
  "msg": "ok",
  "advantage": 1.2844219742317375,
  "beta": 1.3008213563393283,
  "n_response_tokens": 1966,
  "sandbox_stdout": "",
  "parent_value": 2.631093589098119,
  "parent_is_seed": false
}