{
  "step": 7,
  "group": 0,
  "rollout": 46,
  "reward": 2.6229435959569893,
  "raw_score": 2.6229435959569893,
  "valid": true,
  "parsed": true,
  "ran": true,
  "msg": "ok",
  "advantage": 0.7453109692566557,
  "beta": 56.170441797942445,
  "n_response_tokens": 1646,
  "sandbox_stdout": "",
  "parent_value": 2.62843453016934,
  "parent_is_seed": false
}