{
  "step": 9,
  "group": 1,
  "rollout": 7,
  "reward": 2.6239417088928034,
  "raw_score": 2.6239417088928034,
  "valid": true,
  "parsed": true,
  "ran": true,
  "msg": "ok",
  "advantage": 1.7350017147807524,
  "beta": 28.612443708102305,
  "n_response_tokens": 1872,
  "sandbox_stdout": "",
  "parent_value": 2.6296189481751533,
  "parent_is_seed": false
}