{
  "step": 8,
  "group": 2,
  "rollout": 22,
  "reward": 2.592075233871676,
  "raw_score": 2.592075233871676,
  "valid": true,
  "parsed": true,
  "ran": true,
  "msg": "ok",
  "advantage": 0.2745755602650868,
  "beta": 21.977234483641645,
  "n_response_tokens": 1520,
  "sandbox_stdout": "",
  "parent_value": 2.629868052372239,
  "parent_is_seed": false
}