{
  "step": 2,
  "group": 2,
  "rollout": 42,
  "reward": 0.0,
  "raw_score": null,
  "valid": false,
  "parsed": true,
  "ran": false,
  "msg": "run_failed: Circle 1 at (0.24953185791623142,0.052397749901352854) r=0.07476188434600198 outside unit square",
  "advantage": -0.7528509448360479,
  "beta": 1.1843543186580439,
  "n_response_tokens": 1479,
  "sandbox_stdout": "",
  "parent_value": 2.166666666666823,
  "parent_is_seed": false
}