{
  "step": 2,
  "group": 1,
  "rollout": 40,
  "reward": 2.5464172711318303,
  "raw_score": 2.5464172711318303,
  "valid": true,
  "parsed": true,
  "ran": true,
  "msg": "ok",
  "advantage": 1.4013714656740368,
  "beta": 1.209865800761243,
  "n_response_tokens": 1494,
  "sandbox_stdout": "",
  "parent_value": 2.61219771240149,
  "parent_is_seed": false
}