{
  "step": 8,
  "group": 4,
  "rollout": 11,
  "reward": 0.2777660376195907,
  "raw_score": 0.2777660376195907,
  "valid": true,
  "parsed": true,
  "ran": true,
  "msg": "ok",
  "advantage": -1.0,
  "beta": 28.226760084752016,
  "n_response_tokens": 1458,
  "sandbox_stdout": "",
  "parent_value": 2.6284345301693937,
  "parent_is_seed": false
}