{
  "step": 4,
  "group": 4,
  "rollout": 56,
  "reward": 2.6107754214218413,
  "raw_score": 2.6107754214218413,
  "valid": true,
  "parsed": true,
  "ran": true,
  "msg": "ok",
  "advantage": 1.087922871632185,
  "beta": 24.675962258604805,
  "n_response_tokens": 1896,
  "sandbox_stdout": "",
  "parent_value": 2.6213370273335,
  "parent_is_seed": false
}