{
  "step": 7,
  "group": 2,
  "rollout": 19,
  "reward": 2.616431982345489,
  "raw_score": 2.616431982345489,
  "valid": true,
  "parsed": true,
  "ran": true,
  "msg": "ok",
  "advantage": 1.380766104619621,
  "beta": 24.65566742965785,
  "n_response_tokens": 1988,
  "sandbox_stdout": "",
  "parent_value": 2.6282124181496935,
  "parent_is_seed": false
}