{
  "step": 5,
  "group": 5,
  "rollout": 57,
  "reward": 2.61806825596138,
  "raw_score": 2.61806825596138,
  "valid": true,
  "parsed": true,
  "ran": true,
  "msg": "ok",
  "advantage": 1.1350520250235165,
  "beta": 2.8689906867827184,
  "n_response_tokens": 1347,
  "sandbox_stdout": "",
  "parent_value": 2.626066440562668,
  "parent_is_seed": false
}