{
  "step": 3,
  "group": 6,
  "rollout": 41,
  "reward": 0.0,
  "raw_score": null,
  "valid": false,
  "parsed": true,
  "ran": true,
  "msg": "Circle 0 at (0.27469798522693767,0.03267000956929125) r=0.19928987934697384 outside unit square",
  "advantage": -0.736163625876845,
  "beta": 1.2026275886097146,
  "n_response_tokens": 1346,
  "sandbox_stdout": "",
  "parent_value": 2.166666666666667,
  "parent_is_seed": false
}