{
  "step": 4,
  "group": 3,
  "rollout": 18,
  "reward": 0.0,
  "raw_score": null,
  "valid": false,
  "parsed": true,
  "ran": true,
  "msg": "Circle 0 at (0.15067835758662762,0.1559442410890231) r=0.2242526469792009 outside unit square",
  "advantage": -0.9900149534026028,
  "beta": 2.0407276987833116,
  "n_response_tokens": 1608,
  "sandbox_stdout": "",
  "parent_value": 2.6213808542473327,
  "parent_is_seed": false
}