{
  "step": 5,
  "group": 3,
  "rollout": 57,
  "reward": 2.4903052164564548,
  "raw_score": 2.4903052164564548,
  "valid": true,
  "parsed": true,
  "ran": true,
  "msg": "ok",
  "advantage": -0.9999999999936308,
  "beta": 193.53641586065135,
  "n_response_tokens": 1698,
  "sandbox_stdout": "",
  "parent_value": 2.6273226259360496,
  "parent_is_seed": false
}