{
  "step": 7,
  "group": 5,
  "rollout": 17,
  "reward": 0.0,
  "raw_score": null,
  "valid": false,
  "parsed": true,
  "ran": true,
  "msg": "Circle 0 at (0.08271803241540669,0.08271803241540486) r=0.08877907849085309 outside unit square",
  "advantage": -1.0,
  "beta": 19.487714935025156,
  "n_response_tokens": 1784,
  "sandbox_stdout": "",
  "parent_value": 2.6279973535241803,
  "parent_is_seed": false
}