{
  "step": 5,
  "group": 2,
  "rollout": 26,
  "reward": 2.608530679116209,
  "raw_score": 2.608530679116209,
  "valid": true,
  "parsed": true,
  "ran": true,
  "msg": "ok",
  "advantage": 2.0513385930551284,
  "beta": 1.0406480816332293,
  "n_response_tokens": 1784,
  "sandbox_stdout": "",
  "parent_value": 2.6280829586231014,
  "parent_is_seed": false
}