{
  "step": 4,
  "group": 0,
  "rollout": 2,
  "reward": 0.0,
  "raw_score": null,
  "valid": false,
  "parsed": true,
  "ran": true,
  "msg": "Circle 4 at (0.6704870438974683,0.15442040054294726) r=0.15442040054735476 outside unit square",
  "advantage": -0.839847799867997,
  "beta": 1.089237576163159,
  "n_response_tokens": 1843,
  "sandbox_stdout": "",
  "parent_value": 2.6279138200757255,
  "parent_is_seed": false
}