{
  "step": 6,
  "group": 1,
  "rollout": 21,
  "reward": 2.601321611367449,
  "raw_score": 2.601321611367449,
  "valid": true,
  "parsed": true,
  "ran": true,
  "msg": "ok",
  "advantage": 1.5206927838071937,
  "beta": 1.1902948248548302,
  "n_response_tokens": 1447,
  "sandbox_stdout": "",
  "parent_value": 2.6307297079877103,
  "parent_is_seed": false
}