{
  "step": 5,
  "group": 2,
  "rollout": 13,
  "reward": 0.0,
  "raw_score": null,
  "valid": false,
  "parsed": true,
  "ran": false,
  "msg": "run_failed: Final packing is invalid: Circle 10 at (0.24357044016174167,0.24357044016174167) r=0.7564295598382583 outside unit square",
  "advantage": -0.8066426361954935,
  "beta": 1.0406480816332293,
  "n_response_tokens": 1529,
  "sandbox_stdout": "",
  "parent_value": 2.6280829586231014,
  "parent_is_seed": false
}