{
  "step": 3,
  "group": 2,
  "rollout": 9,
  "reward": 2.550717126018285,
  "raw_score": 2.550717126018285,
  "valid": true,
  "parsed": true,
  "ran": true,
  "msg": "ok",
  "advantage": 0.9927308181892815,
  "beta": 1.7537896379174565,
  "n_response_tokens": 1586,
  "sandbox_stdout": "",
  "parent_value": 2.6210063111330815,
  "parent_is_seed": false
}