{
  "step": 7,
  "group": 6,
  "rollout": 39,
  "reward": 2.6194647864568963,
  "raw_score": 2.6194647864568963,
  "valid": true,
  "parsed": true,
  "ran": true,
  "msg": "ok",
  "advantage": 1.1920955964246613,
  "beta": 40.072533069617535,
  "n_response_tokens": 1366,
  "sandbox_stdout": "",
  "parent_value": 2.627913820075555,
  "parent_is_seed": false
}