{
  "step": 7,
  "group": 0,
  "rollout": 30,
  "reward": 2.60571266374964,
  "raw_score": 2.60571266374964,
  "valid": true,
  "parsed": true,
  "ran": true,
  "msg": "ok",
  "advantage": -0.3481687136022241,
  "beta": 56.170441797942445,
  "n_response_tokens": 1985,
  "sandbox_stdout": "",
  "parent_value": 2.62843453016934,
  "parent_is_seed": false
}