{
  "step": 6,
  "group": 1,
  "rollout": 28,
  "reward": 2.5499533289664194,
  "raw_score": 2.5499533289664194,
  "valid": true,
  "parsed": true,
  "ran": true,
  "msg": "ok",
  "advantage": 1.3655725124907163,
  "beta": 1.1902948248548302,
  "n_response_tokens": 1986,
  "sandbox_stdout": "",
  "parent_value": 2.6307297079877103,
  "parent_is_seed": false
}