{
  "step": 9,
  "group": 3,
  "rollout": 50,
  "reward": 2.621351517222486,
  "raw_score": 2.621351517222486,
  "valid": true,
  "parsed": true,
  "ran": true,
  "msg": "ok",
  "advantage": -0.7636498260163666,
  "beta": 305.97543676775115,
  "n_response_tokens": 2192,
  "sandbox_stdout": "",
  "parent_value": 2.628434530169428,
  "parent_is_seed": false
}