{
  "step": 1,
  "group": 0,
  "rollout": 36,
  "reward": 0.0,
  "raw_score": null,
  "valid": false,
  "parsed": true,
  "ran": true,
  "msg": "Circle 10 at (0.8876268976295064,0.4467496291217022) r=0.11237310237260306 outside unit square",
  "advantage": -0.7755973389036757,
  "beta": 1.0176240724920032,
  "n_response_tokens": 1567,
  "sandbox_stdout": "",
  "parent_value": 2.603212450735002,
  "parent_is_seed": false
}