{
  "step": 9,
  "group": 1,
  "rollout": 28,
  "reward": 2.6010846466320747,
  "raw_score": 2.6010846466320747,
  "valid": true,
  "parsed": true,
  "ran": true,
  "msg": "ok",
  "advantage": 0.393070277912813,
  "beta": 28.612443708102305,
  "n_response_tokens": 1696,
  "sandbox_stdout": "",
  "parent_value": 2.6296189481751533,
  "parent_is_seed": false
}