{
  "step": 3,
  "group": 4,
  "rollout": 13,
  "reward": 2.1666666666666536,
  "raw_score": 2.1666666666666536,
  "valid": true,
  "parsed": true,
  "ran": true,
  "msg": "ok",
  "advantage": 2.227841273527509,
  "beta": 1.1964662530900767,
  "n_response_tokens": 2119,
  "sandbox_stdout": "",
  "parent_value": 2.166666666666877,
  "parent_is_seed": false
}