{
  "step": 4,
  "group": 3,
  "rollout": 38,
  "reward": 2.6213808542473327,
  "raw_score": 2.6213808542473327,
  "valid": true,
  "parsed": true,
  "ran": true,
  "msg": "ok",
  "advantage": 1.1741270599818328,
  "beta": 2.0407276987833116,
  "n_response_tokens": 1321,
  "sandbox_stdout": "",
  "parent_value": 2.6213808542473327,
  "parent_is_seed": false
}