{
  "step": 1,
  "group": 0,
  "rollout": 17,
  "reward": 2.57677829543409,
  "raw_score": 2.57677829543409,
  "valid": true,
  "parsed": true,
  "ran": true,
  "msg": "ok",
  "advantage": 2.236252298762709,
  "beta": 1.0176240724920032,
  "n_response_tokens": 1607,
  "sandbox_stdout": "",
  "parent_value": 2.603212450735002,
  "parent_is_seed": false
}