{
  "step": 9,
  "group": 5,
  "rollout": 1,
  "reward": 2.62843453016934,
  "raw_score": 2.62843453016934,
  "valid": true,
  "parsed": true,
  "ran": true,
  "msg": "ok",
  "advantage": 1.677452564811312,
  "beta": 7.258677661081078,
  "n_response_tokens": 1563,
  "sandbox_stdout": "",
  "parent_value": 2.6284345301693937,
  "parent_is_seed": false
}