{
  "step": 8,
  "group": 7,
  "rollout": 39,
  "reward": 2.589169259289946,
  "raw_score": 2.589169259289946,
  "valid": true,
  "parsed": true,
  "ran": true,
  "msg": "ok",
  "advantage": -0.8268853806374431,
  "beta": 64.84845448249878,
  "n_response_tokens": 1855,
  "sandbox_stdout": "",
  "parent_value": 2.6279973535241803,
  "parent_is_seed": false
}