{
  "step": 6,
  "group": 3,
  "rollout": 18,
  "reward": 2.614498637461016,
  "raw_score": 2.614498637461016,
  "valid": true,
  "parsed": true,
  "ran": true,
  "msg": "ok",
  "advantage": 1.437285674226083,
  "beta": 1.2985582967171565,
  "n_response_tokens": 1840,
  "sandbox_stdout": "",
  "parent_value": 2.6282124181497135,
  "parent_is_seed": false
}