{
  "step": 7,
  "group": 5,
  "rollout": 49,
  "reward": 0.0,
  "raw_score": null,
  "valid": false,
  "parsed": true,
  "ran": true,
  "msg": "Circle 3 at (0.6972027591935239,0.11816432090847963) r=0.11816432090974316 outside unit square",
  "advantage": -1.0,
  "beta": 19.487714935025156,
  "n_response_tokens": 1506,
  "sandbox_stdout": "",
  "parent_value": 2.6279973535241803,
  "parent_is_seed": false
}