{
  "step": 1,
  "group": 1,
  "rollout": 13,
  "reward": 0.0,
  "raw_score": null,
  "valid": false,
  "parsed": true,
  "ran": true,
  "msg": "Circle 0 at (0.041666666666666664,0.041666666666666664) r=0.05 outside unit square",
  "advantage": -0.5945099885053923,
  "beta": 2.3016582590238004,
  "n_response_tokens": 1270,
  "sandbox_stdout": "",
  "parent_value": 0.52,
  "parent_is_seed": false
}