{
  "step": 3,
  "group": 6,
  "rollout": 36,
  "reward": 0.0,
  "raw_score": null,
  "valid": false,
  "parsed": true,
  "ran": true,
  "msg": "Circle 1 at (0.9796956318439065,0.43529638935766335) r=0.1544201963090498 outside unit square",
  "advantage": -0.736163625876845,
  "beta": 1.2026275886097146,
  "n_response_tokens": 1073,
  "sandbox_stdout": "",
  "parent_value": 2.166666666666667,
  "parent_is_seed": false
}