{
  "step": 4,
  "group": 5,
  "rollout": 7,
  "reward": 2.621380854237316,
  "raw_score": 2.621380854237316,
  "valid": true,
  "parsed": true,
  "ran": true,
  "msg": "ok",
  "advantage": 1.8120481921585312,
  "beta": 20.038860416848564,
  "n_response_tokens": 1603,
  "sandbox_stdout": "",
  "parent_value": 2.620514504487473,
  "parent_is_seed": false
}