{
  "step": 5,
  "group": 3,
  "rollout": 61,
  "reward": 0.3008348753226064,
  "raw_score": 0.3008348753226064,
  "valid": true,
  "parsed": true,
  "ran": true,
  "msg": "ok",
  "advantage": -1.0,
  "beta": 193.53641586065135,
  "n_response_tokens": 1534,
  "sandbox_stdout": "",
  "parent_value": 2.6273226259360496,
  "parent_is_seed": false
}