{
  "step": 1,
  "group": 0,
  "rollout": 55,
  "reward": 2.547461152369146,
  "raw_score": 2.547461152369146,
  "valid": true,
  "parsed": true,
  "ran": true,
  "msg": "ok",
  "advantage": 2.1363928608538747,
  "beta": 1.0176240724920032,
  "n_response_tokens": 1504,
  "sandbox_stdout": "",
  "parent_value": 2.603212450735002,
  "parent_is_seed": false
}