{
  "step": 3,
  "group": 2,
  "rollout": 20,
  "reward": 2.6143246832001914,
  "raw_score": 2.6143246832001914,
  "valid": true,
  "parsed": true,
  "ran": true,
  "msg": "ok",
  "advantage": 1.2362494286662957,
  "beta": 1.7537896379174565,
  "n_response_tokens": 1556,
  "sandbox_stdout": "",
  "parent_value": 2.6210063111330815,
  "parent_is_seed": false
}