{
  "step": 8,
  "group": 7,
  "rollout": 26,
  "reward": 0.0,
  "raw_score": null,
  "valid": false,
  "parsed": true,
  "ran": true,
  "msg": "Circle 20 at (0.12499996119866578,9.87950780799555e-14) r=0.12499996119876645 outside unit square",
  "advantage": -1.0,
  "beta": 64.84845448249878,
  "n_response_tokens": 1596,
  "sandbox_stdout": "",
  "parent_value": 2.6279973535241803,
  "parent_is_seed": false
}