{
  "step": 5,
  "group": 5,
  "rollout": 18,
  "reward": 0.0,
  "raw_score": null,
  "valid": false,
  "parsed": true,
  "ran": true,
  "msg": "Circle 0 at (0.17285714285714285,0.19666666666666666) r=0.9999999999998606 outside unit square",
  "advantage": -0.9988705591747559,
  "beta": 2.8689906867827184,
  "n_response_tokens": 1384,
  "sandbox_stdout": "",
  "parent_value": 2.626066440562668,
  "parent_is_seed": false
}