{
  "step": 7,
  "group": 3,
  "rollout": 23,
  "reward": 2.617699256421493,
  "raw_score": 2.617699256421493,
  "valid": true,
  "parsed": true,
  "ran": true,
  "msg": "ok",
  "advantage": 1.0961037767219248,
  "beta": 15.745469437890588,
  "n_response_tokens": 1919,
  "sandbox_stdout": "",
  "parent_value": 2.6282124181495803,
  "parent_is_seed": false
}