{
  "step": 6,
  "group": 4,
  "rollout": 46,
  "reward": 2.4949811258277497,
  "raw_score": 2.4949811258277497,
  "valid": true,
  "parsed": true,
  "ran": true,
  "msg": "ok",
  "advantage": 0.9522977483941921,
  "beta": 1.457291298029097,
  "n_response_tokens": 1452,
  "sandbox_stdout": "",
  "parent_value": 2.62791382007542,
  "parent_is_seed": false
}