{
  "step": 4,
  "group": 2,
  "rollout": 21,
  "reward": 2.6028883226486017,
  "raw_score": 2.6028883226486017,
  "valid": true,
  "parsed": true,
  "ran": true,
  "msg": "ok",
  "advantage": 0.9124588427802822,
  "beta": 10.88329043733055,
  "n_response_tokens": 1615,
  "sandbox_stdout": "",
  "parent_value": 2.6240488941398215,
  "parent_is_seed": false
}