{
  "step": 9,
  "group": 2,
  "rollout": 25,
  "reward": 2.560261774509447,
  "raw_score": 2.560261774509447,
  "valid": true,
  "parsed": true,
  "ran": true,
  "msg": "ok",
  "advantage": -0.9803225621452897,
  "beta": 71.1087584057366,
  "n_response_tokens": 1626,
  "sandbox_stdout": "",
  "parent_value": 2.628434530170728,
  "parent_is_seed": false
}