{
  "step": 1,
  "group": 1,
  "rollout": 45,
  "reward": 0.0,
  "raw_score": null,
  "valid": false,
  "parsed": true,
  "ran": true,
  "msg": "Circle 0 at (0.12583891041378137,0.07948902900983945) r=0.19999999999993046 outside unit square",
  "advantage": -0.5945099885053923,
  "beta": 2.3016582590238004,
  "n_response_tokens": 1244,
  "sandbox_stdout": "",
  "parent_value": 0.52,
  "parent_is_seed": false
}