{
  "step": 8,
  "group": 0,
  "rollout": 18,
  "reward": 2.4954010026924505,
  "raw_score": 2.4954010026924505,
  "valid": true,
  "parsed": true,
  "ran": true,
  "msg": "ok",
  "advantage": -0.9965196971438595,
  "beta": 51.541880762602524,
  "n_response_tokens": 1728,
  "sandbox_stdout": "",
  "parent_value": 2.6307297079875718,
  "parent_is_seed": false
}