{
  "step": 9,
  "group": 4,
  "rollout": 24,
  "reward": 2.5945251339274065,
  "raw_score": 2.5945251339274065,
  "valid": true,
  "parsed": true,
  "ran": true,
  "msg": "ok",
  "advantage": 0.9958719310822577,
  "beta": 5.346682498471847,
  "n_response_tokens": 1872,
  "sandbox_stdout": "",
  "parent_value": 2.6284345301693937,
  "parent_is_seed": false
}