{
  "step": 8,
  "group": 0,
  "rollout": 12,
  "reward": 2.6248929535233563,
  "raw_score": 2.6248929535233563,
  "valid": true,
  "parsed": true,
  "ran": true,
  "msg": "ok",
  "advantage": 1.881438053828039,
  "beta": 51.541880762602524,
  "n_response_tokens": 1640,
  "sandbox_stdout": "",
  "parent_value": 2.6307297079875718,
  "parent_is_seed": false
}