{
  "step": 3,
  "group": 1,
  "rollout": 52,
  "reward": 2.609507342274509,
  "raw_score": 2.609507342274509,
  "valid": true,
  "parsed": true,
  "ran": true,
  "msg": "ok",
  "advantage": 1.5133724759656029,
  "beta": 1.2448254621617925,
  "n_response_tokens": 1390,
  "sandbox_stdout": "",
  "parent_value": 2.622084916507914,
  "parent_is_seed": false
}