{
  "step": 4,
  "group": 7,
  "rollout": 26,
  "reward": 2.1666666666666665,
  "raw_score": 2.1666666666666665,
  "valid": true,
  "parsed": true,
  "ran": true,
  "msg": "ok",
  "advantage": 3.724089427897563,
  "beta": 1.138041447600363,
  "n_response_tokens": 1994,
  "sandbox_stdout": "",
  "parent_value": 2.166666666666877,
  "parent_is_seed": false
}