{
  "step": 8,
  "group": 1,
  "rollout": 53,
  "reward": 2.6234892420010394,
  "raw_score": 2.6234892420010394,
  "valid": true,
  "parsed": true,
  "ran": true,
  "msg": "ok",
  "advantage": 1.5041389342279077,
  "beta": 33.31559796174495,
  "n_response_tokens": 1460,
  "sandbox_stdout": "",
  "parent_value": 2.6307297079874887,
  "parent_is_seed": false
}