{
  "step": 3,
  "group": 1,
  "rollout": 41,
  "reward": 2.5719159676128043,
  "raw_score": 2.5719159676128043,
  "valid": true,
  "parsed": true,
  "ran": true,
  "msg": "ok",
  "advantage": 1.394102853152177,
  "beta": 1.2448254621617925,
  "n_response_tokens": 2046,
  "sandbox_stdout": "",
  "parent_value": 2.622084916507914,
  "parent_is_seed": false
}