{
  "step": 5,
  "group": 6,
  "rollout": 39,
  "reward": 0.0,
  "raw_score": null,
  "valid": false,
  "parsed": true,
  "ran": true,
  "msg": "Circle 21 at (0.2682752030338959,0.8779158961588135) r=0.1220841038541589 outside unit square",
  "advantage": -0.9999999985510665,
  "beta": 8.047504727580312,
  "n_response_tokens": 1567,
  "sandbox_stdout": "",
  "parent_value": 2.6240488941398654,
  "parent_is_seed": false
}