{
  "step": 4,
  "group": 2,
  "rollout": 11,
  "reward": 2.615883434030267,
  "raw_score": 2.615883434030267,
  "valid": true,
  "parsed": true,
  "ran": true,
  "msg": "ok",
  "advantage": 1.2132051158419084,
  "beta": 10.88329043733055,
  "n_response_tokens": 1557,
  "sandbox_stdout": "",
  "parent_value": 2.6240488941398215,
  "parent_is_seed": false
}