{
  "step": 6,
  "group": 4,
  "rollout": 25,
  "reward": 2.6178346097167,
  "raw_score": 2.6178346097167,
  "valid": true,
  "parsed": true,
  "ran": true,
  "msg": "ok",
  "advantage": 1.3493402622883957,
  "beta": 1.457291298029097,
  "n_response_tokens": 1506,
  "sandbox_stdout": "",
  "parent_value": 2.62791382007542,
  "parent_is_seed": false
}