{
  "step": 8,
  "group": 1,
  "rollout": 34,
  "reward": 2.6095073422659625,
  "raw_score": 2.6095073422659625,
  "valid": true,
  "parsed": true,
  "ran": true,
  "msg": "ok",
  "advantage": 0.5487323135737427,
  "beta": 33.31559796174495,
  "n_response_tokens": 1420,
  "sandbox_stdout": "",
  "parent_value": 2.6307297079874887,
  "parent_is_seed": false
}