{
  "step": 5,
  "group": 1,
  "rollout": 53,
  "reward": 2.612355317731063,
  "raw_score": 2.612355317731063,
  "valid": true,
  "parsed": true,
  "ran": true,
  "msg": "ok",
  "advantage": 1.033135089778391,
  "beta": 11.283125900410129,
  "n_response_tokens": 1879,
  "sandbox_stdout": "",
  "parent_value": 2.6282124181496993,
  "parent_is_seed": false
}