{
  "step": 9,
  "group": 0,
  "rollout": 10,
  "reward": 0.0,
  "raw_score": null,
  "valid": false,
  "parsed": true,
  "ran": true,
  "msg": "Circle 4 at (0.7979528547048925,0.08337187315515124) r=0.0833718731570313 outside unit square",
  "advantage": -0.8740634174644331,
  "beta": 1.1471142456070447,
  "n_response_tokens": 1638,
  "sandbox_stdout": "",
  "parent_value": 2.6359773947540925,
  "parent_is_seed": false
}