{
  "step": 8,
  "group": 3,
  "rollout": 13,
  "reward": 2.5894305685031203,
  "raw_score": 2.5894305685031203,
  "valid": true,
  "parsed": true,
  "ran": true,
  "msg": "ok",
  "advantage": -0.5968833649614051,
  "beta": 50.916879856703424,
  "n_response_tokens": 1817,
  "sandbox_stdout": "",
  "parent_value": 2.6284571355158817,
  "parent_is_seed": false
}