{
  "step": 2,
  "group": 0,
  "rollout": 21,
  "reward": 2.519154851290839,
  "raw_score": 2.519154851290839,
  "valid": true,
  "parsed": true,
  "ran": true,
  "msg": "ok",
  "advantage": 1.0076675811360554,
  "beta": 1.463651503440619,
  "n_response_tokens": 1365,
  "sandbox_stdout": "",
  "parent_value": 2.619586183844713,
  "parent_is_seed": false
}