{
  "step": 9,
  "group": 3,
  "rollout": 4,
  "reward": 2.555630252227496,
  "raw_score": 2.555630252227496,
  "valid": true,
  "parsed": true,
  "ran": true,
  "msg": "ok",
  "advantage": -0.9999999995648273,
  "beta": 305.97543676775115,
  "n_response_tokens": 1666,
  "sandbox_stdout": "",
  "parent_value": 2.628434530169428,
  "parent_is_seed": false
}