{
  "step": 8,
  "group": 0,
  "rollout": 13,
  "reward": 2.6121900296742275,
  "raw_score": 2.6121900296742275,
  "valid": true,
  "parsed": true,
  "ran": true,
  "msg": "ok",
  "advantage": 0.46495108979183697,
  "beta": 51.541880762602524,
  "n_response_tokens": 1170,
  "sandbox_stdout": "",
  "parent_value": 2.6307297079875718,
  "parent_is_seed": false
}