{
  "step": 3,
  "group": 5,
  "rollout": 38,
  "reward": 2.1666666666666665,
  "raw_score": 2.1666666666666665,
  "valid": true,
  "parsed": true,
  "ran": true,
  "msg": "ok",
  "advantage": 1.2076503181393798,
  "beta": 1.9030937997272759,
  "n_response_tokens": 1536,
  "sandbox_stdout": "",
  "parent_value": 2.166666666666823,
  "parent_is_seed": false
}