{
  "step": 9,
  "group": 0,
  "rollout": 9,
  "reward": 2.624119166232319,
  "raw_score": 2.624119166232319,
  "valid": true,
  "parsed": true,
  "ran": true,
  "msg": "ok",
  "advantage": 1.6578377655285021,
  "beta": 1.1471142456070447,
  "n_response_tokens": 1823,
  "sandbox_stdout": "",
  "parent_value": 2.6359773947540925,
  "parent_is_seed": false
}