{
  "step": 6,
  "group": 2,
  "rollout": 13,
  "reward": 2.6180682559618105,
  "raw_score": 2.6180682559618105,
  "valid": true,
  "parsed": true,
  "ran": true,
  "msg": "ok",
  "advantage": 1.1827736420313695,
  "beta": 22.199339328066177,
  "n_response_tokens": 1700,
  "sandbox_stdout": "",
  "parent_value": 2.6296189481766077,
  "parent_is_seed": false
}