{
  "step": 2,
  "group": 2,
  "rollout": 28,
  "reward": 2.166666666666446,
  "raw_score": 2.166666666666446,
  "valid": true,
  "parsed": true,
  "ran": true,
  "msg": "ok",
  "advantage": 2.375755570781882,
  "beta": 1.1843543186580439,
  "n_response_tokens": 1544,
  "sandbox_stdout": "",
  "parent_value": 2.166666666666823,
  "parent_is_seed": false
}