{
  "step": 5,
  "group": 3,
  "rollout": 2,
  "reward": 2.6176502118462754,
  "raw_score": 2.6176502118462754,
  "valid": true,
  "parsed": true,
  "ran": true,
  "msg": "ok",
  "advantage": -0.6764918188658762,
  "beta": 193.53641586065135,
  "n_response_tokens": 1746,
  "sandbox_stdout": "",
  "parent_value": 2.6273226259360496,
  "parent_is_seed": false
}