{
  "step": 9,
  "group": 7,
  "rollout": 2,
  "reward": 0.0,
  "raw_score": null,
  "valid": false,
  "parsed": true,
  "ran": false,
  "msg": "run_failed: Final packing is invalid: Circle 0 at (3.214558667075096e-05,3.214558667075096e-05) r=0.9999678544133292 outside unit square",
  "advantage": -1.0,
  "beta": 23.590031878436086,
  "n_response_tokens": 1654,
  "sandbox_stdout": "",
  "parent_value": 2.628434530169357,
  "parent_is_seed": false
}