{
  "step": 7,
  "group": 4,
  "rollout": 36,
  "reward": 2.5891538358020916,
  "raw_score": 2.5891538358020916,
  "valid": true,
  "parsed": true,
  "ran": true,
  "msg": "ok",
  "advantage": 0.6071716826718538,
  "beta": 9.656513785718564,
  "n_response_tokens": 1550,
  "sandbox_stdout": "",
  "parent_value": 2.628082958623089,
  "parent_is_seed": false
}