{
  "step": 5,
  "group": 2,
  "rollout": 33,
  "reward": 2.6221949282573944,
  "raw_score": 2.6221949282573944,
  "valid": true,
  "parsed": true,
  "ran": true,
  "msg": "ok",
  "advantage": 2.0971859077889756,
  "beta": 1.0406480816332293,
  "n_response_tokens": 1594,
  "sandbox_stdout": "",
  "parent_value": 2.6280829586231014,
  "parent_is_seed": false
}