{
  "step": 7,
  "group": 2,
  "rollout": 2,
  "reward": 2.572464696913122,
  "raw_score": 2.572464696913122,
  "valid": true,
  "parsed": true,
  "ran": true,
  "msg": "ok",
  "advantage": -0.2144107984490058,
  "beta": 24.65566742965785,
  "n_response_tokens": 1867,
  "sandbox_stdout": "",
  "parent_value": 2.6282124181496935,
  "parent_is_seed": false
}