{
  "step": 6,
  "group": 4,
  "rollout": 0,
  "reward": 2.6251945261007315,
  "raw_score": 2.6251945261007315,
  "valid": true,
  "parsed": true,
  "ran": true,
  "msg": "ok",
  "advantage": 1.3756291135184404,
  "beta": 1.457291298029097,
  "n_response_tokens": 1508,
  "sandbox_stdout": "",
  "parent_value": 2.62791382007542,
  "parent_is_seed": false
}