{
  "step": 2,
  "group": 5,
  "rollout": 53,
  "reward": 1.8571428571427941,
  "raw_score": 1.8571428571427941,
  "valid": true,
  "parsed": true,
  "ran": true,
  "msg": "ok",
  "advantage": 2.2222454885466587,
  "beta": 1.3855070009775343,
  "n_response_tokens": 1390,
  "sandbox_stdout": "",
  "parent_value": 1.8571428571430209,
  "parent_is_seed": false
}