{
  "step": 2,
  "group": 0,
  "rollout": 46,
  "reward": 0.0,
  "raw_score": null,
  "valid": false,
  "parsed": true,
  "ran": false,
  "msg": "run_failed: Validation failed: Circle 0 at (0.14990169697932826,0.14990169697932795) r=0.1499016969803317 outside unit square",
  "advantage": -0.8574621179351966,
  "beta": 1.1178914873592258,
  "n_response_tokens": 1925,
  "sandbox_stdout": "",
  "parent_value": 2.6035808140123198,
  "parent_is_seed": false
}