{
  "step": 2,
  "group": 1,
  "rollout": 9,
  "reward": 0.0,
  "raw_score": null,
  "valid": false,
  "parsed": true,
  "ran": false,
  "msg": "run_failed: Validation failed: Circle 1 at (0.4265462402329582,0.14593832922705902) r=0.14593832922808003 outside unit square",
  "advantage": -0.7115065524770757,
  "beta": 0.9824986021736719,
  "n_response_tokens": 1945,
  "sandbox_stdout": "",
  "parent_value": 2.536389679680814,
  "parent_is_seed": false
}