{
  "step": 2,
  "group": 6,
  "rollout": 39,
  "reward": 1.824422498639978,
  "raw_score": 1.824422498639978,
  "valid": true,
  "parsed": true,
  "ran": true,
  "msg": "ok",
  "advantage": 7.612200794366897,
  "beta": 1.6252865635893545,
  "n_response_tokens": 1203,
  "sandbox_stdout": "",
  "parent_value": 1.8349521324575373,
  "parent_is_seed": false
}