{
  "step": 2,
  "group": 0,
  "rollout": 17,
  "reward": 0.0,
  "raw_score": null,
  "valid": false,
  "parsed": true,
  "ran": false,
  "msg": "run_failed: Validation failed: Circle 1 at (0.381477574404513,0.8854698013191867) r=0.1145301986818143 outside unit square",
  "advantage": -0.8574621179351966,
  "beta": 1.1178914873592258,
  "n_response_tokens": 1864,
  "sandbox_stdout": "",
  "parent_value": 2.6035808140123198,
  "parent_is_seed": false
}