{
  "step": 2,
  "group": 3,
  "rollout": 20,
  "reward": 0.9000000000000001,
  "raw_score": 0.9000000000000001,
  "valid": true,
  "parsed": true,
  "ran": true,
  "msg": "ok",
  "advantage": 0.5319642165507754,
  "beta": 1.2891239936292558,
  "n_response_tokens": 1710,
  "sandbox_stdout": "",
  "parent_value": 2.3000000000000003,
  "parent_is_seed": false
}