{
  "step": 2,
  "group": 5,
  "rollout": 1,
  "reward": 1.8571428569495139,
  "raw_score": 1.8571428569495139,
  "valid": true,
  "parsed": true,
  "ran": true,
  "msg": "ok",
  "advantage": 2.2222454876396363,
  "beta": 1.3855070009775343,
  "n_response_tokens": 1260,
  "sandbox_stdout": "",
  "parent_value": 1.8571428571430209,
  "parent_is_seed": false
}