{
  "step": 2,
  "group": 0,
  "rollout": 6,
  "reward": 0.0,
  "raw_score": null,
  "valid": false,
  "parsed": true,
  "ran": false,
  "msg": "run_failed: Validation failed: Circle 4 at (0.9147273648639807,0.6328890854544874) r=0.08527263513702243 outside unit square",
  "advantage": -0.8574621179351966,
  "beta": 1.1178914873592258,
  "n_response_tokens": 1787,
  "sandbox_stdout": "",
  "parent_value": 2.6035808140123198,
  "parent_is_seed": false
}