{
  "step": 2,
  "group": 6,
  "rollout": 52,
  "reward": 0.42636536631888466,
  "raw_score": 0.42636536631888466,
  "valid": true,
  "parsed": true,
  "ran": true,
  "msg": "ok",
  "advantage": -0.20920790473677886,
  "beta": 1.6252865635893545,
  "n_response_tokens": 1391,
  "sandbox_stdout": "",
  "parent_value": 1.8349521324575373,
  "parent_is_seed": false
}