{
  "step": 2,
  "group": 0,
  "rollout": 14,
  "reward": 2.564348129189727,
  "raw_score": 2.564348129189727,
  "valid": true,
  "parsed": true,
  "ran": true,
  "msg": "ok",
  "advantage": 1.6032103270035258,
  "beta": 1.1178914873592258,
  "n_response_tokens": 1887,
  "sandbox_stdout": "",
  "parent_value": 2.6035808140123198,
  "parent_is_seed": false
}