{
  "step": 2,
  "group": 1,
  "rollout": 18,
  "reward": 0.0,
  "raw_score": null,
  "valid": false,
  "parsed": true,
  "ran": false,
  "msg": "run_failed: Validation failed: Circle 12 at (0.5590263367613835,0.8520883856249418) r=0.14791161437653597 outside unit square",
  "advantage": -0.7115065524770757,
  "beta": 0.9824986021736719,
  "n_response_tokens": 2034,
  "sandbox_stdout": "",
  "parent_value": 2.536389679680814,
  "parent_is_seed": false
}