{
  "step": 2,
  "group": 2,
  "rollout": 46,
  "reward": 0.0,
  "raw_score": 0.0,
  "valid": true,
  "parsed": true,
  "ran": true,
  "msg": "ok",
  "advantage": -0.7256755454031363,
  "beta": 1.1920284232151173,
  "n_response_tokens": 1529,
  "sandbox_stdout": "Validation failed: Circle 0 at (0.149214376756234,0.14924844539642107) r=0.15275673419296032 outside unit square\n",
  "parent_value": 2.3255106965997814,
  "parent_is_seed": false
}