{
  "step": 2,
  "group": 6,
  "rollout": 33,
  "reward": 0.2804771424976529,
  "raw_score": 0.2804771424976529,
  "valid": true,
  "parsed": true,
  "ran": true,
  "msg": "ok",
  "advantage": -0.3777893484671371,
  "beta": 1.6252865635893545,
  "n_response_tokens": 1317,
  "sandbox_stdout": "",
  "parent_value": 1.8349521324575373,
  "parent_is_seed": false
}