{
  "step": 2,
  "group": 5,
  "rollout": 41,
  "reward": 1.857142857142948,
  "raw_score": 1.857142857142948,
  "valid": true,
  "parsed": true,
  "ran": true,
  "msg": "ok",
  "advantage": 2.222245488547381,
  "beta": 1.3855070009775343,
  "n_response_tokens": 1637,
  "sandbox_stdout": "",
  "parent_value": 1.8571428571430209,
  "parent_is_seed": false
}