{
  "step": 2,
  "group": 6,
  "rollout": 48,
  "reward": 0.9000000000000001,
  "raw_score": 0.9000000000000001,
  "valid": true,
  "parsed": true,
  "ran": true,
  "msg": "ok",
  "advantage": 0.7327864652013951,
  "beta": 1.6252865635893545,
  "n_response_tokens": 1237,
  "sandbox_stdout": "",
  "parent_value": 1.8349521324575373,
  "parent_is_seed": false
}