{
  "step": 2,
  "group": 7,
  "rollout": 34,
  "reward": 0.0,
  "raw_score": null,
  "valid": false,
  "parsed": true,
  "ran": true,
  "msg": "Circle 4 at (0.9972290707024158,0.5216514555101722) r=0.05653119708706961 outside unit square",
  "advantage": -0.5465585550623636,
  "beta": 1.910656705682643,
  "n_response_tokens": 941,
  "sandbox_stdout": "",
  "parent_value": 1.647479464698957,
  "parent_is_seed": false
}