{
  "step": 2,
  "group": 5,
  "rollout": 4,
  "reward": 0.0,
  "raw_score": 0.0,
  "valid": true,
  "parsed": true,
  "ran": true,
  "msg": "ok",
  "advantage": -0.765234506109005,
  "beta": 1.3855070009775343,
  "n_response_tokens": 1407,
  "sandbox_stdout": "Validation failed: Circle 1 at (0.08333333333333333,0.21428571428571427) r=1.0 outside unit square\n",
  "parent_value": 1.8571428571430209,
  "parent_is_seed": false
}