{
  "step": 2,
  "group": 3,
  "rollout": 45,
  "reward": 0.0,
  "raw_score": 0.0,
  "valid": true,
  "parsed": true,
  "ran": true,
  "msg": "ok",
  "advantage": -0.5277366661528402,
  "beta": 1.2891239936292558,
  "n_response_tokens": 2208,
  "sandbox_stdout": "Validation failed: Circle 0 at (0.1020437528105721,0.12514720322566775) r=0.11648554245865916 outside unit square\n",
  "parent_value": 2.3000000000000003,
  "parent_is_seed": false
}