{
  "step": 2,
  "group": 4,
  "rollout": 9,
  "reward": 1.976759187924512,
  "raw_score": 1.976759187924512,
  "valid": true,
  "parsed": true,
  "ran": true,
  "msg": "ok",
  "advantage": 1.57551576940992,
  "beta": 1.5505458648000163,
  "n_response_tokens": 1670,
  "sandbox_stdout": "",
  "parent_value": 2.041666666666521,
  "parent_is_seed": false
}