{
  "step": 2,
  "group": 1,
  "rollout": 47,
  "reward": 0.0,
  "raw_score": null,
  "valid": false,
  "parsed": true,
  "ran": false,
  "msg": "run_failed: Validation failed: Circle 4 at (0.9095906908250598,0.5098323800715976) r=0.09040930917594378 outside unit square",
  "advantage": -0.7115065524770757,
  "beta": 0.9824986021736719,
  "n_response_tokens": 1898,
  "sandbox_stdout": "",
  "parent_value": 2.536389679680814,
  "parent_is_seed": false
}