{
  "step": 2,
  "group": 0,
  "rollout": 20,
  "reward": 0.0,
  "raw_score": null,
  "valid": false,
  "parsed": true,
  "ran": false,
  "msg": "run_failed: Validation failed: Circle 0 at (0.06482918272776383,0.06482918272776056) r=0.0648291827287657 outside unit square",
  "advantage": -0.8574621179351966,
  "beta": 1.1178914873592258,
  "n_response_tokens": 2027,
  "sandbox_stdout": "",
  "parent_value": 2.6035808140123198,
  "parent_is_seed": false
}