{
  "step": 2,
  "group": 0,
  "rollout": 16,
  "reward": 0.0,
  "raw_score": null,
  "valid": false,
  "parsed": true,
  "ran": false,
  "msg": "run_failed: Validation failed: Circle 0 at (0.1291031605776916,0.12910316057769047) r=0.12910316057869092 outside unit square",
  "advantage": -0.8574621179351966,
  "beta": 1.1178914873592258,
  "n_response_tokens": 1913,
  "sandbox_stdout": "",
  "parent_value": 2.6035808140123198,
  "parent_is_seed": false
}