{
  "step": 2,
  "group": 5,
  "rollout": 45,
  "reward": 0.0,
  "raw_score": 0.0,
  "valid": true,
  "parsed": true,
  "ran": true,
  "msg": "ok",
  "advantage": -0.765234506109005,
  "beta": 1.3855070009775343,
  "n_response_tokens": 1324,
  "sandbox_stdout": "Validation failed: Circle 0 at (0.125,0.125) r=0.5340002340823439 outside unit square\n",
  "parent_value": 1.8571428571430209,
  "parent_is_seed": false
}