{
  "step": 2,
  "group": 5,
  "rollout": 10,
  "reward": 0.0,
  "raw_score": 0.0,
  "valid": true,
  "parsed": true,
  "ran": true,
  "msg": "ok",
  "advantage": -0.765234506109005,
  "beta": 1.3855070009775343,
  "n_response_tokens": 1447,
  "sandbox_stdout": "Validation failed: Circle 0 at (0.0,0.18333333333333335) r=0.24402148524417056 outside unit square\n",
  "parent_value": 1.8571428571430209,
  "parent_is_seed": false
}