{
  "step": 2,
  "group": 7,
  "rollout": 27,
  "reward": 0.0,
  "raw_score": null,
  "valid": false,
  "parsed": true,
  "ran": true,
  "msg": "Circle 0 at (0.08333333333333333,0.08333333333333333) r=0.15 outside unit square",
  "advantage": -0.5465585550623636,
  "beta": 1.910656705682643,
  "n_response_tokens": 1673,
  "sandbox_stdout": "",
  "parent_value": 1.647479464698957,
  "parent_is_seed": false
}