{
  "step": 2,
  "group": 4,
  "rollout": 6,
  "reward": 2.049999999999963,
  "raw_score": 2.049999999999963,
  "valid": true,
  "parsed": true,
  "ran": true,
  "msg": "ok",
  "advantage": 1.8995097236135057,
  "beta": 1.5505458648000163,
  "n_response_tokens": 1680,
  "sandbox_stdout": "",
  "parent_value": 2.041666666666521,
  "parent_is_seed": false
}