{
  "step": 2,
  "group": 1,
  "rollout": 32,
  "reward": 0.0,
  "raw_score": null,
  "valid": false,
  "parsed": true,
  "ran": false,
  "msg": "run_failed: Validation failed: Circle 4 at (0.7045487790551112,0.904497050576925) r=0.09550294942408097 outside unit square",
  "advantage": -0.7115065524770757,
  "beta": 0.9824986021736719,
  "n_response_tokens": 1861,
  "sandbox_stdout": "",
  "parent_value": 2.536389679680814,
  "parent_is_seed": false
}