{
  "step": 9,
  "group": 0,
  "rollout": 0,
  "reward": 1.4510018882638827,
  "raw_score": 1.4510018882638827,
  "valid": true,
  "parsed": true,
  "ran": true,
  "msg": "ok",
  "advantage": 0.0729962585229782,
  "beta": 1.7392609318025292,
  "n_response_tokens": 1512,
  "sandbox_stdout": "",
  "parent_value": 2.206011329583819,
  "parent_is_seed": false
}