{
  "step": 9,
  "group": 2,
  "rollout": 4,
  "reward": 1.56,
  "raw_score": 1.56,
  "valid": true,
  "parsed": true,
  "ran": true,
  "msg": "ok",
  "advantage": 0.19024025452299798,
  "beta": 3.1518267266242432,
  "n_response_tokens": 1676,
  "sandbox_stdout": "Warning: Packing is invalid. Reason: Circle 1 at (0.25,0.08333333333333333) r=0.08333333334952125 outside unit square\n",
  "parent_value": 1.8571428571433026,
  "parent_is_seed": false
}