{
  "step": 9,
  "group": 0,
  "rollout": 2,
  "reward": 1.7412022659166593,
  "raw_score": 1.7412022659166593,
  "valid": true,
  "parsed": true,
  "ran": true,
  "msg": "ok",
  "advantage": 0.9763654361131899,
  "beta": 1.7392609318025292,
  "n_response_tokens": 1839,
  "sandbox_stdout": "Warning: Packing is invalid. Reason: Circle 0 at (0.08333333333333333,0.08333333333333333) r=0.0833333333343346 outside unit square\n",
  "parent_value": 2.206011329583819,
  "parent_is_seed": false
}