{
  "step": 1,
  "group": 3,
  "rollout": 4,
  "reward": 0.9100000000000001,
  "valid": true,
  "parsed": true,
  "ran": true,
  "msg": "ok",
  "advantage": 0.6303169128574668,
  "beta": 1.2941445054938017,
  "n_response_tokens": 1937,
  "sandbox_stdout": "Warning: Circle 0 at (5.518085008540144e-08,0.0) r=0.9999999952739987 outside unit square\n",
  "parent_value": 4.3073808212192406e-15,
  "parent_is_seed": false
}