{
  "step": 1,
  "group": 3,
  "rollout": 59,
  "reward": 0.0,
  "valid": false,
  "parsed": true,
  "ran": true,
  "msg": "Circle 13 at (1.0,0.6) r=0.05 outside unit square",
  "advantage": -0.5067042370535295,
  "beta": 1.2941445054938017,
  "n_response_tokens": 2634,
  "sandbox_stdout": "Warning: Circle 0 at (0.1,0.9) r=0.9999999999982154 outside unit square\n",
  "parent_value": 4.3073808212192406e-15,
  "parent_is_seed": false
}