{
  "step": 1,
  "group": 0,
  "rollout": 41,
  "reward": 0.0,
  "valid": false,
  "parsed": true,
  "ran": true,
  "msg": "bad_centers_shape: (0,)",
  "advantage": -0.6277025049376816,
  "beta": 1.369485057394502,
  "n_response_tokens": 1241,
  "sandbox_stdout": "Validation failed: Circle 0 at (0.0015844246790719177,0.010180303438750541) r=0.13843628377974998 outside unit square\n",
  "parent_value": 1.9721590835601546,
  "parent_is_seed": false
}