{
  "step": 1,
  "group": 2,
  "rollout": 10,
  "reward": 0.0,
  "valid": false,
  "parsed": true,
  "ran": false,
  "msg": "run_failed: Packing validation failed: Circle 1 at (0.09006056615204083,0.12290666935207295) r=0.09053587562862264 outside unit square",
  "advantage": -0.46292670386031565,
  "beta": 3.7015030641720594,
  "n_response_tokens": 1180,
  "sandbox_stdout": "",
  "parent_value": 0.1,
  "parent_is_seed": false
}