{
  "step": 1,
  "group": 0,
  "rollout": 1,
  "reward": 0.0,
  "valid": false,
  "parsed": true,
  "ran": true,
  "msg": "bad_centers_shape: (0,)",
  "advantage": -0.6277025049376816,
  "beta": 1.369485057394502,
  "n_response_tokens": 1438,
  "sandbox_stdout": "Validation failed: Circle 2 at (0.4300480505144345,0.0) r=0.03790922726776108 outside unit square\n",
  "parent_value": 1.9721590835601546,
  "parent_is_seed": false
}