{
  "step": 1,
  "group": 3,
  "rollout": 6,
  "reward": 3.6247297729164646e-15,
  "valid": true,
  "parsed": true,
  "ran": true,
  "msg": "ok",
  "advantage": -0.5067042370535271,
  "beta": 1.2941445054938017,
  "n_response_tokens": 1300,
  "sandbox_stdout": "",
  "parent_value": 4.3073808212192406e-15,
  "parent_is_seed": false
}