{
  "step": 0,
  "group": 0,
  "rollout": 40,
  "reward": 0.0,
  "valid": false,
  "parsed": true,
  "ran": false,
  "msg": "run_failed: Circle 0 at (1.0,2.5799865352839693e-10) r=0.7071068855358802 outside unit square",
  "advantage": -0.31028742785403995,
  "beta": 3.3874884367438134,
  "n_response_tokens": 1531,
  "sandbox_stdout": "",
  "parent_value": 0.0,
  "parent_is_seed": true
}