{
  "step": 1,
  "group": 3,
  "rollout": 60,
  "reward": 0.0,
  "valid": false,
  "parsed": true,
  "ran": true,
  "msg": "Circles 0 and 8 overlap",
  "advantage": -0.5067042370535295,
  "beta": 1.2941445054938017,
  "n_response_tokens": 1988,
  "sandbox_stdout": "Warning: Circle 1 at (0.9172879175425952,0.9172879175425948) r=0.08271209245735661 outside unit square\n",
  "parent_value": 4.3073808212192406e-15,
  "parent_is_seed": false
}