{
  "step": 0,
  "group": 0,
  "rollout": 58,
  "reward": 0.0,
  "valid": false,
  "parsed": true,
  "ran": true,
  "msg": "Circle 0 at (0.4306637783897882,0.09724793979746793) r=1.0 outside unit square",
  "advantage": -0.31028742785403995,
  "beta": 3.3874884367438134,
  "n_response_tokens": 1128,
  "sandbox_stdout": "",
  "parent_value": 0.0,
  "parent_is_seed": true
}