{
  "step": 1,
  "group": 0,
  "rollout": 49,
  "reward": 0.0,
  "valid": false,
  "parsed": true,
  "ran": true,
  "msg": "bad_centers_shape: (0,)",
  "advantage": -0.6277025049376816,
  "beta": 1.369485057394502,
  "n_response_tokens": 1538,
  "sandbox_stdout": "Validation failed: Circle 1 at (0.8888888888888888,0.6220084679281462) r=0.25 outside unit square\n",
  "parent_value": 1.9721590835601546,
  "parent_is_seed": false
}