{
  "step": 1,
  "group": 0,
  "rollout": 59,
  "reward": 0.0,
  "valid": false,
  "parsed": true,
  "ran": true,
  "msg": "bad_centers_shape: (0,)",
  "advantage": -0.6277025049376816,
  "beta": 1.369485057394502,
  "n_response_tokens": 1329,
  "sandbox_stdout": "Validation failed: Circle 0 at (0.24753831798714876,0.3562903974747751) r=0.43221872649477555 outside unit square\n",
  "parent_value": 1.9721590835601546,
  "parent_is_seed": false
}