{
  "step": 5,
  "group": 2,
  "rollout": 0,
  "reward": 2.108627452370988,
  "raw_score": 2.108627452370988,
  "valid": true,
  "parsed": true,
  "ran": true,
  "msg": "ok",
  "advantage": 1.4836535069733907,
  "algo": "reinforce",
  "n_response_tokens": 1589,
  "sandbox_stdout": "",
  "parent_value": 2.1666614381145526,
  "parent_is_seed": false
}