{
  "step": 5,
  "group": 1,
  "rollout": 0,
  "reward": 1.7499997799886111,
  "raw_score": 1.7499997799886111,
  "valid": true,
  "parsed": true,
  "ran": true,
  "msg": "ok",
  "advantage": 1.374511110076236,
  "algo": "reinforce",
  "n_response_tokens": 1702,
  "sandbox_stdout": "",
  "parent_value": 2.1666663131160284,
  "parent_is_seed": false
}