{
  "step": 18,
  "group": 2,
  "rollout": 9,
  "reward": 2.5155211644932636,
  "raw_score": 2.5155211644932636,
  "valid": true,
  "parsed": true,
  "ran": true,
  "msg": "ok",
  "advantage": -1.0,
  "beta": 843.2420660737885,
  "n_response_tokens": 2112,
  "sandbox_stdout": "Invalid packing: Circle 0 at (1.0,1.0) r=1.0 outside unit square\nInvalid packing: Circle 3 at (0.15057525336137553,0.7046528389533845) r=0.1505752848379945 outside unit square\n",
  "parent_value": 2.6323414832762255,
  "parent_is_seed": false
}