{
  "step": 18,
  "group": 3,
  "rollout": 48,
  "reward": 2.6323414532207217,
  "raw_score": 2.6323414532207217,
  "valid": true,
  "parsed": true,
  "ran": true,
  "msg": "ok",
  "advantage": 0.30457169688365826,
  "beta": 1048576.0,
  "n_response_tokens": 2902,
  "sandbox_stdout": "",
  "parent_value": 2.6323414522248036,
  "parent_is_seed": false
}