{
  "step": 18,
  "group": 4,
  "rollout": 3,
  "reward": 2.6323414358108086,
  "raw_score": 2.6323414358108086,
  "valid": true,
  "parsed": true,
  "ran": true,
  "msg": "ok",
  "advantage": 0.2663238260822953,
  "beta": 1048576.0,
  "n_response_tokens": 2955,
  "sandbox_stdout": "Invalid packing: Circles 0 and 4 overlap\nInvalid packing: Circle 1 at (0.00010887431596307838,7.156483194990063e-05) r=0.9998751334269137 outside unit square\n",
  "parent_value": 2.6323414358108086,
  "parent_is_seed": false
}