{
  "step": 18,
  "group": 3,
  "rollout": 11,
  "reward": 2.6320601106821084,
  "raw_score": 2.6320601106821084,
  "valid": true,
  "parsed": true,
  "ran": true,
  "msg": "ok",
  "advantage": -1.0,
  "beta": 1048576.0,
  "n_response_tokens": 1982,
  "sandbox_stdout": "Invalid packing: Circle 25 at (0.12033163254509263,0.8952905709297541) r=0.1047098968522625 outside unit square\nInvalid packing: Circle 3 at (0.9231950718517598,0.9231953063995216) r=0.0768049455627581 outside unit square\nInvalid packing: Circle 25 at (0.12033163254509263,0.8952905709297541) r=0.1047098968522625 outside unit square\n",
  "parent_value": 2.6323414522248036,
  "parent_is_seed": false
}