{
  "step": 18,
  "group": 7,
  "rollout": 48,
  "reward": 2.630097506022227,
  "raw_score": 2.630097506022227,
  "valid": true,
  "parsed": true,
  "ran": true,
  "msg": "ok",
  "advantage": -1.0,
  "beta": 1048576.0,
  "n_response_tokens": 2727,
  "sandbox_stdout": "Invalid packing: Circle 0 at (1.0,1.0) r=1.0 outside unit square\nInvalid packing: Circle 0 at (0.29265355669258003,0.7139492064530615) r=0.577984285952975 outside unit square\n",
  "parent_value": 2.632326007258675,
  "parent_is_seed": false
}