{
  "step": 18,
  "group": 3,
  "rollout": 43,
  "reward": 2.6152523581009524,
  "raw_score": 2.6152523581009524,
  "valid": true,
  "parsed": true,
  "ran": true,
  "msg": "ok",
  "advantage": -1.0,
  "beta": 1048576.0,
  "n_response_tokens": 2001,
  "sandbox_stdout": "",
  "parent_value": 2.6323414522248036,
  "parent_is_seed": false
}