{
  "step": 18,
  "group": 3,
  "rollout": 46,
  "reward": 2.6323414522248036,
  "raw_score": 2.6323414522248036,
  "valid": true,
  "parsed": true,
  "ran": true,
  "msg": "ok",
  "advantage": 0.30318188307806015,
  "beta": 1048576.0,
  "n_response_tokens": 2608,
  "sandbox_stdout": "",
  "parent_value": 2.6323414522248036,
  "parent_is_seed": false
}