{
  "step": 18,
  "group": 1,
  "rollout": 14,
  "reward": 2.6245586489289785,
  "raw_score": 2.6245586489289785,
  "valid": true,
  "parsed": true,
  "ran": true,
  "msg": "ok",
  "advantage": -1.0,
  "beta": 1048576.0,
  "n_response_tokens": 2273,
  "sandbox_stdout": "Invalid packing: Circle 5 at (0.18163929171348706,0.18163920679906134) r=0.18163928403026613 outside unit square\n",
  "parent_value": 2.632341483276521,
  "parent_is_seed": false
}