{
  "step": 18,
  "group": 2,
  "rollout": 10,
  "reward": 2.6024832548547865,
  "raw_score": 2.6024832548547865,
  "valid": true,
  "parsed": true,
  "ran": true,
  "msg": "ok",
  "advantage": -0.9999999999895675,
  "beta": 843.2420660737885,
  "n_response_tokens": 2333,
  "sandbox_stdout": "Invalid packing: Circle 0 at (1.0,1.0) r=1.0 outside unit square\nInvalid packing: Circles 6 and 21 overlap\n",
  "parent_value": 2.6323414832762255,
  "parent_is_seed": false
}