{
  "step": 18,
  "group": 6,
  "rollout": 57,
  "reward": 2.6264723190167754,
  "raw_score": 2.6264723190167754,
  "valid": true,
  "parsed": true,
  "ran": true,
  "msg": "ok",
  "advantage": -1.0,
  "beta": 1048576.0,
  "n_response_tokens": 2450,
  "sandbox_stdout": "",
  "parent_value": 2.6323261021360387,
  "parent_is_seed": false
}