{
  "step": 18,
  "group": 6,
  "rollout": 31,
  "reward": 0.0,
  "raw_score": 0.0,
  "valid": true,
  "parsed": true,
  "ran": true,
  "msg": "ok",
  "advantage": -1.0,
  "beta": 1048576.0,
  "n_response_tokens": 2516,
  "sandbox_stdout": "Invalid packing: Circle 0 at (0.07407407407407407,0.07407407407407407) r=0.15 outside unit square\nInvalid packing: Circle 0 at (0.9627735412573737,0.7599903792361483) r=0.15 outside unit square\nInvalid packing: Circle 0 at (0.05172413793103446,0.05172413793103446) r=0.15 outside unit square\nInvalid packing: Circle 4 at (1.0,0.2580645161290323) r=0.15 outside unit square\nInvalid packing: Circle 4 at (0.9606299212598424,0.1732283464566929) r=0.15 outside unit square\nInvalid packing: Circle 0 at (0.09090909090909091,0.09090909090909091) r=0.15 outside unit square\nInvalid packing: Circle 0 at (0.09090909090909091,0.09090909090909091) r=0.15 outside unit square\n",
  "parent_value": 2.6323261021360387,
  "parent_is_seed": false
}