{
  "step": 1,
  "group": 3,
  "rollout": 2,
  "reward": 0.0,
  "raw_score": null,
  "valid": false,
  "parsed": true,
  "ran": true,
  "msg": "Circles 0 and 1 overlap",
  "advantage": -0.5454390608784737,
  "beta": 2.0220868047085077,
  "n_response_tokens": 1680,
  "sandbox_stdout": "Optimization result invalid: Circle 0 at (0.6477972223854308,0.6824480161941255) r=1.0 outside unit square\n",
  "parent_value": 1.2500000000000002,
  "parent_is_seed": false
}