{
  "step": 1,
  "group": 4,
  "rollout": 26,
  "reward": 0.0,
  "raw_score": 0.0,
  "valid": true,
  "parsed": true,
  "ran": true,
  "msg": "ok",
  "advantage": -0.6386133699057359,
  "beta": 1.2248756978425963,
  "n_response_tokens": 1729,
  "sandbox_stdout": "Validation failed: Circle 0 at (-0.004467314390819377,-0.0034710959046466375) r=0.049524779493359546 outside unit square\n",
  "parent_value": 1.2500000000000002,
  "parent_is_seed": false
}