{
  "step": 1,
  "group": 3,
  "rollout": 58,
  "reward": 1.3000000000000003,
  "raw_score": 1.3000000000000003,
  "valid": true,
  "parsed": true,
  "ran": true,
  "msg": "ok",
  "advantage": 5.942322828787186,
  "beta": 2.0220868047085077,
  "n_response_tokens": 1403,
  "sandbox_stdout": "Optimization result invalid: Circle 0 at (0.1,0.1) r=1.0 outside unit square\n",
  "parent_value": 1.2500000000000002,
  "parent_is_seed": false
}