{
  "step": 1,
  "group": 5,
  "rollout": 7,
  "reward": 0.0,
  "raw_score": null,
  "valid": false,
  "parsed": true,
  "ran": true,
  "msg": "Circle 1 at (0.22545306173801005,0.9985463333219929) r=0.013211217124700414 outside unit square",
  "advantage": -0.8113129515572198,
  "beta": 2.168148411599439,
  "n_response_tokens": 1165,
  "sandbox_stdout": "",
  "parent_value": 1.0,
  "parent_is_seed": false
}