{
  "step": 1,
  "group": 0,
  "rollout": 21,
  "reward": 0.0,
  "raw_score": null,
  "valid": false,
  "parsed": true,
  "ran": false,
  "msg": "run_failed: Validation failed: Circle 0 at (0.09774344656050307,0.0) r=17723656.49778217 outside unit square",
  "advantage": -0.5227705071082023,
  "beta": 0.993990237662282,
  "n_response_tokens": 1718,
  "sandbox_stdout": "",
  "parent_value": 2.5261384437620724,
  "parent_is_seed": false
}