{
  "step": 1,
  "group": 2,
  "rollout": 33,
  "reward": 1.8349521324575373,
  "raw_score": 1.8349521324575373,
  "valid": true,
  "parsed": true,
  "ran": true,
  "msg": "ok",
  "advantage": 8.460211481384468,
  "beta": 1.767025188813683,
  "n_response_tokens": 1669,
  "sandbox_stdout": "",
  "parent_value": 1.3000000000000003,
  "parent_is_seed": false
}