{
  "step": 1,
  "group": 4,
  "rollout": 45,
  "reward": 1.2500000000000002,
  "raw_score": 1.2500000000000002,
  "valid": true,
  "parsed": true,
  "ran": true,
  "msg": "ok",
  "advantage": 0.7062375758101596,
  "beta": 1.2248756978425963,
  "n_response_tokens": 1681,
  "sandbox_stdout": "",
  "parent_value": 1.2500000000000002,
  "parent_is_seed": false
}