{
  "step": 1,
  "group": 3,
  "rollout": 33,
  "reward": 0.0,
  "raw_score": null,
  "valid": false,
  "parsed": true,
  "ran": true,
  "msg": "Circle 2 at (0.325,1.4093266739736605) r=0.05 outside unit square",
  "advantage": -0.5454390608784737,
  "beta": 2.0220868047085077,
  "n_response_tokens": 1320,
  "sandbox_stdout": "Optimization result invalid: Circle 0 at (0.325,0.1968911086754465) r=1.0 outside unit square\n",
  "parent_value": 1.2500000000000002,
  "parent_is_seed": false
}