{
  "step": 1,
  "group": 0,
  "rollout": 45,
  "reward": 0.0,
  "raw_score": null,
  "valid": false,
  "parsed": true,
  "ran": false,
  "msg": "run_failed: Validation failed: Circle 5 at (0.9000000000010008,0.287796699754545) r=0.1 outside unit square",
  "advantage": -0.5227705071082023,
  "beta": 0.993990237662282,
  "n_response_tokens": 1803,
  "sandbox_stdout": "",
  "parent_value": 2.5261384437620724,
  "parent_is_seed": false
}