{
  "step": 1,
  "group": 0,
  "rollout": 24,
  "reward": 0.0,
  "raw_score": null,
  "valid": false,
  "parsed": true,
  "ran": false,
  "msg": "run_failed: Validation failed: Circle 0 at (0.1348917404219459,0.13489174042195062) r=0.13489174042295057 outside unit square",
  "advantage": -0.5227705071082023,
  "beta": 0.993990237662282,
  "n_response_tokens": 1476,
  "sandbox_stdout": "",
  "parent_value": 2.5261384437620724,
  "parent_is_seed": false
}