{
  "step": 1,
  "group": 0,
  "rollout": 32,
  "reward": 0.0,
  "raw_score": null,
  "valid": false,
  "parsed": true,
  "ran": false,
  "msg": "run_failed: Validation failed: Circle 1 at (0.06039110425713518,0.17273912757116336) r=0.06039110425816726 outside unit square",
  "advantage": -0.5227705071082023,
  "beta": 0.993990237662282,
  "n_response_tokens": 1694,
  "sandbox_stdout": "",
  "parent_value": 2.5261384437620724,
  "parent_is_seed": false
}