{
  "step": 1,
  "group": 1,
  "rollout": 17,
  "reward": 0.0,
  "raw_score": 0.0,
  "valid": true,
  "parsed": true,
  "ran": true,
  "msg": "ok",
  "advantage": -0.5395366546700506,
  "beta": 1.3705151291719793,
  "n_response_tokens": 1725,
  "sandbox_stdout": "Validation failed: Circle 2 at (0.08333333333333333,0.5) r=0.10833333333284086 outside unit square\n",
  "parent_value": 1.8571428571297686,
  "parent_is_seed": false
}