{
  "step": 17,
  "group": 1,
  "rollout": 18,
  "reward": 1.0383713378739259,
  "raw_score": 1.0383713378739259,
  "valid": true,
  "parsed": true,
  "ran": true,
  "msg": "ok",
  "advantage": -0.267559226600508,
  "beta": 1.2246617454410489,
  "n_response_tokens": 2185,
  "sandbox_stdout": "",
  "parent_value": 2.439999792452491,
  "parent_is_seed": false
}