{
  "step": 17,
  "group": 0,
  "rollout": 10,
  "reward": 1.7500103204487445,
  "raw_score": 1.7500103204487445,
  "valid": true,
  "parsed": true,
  "ran": true,
  "msg": "ok",
  "advantage": -0.3883610915613055,
  "beta": 1.9797214467384212,
  "n_response_tokens": 2106,
  "sandbox_stdout": "",
  "parent_value": 2.4399998961426874,
  "parent_is_seed": false
}