{
  "step": 17,
  "group": 0,
  "rollout": 20,
  "reward": 2.3399999540165837,
  "raw_score": 2.3399999540165837,
  "valid": true,
  "parsed": true,
  "ran": true,
  "msg": "ok",
  "advantage": 1.0899258386563822,
  "beta": 1.9797214467384212,
  "n_response_tokens": 2027,
  "sandbox_stdout": "",
  "parent_value": 2.4399998961426874,
  "parent_is_seed": false
}