{
  "step": 17,
  "group": 1,
  "rollout": 3,
  "reward": 0.0,
  "raw_score": null,
  "valid": false,
  "parsed": true,
  "ran": false,
  "msg": "run_failed: Packing is invalid: Circle 0 at (0.7183409694248172,0.3430578218645034) r=1.0 outside unit square",
  "advantage": -0.7992479427964432,
  "beta": 1.2246617454410489,
  "n_response_tokens": 1999,
  "sandbox_stdout": "",
  "parent_value": 2.439999792452491,
  "parent_is_seed": false
}