{
  "step": 17,
  "group": 1,
  "rollout": 4,
  "reward": 2.33999967306347,
  "raw_score": 2.33999967306347,
  "valid": true,
  "parsed": true,
  "ran": true,
  "msg": "ok",
  "advantage": 3.1212487800801814,
  "beta": 1.2246617454410489,
  "n_response_tokens": 1855,
  "sandbox_stdout": "",
  "parent_value": 2.439999792452491,
  "parent_is_seed": false
}