{
  "step": 17,
  "group": 3,
  "rollout": 11,
  "reward": 0.0,
  "raw_score": null,
  "valid": false,
  "parsed": true,
  "ran": false,
  "msg": "run_failed: Packing is invalid: Circle 0 at (0.7312804569261248,0.44385638151356355) r=1.0 outside unit square",
  "advantage": -0.8640097152000021,
  "beta": 1.3303545520897035,
  "n_response_tokens": 2195,
  "sandbox_stdout": "",
  "parent_value": 2.273768349629545,
  "parent_is_seed": false
}