{
  "step": 17,
  "group": 2,
  "rollout": 14,
  "reward": 2.319250019819295,
  "raw_score": 2.319250019819295,
  "valid": true,
  "parsed": true,
  "ran": true,
  "msg": "ok",
  "advantage": 1.534278995421496,
  "beta": 1.7148985785018003,
  "n_response_tokens": 2287,
  "sandbox_stdout": "",
  "parent_value": 2.319250019819295,
  "parent_is_seed": false
}