{
  "step": 17,
  "group": 2,
  "rollout": 19,
  "reward": 0.0,
  "raw_score": null,
  "valid": false,
  "parsed": true,
  "ran": false,
  "msg": "run_failed: Packing is invalid: Circle 0 at (0.08526788484268873,0.08526788484268873) r=0.08626725011026215 outside unit square",
  "advantage": -0.9571494010935946,
  "beta": 1.7148985785018003,
  "n_response_tokens": 2710,
  "sandbox_stdout": "",
  "parent_value": 2.319250019819295,
  "parent_is_seed": false
}