{
  "step": 17,
  "group": 3,
  "rollout": 12,
  "reward": 1.247310222810444,
  "raw_score": 1.247310222810444,
  "valid": true,
  "parsed": true,
  "ran": true,
  "msg": "ok",
  "advantage": -0.26678846185891814,
  "beta": 1.3303545520897035,
  "n_response_tokens": 2103,
  "sandbox_stdout": "",
  "parent_value": 2.273768349629545,
  "parent_is_seed": false
}