{
  "step": 1,
  "group": 0,
  "rollout": 18,
  "reward": 0.6884461250327513,
  "raw_score": 0.6884461250327513,
  "valid": true,
  "parsed": true,
  "ran": true,
  "msg": "ok",
  "advantage": 0.19379166098193168,
  "beta": 1.1389915056495739,
  "n_response_tokens": 1493,
  "sandbox_stdout": "",
  "parent_value": 0.7479790463206849,
  "parent_is_seed": false
}