{
  "step": 35,
  "group": 4,
  "rollout": 26,
  "reward": 2.615043612071408,
  "raw_score": 2.615043612071408,
  "valid": true,
  "parsed": true,
  "ran": true,
  "msg": "ok",
  "advantage": -1.0,
  "beta": 1048576.0,
  "n_response_tokens": 2458,
  "sandbox_stdout": "Invalid packing: Circle 8 at (1.0,1.0) r=1.0 outside unit square\nInvalid packing: Circle 4 at (0.20246926631292764,0.20246928710284023) r=0.20246928444143514 outside unit square\nInvalid packing: Circles 0 and 2 overlap\nInvalid packing: Circle 0 at (0.0,1.0) r=1.0 outside unit square\nInvalid packing: Circle 0 at (0.4801665738517176,0.14262966360176801) r=0.14263023217828044 outside unit square\nInvalid packing: Circles 0 and 2 overlap\n",
  "parent_value": 2.6359829364320713,
  "parent_is_seed": false
}