{
  "step": 35,
  "group": 0,
  "rollout": 15,
  "reward": 2.635983083334135,
  "raw_score": 2.635983083334135,
  "valid": true,
  "parsed": true,
  "ran": true,
  "msg": "ok",
  "advantage": 0.06779946221463096,
  "beta": 1048576.0,
  "n_response_tokens": 1778,
  "sandbox_stdout": "Invalid packing: Circle 0 at (0.07999999999999999,0.07999999999999999) r=1.0 outside unit square\nInvalid packing: Circle 0 at (0.07014256382702747,0.07790255527380281) r=0.3705512229555493 outside unit square\n",
  "parent_value": 2.635983083334135,
  "parent_is_seed": false
}