{
  "step": 35,
  "group": 1,
  "rollout": 19,
  "reward": 2.5702407738479733,
  "raw_score": 2.5702407738479733,
  "valid": true,
  "parsed": true,
  "ran": true,
  "msg": "ok",
  "advantage": -1.0,
  "beta": 1048576.0,
  "n_response_tokens": 1904,
  "sandbox_stdout": "Invalid packing: Circle 0 at (0.07999999999999999,0.07999999999999999) r=1.0 outside unit square\nInvalid packing: Circle 9 at (0.870752837985939,0.29407266739661253) r=0.1292471622793046 outside unit square\n",
  "parent_value": 2.635983083334135,
  "parent_is_seed": false
}