{
  "step": 35,
  "group": 4,
  "rollout": 2,
  "reward": 2.6359829364320713,
  "raw_score": 2.6359829364320713,
  "valid": true,
  "parsed": true,
  "ran": true,
  "msg": "ok",
  "advantage": 0.3124999999982774,
  "beta": 1048576.0,
  "n_response_tokens": 2283,
  "sandbox_stdout": "Invalid packing: Circle 0 at (1.0,1.0) r=1.0 outside unit square\nInvalid packing: Circle 0 at (0.99972699851444,0.99972699851444) r=0.99972699851444 outside unit square\n",
  "parent_value": 2.6359829364320713,
  "parent_is_seed": false
}