{
  "step": 35,
  "group": 3,
  "rollout": 25,
  "reward": 2.6359829287597365,
  "raw_score": 2.6359829287597365,
  "valid": true,
  "parsed": true,
  "ran": true,
  "msg": "ok",
  "advantage": 0.15749020995674856,
  "beta": 1048576.0,
  "n_response_tokens": 1959,
  "sandbox_stdout": "Invalid packing: Circles 2 and 8 overlap\nInvalid packing: Circles 11 and 15 overlap\n",
  "parent_value": 2.6359829364320713,
  "parent_is_seed": false
}