{
  "step": 35,
  "group": 7,
  "rollout": 3,
  "reward": 2.6251227315937258,
  "raw_score": 2.6251227315937258,
  "valid": true,
  "parsed": true,
  "ran": true,
  "msg": "ok",
  "advantage": -1.0,
  "beta": 1048576.0,
  "n_response_tokens": 2251,
  "sandbox_stdout": "Invalid packing: Circle 0 at (1.0,1.0) r=1.0 outside unit square\nInvalid packing: Circle 20 at (0.08265365944953518,0.7644596404839965) r=0.08265367807198701 outside unit square\nInvalid packing: Circle 1 at (0.9248137418029607,0.9248142324215826) r=0.0751862505517644 outside unit square\n",
  "parent_value": 2.6359829364320713,
  "parent_is_seed": false
}