{
  "step": 34,
  "group": 1,
  "rollout": 14,
  "reward": 2.0799996546137565,
  "raw_score": 2.0799996546137565,
  "valid": true,
  "parsed": true,
  "ran": true,
  "msg": "ok",
  "advantage": -1.0,
  "beta": 1048576.0,
  "n_response_tokens": 2315,
  "sandbox_stdout": "Invalid packing: Circle 0 at (0.07999998472771723,0.07999997842951018) r=0.07999999999999824 outside unit square\nInvalid packing: Circle 1 at (0.1906845882661169,0.07999999136118091) r=0.07999999999999982 outside unit square\nInvalid packing: Circle 22 at (0.07999999737059187,0.07999999738051466) r=0.08 outside unit square\nInvalid packing: Circle 22 at (0.07999999737059187,0.07999999738051466) r=0.08 outside unit square\n",
  "parent_value": 2.6359829364320713,
  "parent_is_seed": false
}