{
  "step": 34,
  "group": 1,
  "rollout": 44,
  "reward": 2.6359829364320713,
  "raw_score": 2.6359829364320713,
  "valid": true,
  "parsed": true,
  "ran": true,
  "msg": "ok",
  "advantage": 0.2599999999984126,
  "beta": 1048576.0,
  "n_response_tokens": 2581,
  "sandbox_stdout": "Invalid packing: Circles 2 and 8 overlap\nInvalid packing: Circles 2 and 21 overlap\nInvalid packing: Circle 16 at (0.09250432439147897,0.2443583214932465) r=0.09250432719800453 outside unit square\n",
  "parent_value": 2.6359829364320713,
  "parent_is_seed": false
}