{
  "step": 9,
  "group": 3,
  "rollout": 6,
  "reward": 2.6050738118767955,
  "raw_score": 2.6050738118767955,
  "valid": true,
  "parsed": true,
  "ran": true,
  "msg": "ok",
  "advantage": -0.6588704144954391,
  "beta": 91.06585649474162,
  "n_response_tokens": 2316,
  "sandbox_stdout": "",
  "parent_value": 2.625219346269701,
  "parent_is_seed": false
}