{
  "step": 9,
  "group": 2,
  "rollout": 13,
  "reward": 2.62673969547146,
  "raw_score": 2.62673969547146,
  "valid": true,
  "parsed": true,
  "ran": true,
  "msg": "ok",
  "advantage": 1.1905624557286822,
  "beta": 3.163924114020596,
  "n_response_tokens": 2298,
  "sandbox_stdout": "",
  "parent_value": 2.6267396954725886,
  "parent_is_seed": false
}