{
  "step": 9,
  "group": 0,
  "rollout": 18,
  "reward": 2.604412274959403,
  "raw_score": 2.604412274959403,
  "valid": true,
  "parsed": true,
  "ran": true,
  "msg": "ok",
  "advantage": 1.621101060507078,
  "beta": 1.1884016396996735,
  "n_response_tokens": 2342,
  "sandbox_stdout": "Validation failed during optimization: Circle 3 at (0.8600123496947313,0.13998765030698435) r=0.13998765030715893 outside unit square\nFinal validation failed: Circles 9 and 13 overlap\nValidation failed during optimization: Circle 11 at (0.6831943167910309,0.14426291246406497) r=0.14426291246715844 outside unit square\nValidation failed during optimization: Circles 5 and 19 overlap\n",
  "parent_value": 2.629837078711644,
  "parent_is_seed": false
}