{
  "step": 9,
  "group": 3,
  "rollout": 17,
  "reward": 2.5913482734418096,
  "raw_score": 2.5913482734418096,
  "valid": true,
  "parsed": true,
  "ran": true,
  "msg": "ok",
  "advantage": -0.9032811757181737,
  "beta": 91.06585649474162,
  "n_response_tokens": 2908,
  "sandbox_stdout": "Validation failed in optimization: Circle 1 at (0.0,0.0) r=1.0 outside unit square\nValidation failed in optimization: Circle 0 at (0.7766522350934554,0.7766499077619005) r=0.22335053189114007 outside unit square\n",
  "parent_value": 2.625219346269701,
  "parent_is_seed": false
}