{
  "step": 9,
  "group": 3,
  "rollout": 7,
  "reward": 0.0,
  "raw_score": null,
  "valid": false,
  "parsed": true,
  "ran": false,
  "msg": "run_failed: 'NoneType' object has no attribute 'shape'",
  "advantage": -1.0,
  "beta": 91.06585649474162,
  "n_response_tokens": 2459,
  "sandbox_stdout": "Validation failed in optimization: Circle 0 at (0.5858716633314818,0.45798421773692555) r=1.0 outside unit square\nValidation failed in optimization: Circle 0 at (0.5858716633314818,0.45798421773692555) r=1.0 outside unit square\nValidation failed in optimization: Circle 0 at (0.5858716633314818,0.45798421773692555) r=1.0 outside unit square\nValidation failed in optimization: Circle 0 at (0.5858716633314818,0.45798421773692555) r=1.0 outside unit square\nValidation failed in optimization: Circle 0 at (0.5858716633314818,0.45798421773692555) r=1.0 outside unit square\nValidation failed in optimization: Circle 0 at (0.5858716633314818,0.45798421773692555) r=1.0 outside unit square\nValidation failed in optimization: Circle 0 at (0.5858716633314818,0.45798421773692555) r=1.0 outside unit square\nValidation failed in optimization: Circle 0 at (0.5858716633314818,0.45798421773692555) r=1.0 outside unit square\nValidation failed in optimization: Circle 0 at (0.5858716633314818,0.45798421773692555) r=1.0 outside unit square\nValidation failed in optimization: Circle 0 at (0.5858716633314818,0.45798421773692555) r=1.0 outside unit square\n",
  "parent_value": 2.625219346269701,
  "parent_is_seed": false
}