{
  "step": 9,
  "group": 2,
  "rollout": 17,
  "reward": 2.551133371022578,
  "raw_score": 2.551133371022578,
  "valid": true,
  "parsed": true,
  "ran": true,
  "msg": "ok",
  "advantage": 0.6902649332690938,
  "beta": 3.163924114020596,
  "n_response_tokens": 2202,
  "sandbox_stdout": "",
  "parent_value": 2.6267396954725886,
  "parent_is_seed": false
}