{
  "step": 36,
  "group": 6,
  "rollout": 43,
  "reward": 2.6359829364320713,
  "raw_score": 2.6359829364320713,
  "valid": true,
  "parsed": true,
  "ran": true,
  "msg": "ok",
  "advantage": 0.05064487859434408,
  "beta": 1048576.0,
  "n_response_tokens": 2334,
  "sandbox_stdout": "Invalid packing: Circles 2 and 8 overlap\nInvalid packing: Circle 2 at (0.4824600441879659,0.926736007434628) r=0.0732640112723943 outside unit square\n",
  "parent_value": 2.6359829364320713,
  "parent_is_seed": false
}