{
  "step": 36,
  "group": 3,
  "rollout": 29,
  "reward": 2.630113220840232,
  "raw_score": 2.630113220840232,
  "valid": true,
  "parsed": true,
  "ran": true,
  "msg": "ok",
  "advantage": -1.0,
  "beta": 1048576.0,
  "n_response_tokens": 2381,
  "sandbox_stdout": "Invalid packing: Circle 0 at (0.07214404383190258,0.07214404383379101) r=0.07214404400934887 outside unit square\nInvalid packing: Circles 3 and 8 overlap\nInvalid packing: Circle 25 at (0.07999999999999999,1.0) r=0.031999999999999994 outside unit square\nInvalid packing: Circle 0 at (0.9109024731135352,0.39313035915766525) r=0.0890975271165956 outside unit square\n",
  "parent_value": 2.635983083334135,
  "parent_is_seed": false
}