{
  "step": 0,
  "group": 0,
  "rollout": 14,
  "reward": 0.7479790463206849,
  "raw_score": 0.7479790463206849,
  "valid": true,
  "parsed": true,
  "ran": true,
  "msg": "ok",
  "advantage": 15.996492301565446,
  "beta": 3.7875485971388207,
  "n_response_tokens": 1718,
  "sandbox_stdout": "",
  "parent_value": 0.0,
  "parent_is_seed": true
}