{
  "step": 30,
  "group": 4,
  "rollout": 34,
  "reward": 2.635961758778502,
  "raw_score": 2.635961758778502,
  "valid": true,
  "parsed": true,
  "ran": true,
  "msg": "ok",
  "advantage": 0.4868296526504532,
  "beta": 56738.25610333807,
  "n_response_tokens": 2829,
  "sandbox_stdout": "",
  "parent_value": 2.6359674840796186,
  "parent_is_seed": false
}