{
  "step": 30,
  "group": 4,
  "rollout": 8,
  "reward": 2.6359674989940234,
  "raw_score": 2.6359674989940234,
  "valid": true,
  "parsed": true,
  "ran": true,
  "msg": "ok",
  "advantage": 1.0781192821117949,
  "beta": 56738.25610333807,
  "n_response_tokens": 2839,
  "sandbox_stdout": "Invalid packing: Circle 0 at (1.0,1.0) r=1.0 outside unit square\n",
  "parent_value": 2.6359674840796186,
  "parent_is_seed": false
}