{
  "step": 30,
  "group": 5,
  "rollout": 6,
  "reward": 2.6359674489315035,
  "raw_score": 2.6359674489315035,
  "valid": true,
  "parsed": true,
  "ran": true,
  "msg": "ok",
  "advantage": 0.7960236734320381,
  "beta": 1048576.0,
  "n_response_tokens": 2734,
  "sandbox_stdout": "Invalid packing: Circle 0 at (0.9977877823673167,0.9977877823673167) r=1.0 outside unit square\n",
  "parent_value": 2.6359674583950317,
  "parent_is_seed": false
}