{
  "step": 30,
  "group": 7,
  "rollout": 63,
  "reward": 2.635967448919474,
  "raw_score": 2.635967448919474,
  "valid": true,
  "parsed": true,
  "ran": true,
  "msg": "ok",
  "advantage": 0.5368621297569676,
  "beta": 1048576.0,
  "n_response_tokens": 2667,
  "sandbox_stdout": "Invalid packing: Circle 0 at (0.0,1.0) r=1.0 outside unit square\n",
  "parent_value": 2.635967448937363,
  "parent_is_seed": false
}