{
  "step": 30,
  "group": 5,
  "rollout": 40,
  "reward": 2.6359674489294243,
  "raw_score": 2.6359674489294243,
  "valid": true,
  "parsed": true,
  "ran": true,
  "msg": "ok",
  "advantage": 0.7960196460678297,
  "beta": 1048576.0,
  "n_response_tokens": 2520,
  "sandbox_stdout": "Invalid packing: Circles 0 and 11 overlap\n",
  "parent_value": 2.6359674583950317,
  "parent_is_seed": false
}