{
  "step": 30,
  "group": 5,
  "rollout": 36,
  "reward": 2.6359674489337017,
  "raw_score": 2.6359674489337017,
  "valid": true,
  "parsed": true,
  "ran": true,
  "msg": "ok",
  "advantage": 0.7960279313346625,
  "beta": 1048576.0,
  "n_response_tokens": 2682,
  "sandbox_stdout": "Invalid packing: Circle 0 at (0.0,1.0) r=1.0 outside unit square\n",
  "parent_value": 2.6359674583950317,
  "parent_is_seed": false
}