{
  "step": 30,
  "group": 3,
  "rollout": 14,
  "reward": 2.6359829364320713,
  "raw_score": 2.6359829364320713,
  "valid": true,
  "parsed": true,
  "ran": true,
  "msg": "ok",
  "advantage": 0.34062136868283166,
  "beta": 1048576.0,
  "n_response_tokens": 2416,
  "sandbox_stdout": "Invalid packing: Circles 2 and 8 overlap\nInvalid packing: Circle 21 at (0.8430476145017294,0.7268032257056121) r=0.15695249186515575 outside unit square\n",
  "parent_value": 2.6359829364320713,
  "parent_is_seed": false
}