{
  "step": 30,
  "group": 6,
  "rollout": 55,
  "reward": 2.6356782764439974,
  "raw_score": 2.6356782764439974,
  "valid": true,
  "parsed": true,
  "ran": true,
  "msg": "ok",
  "advantage": -0.5701699893090582,
  "beta": 5628.174954050978,
  "n_response_tokens": 3345,
  "sandbox_stdout": "Invalid packing: Circles 0 and 3 overlap\nInvalid packing: Circle 0 at (0.0,0.0) r=1.0 outside unit square\n",
  "parent_value": 2.6359674517948806,
  "parent_is_seed": false
}