{
  "step": 30,
  "group": 2,
  "rollout": 33,
  "reward": 2.6359829332479965,
  "raw_score": 2.6359829332479965,
  "valid": true,
  "parsed": true,
  "ran": true,
  "msg": "ok",
  "advantage": 0.1666666666653056,
  "beta": 1048576.0,
  "n_response_tokens": 2402,
  "sandbox_stdout": "Invalid packing: Circles 3 and 19 overlap\nInvalid packing: Circles 11 and 17 overlap\n",
  "parent_value": 2.6359829332479965,
  "parent_is_seed": false
}