{
  "step": 30,
  "group": 7,
  "rollout": 36,
  "reward": 0.0,
  "raw_score": 0.0,
  "valid": true,
  "parsed": true,
  "ran": true,
  "msg": "ok",
  "advantage": -1.0,
  "beta": 1048576.0,
  "n_response_tokens": 2534,
  "sandbox_stdout": "Invalid packing: Circle 0 at (0.008465064803732894,0.009820082545887919) r=0.8236105245978571 outside unit square\nInvalid packing: Circle 0 at (2.156391022512399e-08,0.9999889615088859) r=1.0 outside unit square\nInvalid packing: Circle 0 at (0.0,0.4794386564274158) r=5.619556505545921e-05 outside unit square\nInvalid packing: Circle 1 at (0.0,1.0) r=1.0 outside unit square\nInvalid packing: Circle 0 at (2.1352948653327815e-06,0.3611520209152528) r=1.0 outside unit square\nInvalid packing: Circle 0 at (2.672118114912069e-05,0.06223531287601006) r=1.0 outside unit square\nInvalid packing: Circle 0 at (0.9999678664068159,0.11368603181880915) r=1.0 outside unit square\nInvalid packing: Circle 0 at (0.0003561454643775055,0.6018783397065328) r=1.0 outside unit square\n",
  "parent_value": 2.635967448937363,
  "parent_is_seed": false
}