{
  "step": 30,
  "group": 2,
  "rollout": 44,
  "reward": 2.6359829332479965,
  "raw_score": 2.6359829332479965,
  "valid": true,
  "parsed": true,
  "ran": true,
  "msg": "ok",
  "advantage": 0.1666666666653056,
  "beta": 1048576.0,
  "n_response_tokens": 2376,
  "sandbox_stdout": "Invalid packing: Circle 1 at (0.11580365436590746,0.8841969116365852) r=0.11580309028878155 outside unit square\n",
  "parent_value": 2.6359829332479965,
  "parent_is_seed": false
}