{
  "step": 30,
  "group": 7,
  "rollout": 9,
  "reward": 2.632326007255929,
  "raw_score": 2.632326007255929,
  "valid": true,
  "parsed": true,
  "ran": true,
  "msg": "ok",
  "advantage": -1.0,
  "beta": 1048576.0,
  "n_response_tokens": 2753,
  "sandbox_stdout": "Invalid packing: Circle 0 at (0.12484020236111526,0.41494950788805557) r=0.12484215001546728 outside unit square\n",
  "parent_value": 2.635967448937363,
  "parent_is_seed": false
}