{
  "step": 30,
  "group": 6,
  "rollout": 46,
  "reward": 2.635967449956572,
  "raw_score": 2.635967449956572,
  "valid": true,
  "parsed": true,
  "ran": true,
  "msg": "ok",
  "advantage": 1.2512009843871592,
  "beta": 5628.174954050978,
  "n_response_tokens": 3445,
  "sandbox_stdout": "Invalid packing: Circles 0 and 1 overlap\n",
  "parent_value": 2.6359674517948806,
  "parent_is_seed": false
}