{
  "step": 30,
  "group": 7,
  "rollout": 61,
  "reward": 2.635967448933954,
  "raw_score": 2.635967448933954,
  "valid": true,
  "parsed": true,
  "ran": true,
  "msg": "ok",
  "advantage": 0.5368860339078729,
  "beta": 1048576.0,
  "n_response_tokens": 2551,
  "sandbox_stdout": "Invalid packing: Circle 3 at (0.9450692328352619,0.45825595180838685) r=0.2050923533869933 outside unit square\n",
  "parent_value": 2.635967448937363,
  "parent_is_seed": false
}