{
  "step": 30,
  "group": 5,
  "rollout": 44,
  "reward": 2.6359674488892653,
  "raw_score": 2.6359674488892653,
  "valid": true,
  "parsed": true,
  "ran": true,
  "msg": "ok",
  "advantage": 0.795941861783213,
  "beta": 1048576.0,
  "n_response_tokens": 2503,
  "sandbox_stdout": "",
  "parent_value": 2.6359674583950317,
  "parent_is_seed": false
}