{
  "step": 30,
  "group": 0,
  "rollout": 5,
  "reward": 2.63598293122794,
  "raw_score": 2.63598293122794,
  "valid": true,
  "parsed": true,
  "ran": true,
  "msg": "ok",
  "advantage": 0.12509121595128003,
  "beta": 1048576.0,
  "n_response_tokens": 2600,
  "sandbox_stdout": "",
  "parent_value": 2.63598293122794,
  "parent_is_seed": false
}