{
  "step": 30,
  "group": 2,
  "rollout": 39,
  "reward": 2.6359829332479965,
  "raw_score": 2.6359829332479965,
  "valid": true,
  "parsed": true,
  "ran": true,
  "msg": "ok",
  "advantage": 0.1666666666653056,
  "beta": 1048576.0,
  "n_response_tokens": 2515,
  "sandbox_stdout": "Invalid packing: Circle 0 at (1.0,1.0) r=1.0 outside unit square\nInvalid packing: Circle 20 at (0.08265365944953518,0.7644596404839965) r=0.08265367807198701 outside unit square\nInvalid packing: Circles 0 and 19 overlap\nInvalid packing: Circle 2 at (1.0,1.0) r=1.0 outside unit square\n",
  "parent_value": 2.6359829332479965,
  "parent_is_seed": false
}