{
  "step": 0,
  "group": 4,
  "rollout": 40,
  "reward": 0.20049572108337843,
  "raw_score": 0.20049572108337843,
  "valid": true,
  "parsed": true,
  "ran": true,
  "msg": "ok",
  "advantage": 27.78570970972473,
  "beta": 16.757859246260793,
  "n_response_tokens": 1459,
  "sandbox_stdout": "",
  "parent_value": 0.0,
  "parent_is_seed": true
}