{
  "step": 4,
  "group": 3,
  "rollout": 17,
  "reward": 2.6028638313219203,
  "raw_score": 2.6028638313219203,
  "valid": true,
  "parsed": true,
  "ran": true,
  "msg": "ok",
  "advantage": 1.5858395161899357,
  "beta": 8.337548346456192,
  "n_response_tokens": 1888,
  "sandbox_stdout": "",
  "parent_value": 2.57887965127596,
  "parent_is_seed": false
}