{
  "step": 4,
  "group": 2,
  "rollout": 3,
  "reward": 2.5861175340588582,
  "raw_score": 2.5861175340588582,
  "valid": true,
  "parsed": true,
  "ran": true,
  "msg": "ok",
  "advantage": 1.3417752803235796,
  "beta": 1.6486822629462698,
  "n_response_tokens": 1579,
  "sandbox_stdout": "",
  "parent_value": 2.591133574516932,
  "parent_is_seed": false
}