{
  "step": 4,
  "group": 2,
  "rollout": 8,
  "reward": 2.493199617326453,
  "raw_score": 2.493199617326453,
  "valid": true,
  "parsed": true,
  "ran": true,
  "msg": "ok",
  "advantage": 0.9805196581824047,
  "beta": 1.6486822629462698,
  "n_response_tokens": 2220,
  "sandbox_stdout": "",
  "parent_value": 2.591133574516932,
  "parent_is_seed": false
}