{
  "step": 4,
  "group": 3,
  "rollout": 5,
  "reward": 2.556306355667869,
  "raw_score": 2.556306355667869,
  "valid": true,
  "parsed": true,
  "ran": true,
  "msg": "ok",
  "advantage": 0.6927340328418101,
  "beta": 8.337548346456192,
  "n_response_tokens": 1930,
  "sandbox_stdout": "",
  "parent_value": 2.57887965127596,
  "parent_is_seed": false
}