{
  "step": 4,
  "group": 2,
  "rollout": 13,
  "reward": 2.6075699560397116,
  "raw_score": 2.6075699560397116,
  "valid": true,
  "parsed": true,
  "ran": true,
  "msg": "ok",
  "advantage": 1.4350073433435577,
  "beta": 1.6486822629462698,
  "n_response_tokens": 2584,
  "sandbox_stdout": "",
  "parent_value": 2.591133574516932,
  "parent_is_seed": false
}