{
  "step": 4,
  "group": 3,
  "rollout": 6,
  "reward": 2.623489242000623,
  "raw_score": 2.623489242000623,
  "valid": true,
  "parsed": true,
  "ran": true,
  "msg": "ok",
  "advantage": 2.137219353085652,
  "beta": 8.337548346456192,
  "n_response_tokens": 2044,
  "sandbox_stdout": "",
  "parent_value": 2.57887965127596,
  "parent_is_seed": false
}