{
  "step": 4,
  "group": 2,
  "rollout": 20,
  "reward": 2.567972536044045,
  "raw_score": 2.567972536044045,
  "valid": true,
  "parsed": true,
  "ran": true,
  "msg": "ok",
  "advantage": 1.2659581737693468,
  "beta": 1.6486822629462698,
  "n_response_tokens": 1542,
  "sandbox_stdout": "",
  "parent_value": 2.591133574516932,
  "parent_is_seed": false
}