{
  "step": 4,
  "group": 0,
  "rollout": 9,
  "reward": 0.0,
  "raw_score": null,
  "valid": false,
  "parsed": true,
  "ran": true,
  "msg": "bad_centers_shape: (0,)",
  "advantage": -0.803855650938811,
  "beta": 1.034980288110407,
  "n_response_tokens": 2340,
  "sandbox_stdout": "Validation failed in optimization: Circle 0 at (0.0741671494580865,0.07416714944579526) r=0.07416714945567546 outside unit square\nValidation failed in optimization: Circle 0 at (0.0741671494580865,0.07416714944579526) r=0.07416714945567546 outside unit square\nValidation failed in optimization: Circle 0 at (0.0741671494580865,0.07416714944579526) r=0.07416714945567546 outside unit square\nValidation failed in optimization: Circle 0 at (0.0741671494580865,0.07416714944579526) r=0.07416714945567546 outside unit square\nValidation failed in optimization: Circle 0 at (0.0741671494580865,0.07416714944579526) r=0.07416714945567546 outside unit square\n",
  "parent_value": 2.6071518165655854,
  "parent_is_seed": false
}