{
  "step": 4,
  "group": 3,
  "rollout": 23,
  "reward": 2.448417544051524,
  "raw_score": 2.448417544051524,
  "valid": true,
  "parsed": true,
  "ran": true,
  "msg": "ok",
  "advantage": -0.34026535560566173,
  "beta": 8.337548346456192,
  "n_response_tokens": 1756,
  "sandbox_stdout": "",
  "parent_value": 2.57887965127596,
  "parent_is_seed": false
}