{
  "step": 14,
  "group": 3,
  "rollout": 19,
  "reward": 2.629837078888236,
  "raw_score": 2.629837078888236,
  "valid": true,
  "parsed": true,
  "ran": true,
  "msg": "ok",
  "advantage": 1.4417416345726606,
  "beta": 1.3338220782253327,
  "n_response_tokens": 2153,
  "sandbox_stdout": "",
  "parent_value": 2.629837078888309,
  "parent_is_seed": false
}