{
  "step": 14,
  "group": 1,
  "rollout": 16,
  "reward": 2.6119160682376767,
  "raw_score": 2.6119160682376767,
  "valid": true,
  "parsed": true,
  "ran": true,
  "msg": "ok",
  "advantage": -1.0,
  "beta": 2133.5806772430983,
  "n_response_tokens": 2223,
  "sandbox_stdout": "",
  "parent_value": 2.6298370788884,
  "parent_is_seed": false
}