{
  "step": 14,
  "group": 3,
  "rollout": 23,
  "reward": 2.6298370788885137,
  "raw_score": 2.6298370788885137,
  "valid": true,
  "parsed": true,
  "ran": true,
  "msg": "ok",
  "advantage": 1.4417416345736607,
  "beta": 1.3338220782253327,
  "n_response_tokens": 2378,
  "sandbox_stdout": "",
  "parent_value": 2.629837078888309,
  "parent_is_seed": false
}