{
  "step": 14,
  "group": 0,
  "rollout": 23,
  "reward": 2.629837078888331,
  "raw_score": 2.629837078888331,
  "valid": true,
  "parsed": true,
  "ran": true,
  "msg": "ok",
  "advantage": 1.0909090906778762,
  "beta": 2822.7689156518627,
  "n_response_tokens": 2624,
  "sandbox_stdout": "",
  "parent_value": 2.6298370788884,
  "parent_is_seed": false
}