{
  "step": 4,
  "group": 0,
  "rollout": 17,
  "reward": 0.9543089575184297,
  "raw_score": 0.9543089575184297,
  "valid": true,
  "parsed": true,
  "ran": true,
  "msg": "ok",
  "advantage": 0.4448952692965922,
  "beta": 1.340164959555381,
  "n_response_tokens": 2448,
  "sandbox_stdout": "",
  "parent_value": 1.908104214829086,
  "parent_is_seed": false
}