{
  "step": 4,
  "group": 3,
  "rollout": 7,
  "reward": 1.1366249049643586,
  "raw_score": 1.1366249049643586,
  "valid": true,
  "parsed": true,
  "ran": true,
  "msg": "ok",
  "advantage": 2.837676383400704,
  "beta": 2.129479255183471,
  "n_response_tokens": 1690,
  "sandbox_stdout": "",
  "parent_value": 1.1237399612613428,
  "parent_is_seed": false
}