{
  "step": 4,
  "group": 2,
  "rollout": 16,
  "reward": 0.0,
  "raw_score": null,
  "valid": false,
  "parsed": true,
  "ran": true,
  "msg": "bad_centers_shape: (0,)",
  "advantage": -0.807886191355573,
  "beta": 2.5155650686342708,
  "n_response_tokens": 1693,
  "sandbox_stdout": "Validation failed: Circle 0 at (0.07048193131130745,0.058199391964662846) r=0.05822643390287507 outside unit square\n",
  "parent_value": 1.2000000000000002,
  "parent_is_seed": false
}