{
  "step": 4,
  "group": 1,
  "rollout": 20,
  "reward": 0.9295167561587345,
  "raw_score": 0.9295167561587345,
  "valid": true,
  "parsed": true,
  "ran": true,
  "msg": "ok",
  "advantage": 0.05271575138650797,
  "beta": 3.0309375065746837,
  "n_response_tokens": 2501,
  "sandbox_stdout": "",
  "parent_value": 1.2279948717000042,
  "parent_is_seed": false
}