{
  "step": 25,
  "group": 1,
  "rollout": 26,
  "reward": 2.635967448923323,
  "raw_score": 2.635967448923323,
  "valid": true,
  "parsed": true,
  "ran": true,
  "msg": "ok",
  "advantage": 1.08313645687412,
  "beta": 8976.00716573912,
  "n_response_tokens": 2848,
  "sandbox_stdout": "",
  "parent_value": 2.635967448934944,
  "parent_is_seed": false
}