{
  "step": 25,
  "group": 1,
  "rollout": 21,
  "reward": 2.6356402849842695,
  "raw_score": 2.6356402849842695,
  "valid": true,
  "parsed": true,
  "ran": true,
  "msg": "ok",
  "advantage": -0.8928561214186885,
  "beta": 8976.00716573912,
  "n_response_tokens": 2841,
  "sandbox_stdout": "",
  "parent_value": 2.635967448934944,
  "parent_is_seed": false
}