{
  "step": 25,
  "group": 2,
  "rollout": 40,
  "reward": 2.63596744892687,
  "raw_score": 2.63596744892687,
  "valid": true,
  "parsed": true,
  "ran": true,
  "msg": "ok",
  "advantage": 1.0608955723469982,
  "beta": 83028.59716214534,
  "n_response_tokens": 2714,
  "sandbox_stdout": "",
  "parent_value": 2.635967463117973,
  "parent_is_seed": false
}