{
  "step": 25,
  "group": 7,
  "rollout": 31,
  "reward": 2.635967448933533,
  "raw_score": 2.635967448933533,
  "valid": true,
  "parsed": true,
  "ran": true,
  "msg": "ok",
  "advantage": 0.28571672141182636,
  "beta": 1048576.0,
  "n_response_tokens": 2116,
  "sandbox_stdout": "Invalid packing: Circle 23 at (0.11309267129853758,0.8869044285770332) r=0.11309456973454937 outside unit square\n",
  "parent_value": 2.635967448933533,
  "parent_is_seed": false
}