{
  "step": 25,
  "group": 1,
  "rollout": 20,
  "reward": 2.6323260072586994,
  "raw_score": 2.6323260072586994,
  "valid": true,
  "parsed": true,
  "ran": true,
  "msg": "ok",
  "advantage": -0.9999999999999871,
  "beta": 8976.00716573912,
  "n_response_tokens": 2636,
  "sandbox_stdout": "Invalid packing: Circle 0 at (0.0,0.0) r=1.0 outside unit square\nInvalid packing: Circle 1 at (1.0,1.0) r=1.0 outside unit square\n",
  "parent_value": 2.635967448934944,
  "parent_is_seed": false
}