{
  "step": 25,
  "group": 0,
  "rollout": 21,
  "reward": 2.6359829285228105,
  "raw_score": 2.6359829285228105,
  "valid": true,
  "parsed": true,
  "ran": true,
  "msg": "ok",
  "advantage": 0.2331888011497525,
  "beta": 1048576.0,
  "n_response_tokens": 2201,
  "sandbox_stdout": "Invalid packing: Circles 8 and 9 overlap\nInvalid packing: Circle 1 at (0.6062752782953503,0.07989017387513253) r=0.10690563806194038 outside unit square\nInvalid packing: Circles 2 and 7 overlap\n",
  "parent_value": 2.635982930149548,
  "parent_is_seed": false
}