{
  "step": 25,
  "group": 6,
  "rollout": 34,
  "reward": 2.635967448933533,
  "raw_score": 2.635967448933533,
  "valid": true,
  "parsed": true,
  "ran": true,
  "msg": "ok",
  "advantage": 0.3404282475653957,
  "beta": 1048576.0,
  "n_response_tokens": 2252,
  "sandbox_stdout": "Invalid packing: Circle 4 at (0.9297805249244437,0.9297805249244437) r=0.9297805249244437 outside unit square\n",
  "parent_value": 2.635967448933533,
  "parent_is_seed": false
}