{
  "step": 25,
  "group": 6,
  "rollout": 31,
  "reward": 2.6065596920341,
  "raw_score": 2.6065596920341,
  "valid": true,
  "parsed": true,
  "ran": true,
  "msg": "ok",
  "advantage": -1.0,
  "beta": 1048576.0,
  "n_response_tokens": 2314,
  "sandbox_stdout": "Invalid packing: Circle 0 at (0.0,0.0) r=1.0 outside unit square\nInvalid packing: Circle 1 at (0.9999993890868465,6.109131534915091e-07) r=0.9999993890868465 outside unit square\nInvalid packing: Circle 1 at (0.9999993890868465,6.109131534915091e-07) r=0.9999993890868465 outside unit square\nInvalid packing: Circle 3 at (0.07564964599698618,0.8359809847465931) r=0.11954108296472495 outside unit square\nInvalid packing: Circle 0 at (1.0,0.0) r=1.0 outside unit square\n",
  "parent_value": 2.635967448933533,
  "parent_is_seed": false
}