{
  "step": 25,
  "group": 2,
  "rollout": 56,
  "reward": 2.635967448933374,
  "raw_score": 2.635967448933374,
  "valid": true,
  "parsed": true,
  "ran": true,
  "msg": "ok",
  "advantage": 1.0608967216976595,
  "beta": 83028.59716214534,
  "n_response_tokens": 2197,
  "sandbox_stdout": "Invalid packing: Circles 0 and 1 overlap\n",
  "parent_value": 2.635967463117973,
  "parent_is_seed": false
}