{
  "step": 25,
  "group": 1,
  "rollout": 3,
  "reward": 2.6359674488413374,
  "raw_score": 2.6359674488413374,
  "valid": true,
  "parsed": true,
  "ran": true,
  "msg": "ok",
  "advantage": 1.0831348731998154,
  "beta": 8976.00716573912,
  "n_response_tokens": 2554,
  "sandbox_stdout": "",
  "parent_value": 2.635967448934944,
  "parent_is_seed": false
}