{
  "step": 25,
  "group": 1,
  "rollout": 4,
  "reward": 2.608952078627251,
  "raw_score": 2.608952078627251,
  "valid": true,
  "parsed": true,
  "ran": true,
  "msg": "ok",
  "advantage": -1.0,
  "beta": 8976.00716573912,
  "n_response_tokens": 1677,
  "sandbox_stdout": "",
  "parent_value": 2.635967448934944,
  "parent_is_seed": false
}