{
  "step": 25,
  "group": 7,
  "rollout": 50,
  "reward": 2.635967448933533,
  "raw_score": 2.635967448933533,
  "valid": true,
  "parsed": true,
  "ran": true,
  "msg": "ok",
  "advantage": 0.28571672141182636,
  "beta": 1048576.0,
  "n_response_tokens": 2078,
  "sandbox_stdout": "Invalid packing: Circle 0 at (0.550699528255827,0.9659360951507996) r=0.03511178792738966 outside unit square\n",
  "parent_value": 2.635967448933533,
  "parent_is_seed": false
}