{
  "step": 25,
  "group": 3,
  "rollout": 56,
  "reward": 2.635967448933533,
  "raw_score": 2.635967448933533,
  "valid": true,
  "parsed": true,
  "ran": true,
  "msg": "ok",
  "advantage": 0.4318212388440248,
  "beta": 1048576.0,
  "n_response_tokens": 2311,
  "sandbox_stdout": "Invalid packing: Circle 0 at (0.9999999999000028,0.9999999999000028) r=0.6288592368582302 outside unit square\n",
  "parent_value": 2.635967448933533,
  "parent_is_seed": false
}