{
  "step": 25,
  "group": 2,
  "rollout": 45,
  "reward": 2.6353127771456815,
  "raw_score": 2.6353127771456815,
  "valid": true,
  "parsed": true,
  "ran": true,
  "msg": "ok",
  "advantage": -1.0,
  "beta": 83028.59716214534,
  "n_response_tokens": 2518,
  "sandbox_stdout": "",
  "parent_value": 2.635967463117973,
  "parent_is_seed": false
}