{
  "step": 25,
  "group": 6,
  "rollout": 43,
  "reward": 2.635967448933533,
  "raw_score": 2.635967448933533,
  "valid": true,
  "parsed": true,
  "ran": true,
  "msg": "ok",
  "advantage": 0.3404282475653957,
  "beta": 1048576.0,
  "n_response_tokens": 2152,
  "sandbox_stdout": "Invalid packing: Circle 2 at (1.0,1.0) r=1.0 outside unit square\n",
  "parent_value": 2.635967448933533,
  "parent_is_seed": false
}