{
  "step": 25,
  "group": 1,
  "rollout": 8,
  "reward": 2.635668214415571,
  "raw_score": 2.635668214415571,
  "valid": true,
  "parsed": true,
  "ran": true,
  "msg": "ok",
  "advantage": -0.8622621773168413,
  "beta": 8976.00716573912,
  "n_response_tokens": 2284,
  "sandbox_stdout": "",
  "parent_value": 2.635967448934944,
  "parent_is_seed": false
}