{
  "step": 16,
  "group": 0,
  "rollout": 27,
  "reward": 2.635312776568061,
  "raw_score": 2.635312776568061,
  "valid": true,
  "parsed": true,
  "ran": true,
  "msg": "ok",
  "advantage": 0.2600032493063751,
  "beta": 1048576.0,
  "n_response_tokens": 1963,
  "sandbox_stdout": "Invalid packing: Circles 3 and 18 overlap\n",
  "parent_value": 2.635312776568061,
  "parent_is_seed": false
}