{
  "step": 16,
  "group": 2,
  "rollout": 22,
  "reward": 2.620897762480892,
  "raw_score": 2.620897762480892,
  "valid": true,
  "parsed": true,
  "ran": true,
  "msg": "ok",
  "advantage": -0.9920829719128759,
  "beta": 499.4344754710554,
  "n_response_tokens": 2492,
  "sandbox_stdout": "Invalid packing: Circle 0 at (0.0,1.0) r=1.0 outside unit square\nInvalid packing: Circles 0 and 8 overlap\n",
  "parent_value": 2.632326007258675,
  "parent_is_seed": false
}