{
  "step": 16,
  "group": 1,
  "rollout": 41,
  "reward": 2.631349531255911,
  "raw_score": 2.631349531255911,
  "valid": true,
  "parsed": true,
  "ran": true,
  "msg": "ok",
  "advantage": -0.219115064431339,
  "beta": 658.0457744723567,
  "n_response_tokens": 2184,
  "sandbox_stdout": "Invalid packing: Circle 3 at (0.880572293269938,0.7022813610385763) r=0.11951801829427779 outside unit square\n",
  "parent_value": 2.6323414358108086,
  "parent_is_seed": false
}