{
  "step": 16,
  "group": 7,
  "rollout": 40,
  "reward": 2.6323260072585617,
  "raw_score": 2.6323260072585617,
  "valid": true,
  "parsed": true,
  "ran": true,
  "msg": "ok",
  "advantage": 0.6578947448236412,
  "beta": 1048576.0,
  "n_response_tokens": 2132,
  "sandbox_stdout": "Invalid packing: Circle 2 at (0.9999960955937336,0.5351626031335157) r=0.5351626031335157 outside unit square\n",
  "parent_value": 2.6323260072585617,
  "parent_is_seed": false
}