{
  "step": 16,
  "group": 3,
  "rollout": 37,
  "reward": 2.5938157954538683,
  "raw_score": 2.5938157954538683,
  "valid": true,
  "parsed": true,
  "ran": true,
  "msg": "ok",
  "advantage": -1.0,
  "beta": 1048576.0,
  "n_response_tokens": 1585,
  "sandbox_stdout": "",
  "parent_value": 2.6323260072585617,
  "parent_is_seed": false
}