{
  "step": 16,
  "group": 7,
  "rollout": 38,
  "reward": 2.6323260072585617,
  "raw_score": 2.6323260072585617,
  "valid": true,
  "parsed": true,
  "ran": true,
  "msg": "ok",
  "advantage": 0.6578947448236412,
  "beta": 1048576.0,
  "n_response_tokens": 2351,
  "sandbox_stdout": "Invalid packing: Circles 0 and 8 overlap\n",
  "parent_value": 2.6323260072585617,
  "parent_is_seed": false
}