{
  "step": 16,
  "group": 3,
  "rollout": 61,
  "reward": 2.601336553614047,
  "raw_score": 2.601336553614047,
  "valid": true,
  "parsed": true,
  "ran": true,
  "msg": "ok",
  "advantage": -1.0,
  "beta": 1048576.0,
  "n_response_tokens": 3319,
  "sandbox_stdout": "Invalid packing: Circle 0 at (1.0,1.0) r=0.0015918803346941428 outside unit square\nInvalid packing: Circle 1 at (0.665078225126463,0.9746565913264288) r=0.24773108260935295 outside unit square\nInvalid packing: Circle 0 at (0.0003334968091057199,0.0003334968091057199) r=0.9996665031908943 outside unit square\n",
  "parent_value": 2.6323260072585617,
  "parent_is_seed": false
}