{
  "step": 16,
  "group": 6,
  "rollout": 38,
  "reward": 2.6323260072585617,
  "raw_score": 2.6323260072585617,
  "valid": true,
  "parsed": true,
  "ran": true,
  "msg": "ok",
  "advantage": 0.7341963231491766,
  "beta": 1048576.0,
  "n_response_tokens": 2425,
  "sandbox_stdout": "Invalid packing: Circle 1 at (0.8024064587425463,0.19783085082930196) r=0.1976313327239742 outside unit square\n",
  "parent_value": 2.6323260072585617,
  "parent_is_seed": false
}