{
  "step": 16,
  "group": 6,
  "rollout": 21,
  "reward": 2.6208977442144366,
  "raw_score": 2.6208977442144366,
  "valid": true,
  "parsed": true,
  "ran": true,
  "msg": "ok",
  "advantage": -1.0,
  "beta": 1048576.0,
  "n_response_tokens": 2600,
  "sandbox_stdout": "",
  "parent_value": 2.6323260072585617,
  "parent_is_seed": false
}