{
  "step": 16,
  "group": 1,
  "rollout": 17,
  "reward": 2.599266210425598,
  "raw_score": 2.599266210425598,
  "valid": true,
  "parsed": true,
  "ran": true,
  "msg": "ok",
  "advantage": -0.9999999994772616,
  "beta": 658.0457744723567,
  "n_response_tokens": 1995,
  "sandbox_stdout": "",
  "parent_value": 2.6323414358108086,
  "parent_is_seed": false
}