{
  "step": 16,
  "group": 1,
  "rollout": 56,
  "reward": 2.6248117885366327,
  "raw_score": 2.6248117885366327,
  "valid": true,
  "parsed": true,
  "ran": true,
  "msg": "ok",
  "advantage": -0.989554818085794,
  "beta": 658.0457744723567,
  "n_response_tokens": 2531,
  "sandbox_stdout": "Invalid packing: Circles 0 and 4 overlap\nInvalid packing: Circles 18 and 22 overlap\n",
  "parent_value": 2.6323414358108086,
  "parent_is_seed": false
}