{
  "step": 16,
  "group": 7,
  "rollout": 23,
  "reward": 2.5927567458172507,
  "raw_score": 2.5927567458172507,
  "valid": true,
  "parsed": true,
  "ran": true,
  "msg": "ok",
  "advantage": -1.0,
  "beta": 1048576.0,
  "n_response_tokens": 2042,
  "sandbox_stdout": "Invalid packing: Circle 0 at (0.0,0.0) r=1.0 outside unit square\nInvalid packing: Circle 0 at (0.383777781742532,0.20639571809092933) r=0.21333844577700833 outside unit square\n",
  "parent_value": 2.6323260072585617,
  "parent_is_seed": false
}