{
  "step": 16,
  "group": 2,
  "rollout": 1,
  "reward": 2.561282776681822,
  "raw_score": 2.561282776681822,
  "valid": true,
  "parsed": true,
  "ran": true,
  "msg": "ok",
  "advantage": -0.9999999999999991,
  "beta": 499.4344754710554,
  "n_response_tokens": 2449,
  "sandbox_stdout": "Invalid packing: Circle 1 at (0.0,0.0) r=1.0 outside unit square\nInvalid packing: Circle 1 at (1.0,0.0) r=1.0 outside unit square\n",
  "parent_value": 2.632326007258675,
  "parent_is_seed": false
}