{
  "step": 16,
  "group": 1,
  "rollout": 0,
  "reward": 2.616179640858212,
  "raw_score": 2.616179640858212,
  "valid": true,
  "parsed": true,
  "ran": true,
  "msg": "ok",
  "advantage": -0.9999643630661166,
  "beta": 658.0457744723567,
  "n_response_tokens": 2242,
  "sandbox_stdout": "Invalid packing: Circle 8 at (0.0,1.0) r=1.0 outside unit square\n",
  "parent_value": 2.6323414358108086,
  "parent_is_seed": false
}