{
  "step": 16,
  "group": 1,
  "rollout": 7,
  "reward": 2.626487787430577,
  "raw_score": 2.626487787430577,
  "valid": true,
  "parsed": true,
  "ran": true,
  "msg": "ok",
  "advantage": -0.9685198062117281,
  "beta": 658.0457744723567,
  "n_response_tokens": 2572,
  "sandbox_stdout": "Invalid packing: Circles 0 and 4 overlap\nInvalid packing: Circle 1 at (0.0,0.0) r=1.0 outside unit square\nInvalid packing: Circle 2 at (0.6226794850509538,0.08696826283082798) r=0.37578931435321555 outside unit square\n",
  "parent_value": 2.6323414358108086,
  "parent_is_seed": false
}