{
  "step": 16,
  "group": 1,
  "rollout": 20,
  "reward": 0.0,
  "raw_score": 0.0,
  "valid": true,
  "parsed": true,
  "ran": true,
  "msg": "ok",
  "advantage": -1.0,
  "beta": 658.0457744723567,
  "n_response_tokens": 2402,
  "sandbox_stdout": "Invalid packing: Circle 0 at (0.07407407407407407,0.07407407407407407) r=1.0 outside unit square\nInvalid packing: Circle 0 at (0.07142857142857142,0.07142857142857142) r=1.0 outside unit square\nInvalid packing: Circle 0 at (0.7606885888912311,0.5479563993507518) r=0.999999993922529 outside unit square\nInvalid packing: Circle 0 at (0.29203539823008845,0.29203539823008845) r=0.9999999939225293 outside unit square\nInvalid packing: Circle 0 at (0.2580645161290323,0.2580645161290323) r=1.0 outside unit square\n",
  "parent_value": 2.6323414358108086,
  "parent_is_seed": false
}