{
  "step": 16,
  "group": 1,
  "rollout": 18,
  "reward": 2.6068594082223053,
  "raw_score": 2.6068594082223053,
  "valid": true,
  "parsed": true,
  "ran": true,
  "msg": "ok",
  "advantage": -0.9999999226765263,
  "beta": 658.0457744723567,
  "n_response_tokens": 1737,
  "sandbox_stdout": "Invalid packing: Circle 1 at (1.0,1.0) r=1.0 outside unit square\nInvalid packing: Circle 1 at (0.0,1.0) r=1.0 outside unit square\n",
  "parent_value": 2.6323414358108086,
  "parent_is_seed": false
}