{
  "step": 13,
  "group": 0,
  "rollout": 12,
  "reward": 2.629837078888309,
  "raw_score": 2.629837078888309,
  "valid": true,
  "parsed": true,
  "ran": true,
  "msg": "ok",
  "advantage": 2.229496888964506,
  "beta": 1.0186603835186432,
  "n_response_tokens": 2263,
  "sandbox_stdout": "",
  "parent_value": 2.629837078888404,
  "parent_is_seed": false
}