{
  "step": 13,
  "group": 3,
  "rollout": 13,
  "reward": 2.5876571393297167,
  "raw_score": 2.5876571393297167,
  "valid": true,
  "parsed": true,
  "ran": true,
  "msg": "ok",
  "advantage": -0.874932895905952,
  "beta": 66.29314138999551,
  "n_response_tokens": 2275,
  "sandbox_stdout": "",
  "parent_value": 2.6298370788882974,
  "parent_is_seed": false
}