{
  "step": 13,
  "group": 2,
  "rollout": 23,
  "reward": 2.6298370788882974,
  "raw_score": 2.6298370788882974,
  "valid": true,
  "parsed": true,
  "ran": true,
  "msg": "ok",
  "advantage": 1.3140780561627006,
  "beta": 1.62007667587431,
  "n_response_tokens": 2526,
  "sandbox_stdout": "",
  "parent_value": 2.6298370788882974,
  "parent_is_seed": false
}