{
  "step": 39,
  "group": 4,
  "rollout": 52,
  "reward": 2.635983083334135,
  "raw_score": 2.635983083334135,
  "valid": true,
  "parsed": true,
  "ran": true,
  "msg": "ok",
  "advantage": 0.06779661016835137,
  "beta": 1048576.0,
  "n_response_tokens": 2261,
  "sandbox_stdout": "Invalid packing: Circle 0 at (0.07999999999999999,0.07999999999999999) r=1.0 outside unit square\nInvalid packing: Circle 0 at (0.07999999999999999,0.07999999999999999) r=1.0 outside unit square\nInvalid packing: Circle 2 at (0.9234434383983666,0.9234434395067772) r=0.07655656157262243 outside unit square\n",
  "parent_value": 2.635983083334135,
  "parent_is_seed": false
}