{
  "step": 39,
  "group": 3,
  "rollout": 24,
  "reward": 0.0,
  "raw_score": 0.0,
  "valid": true,
  "parsed": true,
  "ran": true,
  "msg": "ok",
  "advantage": -1.0,
  "beta": 1048576.0,
  "n_response_tokens": 1658,
  "sandbox_stdout": "Invalid packing: Circle 2 at (0.00029935836617086024,0.00029935836617086024) r=0.9997006416338291 outside unit square\n",
  "parent_value": 2.635983083334135,
  "parent_is_seed": false
}