{
  "step": 39,
  "group": 6,
  "rollout": 10,
  "reward": 2.635983083334135,
  "raw_score": 2.635983083334135,
  "valid": true,
  "parsed": true,
  "ran": true,
  "msg": "ok",
  "advantage": 0.06779661016835137,
  "beta": 1048576.0,
  "n_response_tokens": 2448,
  "sandbox_stdout": "Invalid packing: Circle 0 at (0.07999999999999999,0.07999999999999999) r=1.0 outside unit square\nInvalid packing: Circle 0 at (0.07999999999999999,0.07999999999999999) r=1.0 outside unit square\nInvalid packing: Circle 0 at (0.8743804283741012,0.125619572175358) r=0.12561957174204844 outside unit square\nInvalid packing: Circle 11 at (0.0933305849100278,0.7411382213923086) r=0.09333058500393253 outside unit square\n",
  "parent_value": 2.635983083334135,
  "parent_is_seed": false
}