{
  "step": 39,
  "group": 3,
  "rollout": 16,
  "reward": 2.635983083334135,
  "raw_score": 2.635983083334135,
  "valid": true,
  "parsed": true,
  "ran": true,
  "msg": "ok",
  "advantage": 0.10526315789351526,
  "beta": 1048576.0,
  "n_response_tokens": 2402,
  "sandbox_stdout": "Invalid packing: Circle 0 at (0.07999999999999999,0.07999999999999999) r=1.0 outside unit square\nInvalid packing: Circle 0 at (0.07999999999999999,0.07999999999999999) r=1.0 outside unit square\nInvalid packing: Circle 1 at (0.9207107192941835,0.3617448633553438) r=0.07928930888626215 outside unit square\n",
  "parent_value": 2.635983083334135,
  "parent_is_seed": false
}