{
  "step": 39,
  "group": 5,
  "rollout": 3,
  "reward": 2.635983083334135,
  "raw_score": 2.635983083334135,
  "valid": true,
  "parsed": true,
  "ran": true,
  "msg": "ok",
  "advantage": 0.03278688524483497,
  "beta": 1048576.0,
  "n_response_tokens": 2158,
  "sandbox_stdout": "Invalid packing: Circle 0 at (0.07999999999999999,0.07999999999999999) r=1.0 outside unit square\nInvalid packing: Circle 0 at (0.07999999999999999,0.07999999999999999) r=1.0 outside unit square\nInvalid packing: Circle 0 at (0.8743804283741012,0.125619572175358) r=0.12561957174204844 outside unit square\nInvalid packing: Circle 10 at (0.40442259715261697,0.10451870620937588) r=0.10451879226506113 outside unit square\n",
  "parent_value": 2.635983083334135,
  "parent_is_seed": false
}