{
  "step": 39,
  "group": 3,
  "rollout": 40,
  "reward": 2.630113220840232,
  "raw_score": 2.630113220840232,
  "valid": true,
  "parsed": true,
  "ran": true,
  "msg": "ok",
  "advantage": -1.0,
  "beta": 1048576.0,
  "n_response_tokens": 2530,
  "sandbox_stdout": "Invalid packing: Circle 0 at (0.06227315649653934,0.06227315658778562) r=0.06227315670901635 outside unit square\nInvalid packing: Circles 3 and 8 overlap\nInvalid packing: Circle 23 at (0.9171364601360716,0.5035647442100486) r=0.08286353988048911 outside unit square\nInvalid packing: Circles 15 and 21 overlap\n",
  "parent_value": 2.635983083334135,
  "parent_is_seed": false
}