{
  "step": 39,
  "group": 0,
  "rollout": 25,
  "reward": 2.635983083334135,
  "raw_score": 2.635983083334135,
  "valid": true,
  "parsed": true,
  "ran": true,
  "msg": "ok",
  "advantage": 0.08620689655054448,
  "beta": 1048576.0,
  "n_response_tokens": 2215,
  "sandbox_stdout": "Invalid packing for guess 0: Circle 0 at (0.07999999999999999,0.07999999999999999) r=1.0 outside unit square\nInvalid packing for guess 1: Circle 0 at (0.07999999999999999,0.07999999999999999) r=1.0 outside unit square\nInvalid packing for guess 2: Circle 3 at (0.4872076930294375,0.8830062008620421) r=0.11699379923910308 outside unit square\n",
  "parent_value": 2.635983083334135,
  "parent_is_seed": false
}