{
  "step": 39,
  "group": 3,
  "rollout": 63,
  "reward": 2.635983083334135,
  "raw_score": 2.635983083334135,
  "valid": true,
  "parsed": true,
  "ran": true,
  "msg": "ok",
  "advantage": 0.10526315789351526,
  "beta": 1048576.0,
  "n_response_tokens": 2283,
  "sandbox_stdout": "Invalid packing: Circle 0 at (0.07999999999999999,0.07999999999999999) r=1.0 outside unit square\nInvalid packing: Circle 0 at (0.07999999999999999,0.07999999999999999) r=1.0 outside unit square\nInvalid packing: Circle 3 at (0.6087228432774403,0.8767785472666078) r=0.1232214528076627 outside unit square\n",
  "parent_value": 2.635983083334135,
  "parent_is_seed": false
}