{
  "step": 39,
  "group": 2,
  "rollout": 56,
  "reward": 2.635983083334135,
  "raw_score": 2.635983083334135,
  "valid": true,
  "parsed": true,
  "ran": true,
  "msg": "ok",
  "advantage": 0.016129032257031994,
  "beta": 1048576.0,
  "n_response_tokens": 2285,
  "sandbox_stdout": "Invalid packing: Circles 1 and 5 overlap\nInvalid packing: Circle 0 at (0.0,1.0) r=1.0 outside unit square\nInvalid packing: Circle 3 at (0.8717072027817419,0.8717072035396906) r=0.1282927971056521 outside unit square\n",
  "parent_value": 2.635983083334135,
  "parent_is_seed": false
}