{
  "step": 1,
  "group": 4,
  "rollout": 18,
  "reward": 0.0,
  "valid": false,
  "parsed": true,
  "ran": false,
  "msg": "run_failed: Validation failed: Circle 0 at (0.00018129851661651588,0.00019484787278451323) r=0.0010222262083471306 outside unit square",
  "advantage": -3.228758948825572e-05,
  "beta": 1048576.0,
  "n_response_tokens": 1400,
  "sandbox_stdout": "",
  "parent_value": 0.012639371608588705,
  "parent_is_seed": false
}