{
  "step": 1,
  "group": 0,
  "rollout": 47,
  "reward": 0.0,
  "valid": false,
  "parsed": true,
  "ran": true,
  "msg": "Circle 0 at (0.8843081112939852,0.2819354248545649) r=0.999999999999951 outside unit square",
  "advantage": -0.3078502992786878,
  "beta": 1.5283207073676668,
  "n_response_tokens": 1315,
  "sandbox_stdout": "Optimized sum of radii: 25.999999999998337\nInvalid packing: Circle 0 at (0.8843081112939852,0.2819354248545649) r=0.999999999999951 outside unit square\n",
  "parent_value": 2.2,
  "parent_is_seed": false
}