{
  "step": 1,
  "group": 2,
  "rollout": 40,
  "reward": 1.9499999999992281,
  "valid": true,
  "parsed": true,
  "ran": true,
  "msg": "ok",
  "advantage": 3.5828002767589577,
  "beta": 1.3287762550487847,
  "n_response_tokens": 1329,
  "sandbox_stdout": "",
  "parent_value": 1.9499999999992281,
  "parent_is_seed": false
}