{
  "step": 1,
  "group": 3,
  "rollout": 23,
  "reward": 2.1666666666666545,
  "valid": true,
  "parsed": true,
  "ran": true,
  "msg": "ok",
  "advantage": 2.767582271645185,
  "beta": 1.3523360945520693,
  "n_response_tokens": 1355,
  "sandbox_stdout": "",
  "parent_value": 1.8571428571429458,
  "parent_is_seed": false
}