{
  "step": 1,
  "group": 4,
  "rollout": 58,
  "reward": 0.0,
  "valid": false,
  "parsed": true,
  "ran": false,
  "msg": "run_failed: Validation failed: Circle 10 at (0.0,0.46000000005400005) r=5.000000000000003e-11 outside unit square",
  "advantage": -3.228758948825572e-05,
  "beta": 1048576.0,
  "n_response_tokens": 1552,
  "sandbox_stdout": "",
  "parent_value": 0.012639371608588705,
  "parent_is_seed": false
}