{
  "step": 1,
  "group": 3,
  "rollout": 26,
  "reward": 0.0,
  "valid": true,
  "parsed": true,
  "ran": true,
  "msg": "ok",
  "advantage": -0.8096124453894193,
  "beta": 1.3523360945520693,
  "n_response_tokens": 1110,
  "sandbox_stdout": "Validation error: Circle 2 at (0.9,0.1) r=0.11978251872643349 outside unit square\n",
  "parent_value": 1.8571428571429458,
  "parent_is_seed": false
}