{
  "step": 1,
  "group": 4,
  "rollout": 54,
  "reward": 0.0,
  "valid": false,
  "parsed": true,
  "ran": false,
  "msg": "run_failed: Validation failed: Circle 0 at (0.9999999999997583,0.999999999999773) r=0.49999999999987843 outside unit square",
  "advantage": -3.228758948825572e-05,
  "beta": 1048576.0,
  "n_response_tokens": 1496,
  "sandbox_stdout": "",
  "parent_value": 0.012639371608588705,
  "parent_is_seed": false
}