{
  "step": 1,
  "group": 1,
  "rollout": 0,
  "reward": 0.0,
  "valid": false,
  "parsed": true,
  "ran": true,
  "msg": "Circle 0 at (0.08333333333333333,0.08333333333333333) r=1.0 outside unit square",
  "advantage": -0.45725639369030335,
  "beta": 1.2969551915340911,
  "n_response_tokens": 1482,
  "sandbox_stdout": "",
  "parent_value": 2.08,
  "parent_is_seed": false
}