{
  "step": 1,
  "group": 4,
  "rollout": 35,
  "reward": 0.0,
  "valid": false,
  "parsed": true,
  "ran": false,
  "msg": "run_failed: Validation failed: Circle 0 at (0.999999999999015,0.9999999999997705) r=0.4999999999994448 outside unit square",
  "advantage": -3.228758948825572e-05,
  "beta": 1048576.0,
  "n_response_tokens": 1410,
  "sandbox_stdout": "",
  "parent_value": 0.012639371608588705,
  "parent_is_seed": false
}