{
  "step": 1,
  "group": 1,
  "rollout": 62,
  "reward": 0.0,
  "valid": false,
  "parsed": true,
  "ran": true,
  "msg": "Circle 1 at (0.42497738900576265,0.3574000039494093) r=0.36281391173035493 outside unit square",
  "advantage": -0.45725639369030335,
  "beta": 1.2969551915340911,
  "n_response_tokens": 1323,
  "sandbox_stdout": "",
  "parent_value": 2.08,
  "parent_is_seed": false
}