{
  "step": 1,
  "group": 5,
  "rollout": 43,
  "reward": 0.0,
  "valid": true,
  "parsed": true,
  "ran": true,
  "msg": "ok",
  "advantage": -0.3060581869150918,
  "beta": 3.151856541644295,
  "n_response_tokens": 1571,
  "sandbox_stdout": "Validation failed: Circle 0 at (2.0962953595216041e-16,2.6203691994020043e-16) r=1.0 outside unit square\n",
  "parent_value": 0.0,
  "parent_is_seed": false
}