{
  "step": 1,
  "group": 3,
  "rollout": 24,
  "reward": 0.0,
  "valid": true,
  "parsed": true,
  "ran": true,
  "msg": "ok",
  "advantage": -0.8096124453894193,
  "beta": 1.3523360945520693,
  "n_response_tokens": 1284,
  "sandbox_stdout": "Validation error: Circle 20 has negative radius -125539.27355101406\n",
  "parent_value": 1.8571428571429458,
  "parent_is_seed": false
}