{
  "step": 1,
  "group": 2,
  "rollout": 8,
  "reward": 1.1851651377422188,
  "valid": true,
  "parsed": true,
  "ran": true,
  "msg": "ok",
  "advantage": 0.5850976303501396,
  "beta": 1.3287762550487847,
  "n_response_tokens": 1115,
  "sandbox_stdout": "",
  "parent_value": 1.9499999999992281,
  "parent_is_seed": false
}