{
  "step": 1,
  "group": 3,
  "rollout": 12,
  "reward": 1.8571428571429458,
  "valid": true,
  "parsed": true,
  "ran": true,
  "msg": "ok",
  "advantage": 1.4293066144425155,
  "beta": 1.3523360945520693,
  "n_response_tokens": 1135,
  "sandbox_stdout": "",
  "parent_value": 1.8571428571429458,
  "parent_is_seed": false
}