{
  "step": 1,
  "group": 5,
  "rollout": 34,
  "reward": 0.0,
  "valid": true,
  "parsed": true,
  "ran": true,
  "msg": "ok",
  "advantage": -0.3060581869150918,
  "beta": 3.151856541644295,
  "n_response_tokens": 1388,
  "sandbox_stdout": "Validation failed: Circle 0 at (0.03043717122607069,0.4453448357177523) r=0.06 outside unit square\n",
  "parent_value": 0.0,
  "parent_is_seed": false
}