{
  "step": 1,
  "group": 4,
  "rollout": 50,
  "reward": 0.0,
  "valid": false,
  "parsed": true,
  "ran": false,
  "msg": "run_failed: Validation failed: Circle 0 at (0.06192986018695316,0.05640507323411873) r=0.49999999999927297 outside unit square",
  "advantage": -3.228758948825572e-05,
  "beta": 1048576.0,
  "n_response_tokens": 1565,
  "sandbox_stdout": "",
  "parent_value": 0.012639371608588705,
  "parent_is_seed": false
}