{
  "id": "e603d7a7-76ce-4ddc-bd07-2a8f1aed5762",
  "generation": 0,
  "iteration": 0,
  "timestamp": 1781201337.2616189,
  "parent_id": null,
  "metrics": {
    "validity": 1.0,
    "sum_radii": 0.9597642169962064,
    "target_ratio": 0.36423689449571406,
    "combined_score": 0.36423689449571406
  },
  "language": "python",
  "saved_at": 1781201338.8768806
}