{
  "step": 15,
  "group": 2,
  "rollout": 0,
  "reward": 2.1766666666666667,
  "raw_score": 2.1766666666666667,
  "valid": true,
  "parsed": true,
  "ran": true,
  "msg": "ok",
  "advantage": 3.8618574855005914,
  "beta": 1.1242903553128658,
  "n_response_tokens": 1922,
  "sandbox_stdout": "",
  "parent_value": 2.176666820688726,
  "parent_is_seed": false
}