{
  "step": 15,
  "group": 2,
  "rollout": 11,
  "reward": 0.0,
  "raw_score": null,
  "valid": false,
  "parsed": true,
  "ran": false,
  "msg": "run_failed: Packing is invalid: Circle 0 at (-487080.03247743193,-2389055.56018218) r=2087094097.4699774 outside unit square",
  "advantage": -0.6473692383731865,
  "beta": 1.1242903553128658,
  "n_response_tokens": 1488,
  "sandbox_stdout": "",
  "parent_value": 2.176666820688726,
  "parent_is_seed": false
}