{
  "step": 15,
  "group": 0,
  "rollout": 1,
  "reward": 0.0,
  "raw_score": null,
  "valid": false,
  "parsed": true,
  "ran": false,
  "msg": "run_failed: Packing is invalid: Circle 0 at (145743.65102663217,-930450.4400048803) r=2086779860.6677868 outside unit square",
  "advantage": -0.9653592058672779,
  "beta": 1.8420268655569525,
  "n_response_tokens": 2290,
  "sandbox_stdout": "",
  "parent_value": 2.1773736826636387,
  "parent_is_seed": false
}