{
  "step": 15,
  "group": 0,
  "rollout": 4,
  "reward": 0.0,
  "raw_score": null,
  "valid": false,
  "parsed": true,
  "ran": false,
  "msg": "run_failed: Packing is invalid: Circle 0 at (0.08333333333333333,0.08333333333333333) r=1.0 outside unit square",
  "advantage": -0.9653592058672779,
  "beta": 1.8420268655569525,
  "n_response_tokens": 2154,
  "sandbox_stdout": "",
  "parent_value": 2.1773736826636387,
  "parent_is_seed": false
}