{
  "step": 15,
  "group": 1,
  "rollout": 23,
  "reward": 0.0,
  "raw_score": null,
  "valid": false,
  "parsed": true,
  "ran": false,
  "msg": "run_failed: Packing is invalid: Circle 0 at (0.08333333333333333,0.08333333333333333) r=0.08333333503098467 outside unit square",
  "advantage": -0.5841179042561128,
  "beta": 1.1326436426855384,
  "n_response_tokens": 1980,
  "sandbox_stdout": "",
  "parent_value": 2.176666820688726,
  "parent_is_seed": false
}