{
  "step": 15,
  "group": 2,
  "rollout": 20,
  "reward": 0.0,
  "raw_score": null,
  "valid": false,
  "parsed": true,
  "ran": false,
  "msg": "run_failed: Packing is invalid: Circle 0 at (1475913.367946963,2148120.8708576155) r=2110846973.9216208 outside unit square",
  "advantage": -0.6473692383731865,
  "beta": 1.1242903553128658,
  "n_response_tokens": 1818,
  "sandbox_stdout": "",
  "parent_value": 2.176666820688726,
  "parent_is_seed": false
}