{
  "step": 15,
  "group": 3,
  "rollout": 14,
  "reward": 2.176666820688726,
  "raw_score": 2.176666820688726,
  "valid": true,
  "parsed": true,
  "ran": true,
  "msg": "ok",
  "advantage": 1.4417417686539595,
  "beta": 1.6115166429048808,
  "n_response_tokens": 1804,
  "sandbox_stdout": "",
  "parent_value": 2.176666820688726,
  "parent_is_seed": false
}