{
  "step": 15,
  "group": 3,
  "rollout": 11,
  "reward": 0.0,
  "raw_score": null,
  "valid": false,
  "parsed": true,
  "ran": false,
  "msg": "run_failed: Packing is invalid: Circle 0 at (0.6069632202344545,0.8044199046747618) r=1.0 outside unit square",
  "advantage": -0.9336651711299657,
  "beta": 1.6115166429048808,
  "n_response_tokens": 1913,
  "sandbox_stdout": "",
  "parent_value": 2.176666820688726,
  "parent_is_seed": false
}