{
  "step": 5,
  "group": 0,
  "rollout": 13,
  "reward": 0.0,
  "raw_score": null,
  "valid": false,
  "parsed": true,
  "ran": false,
  "msg": "run_failed: Packing is invalid: Circle 0 at (0.08332937840179394,0.08333422435678725) r=0.08333260542106283 outside unit square",
  "advantage": -0.7037623936167167,
  "beta": 1.1441053524592748,
  "n_response_tokens": 1946,
  "sandbox_stdout": "",
  "parent_value": 2.166666666666667,
  "parent_is_seed": false
}