{
  "step": 5,
  "group": 1,
  "rollout": 23,
  "reward": 0.0,
  "raw_score": null,
  "valid": false,
  "parsed": true,
  "ran": false,
  "msg": "run_failed: Packing is invalid: Circle 0 at (0.14285714285714285,0.14285714285714285) r=1.0 outside unit square",
  "advantage": -0.9824492388849141,
  "beta": 2.271237749696353,
  "n_response_tokens": 1711,
  "sandbox_stdout": "",
  "parent_value": 2.166666666666667,
  "parent_is_seed": false
}