{
  "step": 5,
  "group": 3,
  "rollout": 19,
  "reward": 1.2500000000000002,
  "raw_score": 1.2500000000000002,
  "valid": true,
  "parsed": true,
  "ran": true,
  "msg": "ok",
  "advantage": 0.037212847289207485,
  "beta": 1.2294919745360113,
  "n_response_tokens": 1517,
  "sandbox_stdout": "",
  "parent_value": 2.166666666666667,
  "parent_is_seed": false
}