{
  "step": 2,
  "group": 3,
  "rollout": 50,
  "reward": 1.2307692307679194,
  "raw_score": 1.2307692307679194,
  "valid": true,
  "parsed": true,
  "ran": true,
  "msg": "ok",
  "advantage": 0.4023035662611061,
  "beta": 1.514898565956805,
  "n_response_tokens": 1280,
  "sandbox_stdout": "",
  "parent_value": 1.843059318878763,
  "parent_is_seed": false
}