{
  "step": 6,
  "group": 7,
  "rollout": 37,
  "reward": 2.619363539651437,
  "raw_score": 2.619363539651437,
  "valid": true,
  "parsed": true,
  "ran": true,
  "msg": "ok",
  "advantage": 1.048248389991742,
  "beta": 109.29397808820893,
  "n_response_tokens": 1998,
  "sandbox_stdout": "",
  "parent_value": 2.6271510822414066,
  "parent_is_seed": false
}