{
  "step": 2,
  "group": 3,
  "rollout": 4,
  "reward": 1.2856406460551446,
  "raw_score": 1.2856406460551446,
  "valid": true,
  "parsed": true,
  "ran": true,
  "msg": "ok",
  "advantage": 0.5267970515906788,
  "beta": 1.514898565956805,
  "n_response_tokens": 1469,
  "sandbox_stdout": "",
  "parent_value": 1.843059318878763,
  "parent_is_seed": false
}