{
  "step": 8,
  "group": 6,
  "rollout": 0,
  "reward": 2.5571221640967376,
  "raw_score": 2.5571221640967376,
  "valid": true,
  "parsed": true,
  "ran": true,
  "msg": "ok",
  "advantage": 1.501565322190482,
  "beta": 1.1536330139935846,
  "n_response_tokens": 1964,
  "sandbox_stdout": "",
  "parent_value": 2.6297544047993946,
  "parent_is_seed": false
}