{
  "step": 3,
  "group": 7,
  "rollout": 61,
  "reward": 1.7183491642034565,
  "raw_score": 1.7183491642034565,
  "valid": true,
  "parsed": true,
  "ran": true,
  "msg": "ok",
  "advantage": 0.8540617111572195,
  "beta": 1.3348374355016954,
  "n_response_tokens": 1729,
  "sandbox_stdout": "",
  "parent_value": 2.169793553143406,
  "parent_is_seed": false
}