{
  "step": 5,
  "group": 1,
  "rollout": 25,
  "reward": 0.0,
  "raw_score": null,
  "valid": false,
  "parsed": true,
  "ran": false,
  "msg": "run_failed: Circle 22 at (0.8510274945663688,0.8510274945655412) r=0.14897250543759233 outside unit square",
  "advantage": -0.9364810015342182,
  "beta": 1.3684799985470861,
  "n_response_tokens": 2169,
  "sandbox_stdout": "",
  "parent_value": 2.629754404757989,
  "parent_is_seed": false
}