{
  "step": 8,
  "group": 1,
  "rollout": 40,
  "reward": 2.5986102123572694,
  "raw_score": 2.5986102123572694,
  "valid": true,
  "parsed": true,
  "ran": true,
  "msg": "ok",
  "advantage": 0.8488558359204554,
  "beta": 16.072767029161376,
  "n_response_tokens": 2410,
  "sandbox_stdout": "",
  "parent_value": 2.6298680523724234,
  "parent_is_seed": false
}