{
  "step": 4,
  "group": 5,
  "rollout": 1,
  "reward": 2.59677533239503,
  "raw_score": 2.59677533239503,
  "valid": true,
  "parsed": true,
  "ran": true,
  "msg": "ok",
  "advantage": 2.5924303616251225,
  "beta": 0.9781209468355856,
  "n_response_tokens": 1884,
  "sandbox_stdout": "",
  "parent_value": 2.5919757890624906,
  "parent_is_seed": false
}