{
  "step": 2,
  "group": 1,
  "rollout": 48,
  "reward": 1.2966472537908202,
  "raw_score": 1.2966472537908202,
  "valid": true,
  "parsed": true,
  "ran": true,
  "msg": "ok",
  "advantage": -0.09176140377811326,
  "beta": 1.4985263821832524,
  "n_response_tokens": 1365,
  "sandbox_stdout": "",
  "parent_value": 2.227777777777776,
  "parent_is_seed": false
}