{
  "step": 8,
  "group": 6,
  "rollout": 25,
  "reward": 2.592218141568117,
  "raw_score": 2.592218141568117,
  "valid": true,
  "parsed": true,
  "ran": true,
  "msg": "ok",
  "advantage": 1.6092075316044419,
  "beta": 1.1536330139935846,
  "n_response_tokens": 1972,
  "sandbox_stdout": "",
  "parent_value": 2.6297544047993946,
  "parent_is_seed": false
}