{
  "step": 6,
  "group": 4,
  "rollout": 34,
  "reward": 2.6068322525017127,
  "raw_score": 2.6068322525017127,
  "valid": true,
  "parsed": true,
  "ran": true,
  "msg": "ok",
  "advantage": 1.0098009229734646,
  "beta": 15.648419010729182,
  "n_response_tokens": 1807,
  "sandbox_stdout": "",
  "parent_value": 2.62840699407039,
  "parent_is_seed": false
}