{
  "step": 9,
  "group": 6,
  "rollout": 14,
  "reward": 2.560399939651092,
  "raw_score": 2.560399939651092,
  "valid": true,
  "parsed": true,
  "ran": true,
  "msg": "ok",
  "advantage": -0.26370483431136416,
  "beta": 20.135717950092886,
  "n_response_tokens": 2006,
  "sandbox_stdout": "",
  "parent_value": 2.6298680523723825,
  "parent_is_seed": false
}