{
  "step": 6,
  "group": 6,
  "rollout": 53,
  "reward": 2.6279973534857723,
  "raw_score": 2.6279973534857723,
  "valid": true,
  "parsed": true,
  "ran": true,
  "msg": "ok",
  "advantage": 2.234143653076337,
  "beta": 9.637290935901122,
  "n_response_tokens": 2189,
  "sandbox_stdout": "",
  "parent_value": 2.627547817384337,
  "parent_is_seed": false
}