{
  "step": 7,
  "group": 1,
  "rollout": 32,
  "reward": 2.6295323804909363,
  "raw_score": 2.6295323804909363,
  "valid": true,
  "parsed": true,
  "ran": true,
  "msg": "ok",
  "advantage": 1.9743028513460308,
  "beta": 30.15538790065325,
  "n_response_tokens": 2547,
  "sandbox_stdout": "",
  "parent_value": 2.6298680523724234,
  "parent_is_seed": false
}