{
  "step": 9,
  "group": 6,
  "rollout": 15,
  "reward": 2.6298680523723825,
  "raw_score": 2.6298680523723825,
  "valid": true,
  "parsed": true,
  "ran": true,
  "msg": "ok",
  "advantage": 2.092459094572969,
  "beta": 20.135717950092886,
  "n_response_tokens": 1854,
  "sandbox_stdout": "",
  "parent_value": 2.6298680523723825,
  "parent_is_seed": false
}