{
  "step": 9,
  "group": 2,
  "rollout": 40,
  "reward": 2.5544864414057797,
  "raw_score": 2.5544864414057797,
  "valid": true,
  "parsed": true,
  "ran": true,
  "msg": "ok",
  "advantage": -0.6706286870976481,
  "beta": 26.63232563038623,
  "n_response_tokens": 2537,
  "sandbox_stdout": "",
  "parent_value": 2.6298680523724234,
  "parent_is_seed": false
}