{
  "step": 8,
  "group": 3,
  "rollout": 0,
  "reward": 2.53682088758652,
  "raw_score": 2.53682088758652,
  "valid": true,
  "parsed": true,
  "ran": true,
  "msg": "ok",
  "advantage": -0.9001527572193737,
  "beta": 35.32585621507053,
  "n_response_tokens": 2048,
  "sandbox_stdout": "",
  "parent_value": 2.6298680523723825,
  "parent_is_seed": false
}