{
  "step": 8,
  "group": 3,
  "rollout": 61,
  "reward": 2.5866739844381654,
  "raw_score": 2.5866739844381654,
  "valid": true,
  "parsed": true,
  "ran": true,
  "msg": "ok",
  "advantage": -0.4145320858447705,
  "beta": 35.32585621507053,
  "n_response_tokens": 2250,
  "sandbox_stdout": "",
  "parent_value": 2.6298680523723825,
  "parent_is_seed": false
}