{
  "step": 3,
  "group": 7,
  "rollout": 57,
  "reward": 1.8128262221428901,
  "raw_score": 1.8128262221428901,
  "valid": true,
  "parsed": true,
  "ran": true,
  "msg": "ok",
  "advantage": 1.1116163489240818,
  "beta": 1.3348374355016954,
  "n_response_tokens": 1681,
  "sandbox_stdout": "",
  "parent_value": 2.169793553143406,
  "parent_is_seed": false
}