{
  "step": 7,
  "group": 4,
  "rollout": 25,
  "reward": 0.0,
  "raw_score": null,
  "valid": false,
  "parsed": true,
  "ran": false,
  "msg": "run_failed: Circle 2 at (2.5811233159162043e-06,5.187736762609169e-10) r=2.5811233159162043e-06 outside unit square",
  "advantage": -0.9999999999999999,
  "beta": 14.34213175331942,
  "n_response_tokens": 2216,
  "sandbox_stdout": "",
  "parent_value": 2.6297544047991064,
  "parent_is_seed": false
}