{
  "step": 4,
  "group": 5,
  "rollout": 51,
  "reward": 0.0,
  "raw_score": null,
  "valid": false,
  "parsed": true,
  "ran": false,
  "msg": "run_failed: Circle 17 at (0.9041697803752562,0.4341160252130006) r=0.09583021962623056 outside unit square",
  "advantage": -0.7308062139893126,
  "beta": 0.9781209468355856,
  "n_response_tokens": 1764,
  "sandbox_stdout": "",
  "parent_value": 2.5919757890624906,
  "parent_is_seed": false
}