{
  "step": 5,
  "group": 5,
  "rollout": 21,
  "reward": 2.6177404078088045,
  "raw_score": 2.6177404078088045,
  "valid": true,
  "parsed": true,
  "ran": true,
  "msg": "ok",
  "advantage": 1.1356943310133523,
  "beta": 8.783556108321726,
  "n_response_tokens": 1871,
  "sandbox_stdout": "",
  "parent_value": 2.6259181926324553,
  "parent_is_seed": false
}