{
  "step": 2,
  "group": 4,
  "rollout": 3,
  "reward": 0.3747609742030221,
  "raw_score": 0.3747609742030221,
  "valid": true,
  "parsed": true,
  "ran": true,
  "msg": "ok",
  "advantage": -0.2355629956355968,
  "beta": 2.012242901569003,
  "n_response_tokens": 1497,
  "sandbox_stdout": "",
  "parent_value": 1.3277580764982178,
  "parent_is_seed": false
}