{
  "step": 8,
  "group": 2,
  "rollout": 47,
  "reward": 2.629754404757989,
  "raw_score": 2.629754404757989,
  "valid": true,
  "parsed": true,
  "ran": true,
  "msg": "ok",
  "advantage": 1.1798829049153512,
  "beta": 93.44069471124308,
  "n_response_tokens": 2730,
  "sandbox_stdout": "",
  "parent_value": 2.6298680523724234,
  "parent_is_seed": false
}