{
  "step": 6,
  "group": 0,
  "rollout": 1,
  "reward": 2.6021106216714536,
  "raw_score": 2.6021106216714536,
  "valid": true,
  "parsed": true,
  "ran": true,
  "msg": "ok",
  "advantage": 0.7738552051693928,
  "beta": 17.521519439372888,
  "n_response_tokens": 1920,
  "sandbox_stdout": "",
  "parent_value": 2.6297544047944443,
  "parent_is_seed": false
}