{
  "step": 9,
  "group": 2,
  "rollout": 0,
  "reward": 2.610525860880945,
  "raw_score": 2.610525860880945,
  "valid": true,
  "parsed": true,
  "ran": true,
  "msg": "ok",
  "advantage": 0.49194650400112283,
  "beta": 26.63232563038623,
  "n_response_tokens": 2684,
  "sandbox_stdout": "",
  "parent_value": 2.6298680523724234,
  "parent_is_seed": false
}