{
  "step": 9,
  "group": 1,
  "rollout": 55,
  "reward": 2.6295323804909363,
  "raw_score": 2.6295323804909363,
  "valid": true,
  "parsed": true,
  "ran": true,
  "msg": "ok",
  "advantage": 1.6306489981354049,
  "beta": 39.1852042089236,
  "n_response_tokens": 2905,
  "sandbox_stdout": "",
  "parent_value": 2.6298680523724234,
  "parent_is_seed": false
}