{
  "step": 5,
  "group": 7,
  "rollout": 26,
  "reward": 2.6102662015471303,
  "raw_score": 2.6102662015471303,
  "valid": true,
  "parsed": true,
  "ran": true,
  "msg": "ok",
  "advantage": 2.219150099857098,
  "beta": 17.212520876117814,
  "n_response_tokens": 1822,
  "sandbox_stdout": "",
  "parent_value": 2.6252170863612565,
  "parent_is_seed": false
}