{
  "step": 5,
  "group": 1,
  "rollout": 62,
  "reward": 2.59745705631822,
  "raw_score": 2.59745705631822,
  "valid": true,
  "parsed": true,
  "ran": true,
  "msg": "ok",
  "advantage": 1.3002199464476334,
  "beta": 1.3684799985470861,
  "n_response_tokens": 2001,
  "sandbox_stdout": "",
  "parent_value": 2.629754404757989,
  "parent_is_seed": false
}