{
  "step": 7,
  "group": 1,
  "rollout": 43,
  "reward": 2.571532902117654,
  "raw_score": 2.571532902117654,
  "valid": true,
  "parsed": true,
  "ran": true,
  "msg": "ok",
  "advantage": -0.5020445683024006,
  "beta": 30.15538790065325,
  "n_response_tokens": 2276,
  "sandbox_stdout": "",
  "parent_value": 2.6298680523724234,
  "parent_is_seed": false
}