{
  "step": 6,
  "group": 4,
  "rollout": 12,
  "reward": 2.628406994065791,
  "raw_score": 2.628406994065791,
  "valid": true,
  "parsed": true,
  "ran": true,
  "msg": "ok",
  "advantage": 1.8534835795460523,
  "beta": 15.648419010729182,
  "n_response_tokens": 2150,
  "sandbox_stdout": "",
  "parent_value": 2.62840699407039,
  "parent_is_seed": false
}