{
  "step": 3,
  "group": 6,
  "rollout": 32,
  "reward": 1.4203901091848437,
  "raw_score": 1.4203901091848437,
  "valid": true,
  "parsed": true,
  "ran": true,
  "msg": "ok",
  "advantage": 0.409730367774537,
  "beta": 1.2718979470364964,
  "n_response_tokens": 1566,
  "sandbox_stdout": "",
  "parent_value": 2.266025403784503,
  "parent_is_seed": false
}