{
  "step": 6,
  "group": 0,
  "rollout": 24,
  "reward": 2.5398122423459006,
  "raw_score": 2.5398122423459006,
  "valid": true,
  "parsed": true,
  "ran": true,
  "msg": "ok",
  "advantage": -0.41546509276311316,
  "beta": 17.521519439372888,
  "n_response_tokens": 1953,
  "sandbox_stdout": "",
  "parent_value": 2.6297544047944443,
  "parent_is_seed": false
}