{
  "step": 5,
  "group": 0,
  "rollout": 16,
  "reward": 0.0,
  "raw_score": null,
  "valid": false,
  "parsed": true,
  "ran": false,
  "msg": "run_failed: Circle 5 at (0.2252132657310779,0.09212750721491945) r=0.09212750721598946 outside unit square",
  "advantage": -1.0,
  "beta": 17.82469020679346,
  "n_response_tokens": 2165,
  "sandbox_stdout": "",
  "parent_value": 2.629754404757989,
  "parent_is_seed": false
}