{
  "step": 2,
  "group": 3,
  "rollout": 21,
  "reward": 2.169793553143406,
  "raw_score": 2.169793553143406,
  "valid": true,
  "parsed": true,
  "ran": true,
  "msg": "ok",
  "advantage": 5.254365286851132,
  "beta": 1.514898565956805,
  "n_response_tokens": 1940,
  "sandbox_stdout": "",
  "parent_value": 1.843059318878763,
  "parent_is_seed": false
}