{
  "step": 9,
  "group": 3,
  "rollout": 20,
  "reward": 2.610525860880945,
  "raw_score": 2.610525860880945,
  "valid": true,
  "parsed": true,
  "ran": true,
  "msg": "ok",
  "advantage": 1.508427348344462,
  "beta": 16.655261394554255,
  "n_response_tokens": 2890,
  "sandbox_stdout": "",
  "parent_value": 2.6298680523724234,
  "parent_is_seed": false
}