{
  "step": 2,
  "group": 1,
  "rollout": 17,
  "reward": 2.227777777777776,
  "raw_score": 2.227777777777776,
  "valid": true,
  "parsed": true,
  "ran": true,
  "msg": "ok",
  "advantage": 2.833717322070265,
  "beta": 1.4985263821832524,
  "n_response_tokens": 1567,
  "sandbox_stdout": "",
  "parent_value": 2.227777777777776,
  "parent_is_seed": false
}