{
  "step": 7,
  "group": 0,
  "rollout": 28,
  "reward": 2.587670872219333,
  "raw_score": 2.587670872219333,
  "valid": true,
  "parsed": true,
  "ran": true,
  "msg": "ok",
  "advantage": 1.24975449072367,
  "beta": 1.368054810567938,
  "n_response_tokens": 2499,
  "sandbox_stdout": "",
  "parent_value": 2.6301719373653984,
  "parent_is_seed": false
}