{
  "step": 7,
  "group": 5,
  "rollout": 6,
  "reward": 2.613887731972728,
  "raw_score": 2.613887731972728,
  "valid": true,
  "parsed": true,
  "ran": true,
  "msg": "ok",
  "advantage": 1.1688548186880716,
  "beta": 21.922739320612948,
  "n_response_tokens": 2067,
  "sandbox_stdout": "",
  "parent_value": 2.6297544047944443,
  "parent_is_seed": false
}