{
  "step": 8,
  "group": 2,
  "rollout": 7,
  "reward": 2.5368137803399544,
  "raw_score": 2.5368137803399544,
  "valid": true,
  "parsed": true,
  "ran": true,
  "msg": "ok",
  "advantage": -0.9996434998303781,
  "beta": 93.44069471124308,
  "n_response_tokens": 2679,
  "sandbox_stdout": "",
  "parent_value": 2.6298680523724234,
  "parent_is_seed": false
}