{
  "step": 7,
  "group": 6,
  "rollout": 44,
  "reward": 0.0,
  "raw_score": null,
  "valid": false,
  "parsed": true,
  "ran": false,
  "msg": "run_failed: Circle 0 at (0.07322527670438563,0.07322527670490028) r=0.0732252767060896 outside unit square",
  "advantage": -0.9212329410453977,
  "beta": 1.3005727887651195,
  "n_response_tokens": 1891,
  "sandbox_stdout": "",
  "parent_value": 2.629754404757989,
  "parent_is_seed": false
}