{
  "step": 2,
  "group": 1,
  "rollout": 54,
  "reward": 2.0000000000000044,
  "raw_score": 2.0000000000000044,
  "valid": true,
  "parsed": true,
  "ran": true,
  "msg": "ok",
  "advantage": 1.6779719885324287,
  "beta": 1.4985263821832524,
  "n_response_tokens": 1552,
  "sandbox_stdout": "",
  "parent_value": 2.227777777777776,
  "parent_is_seed": false
}