{
  "step": 3,
  "group": 7,
  "rollout": 14,
  "reward": 0.500000000000892,
  "raw_score": 0.500000000000892,
  "valid": true,
  "parsed": true,
  "ran": true,
  "msg": "ok",
  "advantage": -0.6438083047350407,
  "beta": 1.3348374355016954,
  "n_response_tokens": 1386,
  "sandbox_stdout": "",
  "parent_value": 2.169793553143406,
  "parent_is_seed": false
}