{
  "step": 8,
  "group": 2,
  "rollout": 42,
  "reward": 2.6061079530395017,
  "raw_score": 2.6061079530395017,
  "valid": true,
  "parsed": true,
  "ran": true,
  "msg": "ok",
  "advantage": -0.7679050181779912,
  "beta": 93.44069471124308,
  "n_response_tokens": 2783,
  "sandbox_stdout": "",
  "parent_value": 2.6298680523724234,
  "parent_is_seed": false
}