{
  "step": 7,
  "group": 2,
  "rollout": 35,
  "reward": 2.582201179846617,
  "raw_score": 2.582201179846617,
  "valid": true,
  "parsed": true,
  "ran": true,
  "msg": "ok",
  "advantage": 0.5948403485703497,
  "beta": 9.962713022489192,
  "n_response_tokens": 1953,
  "sandbox_stdout": "",
  "parent_value": 2.6298680523719495,
  "parent_is_seed": false
}