{
  "step": 6,
  "group": 2,
  "rollout": 23,
  "reward": 0.0,
  "raw_score": null,
  "valid": false,
  "parsed": true,
  "ran": false,
  "msg": "run_failed: Circle 9 at (0.5472870889082903,0.14646961003371994) r=0.14646961068270692 outside unit square",
  "advantage": -0.8892696401307206,
  "beta": 1.1940334488809836,
  "n_response_tokens": 2020,
  "sandbox_stdout": "",
  "parent_value": 2.629754404757989,
  "parent_is_seed": false
}