{
  "step": 6,
  "group": 6,
  "rollout": 52,
  "reward": 2.56560556350175,
  "raw_score": 2.56560556350175,
  "valid": true,
  "parsed": true,
  "ran": true,
  "msg": "ok",
  "advantage": 0.7324611831167165,
  "beta": 9.637290935901122,
  "n_response_tokens": 1945,
  "sandbox_stdout": "",
  "parent_value": 2.627547817384337,
  "parent_is_seed": false
}