{
  "step": 5,
  "group": 2,
  "rollout": 13,
  "reward": 2.6126570270540848,
  "raw_score": 2.6126570270540848,
  "valid": true,
  "parsed": true,
  "ran": true,
  "msg": "ok",
  "advantage": 0.6408113992711539,
  "beta": 62.11236650189038,
  "n_response_tokens": 2105,
  "sandbox_stdout": "",
  "parent_value": 2.627832377725855,
  "parent_is_seed": false
}