{
  "step": 5,
  "group": 7,
  "rollout": 27,
  "reward": 2.491552930848994,
  "raw_score": 2.491552930848994,
  "valid": true,
  "parsed": true,
  "ran": true,
  "msg": "ok",
  "advantage": -0.6005842083607874,
  "beta": 17.212520876117814,
  "n_response_tokens": 2085,
  "sandbox_stdout": "",
  "parent_value": 2.6252170863612565,
  "parent_is_seed": false
}