{
  "step": 2,
  "group": 7,
  "rollout": 53,
  "reward": 0.10850616504794719,
  "raw_score": 0.10850616504794719,
  "valid": true,
  "parsed": true,
  "ran": true,
  "msg": "ok",
  "advantage": -0.3386129177013574,
  "beta": 2.850194984247453,
  "n_response_tokens": 1538,
  "sandbox_stdout": "",
  "parent_value": 1.0523149507193752,
  "parent_is_seed": false
}