{
  "step": 6,
  "group": 0,
  "rollout": 17,
  "reward": 2.6105258608806503,
  "raw_score": 2.6105258608806503,
  "valid": true,
  "parsed": true,
  "ran": true,
  "msg": "ok",
  "advantage": 1.0649094233309735,
  "beta": 17.521519439372888,
  "n_response_tokens": 1991,
  "sandbox_stdout": "",
  "parent_value": 2.6297544047944443,
  "parent_is_seed": false
}