{
  "step": 5,
  "group": 2,
  "rollout": 7,
  "reward": 2.567573526082635,
  "raw_score": 2.567573526082635,
  "valid": true,
  "parsed": true,
  "ran": true,
  "msg": "ok",
  "advantage": -0.9026282265067993,
  "beta": 62.11236650189038,
  "n_response_tokens": 2235,
  "sandbox_stdout": "",
  "parent_value": 2.627832377725855,
  "parent_is_seed": false
}