{
  "step": 6,
  "group": 6,
  "rollout": 40,
  "reward": 2.537714862134483,
  "raw_score": 2.537714862134483,
  "valid": true,
  "parsed": true,
  "ran": true,
  "msg": "ok",
  "advantage": 0.3155984263620333,
  "beta": 9.637290935901122,
  "n_response_tokens": 1756,
  "sandbox_stdout": "",
  "parent_value": 2.627547817384337,
  "parent_is_seed": false
}