{
  "step": 4,
  "group": 1,
  "rollout": 52,
  "reward": 2.4940317208397698,
  "raw_score": 2.4940317208397698,
  "valid": true,
  "parsed": true,
  "ran": true,
  "msg": "ok",
  "advantage": 1.5236137182743121,
  "beta": 1.0912312464760239,
  "n_response_tokens": 1974,
  "sandbox_stdout": "",
  "parent_value": 2.629754404757989,
  "parent_is_seed": false
}