{
  "step": 3,
  "group": 0,
  "rollout": 54,
  "reward": 0.0,
  "raw_score": null,
  "valid": false,
  "parsed": true,
  "ran": false,
  "msg": "run_failed: Circle 0 at (0.06077861942033719,0.06077861946032892) r=0.060778619455871576 outside unit square",
  "advantage": -0.7874897746012235,
  "beta": 1.0184103486285423,
  "n_response_tokens": 1890,
  "sandbox_stdout": "",
  "parent_value": 2.6259181925882347,
  "parent_is_seed": false
}