{
  "step": 6,
  "group": 2,
  "rollout": 57,
  "reward": 2.5465310547734976,
  "raw_score": 2.5465310547734976,
  "valid": true,
  "parsed": true,
  "ran": true,
  "msg": "ok",
  "advantage": 1.400370623385733,
  "beta": 1.1940334488809836,
  "n_response_tokens": 1868,
  "sandbox_stdout": "",
  "parent_value": 2.629754404757989,
  "parent_is_seed": false
}