{
  "step": 8,
  "group": 4,
  "rollout": 20,
  "reward": 2.5011211931223274,
  "raw_score": 2.5011211931223274,
  "valid": true,
  "parsed": true,
  "ran": true,
  "msg": "ok",
  "advantage": -0.517391761059695,
  "beta": 12.98877896941517,
  "n_response_tokens": 2207,
  "sandbox_stdout": "",
  "parent_value": 2.6298680523723377,
  "parent_is_seed": false
}