{
  "step": 4,
  "group": 0,
  "rollout": 15,
  "reward": 2.5806467814286718,
  "raw_score": 2.5806467814286718,
  "valid": true,
  "parsed": true,
  "ran": true,
  "msg": "ok",
  "advantage": -0.5939340702706646,
  "beta": 55.22271257370427,
  "n_response_tokens": 2177,
  "sandbox_stdout": "",
  "parent_value": 2.629914153232447,
  "parent_is_seed": false
}