{
  "step": 5,
  "group": 3,
  "rollout": 55,
  "reward": 2.599553211299766,
  "raw_score": 2.599553211299766,
  "valid": true,
  "parsed": true,
  "ran": true,
  "msg": "ok",
  "advantage": 1.2499398155190065,
  "beta": 1.5840558902570234,
  "n_response_tokens": 1745,
  "sandbox_stdout": "",
  "parent_value": 2.6259181926345354,
  "parent_is_seed": false
}