{
  "step": 2,
  "group": 6,
  "rollout": 47,
  "reward": 0.0,
  "raw_score": null,
  "valid": false,
  "parsed": true,
  "ran": true,
  "msg": "Circle 6 at (0.35,0.9660254037844386) r=0.05 outside unit square",
  "advantage": -0.3708345327397209,
  "beta": 2.2875459629993515,
  "n_response_tokens": 1210,
  "sandbox_stdout": "",
  "parent_value": 1.3000000000000003,
  "parent_is_seed": false
}