{
  "step": 9,
  "group": 3,
  "rollout": 16,
  "reward": 2.482385477704594,
  "raw_score": 2.482385477704594,
  "valid": true,
  "parsed": true,
  "ran": true,
  "msg": "ok",
  "advantage": -0.7132251862305871,
  "beta": 16.655261394554255,
  "n_response_tokens": 2367,
  "sandbox_stdout": "",
  "parent_value": 2.6298680523724234,
  "parent_is_seed": false
}