{
  "step": 9,
  "group": 6,
  "rollout": 8,
  "reward": 2.60269982453163,
  "raw_score": 2.60269982453163,
  "valid": true,
  "parsed": true,
  "ran": true,
  "msg": "ok",
  "advantage": 0.7532010784480674,
  "beta": 20.135717950092886,
  "n_response_tokens": 1763,
  "sandbox_stdout": "",
  "parent_value": 2.6298680523723825,
  "parent_is_seed": false
}