{
  "step": 3,
  "group": 1,
  "rollout": 36,
  "reward": 2.516211197496899,
  "raw_score": 2.516211197496899,
  "valid": true,
  "parsed": true,
  "ran": true,
  "msg": "ok",
  "advantage": 3.171325340869406,
  "beta": 0.9594590275576839,
  "n_response_tokens": 1797,
  "sandbox_stdout": "",
  "parent_value": 2.624892866855468,
  "parent_is_seed": false
}