{
  "step": 5,
  "group": 1,
  "rollout": 43,
  "reward": 0.0,
  "raw_score": null,
  "valid": false,
  "parsed": true,
  "ran": false,
  "msg": "run_failed: Circle 22 at (0.8754124373404044,0.8754124372104801) r=0.12458756292489455 outside unit square",
  "advantage": -0.9364810015342182,
  "beta": 1.3684799985470861,
  "n_response_tokens": 1916,
  "sandbox_stdout": "",
  "parent_value": 2.629754404757989,
  "parent_is_seed": false
}