{
  "step": 7,
  "group": 0,
  "rollout": 59,
  "reward": 2.6069868237220124,
  "raw_score": 2.6069868237220124,
  "valid": true,
  "parsed": true,
  "ran": true,
  "msg": "ok",
  "advantage": 1.312208361899394,
  "beta": 1.368054810567938,
  "n_response_tokens": 2123,
  "sandbox_stdout": "",
  "parent_value": 2.6301719373653984,
  "parent_is_seed": false
}