{
  "step": 9,
  "group": 7,
  "rollout": 6,
  "reward": 2.617251477787221,
  "raw_score": 2.617251477787221,
  "valid": true,
  "parsed": true,
  "ran": true,
  "msg": "ok",
  "advantage": 1.3992302191858061,
  "beta": 15.59069321853538,
  "n_response_tokens": 2375,
  "sandbox_stdout": "",
  "parent_value": 2.629868052372355,
  "parent_is_seed": false
}