{
  "step": 4,
  "group": 4,
  "rollout": 23,
  "reward": 0.0,
  "raw_score": null,
  "valid": false,
  "parsed": true,
  "ran": false,
  "msg": "run_failed: Circle 1 at (0.507531717478763,0.49897133917266145) r=0.5010286614720028 outside unit square",
  "advantage": -0.85691687777285,
  "beta": 1.128115304532308,
  "n_response_tokens": 1525,
  "sandbox_stdout": "",
  "parent_value": 2.601133905361031,
  "parent_is_seed": false
}