{
  "step": 9,
  "group": 6,
  "rollout": 25,
  "reward": 2.6125846292468426,
  "raw_score": 2.6125846292468426,
  "valid": true,
  "parsed": true,
  "ran": true,
  "msg": "ok",
  "advantage": 1.1524967189665398,
  "beta": 20.135717950092886,
  "n_response_tokens": 2314,
  "sandbox_stdout": "",
  "parent_value": 2.6298680523723825,
  "parent_is_seed": false
}