{
  "step": 7,
  "group": 7,
  "rollout": 34,
  "reward": 0.0,
  "raw_score": null,
  "valid": false,
  "parsed": true,
  "ran": false,
  "msg": "run_failed: Circle 11 at (0.5954925454753102,0.09445396433838929) r=0.09445396434366965 outside unit square",
  "advantage": -0.9361062159960727,
  "beta": 1.3752374558154459,
  "n_response_tokens": 1881,
  "sandbox_stdout": "",
  "parent_value": 2.629754404757989,
  "parent_is_seed": false
}