{
  "step": 8,
  "group": 3,
  "rollout": 12,
  "reward": 2.538558282148816,
  "raw_score": 2.538558282148816,
  "valid": true,
  "parsed": true,
  "ran": true,
  "msg": "ok",
  "advantage": -0.8938220223890364,
  "beta": 35.32585621507053,
  "n_response_tokens": 2220,
  "sandbox_stdout": "",
  "parent_value": 2.6298680523723825,
  "parent_is_seed": false
}