{
  "step": 4,
  "group": 3,
  "rollout": 51,
  "reward": 2.5427266332371246,
  "raw_score": 2.5427266332371246,
  "valid": true,
  "parsed": true,
  "ran": true,
  "msg": "ok",
  "advantage": 1.6225066223672266,
  "beta": 1.1292347576127935,
  "n_response_tokens": 1894,
  "sandbox_stdout": "",
  "parent_value": 2.605811249112469,
  "parent_is_seed": false
}