{
  "step": 7,
  "group": 4,
  "rollout": 15,
  "reward": 0.0,
  "raw_score": null,
  "valid": false,
  "parsed": true,
  "ran": false,
  "msg": "run_failed: Circle 1 at (0.3087308194320337,0.21573781357775793) r=0.3352207123593672 outside unit square",
  "advantage": -0.9999999999999999,
  "beta": 14.34213175331942,
  "n_response_tokens": 2265,
  "sandbox_stdout": "",
  "parent_value": 2.6297544047991064,
  "parent_is_seed": false
}