{
  "step": 0,
  "group": 6,
  "rollout": 4,
  "reward": 2.6000000000000005e-07,
  "raw_score": 2.6000000000000005e-07,
  "valid": true,
  "parsed": true,
  "ran": true,
  "msg": "ok",
  "advantage": -0.3695023073909184,
  "beta": 2.8170247971641973,
  "n_response_tokens": 1737,
  "sandbox_stdout": "",
  "parent_value": 0.0,
  "parent_is_seed": true
}