{
  "step": 8,
  "group": 1,
  "rollout": 9,
  "reward": 2.6085200871284133,
  "raw_score": 2.6085200871284133,
  "valid": true,
  "parsed": true,
  "ran": true,
  "msg": "ok",
  "advantage": 1.1791309759710615,
  "beta": 16.072767029161376,
  "n_response_tokens": 2813,
  "sandbox_stdout": "",
  "parent_value": 2.6298680523724234,
  "parent_is_seed": false
}