{
  "step": 8,
  "group": 6,
  "rollout": 60,
  "reward": 0.0,
  "raw_score": null,
  "valid": false,
  "parsed": true,
  "ran": false,
  "msg": "run_failed: Circle 0 at (0.09268386869212632,0.09268386897301549) r=0.09268386881826467 outside unit square",
  "advantage": -0.8738145031388722,
  "beta": 1.1536330139935846,
  "n_response_tokens": 1829,
  "sandbox_stdout": "",
  "parent_value": 2.6297544047993946,
  "parent_is_seed": false
}