{
  "step": 9,
  "group": 2,
  "rollout": 3,
  "reward": 2.6295323804909363,
  "raw_score": 2.6295323804909363,
  "valid": true,
  "parsed": true,
  "ran": true,
  "msg": "ok",
  "advantage": 1.5143081427877192,
  "beta": 26.63232563038623,
  "n_response_tokens": 2627,
  "sandbox_stdout": "",
  "parent_value": 2.6298680523724234,
  "parent_is_seed": false
}