{
  "step": 1,
  "group": 1,
  "rollout": 28,
  "reward": 0.0,
  "raw_score": null,
  "valid": false,
  "parsed": true,
  "ran": false,
  "msg": "run_failed: Circle 0 at (0.9427484443579222,0.27467365919549463) r=0.05967287071100713 outside unit square",
  "advantage": -0.5228714022401942,
  "beta": 1.9432770448527639,
  "n_response_tokens": 1175,
  "sandbox_stdout": "",
  "parent_value": 1.3000000000000003,
  "parent_is_seed": false
}