{
  "step": 5,
  "group": 7,
  "rollout": 33,
  "reward": 2.5855437917254664,
  "raw_score": 2.5855437917254664,
  "valid": true,
  "parsed": true,
  "ran": true,
  "msg": "ok",
  "advantage": 1.0668546571242286,
  "beta": 17.212520876117814,
  "n_response_tokens": 1261,
  "sandbox_stdout": "",
  "parent_value": 2.6252170863612565,
  "parent_is_seed": false
}