{
  "step": 9,
  "group": 4,
  "rollout": 62,
  "reward": 2.5288810383295726,
  "raw_score": 2.5288810383295726,
  "valid": true,
  "parsed": true,
  "ran": true,
  "msg": "ok",
  "advantage": -0.854933539683371,
  "beta": 29.84756938279185,
  "n_response_tokens": 2920,
  "sandbox_stdout": "",
  "parent_value": 2.6298680523724234,
  "parent_is_seed": false
}