{
  "step": 6,
  "group": 5,
  "rollout": 34,
  "reward": 2.613433988329071,
  "raw_score": 2.613433988329071,
  "valid": true,
  "parsed": true,
  "ran": true,
  "msg": "ok",
  "advantage": 0.23216082086818224,
  "beta": 108.74713545640292,
  "n_response_tokens": 2329,
  "sandbox_stdout": "",
  "parent_value": 2.6283376702848287,
  "parent_is_seed": false
}