{
  "step": 4,
  "group": 1,
  "rollout": 3,
  "reward": 2.629618946805008,
  "raw_score": 2.629618946805008,
  "valid": true,
  "parsed": true,
  "ran": true,
  "msg": "ok",
  "advantage": 1.9448475933920908,
  "beta": 1.0912312464760239,
  "n_response_tokens": 2203,
  "sandbox_stdout": "",
  "parent_value": 2.629754404757989,
  "parent_is_seed": false
}