{
  "step": 4,
  "group": 5,
  "rollout": 49,
  "reward": 2.56526143691936,
  "raw_score": 2.56526143691936,
  "valid": true,
  "parsed": true,
  "ran": true,
  "msg": "ok",
  "advantage": 2.4773662144773243,
  "beta": 0.9781209468355856,
  "n_response_tokens": 1883,
  "sandbox_stdout": "",
  "parent_value": 2.5919757890624906,
  "parent_is_seed": false
}