{
  "step": 7,
  "group": 4,
  "rollout": 35,
  "reward": 0.0,
  "raw_score": null,
  "valid": false,
  "parsed": true,
  "ran": false,
  "msg": "run_failed: Circle 0 at (5.5973421069310415e-05,0.4940654220862708) r=0.005107614868775574 outside unit square",
  "advantage": -0.9999999999999999,
  "beta": 14.34213175331942,
  "n_response_tokens": 2204,
  "sandbox_stdout": "",
  "parent_value": 2.6297544047991064,
  "parent_is_seed": false
}