{
  "step": 5,
  "group": 6,
  "rollout": 17,
  "reward": 2.5797348874688337,
  "raw_score": 2.5797348874688337,
  "valid": true,
  "parsed": true,
  "ran": true,
  "msg": "ok",
  "advantage": 1.1913965529331185,
  "beta": 1.5903806375471,
  "n_response_tokens": 1570,
  "sandbox_stdout": "",
  "parent_value": 2.6255902137096,
  "parent_is_seed": false
}