{
  "step": 1,
  "group": 3,
  "rollout": 10,
  "reward": 0.8000000000001068,
  "raw_score": 0.8000000000001068,
  "valid": true,
  "parsed": true,
  "ran": true,
  "msg": "ok",
  "advantage": -0.09046119855935708,
  "beta": 1.4929676734863897,
  "n_response_tokens": 1304,
  "sandbox_stdout": "",
  "parent_value": 1.0000000000000107,
  "parent_is_seed": false
}