{
  "step": 6,
  "group": 5,
  "rollout": 60,
  "reward": 2.6076261962171774,
  "raw_score": 2.6076261962171774,
  "valid": true,
  "parsed": true,
  "ran": true,
  "msg": "ok",
  "advantage": -0.35074371928868464,
  "beta": 108.74713545640292,
  "n_response_tokens": 2068,
  "sandbox_stdout": "",
  "parent_value": 2.6283376702848287,
  "parent_is_seed": false
}