{
  "step": 5,
  "group": 7,
  "rollout": 43,
  "reward": 2.5995495087738933,
  "raw_score": 2.5995495087738933,
  "valid": true,
  "parsed": true,
  "ran": true,
  "msg": "ok",
  "advantage": 1.6540469557802933,
  "beta": 17.212520876117814,
  "n_response_tokens": 2086,
  "sandbox_stdout": "",
  "parent_value": 2.6252170863612565,
  "parent_is_seed": false
}