{
  "step": 2,
  "group": 4,
  "rollout": 29,
  "reward": 0.0,
  "raw_score": null,
  "valid": false,
  "parsed": true,
  "ran": true,
  "msg": "Circle 4 has negative radius -0.16666666666666674",
  "advantage": -0.6426826593920023,
  "beta": 2.012242901569003,
  "n_response_tokens": 1627,
  "sandbox_stdout": "",
  "parent_value": 1.3277580764982178,
  "parent_is_seed": false
}