{
  "step": 4,
  "group": 4,
  "rollout": 39,
  "reward": 2.5881930036550482,
  "raw_score": 2.5881930036550482,
  "valid": true,
  "parsed": true,
  "ran": true,
  "msg": "ok",
  "advantage": 1.762387493288046,
  "beta": 1.128115304532308,
  "n_response_tokens": 1682,
  "sandbox_stdout": "",
  "parent_value": 2.601133905361031,
  "parent_is_seed": false
}