{
  "step": 5,
  "group": 0,
  "rollout": 14,
  "reward": 2.5596149057035182,
  "raw_score": 2.5596149057035182,
  "valid": true,
  "parsed": true,
  "ran": true,
  "msg": "ok",
  "advantage": -0.2490000020283617,
  "beta": 17.82469020679346,
  "n_response_tokens": 2175,
  "sandbox_stdout": "",
  "parent_value": 2.629754404757989,
  "parent_is_seed": false
}