{
  "step": 7,
  "group": 1,
  "rollout": 59,
  "reward": 2.5190643163257658,
  "raw_score": 2.5190643163257658,
  "valid": true,
  "parsed": true,
  "ran": true,
  "msg": "ok",
  "advantage": -0.8982987041447928,
  "beta": 30.15538790065325,
  "n_response_tokens": 2753,
  "sandbox_stdout": "",
  "parent_value": 2.6298680523724234,
  "parent_is_seed": false
}