{
  "step": 4,
  "group": 3,
  "rollout": 1,
  "reward": 2.5246942139176634,
  "raw_score": 2.5246942139176634,
  "valid": true,
  "parsed": true,
  "ran": true,
  "msg": "ok",
  "advantage": 1.567490672951315,
  "beta": 1.1292347576127935,
  "n_response_tokens": 1550,
  "sandbox_stdout": "",
  "parent_value": 2.605811249112469,
  "parent_is_seed": false
}