{
  "step": 7,
  "group": 3,
  "rollout": 24,
  "reward": 0.0,
  "raw_score": null,
  "valid": false,
  "parsed": true,
  "ran": false,
  "msg": "run_failed: Circle 5 at (0.06856058772052395,0.9306607585854839) r=0.06856155216889183 outside unit square",
  "advantage": -0.9061622096797366,
  "beta": 1.2389815275860008,
  "n_response_tokens": 1578,
  "sandbox_stdout": "",
  "parent_value": 2.6297544047993946,
  "parent_is_seed": false
}