{
  "step": 7,
  "group": 5,
  "rollout": 57,
  "reward": 2.493357919434639,
  "raw_score": 2.493357919434639,
  "valid": true,
  "parsed": true,
  "ran": true,
  "msg": "ok",
  "advantage": -0.8503744012831421,
  "beta": 21.922739320612948,
  "n_response_tokens": 1848,
  "sandbox_stdout": "",
  "parent_value": 2.6297544047944443,
  "parent_is_seed": false
}