{
  "step": 0,
  "group": 5,
  "rollout": 35,
  "reward": 0.0,
  "raw_score": null,
  "valid": false,
  "parsed": true,
  "ran": true,
  "msg": "Circle 0 at (4.1990584674301384e-15,2.8376688396985258e-15) r=0.9999999999998817 outside unit square",
  "advantage": -0.3060581869150919,
  "beta": 2.584522364148321,
  "n_response_tokens": 1469,
  "sandbox_stdout": "",
  "parent_value": 0.0,
  "parent_is_seed": true
}