{
  "step": 3,
  "group": 7,
  "rollout": 18,
  "reward": 1.1517504492121486,
  "raw_score": 1.1517504492121486,
  "valid": true,
  "parsed": true,
  "ran": true,
  "msg": "ok",
  "advantage": -0.14309936521559752,
  "beta": 1.3348374355016954,
  "n_response_tokens": 1300,
  "sandbox_stdout": "",
  "parent_value": 2.169793553143406,
  "parent_is_seed": false
}