{
  "step": 7,
  "group": 7,
  "rollout": 31,
  "reward": 2.610525860880945,
  "raw_score": 2.610525860880945,
  "valid": true,
  "parsed": true,
  "ran": true,
  "msg": "ok",
  "advantage": 1.4011584692095882,
  "beta": 1.3752374558154459,
  "n_response_tokens": 2021,
  "sandbox_stdout": "",
  "parent_value": 2.629754404757989,
  "parent_is_seed": false
}