{
  "step": 7,
  "group": 5,
  "rollout": 14,
  "reward": 2.5393281426787384,
  "raw_score": 2.5393281426787384,
  "valid": true,
  "parsed": true,
  "ran": true,
  "msg": "ok",
  "advantage": -0.5883928443193128,
  "beta": 21.922739320612948,
  "n_response_tokens": 2193,
  "sandbox_stdout": "",
  "parent_value": 2.6297544047944443,
  "parent_is_seed": false
}