{
  "step": 1,
  "group": 1,
  "rollout": 8,
  "reward": 0.0,
  "raw_score": null,
  "valid": false,
  "parsed": true,
  "ran": false,
  "msg": "run_failed: Optimization failed: Circle 2 at (0.2396996264831054,0.580432023778966) r=0.7067946710962403 outside unit square",
  "advantage": -0.5228714022401942,
  "beta": 1.9432770448527639,
  "n_response_tokens": 1240,
  "sandbox_stdout": "",
  "parent_value": 1.3000000000000003,
  "parent_is_seed": false
}