{
  "step": 3,
  "group": 6,
  "rollout": 46,
  "reward": 3.4707947821130444e-13,
  "raw_score": 3.4707947821130444e-13,
  "valid": true,
  "parsed": true,
  "ran": true,
  "msg": "ok",
  "advantage": -0.7727540129917376,
  "beta": 1.2718979470364964,
  "n_response_tokens": 1407,
  "sandbox_stdout": "",
  "parent_value": 2.266025403784503,
  "parent_is_seed": false
}