{
  "step": 8,
  "group": 3,
  "rollout": 6,
  "reward": 2.6136445175458833,
  "raw_score": 2.6136445175458833,
  "valid": true,
  "parsed": true,
  "ran": true,
  "msg": "ok",
  "advantage": 0.5408381113556366,
  "beta": 35.32585621507053,
  "n_response_tokens": 2019,
  "sandbox_stdout": "",
  "parent_value": 2.6298680523723825,
  "parent_is_seed": false
}