{
  "step": 4,
  "group": 0,
  "rollout": 5,
  "reward": 2.573598356956549,
  "raw_score": 2.573598356956549,
  "valid": true,
  "parsed": true,
  "ran": true,
  "msg": "ok",
  "advantage": -0.7254299571655822,
  "beta": 55.22271257370427,
  "n_response_tokens": 1369,
  "sandbox_stdout": "",
  "parent_value": 2.629914153232447,
  "parent_is_seed": false
}