{
  "step": 7,
  "group": 6,
  "rollout": 37,
  "reward": 0.0,
  "raw_score": null,
  "valid": false,
  "parsed": true,
  "ran": false,
  "msg": "run_failed: Circle 6 at (0.2499242019806571,0.11362802797848318) r=0.11362802798002743 outside unit square",
  "advantage": -0.9212329410453977,
  "beta": 1.3005727887651195,
  "n_response_tokens": 1892,
  "sandbox_stdout": "",
  "parent_value": 2.629754404757989,
  "parent_is_seed": false
}