{
  "step": 4,
  "group": 2,
  "rollout": 46,
  "reward": 0.0,
  "raw_score": null,
  "valid": false,
  "parsed": true,
  "ran": false,
  "msg": "run_failed: Circle 5 at (0.8445520486759676,0.1554479562896357) r=0.15544795749677534 outside unit square",
  "advantage": -0.9509431146093814,
  "beta": 1.4705215003237289,
  "n_response_tokens": 1779,
  "sandbox_stdout": "",
  "parent_value": 2.6259181926345354,
  "parent_is_seed": false
}