{
  "step": 5,
  "group": 6,
  "rollout": 59,
  "reward": 0.0,
  "raw_score": null,
  "valid": false,
  "parsed": true,
  "ran": false,
  "msg": "run_failed: Circle 1 at (0.10029310356919975,0.6117978430121139) r=0.10029310357083628 outside unit square",
  "advantage": -0.9649807879400645,
  "beta": 1.5903806375471,
  "n_response_tokens": 1575,
  "sandbox_stdout": "",
  "parent_value": 2.6255902137096,
  "parent_is_seed": false
}