{
  "step": 9,
  "group": 6,
  "rollout": 47,
  "reward": 2.6060921817178557,
  "raw_score": 2.6060921817178557,
  "valid": true,
  "parsed": true,
  "ran": true,
  "msg": "ok",
  "advantage": 0.8808430729582473,
  "beta": 20.135717950092886,
  "n_response_tokens": 1831,
  "sandbox_stdout": "",
  "parent_value": 2.6298680523723825,
  "parent_is_seed": false
}