{
  "step": 6,
  "group": 6,
  "rollout": 39,
  "reward": 2.5981663548895932,
  "raw_score": 2.5981663548895932,
  "valid": true,
  "parsed": true,
  "ran": true,
  "msg": "ok",
  "advantage": 1.395349675092469,
  "beta": 9.637290935901122,
  "n_response_tokens": 1886,
  "sandbox_stdout": "",
  "parent_value": 2.627547817384337,
  "parent_is_seed": false
}