{
  "step": 6,
  "group": 3,
  "rollout": 20,
  "reward": 0.0,
  "raw_score": null,
  "valid": false,
  "parsed": true,
  "ran": false,
  "msg": "run_failed: Circle 4 at (0.08707196712697932,0.7726036609846856) r=0.08707196713209608 outside unit square",
  "advantage": -0.8402158700621296,
  "beta": 1.0797095289114027,
  "n_response_tokens": 2126,
  "sandbox_stdout": "",
  "parent_value": 2.629754404757989,
  "parent_is_seed": false
}