{
  "step": 7,
  "group": 6,
  "rollout": 16,
  "reward": 2.452530738087996,
  "raw_score": 2.452530738087996,
  "valid": true,
  "parsed": true,
  "ran": true,
  "msg": "ok",
  "advantage": 0.9698825859505096,
  "beta": 1.3005727887651195,
  "n_response_tokens": 1782,
  "sandbox_stdout": "",
  "parent_value": 2.629754404757989,
  "parent_is_seed": false
}