{
  "step": 8,
  "group": 6,
  "rollout": 36,
  "reward": 0.0,
  "raw_score": null,
  "valid": false,
  "parsed": true,
  "ran": false,
  "msg": "run_failed: Circle 0 at (0.07566612005300032,0.07566612006094599) r=0.07566612005898621 outside unit square",
  "advantage": -0.8738145031388722,
  "beta": 1.1536330139935846,
  "n_response_tokens": 1851,
  "sandbox_stdout": "",
  "parent_value": 2.6297544047993946,
  "parent_is_seed": false
}