{
  "step": 6,
  "group": 1,
  "rollout": 48,
  "reward": 0.0,
  "raw_score": null,
  "valid": false,
  "parsed": true,
  "ran": false,
  "msg": "run_failed: Circle 6 at (0.12228576453199598,0.2755638650395647) r=0.12228576453332544 outside unit square",
  "advantage": -0.9060795460803277,
  "beta": 1.2400989889719878,
  "n_response_tokens": 1975,
  "sandbox_stdout": "",
  "parent_value": 2.629754404757989,
  "parent_is_seed": false
}