{
  "step": 5,
  "group": 0,
  "rollout": 40,
  "reward": 2.5825197032736495,
  "raw_score": 2.5825197032736495,
  "valid": true,
  "parsed": true,
  "ran": true,
  "msg": "ok",
  "advantage": 0.1364961601402428,
  "beta": 17.82469020679346,
  "n_response_tokens": 1917,
  "sandbox_stdout": "",
  "parent_value": 2.629754404757989,
  "parent_is_seed": false
}