{
  "step": 3,
  "group": 7,
  "rollout": 22,
  "reward": 1.0496503030358966,
  "raw_score": 1.0496503030358966,
  "valid": true,
  "parsed": true,
  "ran": true,
  "msg": "ok",
  "advantage": -0.25356882355481203,
  "beta": 1.3348374355016954,
  "n_response_tokens": 1479,
  "sandbox_stdout": "",
  "parent_value": 2.169793553143406,
  "parent_is_seed": false
}