{
  "step": 8,
  "group": 3,
  "rollout": 50,
  "reward": 2.6298680523723825,
  "raw_score": 2.6298680523723825,
  "valid": true,
  "parsed": true,
  "ran": true,
  "msg": "ok",
  "advantage": 1.7858218377249608,
  "beta": 35.32585621507053,
  "n_response_tokens": 1856,
  "sandbox_stdout": "",
  "parent_value": 2.6298680523723825,
  "parent_is_seed": false
}