{
  "step": 6,
  "group": 2,
  "rollout": 16,
  "reward": 0.0,
  "raw_score": null,
  "valid": false,
  "parsed": true,
  "ran": false,
  "msg": "run_failed: Circle 11 at (0.2212288136364354,0.09056423180696602) r=0.09056423180878255 outside unit square",
  "advantage": -0.8892696401307206,
  "beta": 1.1940334488809836,
  "n_response_tokens": 2097,
  "sandbox_stdout": "",
  "parent_value": 2.629754404757989,
  "parent_is_seed": false
}