{
  "step": 6,
  "group": 5,
  "rollout": 38,
  "reward": 2.618725546537372,
  "raw_score": 2.618725546537372,
  "valid": true,
  "parsed": true,
  "ran": true,
  "msg": "ok",
  "advantage": 1.2245233797122168,
  "beta": 108.74713545640292,
  "n_response_tokens": 2310,
  "sandbox_stdout": "",
  "parent_value": 2.6283376702848287,
  "parent_is_seed": false
}