{
  "step": 7,
  "group": 1,
  "rollout": 58,
  "reward": 2.6298680523724234,
  "raw_score": 2.6298680523724234,
  "valid": true,
  "parsed": true,
  "ran": true,
  "msg": "ok",
  "advantage": 2.006006399112622,
  "beta": 30.15538790065325,
  "n_response_tokens": 3729,
  "sandbox_stdout": "",
  "parent_value": 2.6298680523724234,
  "parent_is_seed": false
}