{
  "step": 5,
  "group": 4,
  "rollout": 62,
  "reward": 2.5802752412361722,
  "raw_score": 2.5802752412361722,
  "valid": true,
  "parsed": true,
  "ran": true,
  "msg": "ok",
  "advantage": 1.700184176435069,
  "beta": 1.123354482018815,
  "n_response_tokens": 2063,
  "sandbox_stdout": "",
  "parent_value": 2.6259181926345354,
  "parent_is_seed": false
}