{
  "step": 6,
  "group": 4,
  "rollout": 45,
  "reward": 2.5360374888494577,
  "raw_score": 2.5360374888494577,
  "valid": true,
  "parsed": true,
  "ran": true,
  "msg": "ok",
  "advantage": -0.350096037705394,
  "beta": 15.648419010729182,
  "n_response_tokens": 1946,
  "sandbox_stdout": "",
  "parent_value": 2.62840699407039,
  "parent_is_seed": false
}