{
  "step": 2,
  "group": 3,
  "rollout": 6,
  "reward": 1.9374112012850095,
  "raw_score": 1.9374112012850095,
  "valid": true,
  "parsed": true,
  "ran": true,
  "msg": "ok",
  "advantage": 3.2725465058160994,
  "beta": 1.514898565956805,
  "n_response_tokens": 1819,
  "sandbox_stdout": "",
  "parent_value": 1.843059318878763,
  "parent_is_seed": false
}