{
  "step": 9,
  "group": 7,
  "rollout": 44,
  "reward": 2.608520087128631,
  "raw_score": 2.608520087128631,
  "valid": true,
  "parsed": true,
  "ran": true,
  "msg": "ok",
  "advantage": 1.083781794600346,
  "beta": 15.59069321853538,
  "n_response_tokens": 2089,
  "sandbox_stdout": "",
  "parent_value": 2.629868052372355,
  "parent_is_seed": false
}