{
  "step": 2,
  "group": 3,
  "rollout": 48,
  "reward": 0.43999999999986045,
  "raw_score": 0.43999999999986045,
  "valid": true,
  "parsed": true,
  "ran": true,
  "msg": "ok",
  "advantage": -0.5832380470051834,
  "beta": 1.514898565956805,
  "n_response_tokens": 1257,
  "sandbox_stdout": "",
  "parent_value": 1.843059318878763,
  "parent_is_seed": false
}