{
  "step": 4,
  "group": 0,
  "rollout": 27,
  "reward": 2.6035189830051877,
  "raw_score": 2.6035189830051877,
  "valid": true,
  "parsed": true,
  "ran": true,
  "msg": "ok",
  "advantage": 0.459812052379029,
  "beta": 55.22271257370427,
  "n_response_tokens": 2095,
  "sandbox_stdout": "",
  "parent_value": 2.629914153232447,
  "parent_is_seed": false
}