{
  "step": 6,
  "group": 6,
  "rollout": 33,
  "reward": 2.5578145350541823,
  "raw_score": 2.5578145350541823,
  "valid": true,
  "parsed": true,
  "ran": true,
  "msg": "ok",
  "advantage": 0.6039533920073548,
  "beta": 9.637290935901122,
  "n_response_tokens": 1887,
  "sandbox_stdout": "",
  "parent_value": 2.627547817384337,
  "parent_is_seed": false
}