{
  "step": 6,
  "group": 7,
  "rollout": 39,
  "reward": 2.618938714985357,
  "raw_score": 2.618938714985357,
  "valid": true,
  "parsed": true,
  "ran": true,
  "msg": "ok",
  "advantage": 0.9524407370096011,
  "beta": 109.29397808820893,
  "n_response_tokens": 2076,
  "sandbox_stdout": "",
  "parent_value": 2.6271510822414066,
  "parent_is_seed": false
}