{
  "step": 7,
  "group": 4,
  "rollout": 33,
  "reward": 2.6103791565368883,
  "raw_score": 2.6103791565368883,
  "valid": true,
  "parsed": true,
  "ran": true,
  "msg": "ok",
  "advantage": 1.2528205456256027,
  "beta": 14.34213175331942,
  "n_response_tokens": 2215,
  "sandbox_stdout": "",
  "parent_value": 2.6297544047991064,
  "parent_is_seed": false
}