{
  "step": 4,
  "group": 4,
  "rollout": 41,
  "reward": 2.581455824312477,
  "raw_score": 2.581455824312477,
  "valid": true,
  "parsed": true,
  "ran": true,
  "msg": "ok",
  "advantage": 1.7405622184771659,
  "beta": 1.128115304532308,
  "n_response_tokens": 1591,
  "sandbox_stdout": "",
  "parent_value": 2.601133905361031,
  "parent_is_seed": false
}