{
  "step": 7,
  "group": 7,
  "rollout": 63,
  "reward": 2.559757243387958,
  "raw_score": 2.559757243387958,
  "valid": true,
  "parsed": true,
  "ran": true,
  "msg": "ok",
  "advantage": 1.2334900994051758,
  "beta": 1.3752374558154459,
  "n_response_tokens": 1979,
  "sandbox_stdout": "",
  "parent_value": 2.629754404757989,
  "parent_is_seed": false
}