{
  "step": 7,
  "group": 5,
  "rollout": 9,
  "reward": 2.5891591585883202,
  "raw_score": 2.5891591585883202,
  "valid": true,
  "parsed": true,
  "ran": true,
  "msg": "ok",
  "advantage": 0.24330996787601467,
  "beta": 21.922739320612948,
  "n_response_tokens": 2120,
  "sandbox_stdout": "",
  "parent_value": 2.6297544047944443,
  "parent_is_seed": false
}