{
  "step": 5,
  "group": 4,
  "rollout": 37,
  "reward": 0.0,
  "raw_score": null,
  "valid": false,
  "parsed": true,
  "ran": false,
  "msg": "run_failed: Circle 0 at (0.09299290773092231,0.24256078891341817) r=0.09299290773789562 outside unit square",
  "advantage": -0.8570047092101887,
  "beta": 1.123354482018815,
  "n_response_tokens": 1930,
  "sandbox_stdout": "",
  "parent_value": 2.6259181926345354,
  "parent_is_seed": false
}