{
  "step": 7,
  "group": 0,
  "rollout": 10,
  "reward": 2.6070427852604574,
  "raw_score": 2.6070427852604574,
  "valid": true,
  "parsed": true,
  "ran": true,
  "msg": "ok",
  "advantage": 1.3123918854378922,
  "beta": 1.368054810567938,
  "n_response_tokens": 2091,
  "sandbox_stdout": "",
  "parent_value": 2.6301719373653984,
  "parent_is_seed": false
}