{
  "step": 9,
  "group": 4,
  "rollout": 28,
  "reward": 2.6085200871284133,
  "raw_score": 2.6085200871284133,
  "valid": true,
  "parsed": true,
  "ran": true,
  "msg": "ok",
  "advantage": 0.5987614839613817,
  "beta": 29.84756938279185,
  "n_response_tokens": 2843,
  "sandbox_stdout": "",
  "parent_value": 2.6298680523724234,
  "parent_is_seed": false
}