{
  "step": 6,
  "group": 4,
  "rollout": 61,
  "reward": 2.5360374888490074,
  "raw_score": 2.5360374888490074,
  "valid": true,
  "parsed": true,
  "ran": true,
  "msg": "ok",
  "advantage": -0.35009603771002085,
  "beta": 15.648419010729182,
  "n_response_tokens": 1898,
  "sandbox_stdout": "",
  "parent_value": 2.62840699407039,
  "parent_is_seed": false
}