{
  "step": 4,
  "group": 4,
  "rollout": 56,
  "reward": 2.6037543065283666,
  "raw_score": 2.6037543065283666,
  "valid": true,
  "parsed": true,
  "ran": true,
  "msg": "ok",
  "advantage": 1.8134939801927552,
  "beta": 1.128115304532308,
  "n_response_tokens": 1849,
  "sandbox_stdout": "",
  "parent_value": 2.601133905361031,
  "parent_is_seed": false
}