{
  "step": 6,
  "group": 5,
  "rollout": 47,
  "reward": 2.6177864984249757,
  "raw_score": 2.6177864984249757,
  "valid": true,
  "parsed": true,
  "ran": true,
  "msg": "ok",
  "advantage": 1.0017102630026518,
  "beta": 108.74713545640292,
  "n_response_tokens": 2077,
  "sandbox_stdout": "",
  "parent_value": 2.6283376702848287,
  "parent_is_seed": false
}