{
  "step": 8,
  "group": 5,
  "rollout": 42,
  "reward": 2.6057853723156517,
  "raw_score": 2.6057853723156517,
  "valid": true,
  "parsed": true,
  "ran": true,
  "msg": "ok",
  "advantage": 1.0657433527025346,
  "beta": 2.9009734435157877,
  "n_response_tokens": 2039,
  "sandbox_stdout": "",
  "parent_value": 2.6297544047993946,
  "parent_is_seed": false
}