{
  "step": 3,
  "group": 6,
  "rollout": 53,
  "reward": 1.8289419162442824,
  "raw_score": 1.8289419162442824,
  "valid": true,
  "parsed": true,
  "ran": true,
  "msg": "ok",
  "advantage": 1.407045170292529,
  "beta": 1.2718979470364964,
  "n_response_tokens": 1524,
  "sandbox_stdout": "",
  "parent_value": 2.266025403784503,
  "parent_is_seed": false
}