{
  "step": 7,
  "group": 2,
  "rollout": 45,
  "reward": 2.6276848114028084,
  "raw_score": 2.6276848114028084,
  "valid": true,
  "parsed": true,
  "ran": true,
  "msg": "ok",
  "advantage": 1.5460215990448196,
  "beta": 9.962713022489192,
  "n_response_tokens": 2199,
  "sandbox_stdout": "",
  "parent_value": 2.6298680523719495,
  "parent_is_seed": false
}