{
  "step": 5,
  "group": 6,
  "rollout": 19,
  "reward": 2.5929745540201754,
  "raw_score": 2.5929745540201754,
  "valid": true,
  "parsed": true,
  "ran": true,
  "msg": "ok",
  "advantage": 1.239685830872487,
  "beta": 1.5903806375471,
  "n_response_tokens": 1814,
  "sandbox_stdout": "",
  "parent_value": 2.6255902137096,
  "parent_is_seed": false
}