{
  "step": 5,
  "group": 3,
  "rollout": 54,
  "reward": 0.0,
  "raw_score": null,
  "valid": false,
  "parsed": true,
  "ran": false,
  "msg": "run_failed: Circle 5 at (0.2197890818116881,0.08972609239100876) r=0.08972609239219502 outside unit square",
  "advantage": -0.9646148484736646,
  "beta": 1.5840558902570234,
  "n_response_tokens": 1855,
  "sandbox_stdout": "",
  "parent_value": 2.6259181926345354,
  "parent_is_seed": false
}