{
  "step": 7,
  "group": 4,
  "rollout": 34,
  "reward": 2.580401867826016,
  "raw_score": 2.580401867826016,
  "valid": true,
  "parsed": true,
  "ran": true,
  "msg": "ok",
  "advantage": 0.44748299961983107,
  "beta": 14.34213175331942,
  "n_response_tokens": 1929,
  "sandbox_stdout": "",
  "parent_value": 2.6297544047991064,
  "parent_is_seed": false
}