{
  "step": 6,
  "group": 6,
  "rollout": 60,
  "reward": 0.0,
  "raw_score": null,
  "valid": false,
  "parsed": true,
  "ran": false,
  "msg": "run_failed: Circle 0 at (0.08388727015601141,0.07880392592711871) r=0.08154025585297725 outside unit square",
  "advantage": -0.9999999999691866,
  "beta": 9.637290935901122,
  "n_response_tokens": 2088,
  "sandbox_stdout": "",
  "parent_value": 2.627547817384337,
  "parent_is_seed": false
}