{
  "step": 9,
  "group": 7,
  "rollout": 49,
  "reward": 2.5321686604868723,
  "raw_score": 2.5321686604868723,
  "valid": true,
  "parsed": true,
  "ran": true,
  "msg": "ok",
  "advantage": -0.38056258213578986,
  "beta": 15.59069321853538,
  "n_response_tokens": 2085,
  "sandbox_stdout": "",
  "parent_value": 2.629868052372355,
  "parent_is_seed": false
}