{
  "step": 1,
  "group": 2,
  "rollout": 12,
  "reward": 1.0523149507193752,
  "raw_score": 1.0523149507193752,
  "valid": true,
  "parsed": true,
  "ran": true,
  "msg": "ok",
  "advantage": 6.601745380412191,
  "beta": 2.4795456464240346,
  "n_response_tokens": 1514,
  "sandbox_stdout": "",
  "parent_value": 1.1003906250000002,
  "parent_is_seed": false
}