{
  "step": 4,
  "group": 6,
  "rollout": 43,
  "reward": 1.4552003801331472,
  "raw_score": 1.4552003801331472,
  "valid": true,
  "parsed": true,
  "ran": true,
  "msg": "ok",
  "advantage": 0.9844873412636257,
  "beta": 1.2523410432617887,
  "n_response_tokens": 1869,
  "sandbox_stdout": "",
  "parent_value": 2.4999999999999543,
  "parent_is_seed": false
}