{
  "step": 1,
  "group": 3,
  "rollout": 23,
  "reward": 0.0,
  "raw_score": null,
  "valid": false,
  "parsed": true,
  "ran": false,
  "msg": "run_failed: Circle 0 at (0.985416603113829,1.0) r=9.515442128682494e-09 outside unit square",
  "advantage": -0.7272516393606747,
  "beta": 1.4929676734863897,
  "n_response_tokens": 1425,
  "sandbox_stdout": "",
  "parent_value": 1.0000000000000107,
  "parent_is_seed": false
}