{
  "step": 9,
  "group": 0,
  "rollout": 59,
  "reward": 2.577613653006396,
  "raw_score": 2.577613653006396,
  "valid": true,
  "parsed": true,
  "ran": true,
  "msg": "ok",
  "advantage": -0.40418462276949163,
  "beta": 44.197820271340156,
  "n_response_tokens": 2441,
  "sandbox_stdout": "",
  "parent_value": 2.6298680523724762,
  "parent_is_seed": false
}