{
  "step": 3,
  "group": 6,
  "rollout": 52,
  "reward": 0.0,
  "raw_score": null,
  "valid": false,
  "parsed": true,
  "ran": false,
  "msg": "run_failed: Circle 1 at (0.29000000000000004,0.1) r=0.1010000000000093 outside unit square",
  "advantage": -0.7727540129918383,
  "beta": 1.2718979470364964,
  "n_response_tokens": 1574,
  "sandbox_stdout": "",
  "parent_value": 2.266025403784503,
  "parent_is_seed": false
}