{
  "step": 6,
  "group": 2,
  "rollout": 29,
  "reward": 0.0,
  "raw_score": null,
  "valid": false,
  "parsed": true,
  "ran": false,
  "msg": "run_failed: Circle 5 at (0.11034495564054587,0.47165904317218715) r=0.11034495564215835 outside unit square",
  "advantage": -0.8892696401307206,
  "beta": 1.1940334488809836,
  "n_response_tokens": 2019,
  "sandbox_stdout": "",
  "parent_value": 2.629754404757989,
  "parent_is_seed": false
}