{
  "step": 4,
  "group": 5,
  "rollout": 8,
  "reward": 0.0,
  "raw_score": null,
  "valid": false,
  "parsed": true,
  "ran": false,
  "msg": "run_failed: Circle 2 at (0.15825754959265106,0.8417424429384767) r=0.15825755706626443 outside unit square",
  "advantage": -0.7308062139893126,
  "beta": 0.9781209468355856,
  "n_response_tokens": 1842,
  "sandbox_stdout": "",
  "parent_value": 2.5919757890624906,
  "parent_is_seed": false
}