{
  "step": 4,
  "group": 5,
  "rollout": 43,
  "reward": 2.6255902137096,
  "raw_score": 2.6255902137096,
  "valid": true,
  "parsed": true,
  "ran": true,
  "msg": "ok",
  "advantage": 2.701154281177802,
  "beta": 0.9781209468355856,
  "n_response_tokens": 1545,
  "sandbox_stdout": "",
  "parent_value": 2.5919757890624906,
  "parent_is_seed": false
}