{
  "step": 6,
  "group": 0,
  "rollout": 19,
  "reward": 2.582619738422324,
  "raw_score": 2.582619738422324,
  "valid": true,
  "parsed": true,
  "ran": true,
  "msg": "ok",
  "advantage": 0.2504864203304318,
  "beta": 17.521519439372888,
  "n_response_tokens": 1992,
  "sandbox_stdout": "",
  "parent_value": 2.6297544047944443,
  "parent_is_seed": false
}