{
  "step": 6,
  "group": 3,
  "rollout": 14,
  "reward": 2.6007953063619476,
  "raw_score": 2.6007953063619476,
  "valid": true,
  "parsed": true,
  "ran": true,
  "msg": "ok",
  "advantage": 1.7579415569244974,
  "beta": 1.0797095289114027,
  "n_response_tokens": 1741,
  "sandbox_stdout": "",
  "parent_value": 2.629754404757989,
  "parent_is_seed": false
}