{
  "step": 2,
  "group": 7,
  "rollout": 50,
  "reward": 0.0,
  "raw_score": null,
  "valid": false,
  "parsed": true,
  "ran": true,
  "msg": "Circle 13 has negative radius -0.19999999999999996",
  "advantage": -0.5159022851872905,
  "beta": 2.850194984247453,
  "n_response_tokens": 1850,
  "sandbox_stdout": "",
  "parent_value": 1.0523149507193752,
  "parent_is_seed": false
}