{
  "step": 7,
  "group": 0,
  "rollout": 45,
  "reward": 2.609772443467313,
  "raw_score": 2.609772443467313,
  "valid": true,
  "parsed": true,
  "ran": true,
  "msg": "ok",
  "advantage": 1.3213620216312658,
  "beta": 1.368054810567938,
  "n_response_tokens": 2068,
  "sandbox_stdout": "",
  "parent_value": 2.6301719373653984,
  "parent_is_seed": false
}