{
  "step": 7,
  "group": 7,
  "rollout": 11,
  "reward": 2.557124757927011,
  "raw_score": 2.557124757927011,
  "valid": true,
  "parsed": true,
  "ran": true,
  "msg": "ok",
  "advantage": 1.2251337568530056,
  "beta": 1.3752374558154459,
  "n_response_tokens": 1806,
  "sandbox_stdout": "",
  "parent_value": 2.629754404757989,
  "parent_is_seed": false
}