{
  "step": 2,
  "group": 4,
  "rollout": 32,
  "reward": 1.2895912585378528,
  "raw_score": 1.2895912585378528,
  "valid": true,
  "parsed": true,
  "ran": true,
  "msg": "ok",
  "advantage": 4.148684924804924,
  "beta": 2.012242901569003,
  "n_response_tokens": 1594,
  "sandbox_stdout": "",
  "parent_value": 1.3277580764982178,
  "parent_is_seed": false
}