{
  "step": 5,
  "group": 6,
  "rollout": 49,
  "reward": 2.625590213709835,
  "raw_score": 2.625590213709835,
  "valid": true,
  "parsed": true,
  "ran": true,
  "msg": "ok",
  "advantage": 1.3634003972733808,
  "beta": 1.5903806375471,
  "n_response_tokens": 1491,
  "sandbox_stdout": "",
  "parent_value": 2.6255902137096,
  "parent_is_seed": false
}