{
  "step": 6,
  "group": 1,
  "rollout": 1,
  "reward": 0.0,
  "raw_score": null,
  "valid": false,
  "parsed": true,
  "ran": false,
  "msg": "run_failed: Circle 4 at (0.08707196740992716,0.7726036607732767) r=0.08707196741191278 outside unit square",
  "advantage": -0.9060795460803277,
  "beta": 1.2400989889719878,
  "n_response_tokens": 1996,
  "sandbox_stdout": "",
  "parent_value": 2.629754404757989,
  "parent_is_seed": false
}