{
  "step": 8,
  "group": 2,
  "rollout": 17,
  "reward": 2.6020465874954426,
  "raw_score": 2.6020465874954426,
  "valid": true,
  "parsed": true,
  "ran": true,
  "msg": "ok",
  "advantage": -0.8413838473701947,
  "beta": 93.44069471124308,
  "n_response_tokens": 2469,
  "sandbox_stdout": "",
  "parent_value": 2.6298680523724234,
  "parent_is_seed": false
}