{
  "step": 7,
  "group": 1,
  "rollout": 51,
  "reward": 2.5431648160576166,
  "raw_score": 2.5431648160576166,
  "valid": true,
  "parsed": true,
  "ran": true,
  "msg": "ok",
  "advantage": -0.7892808666559947,
  "beta": 30.15538790065325,
  "n_response_tokens": 2742,
  "sandbox_stdout": "",
  "parent_value": 2.6298680523724234,
  "parent_is_seed": false
}