{
  "step": 5,
  "group": 2,
  "rollout": 52,
  "reward": 2.607461501756741,
  "raw_score": 2.607461501756741,
  "valid": true,
  "parsed": true,
  "ran": true,
  "msg": "ok",
  "advantage": 0.17977851493868924,
  "beta": 62.11236650189038,
  "n_response_tokens": 2174,
  "sandbox_stdout": "",
  "parent_value": 2.627832377725855,
  "parent_is_seed": false
}