{
  "step": 0,
  "group": 3,
  "rollout": 30,
  "reward": 0.0,
  "raw_score": null,
  "valid": false,
  "parsed": true,
  "ran": true,
  "msg": "Circle 1 at (0.946852237088308,0.37438926418310503) r=0.1027323137635651 outside unit square",
  "advantage": 0.0,
  "beta": 0.0,
  "n_response_tokens": 1258,
  "sandbox_stdout": "Invalid packing: Circle 1 at (0.946852237088308,0.37438926418310503) r=0.1027323137635651 outside unit square\n",
  "parent_value": 0.0,
  "parent_is_seed": true
}