{
  "step": 6,
  "group": 1,
  "rollout": 50,
  "reward": 2.58403992228082,
  "raw_score": 2.58403992228082,
  "valid": true,
  "parsed": true,
  "ran": true,
  "msg": "ok",
  "advantage": 1.3989720386849704,
  "beta": 1.2400989889719878,
  "n_response_tokens": 2312,
  "sandbox_stdout": "",
  "parent_value": 2.629754404757989,
  "parent_is_seed": false
}