{
  "step": 5,
  "group": 6,
  "rollout": 42,
  "reward": 0.0,
  "raw_score": null,
  "valid": false,
  "parsed": true,
  "ran": false,
  "msg": "run_failed: Circle 3 at (0.08251752981961907,0.5582617578433912) r=0.08251752983812731 outside unit square",
  "advantage": -0.9649807879400645,
  "beta": 1.5903806375471,
  "n_response_tokens": 1866,
  "sandbox_stdout": "",
  "parent_value": 2.6255902137096,
  "parent_is_seed": false
}