{
  "step": 4,
  "group": 4,
  "rollout": 59,
  "reward": 2.532750897170905,
  "raw_score": 2.532750897170905,
  "valid": true,
  "parsed": true,
  "ran": true,
  "msg": "ok",
  "advantage": 1.5880257854123,
  "beta": 1.128115304532308,
  "n_response_tokens": 1664,
  "sandbox_stdout": "",
  "parent_value": 2.601133905361031,
  "parent_is_seed": false
}