{
  "step": 6,
  "group": 1,
  "rollout": 28,
  "reward": 2.5984983137825166,
  "raw_score": 2.5984983137825166,
  "valid": true,
  "parsed": true,
  "ran": true,
  "msg": "ok",
  "advantage": 1.444056866522463,
  "beta": 1.2400989889719878,
  "n_response_tokens": 1996,
  "sandbox_stdout": "",
  "parent_value": 2.629754404757989,
  "parent_is_seed": false
}