{
  "step": 7,
  "group": 6,
  "rollout": 7,
  "reward": 0.0,
  "raw_score": null,
  "valid": false,
  "parsed": true,
  "ran": false,
  "msg": "run_failed: Circle 0 at (0.0733333670646303,0.07333336706658326) r=0.07333336706651587 outside unit square",
  "advantage": -0.9212329410453977,
  "beta": 1.3005727887651195,
  "n_response_tokens": 1926,
  "sandbox_stdout": "",
  "parent_value": 2.629754404757989,
  "parent_is_seed": false
}