{
  "step": 7,
  "group": 5,
  "rollout": 44,
  "reward": 2.5498568029627764,
  "raw_score": 2.5498568029627764,
  "valid": true,
  "parsed": true,
  "ran": true,
  "msg": "ok",
  "advantage": -0.4806468084517509,
  "beta": 21.922739320612948,
  "n_response_tokens": 2016,
  "sandbox_stdout": "",
  "parent_value": 2.6297544047944443,
  "parent_is_seed": false
}