{
  "step": 9,
  "group": 0,
  "rollout": 40,
  "reward": 2.5644193475641055,
  "raw_score": 2.5644193475641055,
  "valid": true,
  "parsed": true,
  "ran": true,
  "msg": "ok",
  "advantage": -0.668840179299172,
  "beta": 44.197820271340156,
  "n_response_tokens": 2202,
  "sandbox_stdout": "",
  "parent_value": 2.6298680523724762,
  "parent_is_seed": false
}