{
  "step": 6,
  "group": 6,
  "rollout": 25,
  "reward": 0.0,
  "raw_score": null,
  "valid": false,
  "parsed": true,
  "ran": false,
  "msg": "run_failed: Circle 15 at (0.4220859950064536,0.861185583742372) r=0.13881441625876165 outside unit square",
  "advantage": -0.9999999999691866,
  "beta": 9.637290935901122,
  "n_response_tokens": 1858,
  "sandbox_stdout": "",
  "parent_value": 2.627547817384337,
  "parent_is_seed": false
}