{
  "step": 4,
  "group": 2,
  "rollout": 9,
  "reward": 2.548524965030359,
  "raw_score": 2.548524965030359,
  "valid": true,
  "parsed": true,
  "ran": true,
  "msg": "ok",
  "advantage": 1.1504389059462552,
  "beta": 1.4705215003237289,
  "n_response_tokens": 1622,
  "sandbox_stdout": "",
  "parent_value": 2.6259181926345354,
  "parent_is_seed": false
}