{
  "step": 5,
  "group": 5,
  "rollout": 40,
  "reward": 2.5643008494151642,
  "raw_score": 2.5643008494151642,
  "valid": true,
  "parsed": true,
  "ran": true,
  "msg": "ok",
  "advantage": 0.3188800930121418,
  "beta": 8.783556108321726,
  "n_response_tokens": 1786,
  "sandbox_stdout": "",
  "parent_value": 2.6259181926324553,
  "parent_is_seed": false
}