{
  "step": 8,
  "group": 6,
  "rollout": 28,
  "reward": 2.588459970734043,
  "raw_score": 2.588459970734043,
  "valid": true,
  "parsed": true,
  "ran": true,
  "msg": "ok",
  "advantage": 1.5974542770935862,
  "beta": 1.1536330139935846,
  "n_response_tokens": 2231,
  "sandbox_stdout": "",
  "parent_value": 2.6297544047993946,
  "parent_is_seed": false
}