{
  "step": 4,
  "group": 2,
  "rollout": 29,
  "reward": 2.6017599613667586,
  "raw_score": 2.6017599613667586,
  "valid": true,
  "parsed": true,
  "ran": true,
  "msg": "ok",
  "advantage": 1.3320285934181588,
  "beta": 1.4705215003237289,
  "n_response_tokens": 1676,
  "sandbox_stdout": "",
  "parent_value": 2.6259181926345354,
  "parent_is_seed": false
}