{
  "step": 8,
  "group": 4,
  "rollout": 19,
  "reward": 2.629754404799217,
  "raw_score": 2.629754404799217,
  "valid": true,
  "parsed": true,
  "ran": true,
  "msg": "ok",
  "advantage": 1.653454946874759,
  "beta": 12.98877896941517,
  "n_response_tokens": 2242,
  "sandbox_stdout": "",
  "parent_value": 2.6298680523723377,
  "parent_is_seed": false
}