{
  "step": 6,
  "group": 3,
  "rollout": 57,
  "reward": 0.0,
  "raw_score": null,
  "valid": false,
  "parsed": true,
  "ran": true,
  "msg": "Circle 5 at (0.21123456930396203,0.08190637779478224) r=0.08190637779915397 outside unit square",
  "advantage": -0.8402158700621296,
  "beta": 1.0797095289114027,
  "n_response_tokens": 1574,
  "sandbox_stdout": "",
  "parent_value": 2.629754404757989,
  "parent_is_seed": false
}