{
  "step": 4,
  "group": 3,
  "rollout": 16,
  "reward": 0.0,
  "raw_score": null,
  "valid": false,
  "parsed": true,
  "ran": false,
  "msg": "run_failed: Circle 1 at (0.422320992761864,0.17649860274121024) r=0.17649892748296978 outside unit square",
  "advantage": -0.8571161586228682,
  "beta": 1.1292347576127935,
  "n_response_tokens": 1609,
  "sandbox_stdout": "",
  "parent_value": 2.605811249112469,
  "parent_is_seed": false
}