{
  "step": 9,
  "group": 7,
  "rollout": 41,
  "reward": 2.586517707640967,
  "raw_score": 2.586517707640967,
  "valid": true,
  "parsed": true,
  "ran": true,
  "msg": "ok",
  "advantage": 0.4646160990763042,
  "beta": 15.59069321853538,
  "n_response_tokens": 2177,
  "sandbox_stdout": "",
  "parent_value": 2.629868052372355,
  "parent_is_seed": false
}