{
  "step": 5,
  "group": 1,
  "rollout": 2,
  "reward": 2.585948319451075,
  "raw_score": 2.585948319451075,
  "valid": true,
  "parsed": true,
  "ran": true,
  "msg": "ok",
  "advantage": 1.262985371555723,
  "beta": 1.3684799985470861,
  "n_response_tokens": 1802,
  "sandbox_stdout": "",
  "parent_value": 2.629754404757989,
  "parent_is_seed": false
}