{
  "step": 8,
  "group": 7,
  "rollout": 53,
  "reward": 0.0,
  "raw_score": null,
  "valid": false,
  "parsed": true,
  "ran": false,
  "msg": "run_failed: Circle 4 at (0.051262764497640584,0.9915908636119348) r=0.02684586263906681 outside unit square",
  "advantage": -0.950573770661435,
  "beta": 1.468327056682152,
  "n_response_tokens": 1905,
  "sandbox_stdout": "",
  "parent_value": 2.6297544047991064,
  "parent_is_seed": false
}