{
  "step": 2,
  "group": 1,
  "rollout": 47,
  "reward": 1.6713351993237462,
  "raw_score": 1.6713351993237462,
  "valid": true,
  "parsed": true,
  "ran": true,
  "msg": "ok",
  "advantage": 0.6098651794728747,
  "beta": 1.4985263821832524,
  "n_response_tokens": 1507,
  "sandbox_stdout": "",
  "parent_value": 2.227777777777776,
  "parent_is_seed": false
}