{
  "step": 9,
  "group": 4,
  "rollout": 47,
  "reward": 2.6027779189080804,
  "raw_score": 2.6027779189080804,
  "valid": true,
  "parsed": true,
  "ran": true,
  "msg": "ok",
  "advantage": 0.3415831633845907,
  "beta": 29.84756938279185,
  "n_response_tokens": 3137,
  "sandbox_stdout": "",
  "parent_value": 2.6298680523724234,
  "parent_is_seed": false
}