{
  "step": 4,
  "group": 3,
  "rollout": 63,
  "reward": 0.0,
  "raw_score": null,
  "valid": false,
  "parsed": true,
  "ran": false,
  "msg": "run_failed: Circle 2 at (0.5746672804262597,0.11621941684223246) r=0.1162194168433258 outside unit square",
  "advantage": -0.8571161586228682,
  "beta": 1.1292347576127935,
  "n_response_tokens": 1770,
  "sandbox_stdout": "",
  "parent_value": 2.605811249112469,
  "parent_is_seed": false
}