{
  "step": 9,
  "group": 1,
  "rollout": 11,
  "reward": 2.5496987094010084,
  "raw_score": 2.5496987094010084,
  "valid": true,
  "parsed": true,
  "ran": true,
  "msg": "ok",
  "advantage": -0.8892211427256187,
  "beta": 39.1852042089236,
  "n_response_tokens": 2195,
  "sandbox_stdout": "",
  "parent_value": 2.6298680523724234,
  "parent_is_seed": false
}