{
  "step": 6,
  "group": 7,
  "rollout": 33,
  "reward": 2.6029252030282066,
  "raw_score": 2.6029252030282066,
  "valid": true,
  "parsed": true,
  "ran": true,
  "msg": "ok",
  "advantage": -0.6692473490737577,
  "beta": 109.29397808820893,
  "n_response_tokens": 2215,
  "sandbox_stdout": "",
  "parent_value": 2.6271510822414066,
  "parent_is_seed": false
}