{
  "step": 6,
  "group": 4,
  "rollout": 20,
  "reward": 2.535677342722171,
  "raw_score": 2.535677342722171,
  "valid": true,
  "parsed": true,
  "ran": true,
  "msg": "ok",
  "advantage": -0.35378587503890324,
  "beta": 15.648419010729182,
  "n_response_tokens": 1826,
  "sandbox_stdout": "",
  "parent_value": 2.62840699407039,
  "parent_is_seed": false
}