{
  "step": 3,
  "group": 2,
  "rollout": 46,
  "reward": 0.0,
  "raw_score": null,
  "valid": false,
  "parsed": true,
  "ran": true,
  "msg": "Circle 9 at (0.95,0.25954482671904333) r=0.095 outside unit square",
  "advantage": -0.9054073398485446,
  "beta": 1.3828374484247816,
  "n_response_tokens": 1998,
  "sandbox_stdout": "Validation failed: Circle 9 at (0.95,0.25954482671904333) r=0.095 outside unit square\n",
  "parent_value": 2.34,
  "parent_is_seed": false
}