{
  "step": 6,
  "group": 6,
  "rollout": 13,
  "reward": 2.6039300151728035,
  "raw_score": 2.6039300151728035,
  "valid": true,
  "parsed": true,
  "ran": true,
  "msg": "ok",
  "advantage": 1.5376776501968954,
  "beta": 9.637290935901122,
  "n_response_tokens": 2285,
  "sandbox_stdout": "",
  "parent_value": 2.627547817384337,
  "parent_is_seed": false
}