{
  "step": 4,
  "group": 7,
  "rollout": 34,
  "reward": 0.0,
  "raw_score": null,
  "valid": false,
  "parsed": true,
  "ran": true,
  "msg": "Circle 0 at (0.040167662767857305,0.07542200709952236) r=0.09 outside unit square",
  "advantage": -0.7662919858986297,
  "beta": 1.1311613635277447,
  "n_response_tokens": 1568,
  "sandbox_stdout": "Validation failed: Circle 0 at (0.040167662767857305,0.07542200709952236) r=0.09 outside unit square\n",
  "parent_value": 2.34,
  "parent_is_seed": false
}