{
  "step": 6,
  "group": 2,
  "rollout": 39,
  "reward": 2.580401867825584,
  "raw_score": 2.580401867825584,
  "valid": true,
  "parsed": true,
  "ran": true,
  "msg": "ok",
  "advantage": 1.503374887253917,
  "beta": 1.1940334488809836,
  "n_response_tokens": 1855,
  "sandbox_stdout": "",
  "parent_value": 2.629754404757989,
  "parent_is_seed": false
}