{
  "step": 8,
  "group": 4,
  "rollout": 27,
  "reward": 2.6144027974193875,
  "raw_score": 2.6144027974193875,
  "valid": true,
  "parsed": true,
  "ran": true,
  "msg": "ok",
  "advantage": 1.1573459398857868,
  "beta": 12.98877896941517,
  "n_response_tokens": 2118,
  "sandbox_stdout": "",
  "parent_value": 2.6298680523723377,
  "parent_is_seed": false
}