{
  "step": 7,
  "group": 4,
  "rollout": 60,
  "reward": 2.5553898147591196,
  "raw_score": 2.5553898147591196,
  "valid": true,
  "parsed": true,
  "ran": true,
  "msg": "ok",
  "advantage": 0.0042069902165489115,
  "beta": 14.34213175331942,
  "n_response_tokens": 2162,
  "sandbox_stdout": "",
  "parent_value": 2.6297544047991064,
  "parent_is_seed": false
}