{
  "step": 6,
  "group": 7,
  "rollout": 15,
  "reward": 2.607762201018327,
  "raw_score": 2.607762201018327,
  "valid": true,
  "parsed": true,
  "ran": true,
  "msg": "ok",
  "advantage": -0.43676907759766403,
  "beta": 109.29397808820893,
  "n_response_tokens": 2020,
  "sandbox_stdout": "",
  "parent_value": 2.6271510822414066,
  "parent_is_seed": false
}