{
  "step": 5,
  "group": 1,
  "rollout": 16,
  "reward": 2.6259181925882347,
  "raw_score": 2.6259181925882347,
  "valid": true,
  "parsed": true,
  "ran": true,
  "msg": "ok",
  "advantage": 1.395050742115906,
  "beta": 1.3684799985470861,
  "n_response_tokens": 1935,
  "sandbox_stdout": "",
  "parent_value": 2.629754404757989,
  "parent_is_seed": false
}