{
  "step": 4,
  "group": 4,
  "rollout": 28,
  "reward": 0.0,
  "raw_score": null,
  "valid": false,
  "parsed": true,
  "ran": false,
  "msg": "run_failed: Circle 0 at (0.9996394566890006,1.0) r=0.9999955057096228 outside unit square",
  "advantage": -0.85691687777285,
  "beta": 1.128115304532308,
  "n_response_tokens": 1679,
  "sandbox_stdout": "",
  "parent_value": 2.601133905361031,
  "parent_is_seed": false
}