{
  "step": 4,
  "group": 3,
  "rollout": 61,
  "reward": 2.569344125787922,
  "raw_score": 2.569344125787922,
  "valid": true,
  "parsed": true,
  "ran": true,
  "msg": "ok",
  "advantage": 1.7059660605298026,
  "beta": 1.1292347576127935,
  "n_response_tokens": 1678,
  "sandbox_stdout": "",
  "parent_value": 2.605811249112469,
  "parent_is_seed": false
}