{
  "step": 2,
  "group": 4,
  "rollout": 36,
  "reward": 1.2693641335854227,
  "raw_score": 1.2693641335854227,
  "valid": true,
  "parsed": true,
  "ran": true,
  "msg": "ok",
  "advantage": 3.9272703702844467,
  "beta": 2.012242901569003,
  "n_response_tokens": 1298,
  "sandbox_stdout": "",
  "parent_value": 1.3277580764982178,
  "parent_is_seed": false
}