{
  "step": 6,
  "group": 2,
  "rollout": 28,
  "reward": 0.0,
  "raw_score": null,
  "valid": false,
  "parsed": true,
  "ran": false,
  "msg": "run_failed: Circle 0 at (0.014780277921181119,0.014780277919647743) r=0.01478027792252769 outside unit square",
  "advantage": -0.8892696401307206,
  "beta": 1.1940334488809836,
  "n_response_tokens": 1864,
  "sandbox_stdout": "",
  "parent_value": 2.629754404757989,
  "parent_is_seed": false
}