{
  "step": 3,
  "group": 0,
  "rollout": 57,
  "reward": 0.0,
  "raw_score": null,
  "valid": false,
  "parsed": true,
  "ran": false,
  "msg": "run_failed: Circle 3 at (0.08421463251652853,0.7085906371952776) r=0.08421463252176899 outside unit square",
  "advantage": -0.7874897746012235,
  "beta": 1.0184103486285423,
  "n_response_tokens": 1907,
  "sandbox_stdout": "",
  "parent_value": 2.6259181925882347,
  "parent_is_seed": false
}