{
  "step": 7,
  "group": 0,
  "rollout": 0,
  "reward": 2.6114185495624955,
  "raw_score": 2.6114185495624955,
  "valid": true,
  "parsed": true,
  "ran": true,
  "msg": "ok",
  "advantage": 1.326788824628557,
  "beta": 1.368054810567938,
  "n_response_tokens": 2238,
  "sandbox_stdout": "",
  "parent_value": 2.6301719373653984,
  "parent_is_seed": false
}