{
  "step": 8,
  "group": 3,
  "rollout": 21,
  "reward": 2.6248929535232626,
  "raw_score": 2.6248929535232626,
  "valid": true,
  "parsed": true,
  "ran": true,
  "msg": "ok",
  "advantage": 1.3202887633705567,
  "beta": 35.32585621507053,
  "n_response_tokens": 2009,
  "sandbox_stdout": "",
  "parent_value": 2.6298680523723825,
  "parent_is_seed": false
}