{
  "step": 9,
  "group": 7,
  "rollout": 20,
  "reward": 2.564441212702025,
  "raw_score": 2.564441212702025,
  "valid": true,
  "parsed": true,
  "ran": true,
  "msg": "ok",
  "advantage": 0.031133036304385575,
  "beta": 15.59069321853538,
  "n_response_tokens": 2045,
  "sandbox_stdout": "",
  "parent_value": 2.629868052372355,
  "parent_is_seed": false
}