{
  "step": 3,
  "group": 0,
  "rollout": 23,
  "reward": 0.0,
  "raw_score": null,
  "valid": false,
  "parsed": true,
  "ran": false,
  "msg": "run_failed: Circle 0 at (0.0663168279632752,0.06631682797552813) r=0.06631682797075057 outside unit square",
  "advantage": -0.7874897746012235,
  "beta": 1.0184103486285423,
  "n_response_tokens": 1950,
  "sandbox_stdout": "",
  "parent_value": 2.6259181925882347,
  "parent_is_seed": false
}