{
  "step": 3,
  "group": 7,
  "rollout": 46,
  "reward": 1.9408609022552903,
  "raw_score": 1.9408609022552903,
  "valid": true,
  "parsed": true,
  "ran": true,
  "msg": "ok",
  "advantage": 1.5209246544468664,
  "beta": 1.3348374355016954,
  "n_response_tokens": 1383,
  "sandbox_stdout": "",
  "parent_value": 2.169793553143406,
  "parent_is_seed": false
}