{
  "step": 8,
  "group": 7,
  "rollout": 24,
  "reward": 2.5244552780488565,
  "raw_score": 2.5244552780488565,
  "valid": true,
  "parsed": true,
  "ran": true,
  "msg": "ok",
  "advantage": 1.0773854240330154,
  "beta": 1.468327056682152,
  "n_response_tokens": 2453,
  "sandbox_stdout": "",
  "parent_value": 2.6297544047991064,
  "parent_is_seed": false
}