{
  "step": 6,
  "group": 5,
  "rollout": 0,
  "reward": 2.6256367527764253,
  "raw_score": 2.6256367527764253,
  "valid": true,
  "parsed": true,
  "ran": true,
  "msg": "ok",
  "advantage": 3.9110078137595927,
  "beta": 108.74713545640292,
  "n_response_tokens": 2111,
  "sandbox_stdout": "",
  "parent_value": 2.6283376702848287,
  "parent_is_seed": false
}