{
  "step": 1,
  "group": 1,
  "rollout": 41,
  "reward": 0.0,
  "raw_score": null,
  "valid": false,
  "parsed": true,
  "ran": false,
  "msg": "run_failed: Circle 1 at (0.5927050983124842,0.785316954888546) r=0.3 outside unit square",
  "advantage": -0.5228714022401942,
  "beta": 1.9432770448527639,
  "n_response_tokens": 1357,
  "sandbox_stdout": "",
  "parent_value": 1.3000000000000003,
  "parent_is_seed": false
}