{
  "step": 5,
  "group": 3,
  "rollout": 5,
  "reward": 2.6248929535232284,
  "raw_score": 2.6248929535232284,
  "valid": true,
  "parsed": true,
  "ran": true,
  "msg": "ok",
  "advantage": 1.3455191955936328,
  "beta": 1.5840558902570234,
  "n_response_tokens": 1740,
  "sandbox_stdout": "",
  "parent_value": 2.6259181926345354,
  "parent_is_seed": false
}