{
  "step": 6,
  "group": 1,
  "rollout": 25,
  "reward": 0.0,
  "raw_score": null,
  "valid": false,
  "parsed": true,
  "ran": false,
  "msg": "run_failed: Circle 1 at (0.12100261817693471,0.25324668882730944) r=0.12100261817806066 outside unit square",
  "advantage": -0.9060795460803277,
  "beta": 1.2400989889719878,
  "n_response_tokens": 2120,
  "sandbox_stdout": "",
  "parent_value": 2.629754404757989,
  "parent_is_seed": false
}