{
  "step": 9,
  "group": 1,
  "rollout": 48,
  "reward": 0.0,
  "raw_score": null,
  "valid": false,
  "parsed": true,
  "ran": false,
  "msg": "run_failed: Circle 21 at (0.6775190274367426,0.922205427400289) r=0.07779457260125612 outside unit square",
  "advantage": -1.0,
  "beta": 39.1852042089236,
  "n_response_tokens": 2547,
  "sandbox_stdout": "",
  "parent_value": 2.6298680523724234,
  "parent_is_seed": false
}