{
  "step": 9,
  "group": 2,
  "rollout": 47,
  "reward": 2.5945041125605317,
  "raw_score": 2.5945041125605317,
  "valid": true,
  "parsed": true,
  "ran": true,
  "msg": "ok",
  "advantage": -0.03420790076308455,
  "beta": 26.63232563038623,
  "n_response_tokens": 3052,
  "sandbox_stdout": "",
  "parent_value": 2.6298680523724234,
  "parent_is_seed": false
}