{
  "step": 5,
  "group": 6,
  "rollout": 4,
  "reward": 0.0,
  "raw_score": null,
  "valid": false,
  "parsed": true,
  "ran": false,
  "msg": "run_failed: Circle 0 at (0.0626572251999059,0.30694570045483105) r=0.06265722520523571 outside unit square",
  "advantage": -0.9649807879400645,
  "beta": 1.5903806375471,
  "n_response_tokens": 1562,
  "sandbox_stdout": "",
  "parent_value": 2.6255902137096,
  "parent_is_seed": false
}