{
  "step": 7,
  "group": 1,
  "rollout": 3,
  "reward": 2.5824836536847857,
  "raw_score": 2.5824836536847857,
  "valid": true,
  "parsed": true,
  "ran": true,
  "msg": "ok",
  "advantage": -0.3050553304929129,
  "beta": 30.15538790065325,
  "n_response_tokens": 2451,
  "sandbox_stdout": "",
  "parent_value": 2.6298680523724234,
  "parent_is_seed": false
}