{
  "step": 4,
  "group": 0,
  "rollout": 10,
  "reward": 2.599787167946521,
  "raw_score": 2.599787167946521,
  "valid": true,
  "parsed": true,
  "ran": true,
  "msg": "ok",
  "advantage": 0.18284282455188805,
  "beta": 55.22271257370427,
  "n_response_tokens": 2152,
  "sandbox_stdout": "",
  "parent_value": 2.629914153232447,
  "parent_is_seed": false
}