{
  "step": 7,
  "group": 1,
  "rollout": 1,
  "reward": 2.5546336335129043,
  "raw_score": 2.5546336335129043,
  "valid": true,
  "parsed": true,
  "ran": true,
  "msg": "ok",
  "advantage": -0.7018025882229173,
  "beta": 30.15538790065325,
  "n_response_tokens": 2538,
  "sandbox_stdout": "",
  "parent_value": 2.6298680523724234,
  "parent_is_seed": false
}