{
  "step": 4,
  "group": 4,
  "rollout": 40,
  "reward": 2.5250476875218193,
  "raw_score": 2.5250476875218193,
  "valid": true,
  "parsed": true,
  "ran": true,
  "msg": "ok",
  "advantage": 1.5647213915344946,
  "beta": 1.128115304532308,
  "n_response_tokens": 1489,
  "sandbox_stdout": "",
  "parent_value": 2.601133905361031,
  "parent_is_seed": false
}