{
  "step": 7,
  "group": 2,
  "rollout": 8,
  "reward": 2.6297544047992725,
  "raw_score": 2.6297544047992725,
  "valid": true,
  "parsed": true,
  "ran": true,
  "msg": "ok",
  "advantage": 1.6012523968118249,
  "beta": 9.962713022489192,
  "n_response_tokens": 1837,
  "sandbox_stdout": "",
  "parent_value": 2.6298680523719495,
  "parent_is_seed": false
}