{
  "step": 3,
  "group": 0,
  "rollout": 46,
  "reward": 2.5606866947339753,
  "raw_score": 2.5606866947339753,
  "valid": true,
  "parsed": true,
  "ran": true,
  "msg": "ok",
  "advantage": 2.0113520283311033,
  "beta": 1.0184103486285423,
  "n_response_tokens": 1767,
  "sandbox_stdout": "",
  "parent_value": 2.6259181925882347,
  "parent_is_seed": false
}