{
  "step": 6,
  "group": 7,
  "rollout": 9,
  "reward": 2.591353931987689,
  "raw_score": 2.591353931987689,
  "valid": true,
  "parsed": true,
  "ran": true,
  "msg": "ok",
  "advantage": -0.9069683396182225,
  "beta": 109.29397808820893,
  "n_response_tokens": 1909,
  "sandbox_stdout": "",
  "parent_value": 2.6271510822414066,
  "parent_is_seed": false
}