{
  "step": 9,
  "group": 0,
  "rollout": 13,
  "reward": 2.5981695043652624,
  "raw_score": 2.5981695043652624,
  "valid": true,
  "parsed": true,
  "ran": true,
  "msg": "ok",
  "advantage": 0.4990049457632022,
  "beta": 44.197820271340156,
  "n_response_tokens": 2296,
  "sandbox_stdout": "",
  "parent_value": 2.6298680523724762,
  "parent_is_seed": false
}