{
  "step": 8,
  "group": 1,
  "rollout": 5,
  "reward": 2.578043014473759,
  "raw_score": 2.578043014473759,
  "valid": true,
  "parsed": true,
  "ran": true,
  "msg": "ok",
  "advantage": 0.3175426224866338,
  "beta": 16.072767029161376,
  "n_response_tokens": 2623,
  "sandbox_stdout": "",
  "parent_value": 2.6298680523724234,
  "parent_is_seed": false
}