{
  "step": 4,
  "group": 3,
  "rollout": 13,
  "reward": 2.5677194008571327,
  "raw_score": 2.5677194008571327,
  "valid": true,
  "parsed": true,
  "ran": true,
  "msg": "ok",
  "advantage": 1.700793350267631,
  "beta": 1.1292347576127935,
  "n_response_tokens": 1911,
  "sandbox_stdout": "",
  "parent_value": 2.605811249112469,
  "parent_is_seed": false
}