{
  "step": 2,
  "group": 5,
  "rollout": 24,
  "reward": 0.0,
  "raw_score": null,
  "valid": false,
  "parsed": true,
  "ran": true,
  "msg": "Circle 0 at (0.7512935338680744,0.847506499610055) r=0.6230330215296727 outside unit square",
  "advantage": -0.6835392386182686,
  "beta": 1.8650646561887883,
  "n_response_tokens": 1219,
  "sandbox_stdout": "",
  "parent_value": 1.3000000000000003,
  "parent_is_seed": false
}