{
  "step": 5,
  "group": 7,
  "rollout": 19,
  "reward": 2.5460644542896644,
  "raw_score": 2.5460644542896644,
  "valid": true,
  "parsed": true,
  "ran": true,
  "msg": "ok",
  "advantage": 0.030907690969196988,
  "beta": 17.212520876117814,
  "n_response_tokens": 1860,
  "sandbox_stdout": "",
  "parent_value": 2.6252170863612565,
  "parent_is_seed": false
}