{
  "step": 5,
  "group": 5,
  "rollout": 53,
  "reward": 2.6259181926324553,
  "raw_score": 2.6259181926324553,
  "valid": true,
  "parsed": true,
  "ran": true,
  "msg": "ok",
  "advantage": 1.300553277339604,
  "beta": 8.783556108321726,
  "n_response_tokens": 1832,
  "sandbox_stdout": "",
  "parent_value": 2.6259181926324553,
  "parent_is_seed": false
}