{
  "step": 7,
  "group": 5,
  "rollout": 53,
  "reward": 2.5921722089780044,
  "raw_score": 2.5921722089780044,
  "valid": true,
  "parsed": true,
  "ran": true,
  "msg": "ok",
  "advantage": 0.3300013856744326,
  "beta": 21.922739320612948,
  "n_response_tokens": 2028,
  "sandbox_stdout": "",
  "parent_value": 2.6297544047944443,
  "parent_is_seed": false
}