{
  "step": 7,
  "group": 7,
  "rollout": 39,
  "reward": 0.0,
  "raw_score": null,
  "valid": false,
  "parsed": true,
  "ran": false,
  "msg": "run_failed: Circle 1 at (0.4738886900933293,0.06371418721321516) r=0.06371418721534622 outside unit square",
  "advantage": -0.9361062159960727,
  "beta": 1.3752374558154459,
  "n_response_tokens": 1376,
  "sandbox_stdout": "",
  "parent_value": 2.629754404757989,
  "parent_is_seed": false
}