{
  "step": 5,
  "group": 2,
  "rollout": 0,
  "reward": 2.611648328219424,
  "raw_score": 2.611648328219424,
  "valid": true,
  "parsed": true,
  "ran": true,
  "msg": "ok",
  "advantage": 0.5387305431179115,
  "beta": 62.11236650189038,
  "n_response_tokens": 2035,
  "sandbox_stdout": "",
  "parent_value": 2.627832377725855,
  "parent_is_seed": false
}