{
  "step": 5,
  "group": 1,
  "rollout": 17,
  "reward": 0.0,
  "raw_score": null,
  "valid": false,
  "parsed": true,
  "ran": false,
  "msg": "run_failed: Circle 0 at (0.8862126522990413,0.3926662985773036) r=0.27199543538745086 outside unit square",
  "advantage": -0.9364810015342182,
  "beta": 1.3684799985470861,
  "n_response_tokens": 2048,
  "sandbox_stdout": "",
  "parent_value": 2.629754404757989,
  "parent_is_seed": false
}