{
  "step": 1,
  "group": 0,
  "rollout": 7,
  "reward": 0.0,
  "raw_score": null,
  "valid": false,
  "parsed": true,
  "ran": true,
  "msg": "Circle 0 at (0.01081007889835807,0.4840887528494407) r=0.09 outside unit square",
  "advantage": -0.41627210586178376,
  "beta": 1.2731469922756813,
  "n_response_tokens": 1868,
  "sandbox_stdout": "Validation failed: Circle 0 at (0.01081007889835807,0.4840887528494407) r=0.09 outside unit square\n",
  "parent_value": 2.34,
  "parent_is_seed": false
}