{
  "step": 4,
  "group": 3,
  "rollout": 52,
  "reward": 0.0,
  "raw_score": null,
  "valid": false,
  "parsed": true,
  "ran": false,
  "msg": "run_failed: Circle 20 at (0.8124268849749663,0.15385442958229367) r=0.15385442959748338 outside unit square",
  "advantage": -0.8571161586228682,
  "beta": 1.1292347576127935,
  "n_response_tokens": 1681,
  "sandbox_stdout": "",
  "parent_value": 2.605811249112469,
  "parent_is_seed": false
}