{
  "step": 7,
  "group": 5,
  "rollout": 56,
  "reward": 2.565905832198986,
  "raw_score": 2.565905832198986,
  "valid": true,
  "parsed": true,
  "ran": true,
  "msg": "ok",
  "advantage": -0.25907077168392867,
  "beta": 21.922739320612948,
  "n_response_tokens": 1992,
  "sandbox_stdout": "",
  "parent_value": 2.6297544047944443,
  "parent_is_seed": false
}