{
  "step": 6,
  "group": 6,
  "rollout": 22,
  "reward": 2.55099534821998,
  "raw_score": 2.55099534821998,
  "valid": true,
  "parsed": true,
  "ran": true,
  "msg": "ok",
  "advantage": 0.4995047742885095,
  "beta": 9.637290935901122,
  "n_response_tokens": 2048,
  "sandbox_stdout": "",
  "parent_value": 2.627547817384337,
  "parent_is_seed": false
}