{
  "step": 6,
  "group": 3,
  "rollout": 22,
  "reward": 0.0,
  "raw_score": null,
  "valid": false,
  "parsed": true,
  "ran": false,
  "msg": "run_failed: Circle 5 at (0.2207807370765338,0.09298905176852307) r=0.09298905177150467 outside unit square",
  "advantage": -0.8402158700621296,
  "beta": 1.0797095289114027,
  "n_response_tokens": 1998,
  "sandbox_stdout": "",
  "parent_value": 2.629754404757989,
  "parent_is_seed": false
}