{
  "step": 1,
  "group": 3,
  "rollout": 46,
  "reward": 1.719615242270693,
  "raw_score": 1.719615242270693,
  "valid": true,
  "parsed": true,
  "ran": true,
  "msg": "ok",
  "advantage": 2.7494757303549933,
  "beta": 1.4929676734863897,
  "n_response_tokens": 1538,
  "sandbox_stdout": "",
  "parent_value": 1.0000000000000107,
  "parent_is_seed": false
}