{
  "step": 9,
  "group": 7,
  "rollout": 25,
  "reward": 2.539690789520554,
  "raw_score": 2.539690789520554,
  "valid": true,
  "parsed": true,
  "ran": true,
  "msg": "ok",
  "advantage": -0.3026335280486985,
  "beta": 15.59069321853538,
  "n_response_tokens": 2419,
  "sandbox_stdout": "",
  "parent_value": 2.629868052372355,
  "parent_is_seed": false
}