{
  "step": 5,
  "group": 3,
  "rollout": 4,
  "reward": 0.0,
  "raw_score": null,
  "valid": false,
  "parsed": true,
  "ran": false,
  "msg": "run_failed: Circle 7 at (0.19339597750378623,0.0786508883172871) r=0.078650888318428 outside unit square",
  "advantage": -0.9646148484736646,
  "beta": 1.5840558902570234,
  "n_response_tokens": 1941,
  "sandbox_stdout": "",
  "parent_value": 2.6259181926345354,
  "parent_is_seed": false
}