{
  "step": 3,
  "group": 0,
  "rollout": 22,
  "reward": 2.5773932262829216,
  "raw_score": 2.5773932262829216,
  "valid": true,
  "parsed": true,
  "ran": true,
  "msg": "ok",
  "advantage": 2.065540246679775,
  "beta": 1.0184103486285423,
  "n_response_tokens": 2020,
  "sandbox_stdout": "",
  "parent_value": 2.6259181925882347,
  "parent_is_seed": false
}