{
  "step": 5,
  "group": 0,
  "rollout": 41,
  "reward": 2.585948319454644,
  "raw_score": 2.585948319454644,
  "valid": true,
  "parsed": true,
  "ran": true,
  "msg": "ok",
  "advantage": 0.20949330127117816,
  "beta": 17.82469020679346,
  "n_response_tokens": 1672,
  "sandbox_stdout": "",
  "parent_value": 2.629754404757989,
  "parent_is_seed": false
}