{
  "step": 5,
  "group": 1,
  "rollout": 27,
  "reward": 2.629754404757989,
  "raw_score": 2.629754404757989,
  "valid": true,
  "parsed": true,
  "ran": true,
  "msg": "ok",
  "advantage": 1.408139170775005,
  "beta": 1.3684799985470861,
  "n_response_tokens": 1870,
  "sandbox_stdout": "",
  "parent_value": 2.629754404757989,
  "parent_is_seed": false
}