{
  "step": 3,
  "group": 5,
  "rollout": 18,
  "reward": 0.0,
  "raw_score": null,
  "valid": false,
  "parsed": true,
  "ran": true,
  "msg": "Circle 3 at (0.050000000000000024,0.18660254037844387) r=0.09 outside unit square",
  "advantage": -0.6913061466278341,
  "beta": 1.056649384387635,
  "n_response_tokens": 1503,
  "sandbox_stdout": "",
  "parent_value": 2.34,
  "parent_is_seed": false
}