{
  "step": 3,
  "group": 0,
  "rollout": 27,
  "reward": 0.0,
  "raw_score": null,
  "valid": false,
  "parsed": true,
  "ran": false,
  "msg": "run_failed: Circle 5 at (0.22508012468969765,0.09100469302561187) r=0.09100469302671749 outside unit square",
  "advantage": -0.7874897746012235,
  "beta": 1.0184103486285423,
  "n_response_tokens": 1656,
  "sandbox_stdout": "",
  "parent_value": 2.6259181925882347,
  "parent_is_seed": false
}