{
  "step": 4,
  "group": 4,
  "rollout": 20,
  "reward": 2.523244386633385,
  "raw_score": 2.523244386633385,
  "valid": true,
  "parsed": true,
  "ran": true,
  "msg": "ok",
  "advantage": 1.5592974631218959,
  "beta": 1.128115304532308,
  "n_response_tokens": 1662,
  "sandbox_stdout": "",
  "parent_value": 2.601133905361031,
  "parent_is_seed": false
}