{
  "step": 8,
  "group": 3,
  "rollout": 45,
  "reward": 2.5912588916262878,
  "raw_score": 2.5912588916262878,
  "valid": true,
  "parsed": true,
  "ran": true,
  "msg": "ok",
  "advantage": -0.3104684808401662,
  "beta": 35.32585621507053,
  "n_response_tokens": 1856,
  "sandbox_stdout": "",
  "parent_value": 2.6298680523723825,
  "parent_is_seed": false
}