{
  "step": 6,
  "group": 7,
  "rollout": 54,
  "reward": 2.590489700789537,
  "raw_score": 2.590489700789537,
  "valid": true,
  "parsed": true,
  "ran": true,
  "msg": "ok",
  "advantage": -0.9153646933362521,
  "beta": 109.29397808820893,
  "n_response_tokens": 2125,
  "sandbox_stdout": "",
  "parent_value": 2.6271510822414066,
  "parent_is_seed": false
}