{
  "step": 6,
  "group": 2,
  "rollout": 56,
  "reward": 0.0,
  "raw_score": null,
  "valid": false,
  "parsed": true,
  "ran": false,
  "msg": "run_failed: Circle 3 at (0.09859067378578837,0.3667658200281781) r=0.09859067378761986 outside unit square",
  "advantage": -0.8892696401307206,
  "beta": 1.1940334488809836,
  "n_response_tokens": 1867,
  "sandbox_stdout": "",
  "parent_value": 2.629754404757989,
  "parent_is_seed": false
}