{
  "step": 4,
  "group": 3,
  "rollout": 37,
  "reward": 2.5830976787517317,
  "raw_score": 2.5830976787517317,
  "valid": true,
  "parsed": true,
  "ran": true,
  "msg": "ok",
  "advantage": 1.7501693601839543,
  "beta": 1.1292347576127935,
  "n_response_tokens": 1479,
  "sandbox_stdout": "",
  "parent_value": 2.605811249112469,
  "parent_is_seed": false
}