{
  "step": 8,
  "group": 3,
  "rollout": 47,
  "reward": 0.0,
  "raw_score": null,
  "valid": false,
  "parsed": true,
  "ran": false,
  "msg": "run_failed: Circle 0 at (0.0469899342898199,0.04822561317547547) r=0.10984180763067092 outside unit square",
  "advantage": -1.0,
  "beta": 35.32585621507053,
  "n_response_tokens": 1846,
  "sandbox_stdout": "",
  "parent_value": 2.6298680523723825,
  "parent_is_seed": false
}