{
  "step": 6,
  "group": 1,
  "rollout": 31,
  "reward": 0.0,
  "raw_score": null,
  "valid": false,
  "parsed": true,
  "ran": false,
  "msg": "run_failed: Circle 19 at (0.18414360007933442,0.1059695601538165) r=0.10596956015492938 outside unit square",
  "advantage": -0.9060795460803277,
  "beta": 1.2400989889719878,
  "n_response_tokens": 1935,
  "sandbox_stdout": "",
  "parent_value": 2.629754404757989,
  "parent_is_seed": false
}