{
  "step": 5,
  "group": 2,
  "rollout": 58,
  "reward": 2.6060379927489885,
  "raw_score": 2.6060379927489885,
  "valid": true,
  "parsed": true,
  "ran": true,
  "msg": "ok",
  "advantage": 0.07823537006280068,
  "beta": 62.11236650189038,
  "n_response_tokens": 2130,
  "sandbox_stdout": "",
  "parent_value": 2.627832377725855,
  "parent_is_seed": false
}