{
  "step": 9,
  "group": 0,
  "rollout": 42,
  "reward": 2.6023285014216513,
  "raw_score": 2.6023285014216513,
  "valid": true,
  "parsed": true,
  "ran": true,
  "msg": "ok",
  "advantage": 0.8101925295238244,
  "beta": 44.197820271340156,
  "n_response_tokens": 2425,
  "sandbox_stdout": "",
  "parent_value": 2.6298680523724762,
  "parent_is_seed": false
}