{
  "step": 7,
  "group": 6,
  "rollout": 32,
  "reward": 0.0,
  "raw_score": null,
  "valid": false,
  "parsed": true,
  "ran": false,
  "msg": "run_failed: Circle 12 at (0.8844886811640198,0.8844886811628022) r=0.11551131883787968 outside unit square",
  "advantage": -0.9212329410453977,
  "beta": 1.3005727887651195,
  "n_response_tokens": 1408,
  "sandbox_stdout": "",
  "parent_value": 2.629754404757989,
  "parent_is_seed": false
}