{
  "step": 9,
  "group": 0,
  "rollout": 47,
  "reward": 2.554633633530253,
  "raw_score": 2.554633633530253,
  "valid": true,
  "parsed": true,
  "ran": true,
  "msg": "ok",
  "advantage": -0.7855128330855247,
  "beta": 44.197820271340156,
  "n_response_tokens": 2481,
  "sandbox_stdout": "",
  "parent_value": 2.6298680523724762,
  "parent_is_seed": false
}