{
  "step": 6,
  "group": 7,
  "rollout": 22,
  "reward": 2.612296734624689,
  "raw_score": 2.612296734624689,
  "valid": true,
  "parsed": true,
  "ran": true,
  "msg": "ok",
  "advantage": -0.07013598082078487,
  "beta": 109.29397808820893,
  "n_response_tokens": 2109,
  "sandbox_stdout": "",
  "parent_value": 2.6271510822414066,
  "parent_is_seed": false
}