{
  "step": 8,
  "group": 2,
  "rollout": 3,
  "reward": 2.6019117275190546,
  "raw_score": 2.6019117275190546,
  "valid": true,
  "parsed": true,
  "ran": true,
  "msg": "ok",
  "advantage": -0.8433750315164266,
  "beta": 93.44069471124308,
  "n_response_tokens": 2696,
  "sandbox_stdout": "",
  "parent_value": 2.6298680523724234,
  "parent_is_seed": false
}