{
  "step": 6,
  "group": 7,
  "rollout": 7,
  "reward": 2.6163841774982926,
  "raw_score": 2.6163841774982926,
  "valid": true,
  "parsed": true,
  "ran": true,
  "msg": "ok",
  "advantage": 0.4657445747549931,
  "beta": 109.29397808820893,
  "n_response_tokens": 1918,
  "sandbox_stdout": "",
  "parent_value": 2.6271510822414066,
  "parent_is_seed": false
}