{
  "step": 6,
  "group": 2,
  "rollout": 5,
  "reward": 2.6177679256813384,
  "raw_score": 2.6177679256813384,
  "valid": true,
  "parsed": true,
  "ran": true,
  "msg": "ok",
  "advantage": 1.6223497537568345,
  "beta": 1.1940334488809836,
  "n_response_tokens": 1922,
  "sandbox_stdout": "",
  "parent_value": 2.629754404757989,
  "parent_is_seed": false
}