{
  "step": 5,
  "group": 2,
  "rollout": 51,
  "reward": 2.5893737225639404,
  "raw_score": 2.5893737225639404,
  "valid": true,
  "parsed": true,
  "ran": true,
  "msg": "ok",
  "advantage": -0.6211847166159085,
  "beta": 62.11236650189038,
  "n_response_tokens": 2127,
  "sandbox_stdout": "",
  "parent_value": 2.627832377725855,
  "parent_is_seed": false
}