{
  "step": 4,
  "group": 2,
  "rollout": 60,
  "reward": 2.5733810304553604,
  "raw_score": 2.5733810304553604,
  "valid": true,
  "parsed": true,
  "ran": true,
  "msg": "ok",
  "advantage": 1.233332523566654,
  "beta": 1.4705215003237289,
  "n_response_tokens": 1994,
  "sandbox_stdout": "",
  "parent_value": 2.6259181926345354,
  "parent_is_seed": false
}