{
  "step": 7,
  "group": 1,
  "rollout": 22,
  "reward": 2.56180452676806,
  "raw_score": 2.56180452676806,
  "valid": true,
  "parsed": true,
  "ran": true,
  "msg": "ok",
  "advantage": -0.6293937908057272,
  "beta": 30.15538790065325,
  "n_response_tokens": 2485,
  "sandbox_stdout": "",
  "parent_value": 2.6298680523724234,
  "parent_is_seed": false
}