{
  "step": 8,
  "group": 2,
  "rollout": 40,
  "reward": 2.5830600427989983,
  "raw_score": 2.5830600427989983,
  "valid": true,
  "parsed": true,
  "ran": true,
  "msg": "ok",
  "advantage": -0.9731495447308791,
  "beta": 93.44069471124308,
  "n_response_tokens": 2353,
  "sandbox_stdout": "",
  "parent_value": 2.6298680523724234,
  "parent_is_seed": false
}