{
  "step": 7,
  "group": 4,
  "rollout": 48,
  "reward": 2.508604133063273,
  "raw_score": 2.508604133063273,
  "valid": true,
  "parsed": true,
  "ran": true,
  "msg": "ok",
  "advantage": -0.4906243494618501,
  "beta": 14.34213175331942,
  "n_response_tokens": 2311,
  "sandbox_stdout": "",
  "parent_value": 2.6297544047991064,
  "parent_is_seed": false
}