{
  "step": 4,
  "group": 3,
  "rollout": 39,
  "reward": 0.0,
  "raw_score": null,
  "valid": false,
  "parsed": true,
  "ran": false,
  "msg": "run_failed: Circle 0 at (0.07066545779628443,0.07066545779628168) r=0.5 outside unit square",
  "advantage": -0.8571161586228682,
  "beta": 1.1292347576127935,
  "n_response_tokens": 1979,
  "sandbox_stdout": "",
  "parent_value": 2.605811249112469,
  "parent_is_seed": false
}