{
  "step": 4,
  "group": 4,
  "rollout": 29,
  "reward": 0.0,
  "raw_score": null,
  "valid": false,
  "parsed": true,
  "ran": false,
  "msg": "run_failed: Circle 0 at (0.999995301809252,0.026601342190375188) r=1.0 outside unit square",
  "advantage": -0.85691687777285,
  "beta": 1.128115304532308,
  "n_response_tokens": 1829,
  "sandbox_stdout": "",
  "parent_value": 2.601133905361031,
  "parent_is_seed": false
}