{
  "step": 8,
  "group": 0,
  "rollout": 40,
  "reward": 2.6180620410647024,
  "raw_score": 2.6180620410647024,
  "valid": true,
  "parsed": true,
  "ran": true,
  "msg": "ok",
  "advantage": 2.5221424756973905,
  "beta": 0.963732847146675,
  "n_response_tokens": 2157,
  "sandbox_stdout": "",
  "parent_value": 2.630729707987728,
  "parent_is_seed": false
}