{
  "step": 4,
  "group": 3,
  "rollout": 53,
  "reward": 2.6180682549702015,
  "raw_score": 2.6180682549702015,
  "valid": true,
  "parsed": true,
  "ran": true,
  "msg": "ok",
  "advantage": 1.8659858700640282,
  "beta": 1.1292347576127935,
  "n_response_tokens": 1722,
  "sandbox_stdout": "",
  "parent_value": 2.605811249112469,
  "parent_is_seed": false
}