{
  "step": 8,
  "group": 6,
  "rollout": 12,
  "reward": 0.0,
  "raw_score": null,
  "valid": false,
  "parsed": true,
  "ran": false,
  "msg": "run_failed: Circle 1 at (0.8970436071528005,0.10295639284385553) r=0.10295639285031337 outside unit square",
  "advantage": -0.8738145031388722,
  "beta": 1.1536330139935846,
  "n_response_tokens": 1703,
  "sandbox_stdout": "",
  "parent_value": 2.6297544047993946,
  "parent_is_seed": false
}