{
  "step": 4,
  "group": 1,
  "rollout": 59,
  "reward": 0.0,
  "raw_score": null,
  "valid": false,
  "parsed": true,
  "ran": false,
  "msg": "run_failed: Circle 0 at (0.014780277921181119,0.014780277919647743) r=0.01478027792252769 outside unit square",
  "advantage": -0.8400050356063966,
  "beta": 1.0912312464760239,
  "n_response_tokens": 1855,
  "sandbox_stdout": "",
  "parent_value": 2.629754404757989,
  "parent_is_seed": false
}