{
  "step": 9,
  "group": 4,
  "rollout": 40,
  "reward": 2.4500815729900736,
  "raw_score": 2.4500815729900736,
  "valid": true,
  "parsed": true,
  "ran": true,
  "msg": "ok",
  "advantage": -0.9862211036882382,
  "beta": 29.84756938279185,
  "n_response_tokens": 2707,
  "sandbox_stdout": "",
  "parent_value": 2.6298680523724234,
  "parent_is_seed": false
}