{
  "step": 5,
  "group": 0,
  "rollout": 5,
  "reward": 2.6297544047944443,
  "raw_score": 2.6297544047944443,
  "valid": true,
  "parsed": true,
  "ran": true,
  "msg": "ok",
  "advantage": 1.7020492271501553,
  "beta": 17.82469020679346,
  "n_response_tokens": 2042,
  "sandbox_stdout": "",
  "parent_value": 2.629754404757989,
  "parent_is_seed": false
}