{
  "step": 6,
  "group": 6,
  "rollout": 42,
  "reward": 2.5725368900404098,
  "raw_score": 2.5725368900404098,
  "valid": true,
  "parsed": true,
  "ran": true,
  "msg": "ok",
  "advantage": 0.8556661519237003,
  "beta": 9.637290935901122,
  "n_response_tokens": 1792,
  "sandbox_stdout": "",
  "parent_value": 2.627547817384337,
  "parent_is_seed": false
}