{
  "step": 4,
  "group": 0,
  "rollout": 43,
  "reward": 2.583179883817739,
  "raw_score": 2.583179883817739,
  "valid": true,
  "parsed": true,
  "ran": true,
  "msg": "ok",
  "advantage": -0.5325144108669346,
  "beta": 55.22271257370427,
  "n_response_tokens": 2129,
  "sandbox_stdout": "",
  "parent_value": 2.629914153232447,
  "parent_is_seed": false
}