{
  "step": 9,
  "group": 7,
  "rollout": 18,
  "reward": 2.571105420841692,
  "raw_score": 2.571105420841692,
  "valid": true,
  "parsed": true,
  "ran": true,
  "msg": "ok",
  "advantage": 0.1460846645768865,
  "beta": 15.59069321853538,
  "n_response_tokens": 2131,
  "sandbox_stdout": "",
  "parent_value": 2.629868052372355,
  "parent_is_seed": false
}