{
  "step": 3,
  "group": 0,
  "rollout": 50,
  "reward": 0.0,
  "raw_score": null,
  "valid": false,
  "parsed": true,
  "ran": false,
  "msg": "run_failed: Circle 0 at (0.08601878086702835,0.08601878100437532) r=0.08601878087763591 outside unit square",
  "advantage": -0.7874897746012235,
  "beta": 1.0184103486285423,
  "n_response_tokens": 1846,
  "sandbox_stdout": "",
  "parent_value": 2.6259181925882347,
  "parent_is_seed": false
}