{
  "step": 3,
  "group": 3,
  "rollout": 52,
  "reward": 0.0,
  "raw_score": null,
  "valid": false,
  "parsed": true,
  "ran": true,
  "msg": "Circle 0 at (0.08860087967089839,0.09340338045084226) r=0.09 outside unit square",
  "advantage": -0.7284428393902245,
  "beta": 1.0837615716208415,
  "n_response_tokens": 1648,
  "sandbox_stdout": "Validation failed: Circle 0 at (0.08860087967089839,0.09340338045084226) r=0.09 outside unit square\n",
  "parent_value": 2.34,
  "parent_is_seed": false
}