{
  "step": 6,
  "group": 7,
  "rollout": 52,
  "reward": 2.6161872886914783,
  "raw_score": 2.6161872886914783,
  "valid": true,
  "parsed": true,
  "ran": true,
  "msg": "ok",
  "advantage": 0.4338303282227449,
  "beta": 109.29397808820893,
  "n_response_tokens": 2094,
  "sandbox_stdout": "",
  "parent_value": 2.6271510822414066,
  "parent_is_seed": false
}