{
  "step": 9,
  "group": 3,
  "rollout": 19,
  "reward": 2.629754404757989,
  "raw_score": 2.629754404757989,
  "valid": true,
  "parsed": true,
  "ran": true,
  "msg": "ok",
  "advantage": 2.508036283013055,
  "beta": 16.655261394554255,
  "n_response_tokens": 2913,
  "sandbox_stdout": "",
  "parent_value": 2.6298680523724234,
  "parent_is_seed": false
}