{
  "step": 4,
  "group": 3,
  "rollout": 31,
  "reward": 2.494925740640945,
  "raw_score": 2.494925740640945,
  "valid": true,
  "parsed": true,
  "ran": true,
  "msg": "ok",
  "advantage": 1.4792774039347782,
  "beta": 1.1292347576127935,
  "n_response_tokens": 1590,
  "sandbox_stdout": "",
  "parent_value": 2.605811249112469,
  "parent_is_seed": false
}