{
  "step": 9,
  "group": 3,
  "rollout": 22,
  "reward": 2.6085200871285132,
  "raw_score": 2.6085200871285132,
  "valid": true,
  "parsed": true,
  "ran": true,
  "msg": "ok",
  "advantage": 1.4228438927145164,
  "beta": 16.655261394554255,
  "n_response_tokens": 2888,
  "sandbox_stdout": "",
  "parent_value": 2.6298680523724234,
  "parent_is_seed": false
}