{
  "step": 3,
  "group": 1,
  "rollout": 43,
  "reward": 0.0,
  "raw_score": null,
  "valid": false,
  "parsed": true,
  "ran": false,
  "msg": "run_failed: Circle 8 at (0.3451422313055083,0.8828679850591987) r=0.11713201495355248 outside unit square",
  "advantage": -0.6481357573431822,
  "beta": 0.9594590275576839,
  "n_response_tokens": 1653,
  "sandbox_stdout": "",
  "parent_value": 2.624892866855468,
  "parent_is_seed": false
}