{
  "step": 2,
  "group": 3,
  "rollout": 11,
  "reward": 1.5416407864999826,
  "raw_score": 1.5416407864999826,
  "valid": true,
  "parsed": true,
  "ran": true,
  "msg": "ok",
  "advantage": 1.2762610208742822,
  "beta": 1.514898565956805,
  "n_response_tokens": 1615,
  "sandbox_stdout": "",
  "parent_value": 1.843059318878763,
  "parent_is_seed": false
}