{
  "step": 9,
  "group": 6,
  "rollout": 24,
  "reward": 2.594844679399598,
  "raw_score": 2.594844679399598,
  "valid": true,
  "parsed": true,
  "ran": true,
  "msg": "ok",
  "advantage": 0.49064872830822126,
  "beta": 20.135717950092886,
  "n_response_tokens": 2004,
  "sandbox_stdout": "",
  "parent_value": 2.6298680523723825,
  "parent_is_seed": false
}