{
  "step": 5,
  "group": 6,
  "rollout": 53,
  "reward": 2.5078659165043873,
  "raw_score": 2.5078659165043873,
  "valid": true,
  "parsed": true,
  "ran": true,
  "msg": "ok",
  "advantage": 0.9473901077392064,
  "beta": 1.5903806375471,
  "n_response_tokens": 1813,
  "sandbox_stdout": "",
  "parent_value": 2.6255902137096,
  "parent_is_seed": false
}