{
  "step": 9,
  "group": 5,
  "rollout": 35,
  "reward": 2.6046445014222956,
  "raw_score": 2.6046445014222956,
  "valid": true,
  "parsed": true,
  "ran": true,
  "msg": "ok",
  "advantage": 0.5102888775154917,
  "beta": 26.635526463303897,
  "n_response_tokens": 1952,
  "sandbox_stdout": "",
  "parent_value": 2.6298680523723825,
  "parent_is_seed": false
}