{
  "step": 5,
  "group": 2,
  "rollout": 3,
  "reward": 2.601960283852364,
  "raw_score": 2.601960283852364,
  "valid": true,
  "parsed": true,
  "ran": true,
  "msg": "ok",
  "advantage": -0.16620893960920802,
  "beta": 62.11236650189038,
  "n_response_tokens": 2024,
  "sandbox_stdout": "",
  "parent_value": 2.627832377725855,
  "parent_is_seed": false
}