{
  "step": 9,
  "group": 2,
  "rollout": 16,
  "reward": 2.52975027578146,
  "raw_score": 2.52975027578146,
  "valid": true,
  "parsed": true,
  "ran": true,
  "msg": "ok",
  "advantage": -0.8299853481328119,
  "beta": 26.63232563038623,
  "n_response_tokens": 2725,
  "sandbox_stdout": "",
  "parent_value": 2.6298680523724234,
  "parent_is_seed": false
}