{
  "step": 5,
  "group": 6,
  "rollout": 58,
  "reward": 2.588421426334172,
  "raw_score": 2.588421426334172,
  "valid": true,
  "parsed": true,
  "ran": true,
  "msg": "ok",
  "advantage": 1.222956195235494,
  "beta": 1.5903806375471,
  "n_response_tokens": 1859,
  "sandbox_stdout": "",
  "parent_value": 2.6255902137096,
  "parent_is_seed": false
}