{
  "step": 6,
  "group": 0,
  "rollout": 22,
  "reward": 2.6297544047944443,
  "raw_score": 2.6297544047944443,
  "valid": true,
  "parsed": true,
  "ran": true,
  "msg": "ok",
  "advantage": 1.9306300067131796,
  "beta": 17.521519439372888,
  "n_response_tokens": 2081,
  "sandbox_stdout": "",
  "parent_value": 2.6297544047944443,
  "parent_is_seed": false
}