{
  "step": 7,
  "group": 0,
  "rollout": 63,
  "reward": 2.6107188707911932,
  "raw_score": 2.6107188707911932,
  "valid": true,
  "parsed": true,
  "ran": true,
  "msg": "ok",
  "advantage": 1.3244805539057731,
  "beta": 1.368054810567938,
  "n_response_tokens": 2100,
  "sandbox_stdout": "",
  "parent_value": 2.6301719373653984,
  "parent_is_seed": false
}