{
  "step": 7,
  "group": 3,
  "rollout": 44,
  "reward": 0.0,
  "raw_score": null,
  "valid": false,
  "parsed": true,
  "ran": false,
  "msg": "run_failed: Circle 7 at (0.15466182387446795,0.6517680507411037) r=0.15466183497717528 outside unit square",
  "advantage": -0.9061622096797366,
  "beta": 1.2389815275860008,
  "n_response_tokens": 2089,
  "sandbox_stdout": "",
  "parent_value": 2.6297544047993946,
  "parent_is_seed": false
}