{
  "step": 6,
  "group": 6,
  "rollout": 12,
  "reward": 2.5699140442246144,
  "raw_score": 2.5699140442246144,
  "valid": true,
  "parsed": true,
  "ran": true,
  "msg": "ok",
  "advantage": 0.8080188321061552,
  "beta": 9.637290935901122,
  "n_response_tokens": 1938,
  "sandbox_stdout": "",
  "parent_value": 2.627547817384337,
  "parent_is_seed": false
}