{
  "step": 8,
  "group": 0,
  "rollout": 17,
  "reward": 2.5695777947091165,
  "raw_score": 2.5695777947091165,
  "valid": true,
  "parsed": true,
  "ran": true,
  "msg": "ok",
  "advantage": 2.3527960536788464,
  "beta": 0.963732847146675,
  "n_response_tokens": 2065,
  "sandbox_stdout": "",
  "parent_value": 2.630729707987728,
  "parent_is_seed": false
}