{
  "step": 5,
  "group": 4,
  "rollout": 57,
  "reward": 2.6004083890791656,
  "raw_score": 2.6004083890791656,
  "valid": true,
  "parsed": true,
  "ran": true,
  "msg": "ok",
  "advantage": 1.7646596175399862,
  "beta": 1.123354482018815,
  "n_response_tokens": 1927,
  "sandbox_stdout": "",
  "parent_value": 2.6259181926345354,
  "parent_is_seed": false
}