{
  "step": 2,
  "group": 0,
  "rollout": 4,
  "reward": 0.0,
  "raw_score": null,
  "valid": false,
  "parsed": true,
  "ran": true,
  "msg": "Circle 1 at (0.8846101401810967,0.9769662272826983) r=0.09 outside unit square",
  "advantage": -0.5202317787889144,
  "beta": 1.1338047231975787,
  "n_response_tokens": 1469,
  "sandbox_stdout": "Validation failed: Circle 1 at (0.8846101401810967,0.9769662272826983) r=0.09 outside unit square\n",
  "parent_value": 2.34,
  "parent_is_seed": false
}