{
  "step": 9,
  "group": 1,
  "rollout": 51,
  "reward": 2.507046432293851,
  "raw_score": 2.507046432293851,
  "valid": true,
  "parsed": true,
  "ran": true,
  "msg": "ok",
  "advantage": -0.9792037861721793,
  "beta": 39.1852042089236,
  "n_response_tokens": 2228,
  "sandbox_stdout": "",
  "parent_value": 2.6298680523724234,
  "parent_is_seed": false
}