{
  "step": 3,
  "group": 6,
  "rollout": 25,
  "reward": 1.3740579981341776,
  "raw_score": 1.3740579981341776,
  "valid": true,
  "parsed": true,
  "ran": true,
  "msg": "ok",
  "advantage": 0.3273560225154293,
  "beta": 1.2718979470364964,
  "n_response_tokens": 1232,
  "sandbox_stdout": "",
  "parent_value": 2.266025403784503,
  "parent_is_seed": false
}