{
  "step": 6,
  "group": 7,
  "rollout": 29,
  "reward": 2.597816616284051,
  "raw_score": 2.597816616284051,
  "valid": true,
  "parsed": true,
  "ran": true,
  "msg": "ok",
  "advantage": -0.8111809049594614,
  "beta": 109.29397808820893,
  "n_response_tokens": 2128,
  "sandbox_stdout": "",
  "parent_value": 2.6271510822414066,
  "parent_is_seed": false
}