{
  "step": 9,
  "group": 2,
  "rollout": 60,
  "reward": 0.0,
  "raw_score": null,
  "valid": false,
  "parsed": true,
  "ran": false,
  "msg": "run_failed: Circle 1 at (0.08398922475547364,0.08398922475515781) r=0.08398922475705464 outside unit square",
  "advantage": -1.0,
  "beta": 26.63232563038623,
  "n_response_tokens": 1750,
  "sandbox_stdout": "",
  "parent_value": 2.6298680523724234,
  "parent_is_seed": false
}