{
  "step": 9,
  "group": 0,
  "rollout": 22,
  "reward": 2.596215268237507,
  "raw_score": 2.596215268237507,
  "valid": true,
  "parsed": true,
  "ran": true,
  "msg": "ok",
  "advantage": 0.3722635391874345,
  "beta": 44.197820271340156,
  "n_response_tokens": 1732,
  "sandbox_stdout": "",
  "parent_value": 2.6298680523724762,
  "parent_is_seed": false
}