{
  "step": 9,
  "group": 7,
  "rollout": 42,
  "reward": 2.612636130716848,
  "raw_score": 2.612636130716848,
  "valid": true,
  "parsed": true,
  "ran": true,
  "msg": "ok",
  "advantage": 1.226767367337315,
  "beta": 15.59069321853538,
  "n_response_tokens": 2057,
  "sandbox_stdout": "",
  "parent_value": 2.629868052372355,
  "parent_is_seed": false
}