{
  "step": 4,
  "group": 1,
  "rollout": 44,
  "reward": 0.0,
  "raw_score": null,
  "valid": false,
  "parsed": true,
  "ran": false,
  "msg": "run_failed: Circle 0 at (0.11698741409687193,0.1169874140861437) r=0.11698741408776937 outside unit square",
  "advantage": -0.8400050356063966,
  "beta": 1.0912312464760239,
  "n_response_tokens": 1751,
  "sandbox_stdout": "",
  "parent_value": 2.629754404757989,
  "parent_is_seed": false
}