{
  "step": 3,
  "group": 0,
  "rollout": 21,
  "reward": 2.6259181926345354,
  "raw_score": 2.6259181926345354,
  "valid": true,
  "parsed": true,
  "ran": true,
  "msg": "ok",
  "advantage": 2.228799063481777,
  "beta": 1.0184103486285423,
  "n_response_tokens": 1822,
  "sandbox_stdout": "",
  "parent_value": 2.6259181925882347,
  "parent_is_seed": false
}