{
  "step": 4,
  "group": 2,
  "rollout": 56,
  "reward": 2.5570555731559548,
  "raw_score": 2.5570555731559548,
  "valid": true,
  "parsed": true,
  "ran": true,
  "msg": "ok",
  "advantage": 1.1785235734921056,
  "beta": 1.4705215003237289,
  "n_response_tokens": 1692,
  "sandbox_stdout": "",
  "parent_value": 2.6259181926345354,
  "parent_is_seed": false
}