{
  "step": 5,
  "group": 5,
  "rollout": 22,
  "reward": 2.459659948330139,
  "raw_score": 2.459659948330139,
  "valid": true,
  "parsed": true,
  "ran": true,
  "msg": "ok",
  "advantage": -0.48047593849378867,
  "beta": 8.783556108321726,
  "n_response_tokens": 1745,
  "sandbox_stdout": "",
  "parent_value": 2.6259181926324553,
  "parent_is_seed": false
}