{
  "step": 9,
  "group": 5,
  "rollout": 41,
  "reward": 2.532630594984885,
  "raw_score": 2.532630594984885,
  "valid": true,
  "parsed": true,
  "ran": true,
  "msg": "ok",
  "advantage": -0.782612262540606,
  "beta": 26.635526463303897,
  "n_response_tokens": 2772,
  "sandbox_stdout": "",
  "parent_value": 2.6298680523723825,
  "parent_is_seed": false
}