{
  "step": 4,
  "group": 0,
  "rollout": 8,
  "reward": 2.6190694401992323,
  "raw_score": 2.6190694401992323,
  "valid": true,
  "parsed": true,
  "ran": true,
  "msg": "ok",
  "advantage": 2.5575464098972396,
  "beta": 55.22271257370427,
  "n_response_tokens": 2542,
  "sandbox_stdout": "",
  "parent_value": 2.629914153232447,
  "parent_is_seed": false
}