{
  "step": 1,
  "group": 2,
  "rollout": 15,
  "reward": 0.7491292485937369,
  "raw_score": 0.7491292485937369,
  "valid": true,
  "parsed": true,
  "ran": true,
  "msg": "ok",
  "advantage": 2.3696188125196973,
  "beta": 2.4795456464240346,
  "n_response_tokens": 1532,
  "sandbox_stdout": "",
  "parent_value": 1.1003906250000002,
  "parent_is_seed": false
}