{
  "step": 7,
  "group": 1,
  "rollout": 31,
  "reward": 2.606163608231378,
  "raw_score": 2.606163608231378,
  "valid": true,
  "parsed": true,
  "ran": true,
  "msg": "ok",
  "advantage": 0.43579583270449906,
  "beta": 30.15538790065325,
  "n_response_tokens": 2858,
  "sandbox_stdout": "",
  "parent_value": 2.6298680523724234,
  "parent_is_seed": false
}