{
  "step": 5,
  "group": 5,
  "rollout": 54,
  "reward": 2.60545127039945,
  "raw_score": 2.60545127039945,
  "valid": true,
  "parsed": true,
  "ran": true,
  "msg": "ok",
  "advantage": 0.9105417127387083,
  "beta": 8.783556108321726,
  "n_response_tokens": 1686,
  "sandbox_stdout": "",
  "parent_value": 2.6259181926324553,
  "parent_is_seed": false
}