{
  "step": 2,
  "group": 1,
  "rollout": 37,
  "reward": 1.056455796778103,
  "raw_score": 1.056455796778103,
  "valid": true,
  "parsed": true,
  "ran": true,
  "msg": "ok",
  "advantage": -0.36905065979516016,
  "beta": 1.4985263821832524,
  "n_response_tokens": 1328,
  "sandbox_stdout": "",
  "parent_value": 2.227777777777776,
  "parent_is_seed": false
}