{
  "step": 8,
  "group": 5,
  "rollout": 33,
  "reward": 2.580401867825055,
  "raw_score": 2.580401867825055,
  "valid": true,
  "parsed": true,
  "ran": true,
  "msg": "ok",
  "advantage": 0.9146373012654145,
  "beta": 2.9009734435157877,
  "n_response_tokens": 2155,
  "sandbox_stdout": "",
  "parent_value": 2.6297544047993946,
  "parent_is_seed": false
}