{
  "step": 3,
  "group": 6,
  "rollout": 23,
  "reward": 1.2402519076100156,
  "raw_score": 1.2402519076100156,
  "valid": true,
  "parsed": true,
  "ran": true,
  "msg": "ok",
  "advantage": 0.11595390378948656,
  "beta": 1.2718979470364964,
  "n_response_tokens": 1161,
  "sandbox_stdout": "",
  "parent_value": 2.266025403784503,
  "parent_is_seed": false
}