{
  "step": 2,
  "group": 3,
  "rollout": 41,
  "reward": 0.9600000000002192,
  "raw_score": 0.9600000000002192,
  "valid": true,
  "parsed": true,
  "ran": true,
  "msg": "ok",
  "advantage": -0.07645267593216676,
  "beta": 1.514898565956805,
  "n_response_tokens": 1305,
  "sandbox_stdout": "",
  "parent_value": 1.843059318878763,
  "parent_is_seed": false
}