{
  "step": 6,
  "group": 1,
  "rollout": 24,
  "reward": 0.0,
  "raw_score": null,
  "valid": false,
  "parsed": true,
  "ran": false,
  "msg": "run_failed: Circle 1 at (0.11984094083827239,0.2526002798832743) r=0.11984094084122032 outside unit square",
  "advantage": -0.9060795460803277,
  "beta": 1.2400989889719878,
  "n_response_tokens": 1894,
  "sandbox_stdout": "",
  "parent_value": 2.629754404757989,
  "parent_is_seed": false
}