{
  "step": 1,
  "group": 3,
  "rollout": 20,
  "reward": 1.799999999999934,
  "raw_score": 1.799999999999934,
  "valid": true,
  "parsed": true,
  "ran": true,
  "msg": "ok",
  "advantage": 3.259899819874404,
  "beta": 1.4929676734863897,
  "n_response_tokens": 1599,
  "sandbox_stdout": "",
  "parent_value": 1.0000000000000107,
  "parent_is_seed": false
}