{
  "step": 8,
  "group": 3,
  "rollout": 10,
  "reward": 1.8789608618238174,
  "raw_score": 1.8789608618238174,
  "valid": true,
  "parsed": true,
  "ran": true,
  "msg": "ok",
  "advantage": 10.722022308967372,
  "algo": "a2c",
  "value_baseline": -8.843061447143555,
  "n_response_tokens": 1796,
  "sandbox_stdout": "",
  "parent_value": 2.4000000000001886,
  "parent_is_seed": false
}