{
  "step": 8,
  "group": 3,
  "rollout": 3,
  "reward": 0.005000000000043012,
  "raw_score": 0.005000000000043012,
  "valid": true,
  "parsed": true,
  "ran": true,
  "msg": "ok",
  "advantage": 8.848061447143598,
  "algo": "a2c",
  "value_baseline": -8.843061447143555,
  "n_response_tokens": 1582,
  "sandbox_stdout": "",
  "parent_value": 2.4000000000001886,
  "parent_is_seed": false
}