{
  "step": 8,
  "group": 0,
  "rollout": 10,
  "reward": 2.417958680155699,
  "raw_score": 2.417958680155699,
  "valid": true,
  "parsed": true,
  "ran": true,
  "msg": "ok",
  "advantage": 11.261020127299254,
  "algo": "a2c",
  "value_baseline": -8.843061447143555,
  "n_response_tokens": 1854,
  "sandbox_stdout": "",
  "parent_value": 2.417958680155799,
  "parent_is_seed": false
}