{
  "step": 8,
  "group": 0,
  "rollout": 23,
  "reward": 2.41795868015615,
  "raw_score": 2.41795868015615,
  "valid": true,
  "parsed": true,
  "ran": true,
  "msg": "ok",
  "advantage": 11.261020127299705,
  "algo": "a2c",
  "value_baseline": -8.843061447143555,
  "n_response_tokens": 1748,
  "sandbox_stdout": "",
  "parent_value": 2.417958680155799,
  "parent_is_seed": false
}