{
  "step": 8,
  "group": 2,
  "rollout": 13,
  "reward": 2.1999999999999633,
  "raw_score": 2.1999999999999633,
  "valid": true,
  "parsed": true,
  "ran": true,
  "msg": "ok",
  "advantage": 11.043061447143518,
  "algo": "a2c",
  "value_baseline": -8.843061447143555,
  "n_response_tokens": 1242,
  "sandbox_stdout": "",
  "parent_value": 2.4000000000001886,
  "parent_is_seed": false
}