{
  "step": 8,
  "group": 1,
  "rollout": 15,
  "reward": 0.8452994616207256,
  "raw_score": 0.8452994616207256,
  "valid": true,
  "parsed": true,
  "ran": true,
  "msg": "ok",
  "advantage": 9.688360908764281,
  "algo": "a2c",
  "value_baseline": -8.843061447143555,
  "n_response_tokens": 1452,
  "sandbox_stdout": "",
  "parent_value": 2.417958680155799,
  "parent_is_seed": false
}