{
  "step": 8,
  "group": 1,
  "rollout": 8,
  "reward": 2.1948967003897413,
  "raw_score": 2.1948967003897413,
  "valid": true,
  "parsed": true,
  "ran": true,
  "msg": "ok",
  "advantage": 11.037958147533296,
  "algo": "a2c",
  "value_baseline": -8.843061447143555,
  "n_response_tokens": 1624,
  "sandbox_stdout": "",
  "parent_value": 2.417958680155799,
  "parent_is_seed": false
}