{
  "step": 8,
  "group": 3,
  "rollout": 16,
  "reward": 1.0000000000000373,
  "raw_score": 1.0000000000000373,
  "valid": true,
  "parsed": true,
  "ran": true,
  "msg": "ok",
  "advantage": 9.843061447143592,
  "algo": "a2c",
  "value_baseline": -8.843061447143555,
  "n_response_tokens": 1306,
  "sandbox_stdout": "",
  "parent_value": 2.4000000000001886,
  "parent_is_seed": false
}