{
  "step": 4,
  "group": 3,
  "rollout": 3,
  "reward": 0.9190123623066987,
  "raw_score": 0.9190123623066987,
  "valid": true,
  "parsed": true,
  "ran": true,
  "msg": "ok",
  "advantage": 1.375137521232043,
  "beta": 3.303365272377386,
  "n_response_tokens": 1739,
  "sandbox_stdout": "",
  "parent_value": 1.0491438630046943,
  "parent_is_seed": false
}