{
  "step": 4,
  "group": 3,
  "rollout": 0,
  "reward": 1.05712154369457,
  "raw_score": 1.05712154369457,
  "valid": true,
  "parsed": true,
  "ran": true,
  "msg": "ok",
  "advantage": 3.6628569893865697,
  "beta": 3.303365272377386,
  "n_response_tokens": 1578,
  "sandbox_stdout": "",
  "parent_value": 1.0491438630046943,
  "parent_is_seed": false
}