{
  "step": 4,
  "group": 2,
  "rollout": 2,
  "reward": 1.3000000000000003,
  "raw_score": 1.3000000000000003,
  "valid": true,
  "parsed": true,
  "ran": true,
  "msg": "ok",
  "advantage": 3.771733063736085,
  "beta": 1.9640345455274282,
  "n_response_tokens": 2062,
  "sandbox_stdout": "Validation failed: Circle 0 at (0.7523777973691461,0.6805869024879269) r=0.7471720943315961 outside unit square\n",
  "parent_value": 1.3000000000000003,
  "parent_is_seed": false
}