{
  "step": 4,
  "group": 0,
  "rollout": 3,
  "reward": 0.0,
  "raw_score": null,
  "valid": false,
  "parsed": true,
  "ran": true,
  "msg": "Circle 0 at (0.10714285714285714,0.08333333333333333) r=0.1 outside unit square",
  "advantage": -0.6060343237926058,
  "beta": 1.137871309247467,
  "n_response_tokens": 1398,
  "sandbox_stdout": "Warning: Packing is invalid. Reason: Circle 0 at (0.10714285714285714,0.08333333333333333) r=1.002380892085045 outside unit square\n",
  "parent_value": 1.8571428571428747,
  "parent_is_seed": false
}