{
  "step": 28,
  "group": 7,
  "rollout": 51,
  "reward": 2.6359674489346734,
  "raw_score": 2.6359674489346734,
  "valid": true,
  "parsed": true,
  "ran": true,
  "msg": "ok",
  "advantage": 0.14545463084473909,
  "beta": 1048576.0,
  "n_response_tokens": 2733,
  "sandbox_stdout": "",
  "parent_value": 2.635967448934597,
  "parent_is_seed": false
}