{
  "step": 28,
  "group": 4,
  "rollout": 45,
  "reward": 2.629713169221228,
  "raw_score": 2.629713169221228,
  "valid": true,
  "parsed": true,
  "ran": true,
  "msg": "ok",
  "advantage": -0.9999999997976142,
  "beta": 3734.981533313468,
  "n_response_tokens": 2367,
  "sandbox_stdout": "Invalid packing: Circle 23 at (1.0,1.0) r=1.0 outside unit square\nInvalid packing: Circle 0 at (1.0,0.0) r=1.0 outside unit square\n",
  "parent_value": 2.635967448934761,
  "parent_is_seed": false
}