{
  "step": 28,
  "group": 1,
  "rollout": 47,
  "reward": 2.635312777159418,
  "raw_score": 2.635312777159418,
  "valid": true,
  "parsed": true,
  "ran": true,
  "msg": "ok",
  "advantage": -0.9999690489316506,
  "beta": 16921.562985134962,
  "n_response_tokens": 2858,
  "sandbox_stdout": "Invalid packing: Circle 0 at (1.0,0.0) r=1.0 outside unit square\nInvalid packing: Circle 0 at (0.0799999885786586,0.2674796731702789) r=0.0813892515650234 outside unit square\n",
  "parent_value": 2.63596744894016,
  "parent_is_seed": false
}