{
  "step": 28,
  "group": 4,
  "rollout": 5,
  "reward": 2.6359674489345126,
  "raw_score": 2.6359674489345126,
  "valid": true,
  "parsed": true,
  "ran": true,
  "msg": "ok",
  "advantage": 1.9584456407176591,
  "beta": 3734.981533313468,
  "n_response_tokens": 2308,
  "sandbox_stdout": "",
  "parent_value": 2.635967448934761,
  "parent_is_seed": false
}