{
  "step": 28,
  "group": 3,
  "rollout": 63,
  "reward": 2.635982930149548,
  "raw_score": 2.635982930149548,
  "valid": true,
  "parsed": true,
  "ran": true,
  "msg": "ok",
  "advantage": 0.14527947530787677,
  "beta": 1048576.0,
  "n_response_tokens": 2294,
  "sandbox_stdout": "Invalid packing: Circle 0 at (1.0,0.0) r=1.0 outside unit square\nInvalid packing: Circle 5 at (0.7322064647300681,0.9498044293526406) r=0.05019557100408745 outside unit square\nInvalid packing: Circle 3 at (0.1279004419403638,0.3751968472332822) r=0.12790045825850593 outside unit square\n",
  "parent_value": 2.635982930149548,
  "parent_is_seed": false
}