{
  "step": 28,
  "group": 7,
  "rollout": 33,
  "reward": 2.635967448934597,
  "raw_score": 2.635967448934597,
  "valid": true,
  "parsed": true,
  "ran": true,
  "msg": "ok",
  "advantage": 0.1454545374329277,
  "beta": 1048576.0,
  "n_response_tokens": 2769,
  "sandbox_stdout": "",
  "parent_value": 2.635967448934597,
  "parent_is_seed": false
}