{
  "step": 28,
  "group": 1,
  "rollout": 63,
  "reward": 2.635312777159114,
  "raw_score": 2.635312777159114,
  "valid": true,
  "parsed": true,
  "ran": true,
  "msg": "ok",
  "advantage": -0.9999690489318099,
  "beta": 16921.562985134962,
  "n_response_tokens": 2646,
  "sandbox_stdout": "Invalid packing: Circle 1 at (0.0,1.0) r=1.0 outside unit square\nInvalid packing: Circles 19 and 21 overlap\n",
  "parent_value": 2.63596744894016,
  "parent_is_seed": false
}