{
  "step": 28,
  "group": 3,
  "rollout": 0,
  "reward": 2.6359829287597365,
  "raw_score": 2.6359829287597365,
  "valid": true,
  "parsed": true,
  "ran": true,
  "msg": "ok",
  "advantage": 0.14358137440289287,
  "beta": 1048576.0,
  "n_response_tokens": 2138,
  "sandbox_stdout": "Invalid packing: Circles 5 and 23 overlap\n",
  "parent_value": 2.635982930149548,
  "parent_is_seed": false
}