{
  "step": 28,
  "group": 5,
  "rollout": 46,
  "reward": 2.6359674482734974,
  "raw_score": 2.6359674482734974,
  "valid": true,
  "parsed": true,
  "ran": true,
  "msg": "ok",
  "advantage": 0.8098412049328005,
  "beta": 1048576.0,
  "n_response_tokens": 2427,
  "sandbox_stdout": "",
  "parent_value": 2.635967448934721,
  "parent_is_seed": false
}