{
  "step": 28,
  "group": 2,
  "rollout": 16,
  "reward": 2.635982930149548,
  "raw_score": 2.635982930149548,
  "valid": true,
  "parsed": true,
  "ran": true,
  "msg": "ok",
  "advantage": 0.10535516392377842,
  "beta": 1048576.0,
  "n_response_tokens": 2271,
  "sandbox_stdout": "Invalid packing: Circle 0 at (1.0,1.0) r=1.0 outside unit square\nInvalid packing: Circle 18 at (0.19885137196325647,0.8011486057583022) r=0.198851382475516 outside unit square\n",
  "parent_value": 2.635982930149548,
  "parent_is_seed": false
}