{
  "step": 28,
  "group": 3,
  "rollout": 22,
  "reward": 2.635982930149548,
  "raw_score": 2.635982930149548,
  "valid": true,
  "parsed": true,
  "ran": true,
  "msg": "ok",
  "advantage": 0.14527947530787677,
  "beta": 1048576.0,
  "n_response_tokens": 2427,
  "sandbox_stdout": "Invalid packing: Circle 0 at (1.0,1.0) r=1.0 outside unit square\nInvalid packing: Circle 1 at (0.6949187348277895,0.6627942410815756) r=0.36103953856937326 outside unit square\n",
  "parent_value": 2.635982930149548,
  "parent_is_seed": false
}