{
  "step": 28,
  "group": 5,
  "rollout": 42,
  "reward": 2.6359674489343994,
  "raw_score": 2.6359674489343994,
  "valid": true,
  "parsed": true,
  "ran": true,
  "msg": "ok",
  "advantage": 0.8111319396782428,
  "beta": 1048576.0,
  "n_response_tokens": 2449,
  "sandbox_stdout": "",
  "parent_value": 2.635967448934721,
  "parent_is_seed": false
}