{
  "step": 28,
  "group": 0,
  "rollout": 31,
  "reward": 2.635967448933794,
  "raw_score": 2.635967448933794,
  "valid": true,
  "parsed": true,
  "ran": true,
  "msg": "ok",
  "advantage": 0.8199761429248607,
  "beta": 1048576.0,
  "n_response_tokens": 2319,
  "sandbox_stdout": "Invalid packing: Circles 6 and 14 overlap\n",
  "parent_value": 2.635967448935425,
  "parent_is_seed": false
}