{
  "step": 28,
  "group": 0,
  "rollout": 27,
  "reward": 2.635967448881109,
  "raw_score": 2.635967448881109,
  "valid": true,
  "parsed": true,
  "ran": true,
  "msg": "ok",
  "advantage": 0.8198726982942561,
  "beta": 1048576.0,
  "n_response_tokens": 2748,
  "sandbox_stdout": "Invalid packing: Circle 5 at (0.24501738951744587,0.24631860886246817) r=0.24632288605003547 outside unit square\n",
  "parent_value": 2.635967448935425,
  "parent_is_seed": false
}