{
  "step": 28,
  "group": 4,
  "rollout": 52,
  "reward": 2.635967448934518,
  "raw_score": 2.635967448934518,
  "valid": true,
  "parsed": true,
  "ran": true,
  "msg": "ok",
  "advantage": 1.9584456407793098,
  "beta": 3734.981533313468,
  "n_response_tokens": 3308,
  "sandbox_stdout": "Invalid packing: Circle 0 at (0.0,1.0) r=1.0 outside unit square\n",
  "parent_value": 2.635967448934761,
  "parent_is_seed": false
}