{
  "step": 28,
  "group": 1,
  "rollout": 26,
  "reward": 2.635967446664752,
  "raw_score": 2.635967446664752,
  "valid": true,
  "parsed": true,
  "ran": true,
  "msg": "ok",
  "advantage": 1.0693758325065699,
  "beta": 16921.562985134962,
  "n_response_tokens": 2671,
  "sandbox_stdout": "Invalid packing: Circle 1 at (0.9317725702814257,0.23985632963121395) r=0.09647164235982868 outside unit square\n",
  "parent_value": 2.63596744894016,
  "parent_is_seed": false
}