{
  "step": 28,
  "group": 5,
  "rollout": 40,
  "reward": 2.635674465332121,
  "raw_score": 2.635674465332121,
  "valid": true,
  "parsed": true,
  "ran": true,
  "msg": "ok",
  "advantage": -1.0,
  "beta": 1048576.0,
  "n_response_tokens": 2360,
  "sandbox_stdout": "Invalid packing: Circle 0 at (0.9999999998,0.9999999998) r=0.9999999998 outside unit square\n",
  "parent_value": 2.635967448934721,
  "parent_is_seed": false
}