{
  "step": 28,
  "group": 1,
  "rollout": 30,
  "reward": 2.6359674517948806,
  "raw_score": 2.6359674517948806,
  "valid": true,
  "parsed": true,
  "ran": true,
  "msg": "ok",
  "advantage": 1.069561383931628,
  "beta": 16921.562985134962,
  "n_response_tokens": 3154,
  "sandbox_stdout": "Invalid packing: Circle 0 at (0.5318552365472666,0.7909228825200437) r=0.46814476345273326 outside unit square\nInvalid packing: Circle 0 at (0.0,0.0) r=1.0 outside unit square\n",
  "parent_value": 2.63596744894016,
  "parent_is_seed": false
}