{
  "step": 28,
  "group": 1,
  "rollout": 16,
  "reward": 2.6359674458098348,
  "raw_score": 2.6359674458098348,
  "valid": true,
  "parsed": true,
  "ran": true,
  "msg": "ok",
  "advantage": 1.069344912715004,
  "beta": 16921.562985134962,
  "n_response_tokens": 2905,
  "sandbox_stdout": "Invalid packing: Circles 4 and 25 overlap\n",
  "parent_value": 2.63596744894016,
  "parent_is_seed": false
}