{
  "step": 28,
  "group": 4,
  "rollout": 53,
  "reward": 2.635312777279989,
  "raw_score": 2.635312777279989,
  "valid": true,
  "parsed": true,
  "ran": true,
  "msg": "ok",
  "advantage": -0.7540226787423607,
  "beta": 3734.981533313468,
  "n_response_tokens": 2237,
  "sandbox_stdout": "",
  "parent_value": 2.635967448934761,
  "parent_is_seed": false
}