{
  "step": 28,
  "group": 0,
  "rollout": 3,
  "reward": 2.6359674489205265,
  "raw_score": 2.6359674489205265,
  "valid": true,
  "parsed": true,
  "ran": true,
  "msg": "ok",
  "advantage": 0.8199500919846485,
  "beta": 1048576.0,
  "n_response_tokens": 2362,
  "sandbox_stdout": "",
  "parent_value": 2.635967448935425,
  "parent_is_seed": false
}