{
  "step": 28,
  "group": 5,
  "rollout": 48,
  "reward": 2.632326007258964,
  "raw_score": 2.632326007258964,
  "valid": true,
  "parsed": true,
  "ran": true,
  "msg": "ok",
  "advantage": -1.0,
  "beta": 1048576.0,
  "n_response_tokens": 2250,
  "sandbox_stdout": "Invalid packing: Circle 1 at (0.04450973261603912,0.28103837008889054) r=0.04537743658449163 outside unit square\n",
  "parent_value": 2.635967448934721,
  "parent_is_seed": false
}