{
  "step": 28,
  "group": 1,
  "rollout": 31,
  "reward": 2.6356792960340822,
  "raw_score": 2.6356792960340822,
  "valid": true,
  "parsed": true,
  "ran": true,
  "msg": "ok",
  "advantage": -0.9847135535589793,
  "beta": 16921.562985134962,
  "n_response_tokens": 2680,
  "sandbox_stdout": "Invalid packing: Circle 0 at (1.0,0.0) r=1.0 outside unit square\nInvalid packing: Circle 1 at (0.0,0.0) r=0.7178845660931413 outside unit square\n",
  "parent_value": 2.63596744894016,
  "parent_is_seed": false
}