{
  "step": 28,
  "group": 1,
  "rollout": 43,
  "reward": 2.635967448647603,
  "raw_score": 2.635967448647603,
  "valid": true,
  "parsed": true,
  "ran": true,
  "msg": "ok",
  "advantage": 1.0694475481388497,
  "beta": 16921.562985134962,
  "n_response_tokens": 2764,
  "sandbox_stdout": "",
  "parent_value": 2.63596744894016,
  "parent_is_seed": false
}