{
  "step": 28,
  "group": 1,
  "rollout": 48,
  "reward": 2.6353045359678644,
  "raw_score": 2.6353045359678644,
  "valid": true,
  "parsed": true,
  "ran": true,
  "msg": "ok",
  "advantage": -0.9999730777357599,
  "beta": 16921.562985134962,
  "n_response_tokens": 2419,
  "sandbox_stdout": "",
  "parent_value": 2.63596744894016,
  "parent_is_seed": false
}