{
  "step": 28,
  "group": 1,
  "rollout": 60,
  "reward": 2.635967448591392,
  "raw_score": 2.635967448591392,
  "valid": true,
  "parsed": true,
  "ran": true,
  "msg": "ok",
  "advantage": 1.069445515066488,
  "beta": 16921.562985134962,
  "n_response_tokens": 2788,
  "sandbox_stdout": "",
  "parent_value": 2.63596744894016,
  "parent_is_seed": false
}