{
  "step": 28,
  "group": 0,
  "rollout": 62,
  "reward": 2.635967448929912,
  "raw_score": 2.635967448929912,
  "valid": true,
  "parsed": true,
  "ran": true,
  "msg": "ok",
  "advantage": 0.8199685201338347,
  "beta": 1048576.0,
  "n_response_tokens": 2618,
  "sandbox_stdout": "",
  "parent_value": 2.635967448935425,
  "parent_is_seed": false
}