{
  "step": 28,
  "group": 5,
  "rollout": 33,
  "reward": 2.63596705837502,
  "raw_score": 2.63596705837502,
  "valid": true,
  "parsed": true,
  "ran": true,
  "msg": "ok",
  "advantage": 0.19101599995613494,
  "beta": 1048576.0,
  "n_response_tokens": 2693,
  "sandbox_stdout": "",
  "parent_value": 2.635967448934721,
  "parent_is_seed": false
}