{
  "step": 21,
  "group": 0,
  "rollout": 0,
  "reward": 2.3720882408679866,
  "valid": true,
  "parsed": true,
  "ran": true,
  "msg": "ok",
  "advantage": 0.2599999999984126,
  "beta": 1048576.0,
  "n_response_tokens": 2164,
  "sandbox_stdout": "Validation failed: Circle 0 at (0.09427744881263406,0.09427744881263406) r=0.9999999999992697 outside unit square\nValidation failed: Circle 0 at (0.09427744881263406,0.09427744881263406) r=0.9999999999992697 outside unit square\nValidation failed: Circle 0 at (0.38509810309716164,0.8720181170536936) r=0.9999999999996791 outside unit square\nInitial layout also failed: Circle 2 at (0.06392073801558174,0.8951081434701413) r=0.09844983292259715 outside unit square\nValidation failed: Circle 0 at (0.7881003423417691,0.8184660661060872) r=0.9999999999996185 outside unit square\nInitial layout also failed: Circle 3 at (0.7414363146965173,0.952878717035984) r=0.06394200213180701 outside unit square\nValidation failed: Circle 0 at (0.2797620269861266,0.44118225588655857) r=0.9999999999998916 outside unit square\nInitial layout also failed: Circle 17 at (0.01239578627402127,0.24028896781290476) r=0.024217852278597088 outside unit square\n",
  "parent_value": 2.3720882408679866,
  "parent_is_seed": false
}