{
  "step": 7,
  "group": 0,
  "rollout": 6,
  "reward": 1.0419443086107094e-13,
  "raw_score": 1.0419443086107094e-13,
  "valid": true,
  "parsed": true,
  "ran": true,
  "msg": "ok",
  "advantage": -0.888870694650437,
  "beta": 1.7026549335255683,
  "n_response_tokens": 1678,
  "sandbox_stdout": "",
  "parent_value": 2.1707106781186734,
  "parent_is_seed": false
}