{
  "step": 7,
  "group": 2,
  "rollout": 4,
  "reward": 2.3999999999999955,
  "raw_score": 2.3999999999999955,
  "valid": true,
  "parsed": true,
  "ran": true,
  "msg": "ok",
  "advantage": 4.799864898522234,
  "beta": 2.0296469954848257,
  "n_response_tokens": 1900,
  "sandbox_stdout": "",
  "parent_value": 2.079999999996508,
  "parent_is_seed": false
}