{
  "step": 7,
  "group": 1,
  "rollout": 3,
  "reward": 1.0000000000000975,
  "raw_score": 1.0000000000000975,
  "valid": true,
  "parsed": true,
  "ran": true,
  "msg": "ok",
  "advantage": 0.3522698499524244,
  "beta": 1.3804061528872507,
  "n_response_tokens": 1519,
  "sandbox_stdout": "",
  "parent_value": 2.079999999999999,
  "parent_is_seed": false
}