{
  "step": 7,
  "group": 1,
  "rollout": 6,
  "reward": 0.0,
  "raw_score": null,
  "valid": false,
  "parsed": true,
  "ran": true,
  "msg": "Circle 0 at (0.1,0.1) r=0.1436064796481748 outside unit square",
  "advantage": -0.7028973478798693,
  "beta": 1.3804061528872507,
  "n_response_tokens": 1734,
  "sandbox_stdout": "",
  "parent_value": 2.079999999999999,
  "parent_is_seed": false
}