{
  "step": 7,
  "group": 3,
  "rollout": 7,
  "reward": 3.175237850427948e-14,
  "raw_score": 3.175237850427948e-14,
  "valid": true,
  "parsed": true,
  "ran": true,
  "msg": "ok",
  "advantage": -1.0,
  "beta": 893335.4496909342,
  "n_response_tokens": 1418,
  "sandbox_stdout": "",
  "parent_value": 1.9631202762479287,
  "parent_is_seed": false
}