{
  "step": 24,
  "group": 0,
  "rollout": 6,
  "reward": 2.635967448933533,
  "raw_score": 2.635967448933533,
  "valid": true,
  "parsed": true,
  "ran": true,
  "msg": "ok",
  "advantage": 0.37120850868609057,
  "beta": 1048576.0,
  "n_response_tokens": 2003,
  "sandbox_stdout": "Invalid packing: Circle 2 at (0.18451232898356384,0.1845158798660871) r=0.18451536151953557 outside unit square\n",
  "parent_value": 2.635967448933533,
  "parent_is_seed": false
}