{
  "step": 24,
  "group": 3,
  "rollout": 24,
  "reward": 2.6118566461163124,
  "raw_score": 2.6118566461163124,
  "valid": true,
  "parsed": true,
  "ran": true,
  "msg": "ok",
  "advantage": -1.0,
  "beta": 1048576.0,
  "n_response_tokens": 2279,
  "sandbox_stdout": "Invalid packing: Circle 5 at (0.0,0.0) r=1.0 outside unit square\nInvalid packing: Circle 1 at (0.9999983837404857,0.999999703397626) r=0.9809509476084278 outside unit square\n",
  "parent_value": 2.635967448933533,
  "parent_is_seed": false
}