{
  "step": 24,
  "group": 6,
  "rollout": 47,
  "reward": 2.6359674461969815,
  "raw_score": 2.6359674461969815,
  "valid": true,
  "parsed": true,
  "ran": true,
  "msg": "ok",
  "advantage": 0.10526315789351526,
  "beta": 1048576.0,
  "n_response_tokens": 2664,
  "sandbox_stdout": "",
  "parent_value": 2.6359674461969815,
  "parent_is_seed": false
}