{
  "step": 24,
  "group": 2,
  "rollout": 43,
  "reward": 2.6301172832557658,
  "raw_score": 2.6301172832557658,
  "valid": true,
  "parsed": true,
  "ran": true,
  "msg": "ok",
  "advantage": -1.0,
  "beta": 1048576.0,
  "n_response_tokens": 2396,
  "sandbox_stdout": "",
  "parent_value": 2.6359674489331204,
  "parent_is_seed": false
}