{
  "step": 24,
  "group": 4,
  "rollout": 3,
  "reward": 2.635967448933534,
  "raw_score": 2.635967448933534,
  "valid": true,
  "parsed": true,
  "ran": true,
  "msg": "ok",
  "advantage": 1.5413173334599932,
  "beta": 1.178341489973726,
  "n_response_tokens": 2043,
  "sandbox_stdout": "Invalid packing: Circle 0 has negative radius -9.99999999969775e-07\n",
  "parent_value": 2.635967448933534,
  "parent_is_seed": false
}