{
  "step": 24,
  "group": 1,
  "rollout": 17,
  "reward": 2.635967448843938,
  "raw_score": 2.635967448843938,
  "valid": true,
  "parsed": true,
  "ran": true,
  "msg": "ok",
  "advantage": 0.24089427903917682,
  "beta": 1048576.0,
  "n_response_tokens": 2329,
  "sandbox_stdout": "Invalid packing: Circle 1 at (0.0,1.0) r=1.0 outside unit square\n",
  "parent_value": 2.635967448933533,
  "parent_is_seed": false
}