{
  "step": 11,
  "group": 0,
  "rollout": 10,
  "reward": 0.0,
  "raw_score": null,
  "valid": false,
  "parsed": true,
  "ran": false,
  "msg": "run_failed: Packing is invalid: Circle 0 at (5527943.155567661,2897614.4000438782) r=2106578691.100708 outside unit square",
  "advantage": -0.8930175588560355,
  "beta": 1.4302911509137792,
  "n_response_tokens": 2023,
  "sandbox_stdout": "",
  "parent_value": 2.172216666666668,
  "parent_is_seed": false
}