{
  "step": 11,
  "group": 3,
  "rollout": 16,
  "reward": 0.0,
  "raw_score": null,
  "valid": false,
  "parsed": true,
  "ran": false,
  "msg": "run_failed: Packing is invalid: Circle 0 at (0.8159803419090801,0.7618014191852938) r=1.0 outside unit square",
  "advantage": -0.9336610926263907,
  "beta": 1.6145355294331836,
  "n_response_tokens": 1962,
  "sandbox_stdout": "",
  "parent_value": 2.172216666666667,
  "parent_is_seed": false
}