{
  "step": 11,
  "group": 3,
  "rollout": 7,
  "reward": 0.0,
  "raw_score": null,
  "valid": false,
  "parsed": true,
  "ran": false,
  "msg": "run_failed: Packing is invalid: Circle 0 at (-238302.9609463889,-350916.21374435583) r=2099827625.2626014 outside unit square",
  "advantage": -0.9336610926263907,
  "beta": 1.6145355294331836,
  "n_response_tokens": 2143,
  "sandbox_stdout": "",
  "parent_value": 2.172216666666667,
  "parent_is_seed": false
}