{
  "step": 11,
  "group": 3,
  "rollout": 21,
  "reward": 2.172216666666667,
  "raw_score": 2.172216666666667,
  "valid": true,
  "parsed": true,
  "ran": true,
  "msg": "ok",
  "advantage": 1.440249940672865,
  "beta": 1.6145355294331836,
  "n_response_tokens": 1937,
  "sandbox_stdout": "",
  "parent_value": 2.172216666666667,
  "parent_is_seed": false
}