{
  "step": 11,
  "group": 0,
  "rollout": 18,
  "reward": 0.0,
  "raw_score": null,
  "valid": false,
  "parsed": true,
  "ran": false,
  "msg": "run_failed: Packing is invalid: Circle 0 at (519923.1568066966,-2919385.3613034394) r=14971304.67670688 outside unit square",
  "advantage": -0.8930175588560355,
  "beta": 1.4302911509137792,
  "n_response_tokens": 1978,
  "sandbox_stdout": "",
  "parent_value": 2.172216666666668,
  "parent_is_seed": false
}