{
  "step": 11,
  "group": 1,
  "rollout": 10,
  "reward": 0.0,
  "raw_score": null,
  "valid": false,
  "parsed": true,
  "ran": false,
  "msg": "run_failed: Packing is invalid: Circle 0 at (7.537363560970805e-13,8.612433188660951e-13) r=0.9999999999929826 outside unit square",
  "advantage": -0.9937202000643084,
  "beta": 2.662327817510713,
  "n_response_tokens": 1729,
  "sandbox_stdout": "",
  "parent_value": 2.172216666666667,
  "parent_is_seed": false
}