{
  "step": 11,
  "group": 0,
  "rollout": 5,
  "reward": 2.172216666666668,
  "raw_score": 2.172216666666668,
  "valid": true,
  "parsed": true,
  "ran": true,
  "msg": "ok",
  "advantage": 1.6549132433192497,
  "beta": 1.4302911509137792,
  "n_response_tokens": 1962,
  "sandbox_stdout": "",
  "parent_value": 2.172216666666668,
  "parent_is_seed": false
}