{
  "step": 11,
  "group": 3,
  "rollout": 19,
  "reward": 1.2857142857142851,
  "raw_score": 1.2857142857142851,
  "valid": true,
  "parsed": true,
  "ran": true,
  "msg": "ok",
  "advantage": -0.45491324790843757,
  "beta": 1.7196752905396502,
  "n_response_tokens": 2099,
  "sandbox_stdout": "Validation Failed: Circle 0 at (0.07142857142857142,0.07142857142857142) r=1.0 outside unit square\nValidation Failed: Circle 0 at (0.07142857142857142,0.07142857142857142) r=35801852.39659681 outside unit square\nValidation Failed: Circle 0 at (0.0,0.0) r=0.023865537506504247 outside unit square\nValidation Failed: Circle 0 at (0.0,0.0) r=70894625.80920598 outside unit square\nValidation Failed: Circle 0 at (0.0,0.0) r=0.05281438817295425 outside unit square\nValidation Failed: Circle 0 at (0.0,0.0) r=70894625.80920601 outside unit square\nValidation Failed: Circle 0 at (0.8944972533045655,0.19464877401816627) r=1.0 outside unit square\nValidation Failed: Circle 0 at (0.8944972533045655,0.19464877401816627) r=17723656.453565847 outside unit square\n",
  "parent_value": 2.470710678118657,
  "parent_is_seed": false
}