{
  "step": 11,
  "group": 2,
  "rollout": 8,
  "reward": 1.8571428571428568,
  "raw_score": 1.8571428571428568,
  "valid": true,
  "parsed": true,
  "ran": true,
  "msg": "ok",
  "advantage": -1.0,
  "beta": 1048576.0,
  "n_response_tokens": 1884,
  "sandbox_stdout": "Validation Failed: Circle 16 at (1.1,0.1) r=0.0 outside unit square\nValidation Failed: Circle 16 has negative radius -0.10000000000000009\nValidation Failed: Circle 0 at (0.1,0.1) r=1.0 outside unit square\nValidation Failed: Circle 0 at (0.1,0.1) r=1.0 outside unit square\nValidation Failed: Circle 0 at (0.07142857142857142,0.08333333333333333) r=1.0 outside unit square\nValidation Failed: Circle 0 at (0.07142857142857142,0.08333333333333333) r=1.0 outside unit square\nValidation Failed: Circle 0 at (0.24025992650100725,0.05520814415791109) r=1.0 outside unit square\nValidation Failed: Circle 0 at (0.24025992650100725,0.05520814415791109) r=1.0 outside unit square\n",
  "parent_value": 2.470710678118657,
  "parent_is_seed": false
}