{
  "step": 11,
  "group": 0,
  "rollout": 14,
  "reward": 1.949999999999999,
  "raw_score": 1.949999999999999,
  "valid": true,
  "parsed": true,
  "ran": true,
  "msg": "ok",
  "advantage": -0.7347528973788316,
  "beta": 4.246065076317599,
  "n_response_tokens": 3493,
  "sandbox_stdout": "Validation Failed: Circle 25 at (0.1,1.1) r=0.0 outside unit square\nValidation Failed: Circle 16 at (0.125,1.125) r=0.0 outside unit square\n",
  "parent_value": 2.479442891069909,
  "parent_is_seed": false
}