{
  "step": 11,
  "group": 1,
  "rollout": 0,
  "reward": 2.4707136070508424,
  "raw_score": 2.4707136070508424,
  "valid": true,
  "parsed": true,
  "ran": true,
  "msg": "ok",
  "advantage": 3.8753591195023436,
  "beta": 0.9914085546435497,
  "n_response_tokens": 3752,
  "sandbox_stdout": "",
  "parent_value": 2.4707136070508424,
  "parent_is_seed": false
}