{
  "step": 11,
  "group": 2,
  "rollout": 11,
  "reward": 2.470710678118657,
  "raw_score": 2.470710678118657,
  "valid": true,
  "parsed": true,
  "ran": true,
  "msg": "ok",
  "advantage": 0.5333333339021935,
  "beta": 1048576.0,
  "n_response_tokens": 2401,
  "sandbox_stdout": "Validation Failed: Circle 0 at (0.08333333333333333,0.08333333333333333) r=1.0 outside unit square\nValidation Failed: Circle 0 at (0.08333333333333333,0.08333333333333333) r=0.9997443545641329 outside unit square\nOptimization with solver SANN failed.\nValidation Failed: Circle 25 at (1.05,0.05) r=0.0 outside unit square\nValidation Failed: Circle 25 has negative radius -0.050000000000000044\nValidation Failed: Circle 0 at (0.05,0.05) r=1.0 outside unit square\nValidation Failed: Circle 0 at (0.05,0.05) r=1.0 outside unit square\nOptimization with solver SANN failed.\nValidation Failed: Circle 0 at (0.7444824262109853,0.5068219630956213) r=1.0 outside unit square\nValidation Failed: Circle 0 at (0.7444824262109853,0.5068219630956213) r=1.0 outside unit square\nOptimization with solver SANN failed.\nValidation Failed: Circle 0 at (0.1,0.1) r=1.0 outside unit square\nValidation Failed: Circle 1 at (0.1,0.30000000000000004) r=0.9372582770230358 outside unit square\nOptimization with solver SANN failed.\nValidation Failed: Circle 16 at (1.1,0.1) r=0.0 outside unit square\nValidation Failed: Circle 16 has negative radius -0.10000000000000009\nValidation Failed: Circle 0 at (0.1,0.1) r=1.0 outside unit square\nValidation Failed: Circle 0 at (0.1,0.1) r=1.0 outside unit square\nOptimization with solver SANN failed.\n",
  "parent_value": 2.470710678118657,
  "parent_is_seed": false
}