{
  "step": 7,
  "group": 2,
  "rollout": 21,
  "reward": 2.6201458644767297,
  "raw_score": 2.6201458644767297,
  "valid": true,
  "parsed": true,
  "ran": true,
  "msg": "ok",
  "advantage": -0.5048795570668536,
  "beta": 250.16960019219746,
  "n_response_tokens": 1957,
  "sandbox_stdout": "",
  "parent_value": 2.6281967896900453,
  "parent_is_seed": false
}