{
  "step": 7,
  "group": 2,
  "rollout": 56,
  "reward": 2.620498883969426,
  "raw_score": 2.620498883969426,
  "valid": true,
  "parsed": true,
  "ran": true,
  "msg": "ok",
  "advantage": -0.4587714207840027,
  "beta": 250.16960019219746,
  "n_response_tokens": 1760,
  "sandbox_stdout": "",
  "parent_value": 2.6281967896900453,
  "parent_is_seed": false
}