{
  "step": 7,
  "group": 3,
  "rollout": 12,
  "reward": 2.6236553632572726,
  "raw_score": 2.6236553632572726,
  "valid": true,
  "parsed": true,
  "ran": true,
  "msg": "ok",
  "advantage": 1.3830778502898227,
  "beta": 82.17260444544928,
  "n_response_tokens": 1726,
  "sandbox_stdout": "",
  "parent_value": 2.633019595706763,
  "parent_is_seed": false
}