{
  "step": 7,
  "group": 3,
  "rollout": 3,
  "reward": 2.608389528739826,
  "raw_score": 2.608389528739826,
  "valid": true,
  "parsed": true,
  "ran": true,
  "msg": "ok",
  "advantage": -0.338151454209928,
  "beta": 82.17260444544928,
  "n_response_tokens": 1391,
  "sandbox_stdout": "",
  "parent_value": 2.633019595706763,
  "parent_is_seed": false
}