{
  "step": 7,
  "group": 7,
  "rollout": 19,
  "reward": 2.6101787522502033,
  "raw_score": 2.6101787522502033,
  "valid": true,
  "parsed": true,
  "ran": true,
  "msg": "ok",
  "advantage": 0.08088528928551963,
  "beta": 61.761133013945134,
  "n_response_tokens": 1573,
  "sandbox_stdout": "",
  "parent_value": 2.6301991816755668,
  "parent_is_seed": false
}