{
  "step": 7,
  "group": 4,
  "rollout": 11,
  "reward": 2.6075342276503313,
  "raw_score": 2.6075342276503313,
  "valid": true,
  "parsed": true,
  "ran": true,
  "msg": "ok",
  "advantage": -0.9744066401150551,
  "beta": 189.63465746644664,
  "n_response_tokens": 2526,
  "sandbox_stdout": "",
  "parent_value": 2.6313341923021363,
  "parent_is_seed": false
}