{
  "step": 7,
  "group": 7,
  "rollout": 59,
  "reward": 2.61309550261214,
  "raw_score": 2.61309550261214,
  "valid": true,
  "parsed": true,
  "ran": true,
  "msg": "ok",
  "advantage": 0.29863605536597504,
  "beta": 61.761133013945134,
  "n_response_tokens": 1550,
  "sandbox_stdout": "",
  "parent_value": 2.6301991816755668,
  "parent_is_seed": false
}