{
  "step": 7,
  "group": 5,
  "rollout": 2,
  "reward": 2.612890306059373,
  "raw_score": 2.612890306059373,
  "valid": true,
  "parsed": true,
  "ran": true,
  "msg": "ok",
  "advantage": -0.9999999998622499,
  "beta": 1269.452774430001,
  "n_response_tokens": 2298,
  "sandbox_stdout": "",
  "parent_value": 2.631334188602859,
  "parent_is_seed": false
}