{
  "step": 7,
  "group": 3,
  "rollout": 54,
  "reward": 2.6294152553812604,
  "raw_score": 2.6294152553812604,
  "valid": true,
  "parsed": true,
  "ran": true,
  "msg": "ok",
  "advantage": 2.915176960451486,
  "beta": 82.17260444544928,
  "n_response_tokens": 1876,
  "sandbox_stdout": "",
  "parent_value": 2.633019595706763,
  "parent_is_seed": false
}