{
  "step": 7,
  "group": 5,
  "rollout": 14,
  "reward": 1.362563684494572,
  "raw_score": 1.362563684494572,
  "valid": true,
  "parsed": true,
  "ran": true,
  "msg": "ok",
  "advantage": -1.0,
  "beta": 1269.452774430001,
  "n_response_tokens": 2682,
  "sandbox_stdout": "Invalid packing: Circles 20 and 22 overlap\nInvalid packing: Circle 0 at (0.2986718846176851,0.0) r=0.7010670223141098 outside unit square\n",
  "parent_value": 2.631334188602859,
  "parent_is_seed": false
}