{
  "step": 7,
  "group": 6,
  "rollout": 30,
  "reward": 2.6270840909337796,
  "raw_score": 2.6270840909337796,
  "valid": true,
  "parsed": true,
  "ran": true,
  "msg": "ok",
  "advantage": 1.6223363228156469,
  "beta": 149.21509273341033,
  "n_response_tokens": 1954,
  "sandbox_stdout": "",
  "parent_value": 2.6310779580035875,
  "parent_is_seed": false
}