{
  "step": 7,
  "group": 6,
  "rollout": 37,
  "reward": 2.5517900937565914,
  "raw_score": 2.5517900937565914,
  "valid": true,
  "parsed": true,
  "ran": true,
  "msg": "ok",
  "advantage": -0.9999667586508637,
  "beta": 149.21509273341033,
  "n_response_tokens": 1337,
  "sandbox_stdout": "",
  "parent_value": 2.6310779580035875,
  "parent_is_seed": false
}