{
  "step": 7,
  "group": 7,
  "rollout": 31,
  "reward": 0.0,
  "raw_score": null,
  "valid": false,
  "parsed": true,
  "ran": false,
  "msg": "run_failed: Circle 0 at (0.0664872222858245,0.06648722823639303) r=1.0 outside unit square",
  "advantage": -1.0,
  "beta": 61.761133013945134,
  "n_response_tokens": 1682,
  "sandbox_stdout": "Invalid packing: Circle 0 at (0.0664872222858245,0.06648722823639303) r=1.0 outside unit square\n",
  "parent_value": 2.6301991816755668,
  "parent_is_seed": false
}