{
  "step": 7,
  "group": 6,
  "rollout": 18,
  "reward": 2.6192291874244535,
  "raw_score": 2.6192291874244535,
  "valid": true,
  "parsed": true,
  "ran": true,
  "msg": "ok",
  "advantage": -0.21048128940391808,
  "beta": 149.21509273341033,
  "n_response_tokens": 1448,
  "sandbox_stdout": "",
  "parent_value": 2.6310779580035875,
  "parent_is_seed": false
}