{
  "step": 7,
  "group": 1,
  "rollout": 50,
  "reward": 2.627272478370906,
  "raw_score": 2.627272478370906,
  "valid": true,
  "parsed": true,
  "ran": true,
  "msg": "ok",
  "advantage": 0.20709852590780087,
  "beta": 69963.92328798657,
  "n_response_tokens": 1520,
  "sandbox_stdout": "",
  "parent_value": 2.6272724783709127,
  "parent_is_seed": false
}