{
  "step": 7,
  "group": 3,
  "rollout": 49,
  "reward": 2.6297131710658292,
  "raw_score": 2.6297131710658292,
  "valid": true,
  "parsed": true,
  "ran": true,
  "msg": "ok",
  "advantage": 3.0183941438775053,
  "beta": 82.17260444544928,
  "n_response_tokens": 1280,
  "sandbox_stdout": "",
  "parent_value": 2.633019595706763,
  "parent_is_seed": false
}