{
  "step": 7,
  "group": 4,
  "rollout": 51,
  "reward": 2.605253179813648,
  "raw_score": 2.605253179813648,
  "valid": true,
  "parsed": true,
  "ran": true,
  "msg": "ok",
  "advantage": -0.9833963165111175,
  "beta": 189.63465746644664,
  "n_response_tokens": 1918,
  "sandbox_stdout": "",
  "parent_value": 2.6313341923021363,
  "parent_is_seed": false
}