{
  "step": 7,
  "group": 7,
  "rollout": 49,
  "reward": 2.6212208520416485,
  "raw_score": 2.6212208520416485,
  "valid": true,
  "parsed": true,
  "ran": true,
  "msg": "ok",
  "advantage": 1.174222037886532,
  "beta": 61.761133013945134,
  "n_response_tokens": 1522,
  "sandbox_stdout": "",
  "parent_value": 2.6301991816755668,
  "parent_is_seed": false
}