{
  "step": 7,
  "group": 7,
  "rollout": 32,
  "reward": 2.563034390588749,
  "raw_score": 2.563034390588749,
  "valid": true,
  "parsed": true,
  "ran": true,
  "msg": "ok",
  "advantage": -0.9421558194020087,
  "beta": 61.761133013945134,
  "n_response_tokens": 1776,
  "sandbox_stdout": "",
  "parent_value": 2.6301991816755668,
  "parent_is_seed": false
}