{
  "step": 7,
  "group": 6,
  "rollout": 29,
  "reward": 2.6180526378943783,
  "raw_score": 2.6180526378943783,
  "valid": true,
  "parsed": true,
  "ran": true,
  "msg": "ok",
  "advantage": -0.33893722277256644,
  "beta": 149.21509273341033,
  "n_response_tokens": 1805,
  "sandbox_stdout": "",
  "parent_value": 2.6310779580035875,
  "parent_is_seed": false
}