{
  "step": 7,
  "group": 4,
  "rollout": 5,
  "reward": 2.6297131551251933,
  "raw_score": 2.6297131551251933,
  "valid": true,
  "parsed": true,
  "ran": true,
  "msg": "ok",
  "advantage": 0.7641741346603312,
  "beta": 189.63465746644664,
  "n_response_tokens": 2290,
  "sandbox_stdout": "",
  "parent_value": 2.6313341923021363,
  "parent_is_seed": false
}