{
  "step": 7,
  "group": 5,
  "rollout": 55,
  "reward": 2.6204988839703365,
  "raw_score": 2.6204988839703365,
  "valid": true,
  "parsed": true,
  "ran": true,
  "msg": "ok",
  "advantage": -0.9999978431227424,
  "beta": 1269.452774430001,
  "n_response_tokens": 1913,
  "sandbox_stdout": "",
  "parent_value": 2.631334188602859,
  "parent_is_seed": false
}