{
  "step": 7,
  "group": 6,
  "rollout": 48,
  "reward": 2.6146956152478174,
  "raw_score": 2.6146956152478174,
  "valid": true,
  "parsed": true,
  "ran": true,
  "msg": "ok",
  "advantage": -0.6010626661045566,
  "beta": 149.21509273341033,
  "n_response_tokens": 1576,
  "sandbox_stdout": "",
  "parent_value": 2.6310779580035875,
  "parent_is_seed": false
}