{
  "step": 7,
  "group": 3,
  "rollout": 57,
  "reward": 2.6040233899772236,
  "raw_score": 2.6040233899772236,
  "valid": true,
  "parsed": true,
  "ran": true,
  "msg": "ok",
  "advantage": -0.539138457394309,
  "beta": 82.17260444544928,
  "n_response_tokens": 1629,
  "sandbox_stdout": "",
  "parent_value": 2.633019595706763,
  "parent_is_seed": false
}