{
  "step": 7,
  "group": 7,
  "rollout": 27,
  "reward": 2.5923602652366413,
  "raw_score": 2.5923602652366413,
  "valid": true,
  "parsed": true,
  "ran": true,
  "msg": "ok",
  "advantage": -0.6444513382707074,
  "beta": 61.761133013945134,
  "n_response_tokens": 1699,
  "sandbox_stdout": "",
  "parent_value": 2.6301991816755668,
  "parent_is_seed": false
}