{
  "step": 7,
  "group": 7,
  "rollout": 16,
  "reward": 2.5962132792966015,
  "raw_score": 2.5962132792966015,
  "valid": true,
  "parsed": true,
  "ran": true,
  "msg": "ok",
  "advantage": -0.5482422692148755,
  "beta": 61.761133013945134,
  "n_response_tokens": 1686,
  "sandbox_stdout": "",
  "parent_value": 2.6301991816755668,
  "parent_is_seed": false
}