{
  "step": 7,
  "group": 4,
  "rollout": 30,
  "reward": 2.604836041476245,
  "raw_score": 2.604836041476245,
  "valid": true,
  "parsed": true,
  "ran": true,
  "msg": "ok",
  "advantage": -0.9846594348396984,
  "beta": 189.63465746644664,
  "n_response_tokens": 2012,
  "sandbox_stdout": "",
  "parent_value": 2.6313341923021363,
  "parent_is_seed": false
}