{
  "step": 7,
  "group": 0,
  "rollout": 29,
  "reward": 2.6206747229171303,
  "raw_score": 2.6206747229171303,
  "valid": true,
  "parsed": true,
  "ran": true,
  "msg": "ok",
  "advantage": 1.1263568598976264,
  "beta": 23.461673080965134,
  "n_response_tokens": 1695,
  "sandbox_stdout": "",
  "parent_value": 2.629075970718568,
  "parent_is_seed": false
}