{
  "step": 7,
  "group": 7,
  "rollout": 13,
  "reward": 2.6192291993968193,
  "raw_score": 2.6192291993968193,
  "valid": true,
  "parsed": true,
  "ran": true,
  "msg": "ok",
  "advantage": 0.9149235768880155,
  "beta": 61.761133013945134,
  "n_response_tokens": 1534,
  "sandbox_stdout": "",
  "parent_value": 2.6301991816755668,
  "parent_is_seed": false
}