{
  "step": 12,
  "group": 2,
  "rollout": 18,
  "reward": 2.4288245611270733,
  "raw_score": 2.4288245611270733,
  "valid": true,
  "parsed": true,
  "ran": true,
  "msg": "ok",
  "advantage": 0.5587560109831897,
  "algo": "ppo",
  "ppo_epochs": 4,
  "ppo_clip": 0.2,
  "n_response_tokens": 2418,
  "sandbox_stdout": "",
  "parent_value": 2.4535533905932736,
  "parent_is_seed": false
}