{
  "step": 2,
  "group": 0,
  "rollout": 34,
  "reward": 2.6170483580192183,
  "valid": true,
  "parsed": true,
  "ran": true,
  "msg": "ok",
  "advantage": 2.483130172768064,
  "beta": 0.988134026381177,
  "n_response_tokens": 1408,
  "sandbox_stdout": "",
  "parent_value": 2.556302385975026,
  "parent_is_seed": false
}