{
  "step": 8,
  "group": 3,
  "rollout": 4,
  "reward": 2.166666666666667,
  "raw_score": 2.166666666666667,
  "valid": true,
  "parsed": true,
  "ran": true,
  "msg": "ok",
  "advantage": 1.9066825646595156,
  "beta": 1.443569894373329,
  "n_response_tokens": 1741,
  "sandbox_stdout": "",
  "parent_value": 2.166666666666667,
  "parent_is_seed": false
}