{
  "step": 8,
  "group": 3,
  "rollout": 5,
  "reward": 0.0,
  "raw_score": null,
  "valid": false,
  "parsed": true,
  "ran": false,
  "msg": "run_failed: Packing is invalid: Circle 1 at (0.2886751345948129,0.8660254037844388) r=0.2886751345948129 outside unit square",
  "advantage": -0.8863692111693083,
  "beta": 1.443569894373329,
  "n_response_tokens": 1650,
  "sandbox_stdout": "",
  "parent_value": 2.166666666666667,
  "parent_is_seed": false
}