{
  "step": 8,
  "group": 0,
  "rollout": 13,
  "reward": 2.166666666666667,
  "raw_score": 2.166666666666667,
  "valid": true,
  "parsed": true,
  "ran": true,
  "msg": "ok",
  "advantage": -0.37774440532512377,
  "beta": 398.1430414244826,
  "n_response_tokens": 1520,
  "sandbox_stdout": "",
  "parent_value": 2.171666666666667,
  "parent_is_seed": false
}