{
  "step": 8,
  "group": 2,
  "rollout": 16,
  "reward": 2.166666666666667,
  "raw_score": 2.166666666666667,
  "valid": true,
  "parsed": true,
  "ran": true,
  "msg": "ok",
  "advantage": 0.4563007149591183,
  "beta": 1048576.0,
  "n_response_tokens": 1807,
  "sandbox_stdout": "",
  "parent_value": 2.166666666666667,
  "parent_is_seed": false
}