{
  "step": 6,
  "group": 0,
  "rollout": 8,
  "reward": 2.299999999999836,
  "raw_score": 2.299999999999836,
  "valid": true,
  "parsed": true,
  "ran": true,
  "msg": "ok",
  "advantage": 13.105357933044269,
  "algo": "a2c",
  "value_baseline": -10.805357933044434,
  "n_response_tokens": 1820,
  "sandbox_stdout": "",
  "parent_value": 2.399999999998887,
  "parent_is_seed": false
}