{
  "step": 6,
  "group": 3,
  "rollout": 1,
  "reward": 1.7735414130855232,
  "raw_score": 1.7735414130855232,
  "valid": true,
  "parsed": true,
  "ran": true,
  "msg": "ok",
  "advantage": 12.578899346129957,
  "algo": "a2c",
  "value_baseline": -10.805357933044434,
  "n_response_tokens": 2001,
  "sandbox_stdout": "",
  "parent_value": 2.2325487561223434,
  "parent_is_seed": false
}