{
  "step": 6,
  "group": 1,
  "rollout": 3,
  "reward": 0.0,
  "raw_score": null,
  "valid": false,
  "parsed": true,
  "ran": true,
  "msg": "Circle 3 at (1.1392304845413266,0.1) r=0.06847442399082677 outside unit square",
  "advantage": 10.805357933044434,
  "algo": "a2c",
  "value_baseline": -10.805357933044434,
  "n_response_tokens": 1287,
  "sandbox_stdout": "",
  "parent_value": 2.376865959399548,
  "parent_is_seed": false
}