{
  "step": 6,
  "group": 1,
  "rollout": 18,
  "reward": 0.09999999999999423,
  "raw_score": 0.09999999999999423,
  "valid": true,
  "parsed": true,
  "ran": true,
  "msg": "ok",
  "advantage": 10.905357933044428,
  "algo": "a2c",
  "value_baseline": -10.805357933044434,
  "n_response_tokens": 1550,
  "sandbox_stdout": "",
  "parent_value": 2.376865959399548,
  "parent_is_seed": false
}