{
  "step": 6,
  "group": 2,
  "rollout": 18,
  "reward": 1.403788830855193,
  "raw_score": 1.403788830855193,
  "valid": true,
  "parsed": true,
  "ran": true,
  "msg": "ok",
  "advantage": 12.209146763899627,
  "algo": "a2c",
  "value_baseline": -10.805357933044434,
  "n_response_tokens": 1351,
  "sandbox_stdout": "",
  "parent_value": 2.2465450234242437,
  "parent_is_seed": false
}