{
  "step": 6,
  "group": 3,
  "rollout": 7,
  "reward": 2.107734743263254,
  "raw_score": 2.107734743263254,
  "valid": true,
  "parsed": true,
  "ran": true,
  "msg": "ok",
  "advantage": 12.913092676307688,
  "algo": "a2c",
  "value_baseline": -10.805357933044434,
  "n_response_tokens": 1742,
  "sandbox_stdout": "",
  "parent_value": 2.2325487561223434,
  "parent_is_seed": false
}