{
  "step": 6,
  "group": 3,
  "rollout": 16,
  "reward": 1.8158665212767264,
  "raw_score": 1.8158665212767264,
  "valid": true,
  "parsed": true,
  "ran": true,
  "msg": "ok",
  "advantage": 12.62122445432116,
  "algo": "a2c",
  "value_baseline": -10.805357933044434,
  "n_response_tokens": 1737,
  "sandbox_stdout": "",
  "parent_value": 2.2325487561223434,
  "parent_is_seed": false
}