{
  "step": 6,
  "group": 1,
  "rollout": 21,
  "reward": 2.0149110640673067,
  "raw_score": 2.0149110640673067,
  "valid": true,
  "parsed": true,
  "ran": true,
  "msg": "ok",
  "advantage": 12.82026899711174,
  "algo": "a2c",
  "value_baseline": -10.805357933044434,
  "n_response_tokens": 1865,
  "sandbox_stdout": "",
  "parent_value": 2.376865959399548,
  "parent_is_seed": false
}