{
  "step": 6,
  "group": 1,
  "rollout": 6,
  "reward": 0.7499999999999877,
  "raw_score": 0.7499999999999877,
  "valid": true,
  "parsed": true,
  "ran": true,
  "msg": "ok",
  "advantage": 11.555357933044421,
  "algo": "a2c",
  "value_baseline": -10.805357933044434,
  "n_response_tokens": 1600,
  "sandbox_stdout": "",
  "parent_value": 2.376865959399548,
  "parent_is_seed": false
}