{
  "step": 6,
  "group": 2,
  "rollout": 6,
  "reward": 1.6663242565381295,
  "raw_score": 1.6663242565381295,
  "valid": true,
  "parsed": true,
  "ran": true,
  "msg": "ok",
  "advantage": 12.471682189582562,
  "algo": "a2c",
  "value_baseline": -10.805357933044434,
  "n_response_tokens": 1868,
  "sandbox_stdout": "",
  "parent_value": 2.2465450234242437,
  "parent_is_seed": false
}