{
  "step": 6,
  "group": 2,
  "rollout": 23,
  "reward": 0.0,
  "raw_score": null,
  "valid": false,
  "parsed": true,
  "ran": true,
  "msg": "Circle 2 at (0.4635833036800078,0.042915872048447906) r=0.04999999999999845 outside unit square",
  "advantage": 10.805357933044434,
  "algo": "a2c",
  "value_baseline": -10.805357933044434,
  "n_response_tokens": 1659,
  "sandbox_stdout": "",
  "parent_value": 2.2465450234242437,
  "parent_is_seed": false
}