{
  "step": 5,
  "group": 2,
  "rollout": 21,
  "reward": 0.8396825284365386,
  "raw_score": 0.8396825284365386,
  "valid": true,
  "parsed": true,
  "ran": true,
  "msg": "ok",
  "advantage": -0.9999999999999662,
  "beta": 17.910366883630754,
  "n_response_tokens": 1680,
  "sandbox_stdout": "",
  "parent_value": 2.6284189136893485,
  "parent_is_seed": false
}