{
  "step": 5,
  "group": 5,
  "rollout": 2,
  "reward": 2.6281967896900453,
  "raw_score": 2.6281967896900453,
  "valid": true,
  "parsed": true,
  "ran": true,
  "msg": "ok",
  "advantage": 10.38069091332597,
  "beta": 300.7383964931316,
  "n_response_tokens": 1976,
  "sandbox_stdout": "",
  "parent_value": 2.6271916364427974,
  "parent_is_seed": false
}