{
  "step": 5,
  "group": 4,
  "rollout": 39,
  "reward": 2.6166349469428254,
  "raw_score": 2.6166349469428254,
  "valid": true,
  "parsed": true,
  "ran": true,
  "msg": "ok",
  "advantage": 0.5341400535725276,
  "beta": 55.12257580961743,
  "n_response_tokens": 1122,
  "sandbox_stdout": "",
  "parent_value": 2.628067330540156,
  "parent_is_seed": false
}