{
  "step": 5,
  "group": 6,
  "rollout": 58,
  "reward": 2.6252974533918607,
  "raw_score": 2.6252974533918607,
  "valid": true,
  "parsed": true,
  "ran": true,
  "msg": "ok",
  "advantage": 1.2681657038407699,
  "beta": 72.03842382724052,
  "n_response_tokens": 1478,
  "sandbox_stdout": "",
  "parent_value": 2.6271141023385334,
  "parent_is_seed": false
}