{
  "step": 5,
  "group": 3,
  "rollout": 6,
  "reward": 2.6027963687745097,
  "raw_score": 2.6027963687745097,
  "valid": true,
  "parsed": true,
  "ran": true,
  "msg": "ok",
  "advantage": 0.5508158001598169,
  "beta": 26.37805288484052,
  "n_response_tokens": 1340,
  "sandbox_stdout": "",
  "parent_value": 2.6281967899373764,
  "parent_is_seed": false
}