{
  "step": 5,
  "group": 2,
  "rollout": 35,
  "reward": 2.629075970718568,
  "raw_score": 2.629075970718568,
  "valid": true,
  "parsed": true,
  "ran": true,
  "msg": "ok",
  "advantage": 1.9289022006756351,
  "beta": 17.910366883630754,
  "n_response_tokens": 1579,
  "sandbox_stdout": "",
  "parent_value": 2.6284189136893485,
  "parent_is_seed": false
}