{
  "step": 5,
  "group": 3,
  "rollout": 19,
  "reward": 2.611971590516613,
  "raw_score": 2.611971590516613,
  "valid": true,
  "parsed": true,
  "ran": true,
  "msg": "ok",
  "advantage": 0.9888745756628132,
  "beta": 26.37805288484052,
  "n_response_tokens": 1533,
  "sandbox_stdout": "",
  "parent_value": 2.6281967899373764,
  "parent_is_seed": false
}