{
  "step": 5,
  "group": 0,
  "rollout": 24,
  "reward": 2.621629044721341,
  "raw_score": 2.621629044721341,
  "valid": true,
  "parsed": true,
  "ran": true,
  "msg": "ok",
  "advantage": -0.22811618304002002,
  "beta": 157.37679068596577,
  "n_response_tokens": 2130,
  "sandbox_stdout": "",
  "parent_value": 2.6297131376596883,
  "parent_is_seed": false
}