{
  "step": 5,
  "group": 4,
  "rollout": 30,
  "reward": 2.597337623818374,
  "raw_score": 2.597337623818374,
  "valid": true,
  "parsed": true,
  "ran": true,
  "msg": "ok",
  "advantage": -0.47877235903203297,
  "beta": 55.12257580961743,
  "n_response_tokens": 1423,
  "sandbox_stdout": "",
  "parent_value": 2.628067330540156,
  "parent_is_seed": false
}