{
  "step": 5,
  "group": 3,
  "rollout": 31,
  "reward": 2.607578246639843,
  "raw_score": 2.607578246639843,
  "valid": true,
  "parsed": true,
  "ran": true,
  "msg": "ok",
  "advantage": 0.7651444914654377,
  "beta": 26.37805288484052,
  "n_response_tokens": 1476,
  "sandbox_stdout": "",
  "parent_value": 2.6281967899373764,
  "parent_is_seed": false
}