{
  "step": 5,
  "group": 5,
  "rollout": 49,
  "reward": 2.6204988839696273,
  "raw_score": 2.6204988839696273,
  "valid": true,
  "parsed": true,
  "ran": true,
  "msg": "ok",
  "advantage": -0.03340242278167371,
  "beta": 300.7383964931316,
  "n_response_tokens": 1687,
  "sandbox_stdout": "",
  "parent_value": 2.6271916364427974,
  "parent_is_seed": false
}