{
  "step": 5,
  "group": 1,
  "rollout": 0,
  "reward": 2.622451789219051,
  "raw_score": 2.622451789219051,
  "valid": true,
  "parsed": true,
  "ran": true,
  "msg": "ok",
  "advantage": 1.0308947130734718,
  "beta": 118.63424076446677,
  "n_response_tokens": 2024,
  "sandbox_stdout": "",
  "parent_value": 2.6290759707186075,
  "parent_is_seed": false
}