{
  "step": 5,
  "group": 2,
  "rollout": 24,
  "reward": 2.6126454170382334,
  "raw_score": 2.6126454170382334,
  "valid": true,
  "parsed": true,
  "ran": true,
  "msg": "ok",
  "advantage": 1.1566762962194188,
  "beta": 17.910366883630754,
  "n_response_tokens": 1700,
  "sandbox_stdout": "",
  "parent_value": 2.6284189136893485,
  "parent_is_seed": false
}