{
  "step": 5,
  "group": 6,
  "rollout": 13,
  "reward": 2.6154392541693943,
  "raw_score": 2.6154392541693943,
  "valid": true,
  "parsed": true,
  "ran": true,
  "msg": "ok",
  "advantage": 0.09489962653013317,
  "beta": 72.03842382724052,
  "n_response_tokens": 1999,
  "sandbox_stdout": "",
  "parent_value": 2.6271141023385334,
  "parent_is_seed": false
}