{
  "step": 5,
  "group": 0,
  "rollout": 53,
  "reward": 2.6297131695541647,
  "raw_score": 2.6297131695541647,
  "valid": true,
  "parsed": true,
  "ran": true,
  "msg": "ok",
  "advantage": 1.8442876841384956,
  "beta": 157.37679068596577,
  "n_response_tokens": 2064,
  "sandbox_stdout": "",
  "parent_value": 2.6297131376596883,
  "parent_is_seed": false
}