{
  "step": 5,
  "group": 2,
  "rollout": 48,
  "reward": 2.6079794748339014,
  "raw_score": 2.6079794748339014,
  "valid": true,
  "parsed": true,
  "ran": true,
  "msg": "ok",
  "advantage": 0.9783413230199787,
  "beta": 17.910366883630754,
  "n_response_tokens": 1735,
  "sandbox_stdout": "",
  "parent_value": 2.6284189136893485,
  "parent_is_seed": false
}