{
  "step": 5,
  "group": 4,
  "rollout": 1,
  "reward": 0.0,
  "raw_score": null,
  "valid": false,
  "parsed": true,
  "ran": true,
  "msg": "Circle 1 at (0.4997134385559531,0.0005233931992431368) r=0.49971601313623265 outside unit square",
  "advantage": -1.0,
  "beta": 55.12257580961743,
  "n_response_tokens": 1667,
  "sandbox_stdout": "",
  "parent_value": 2.628067330540156,
  "parent_is_seed": false
}