{
  "step": 5,
  "group": 6,
  "rollout": 30,
  "reward": 2.6271141231899007,
  "raw_score": 2.6271141231899007,
  "valid": true,
  "parsed": true,
  "ran": true,
  "msg": "ok",
  "advantage": 1.5983797058646672,
  "beta": 72.03842382724052,
  "n_response_tokens": 1846,
  "sandbox_stdout": "Validation failed: Circle 0 at (0.07375128424255409,0.07518098175095941) r=0.07615394441574916 outside unit square\n",
  "parent_value": 2.6271141023385334,
  "parent_is_seed": false
}