{
  "step": 5,
  "group": 3,
  "rollout": 29,
  "reward": 2.558501280159997,
  "raw_score": 2.558501280159997,
  "valid": true,
  "parsed": true,
  "ran": true,
  "msg": "ok",
  "advantage": -0.5259577333979162,
  "beta": 26.37805288484052,
  "n_response_tokens": 1577,
  "sandbox_stdout": "",
  "parent_value": 2.6281967899373764,
  "parent_is_seed": false
}