{
  "step": 5,
  "group": 7,
  "rollout": 58,
  "reward": 2.621494415134731,
  "raw_score": 2.621494415134731,
  "valid": true,
  "parsed": true,
  "ran": true,
  "msg": "ok",
  "advantage": 1.4078700655112804,
  "beta": 15.374456730002105,
  "n_response_tokens": 1372,
  "sandbox_stdout": "",
  "parent_value": 2.6267398171717122,
  "parent_is_seed": false
}