{
  "step": 5,
  "group": 7,
  "rollout": 15,
  "reward": 2.6182973732341854,
  "raw_score": 2.6182973732341854,
  "valid": true,
  "parsed": true,
  "ran": true,
  "msg": "ok",
  "advantage": 1.288183469033969,
  "beta": 15.374456730002105,
  "n_response_tokens": 1407,
  "sandbox_stdout": "",
  "parent_value": 2.6267398171717122,
  "parent_is_seed": false
}