{
  "step": 5,
  "group": 5,
  "rollout": 63,
  "reward": 2.6142412242408537,
  "raw_score": 2.6142412242408537,
  "valid": true,
  "parsed": true,
  "ran": true,
  "msg": "ok",
  "advantage": -0.8546795345650475,
  "beta": 300.7383964931316,
  "n_response_tokens": 1419,
  "sandbox_stdout": "",
  "parent_value": 2.6271916364427974,
  "parent_is_seed": false
}