{
  "step": 5,
  "group": 6,
  "rollout": 49,
  "reward": 2.613994833703921,
  "raw_score": 2.613994833703921,
  "valid": true,
  "parsed": true,
  "ran": true,
  "msg": "ok",
  "advantage": -0.014993550328364358,
  "beta": 72.03842382724052,
  "n_response_tokens": 1405,
  "sandbox_stdout": "",
  "parent_value": 2.6271141023385334,
  "parent_is_seed": false
}