{
  "step": 5,
  "group": 4,
  "rollout": 47,
  "reward": 2.6069163050665507,
  "raw_score": 2.6069163050665507,
  "valid": true,
  "parsed": true,
  "ran": true,
  "msg": "ok",
  "advantage": -0.11112234559657153,
  "beta": 55.12257580961743,
  "n_response_tokens": 1541,
  "sandbox_stdout": "",
  "parent_value": 2.628067330540156,
  "parent_is_seed": false
}