{
  "step": 5,
  "group": 0,
  "rollout": 44,
  "reward": 2.6220590571503357,
  "raw_score": 2.6220590571503357,
  "valid": true,
  "parsed": true,
  "ran": true,
  "msg": "ok",
  "advantage": -0.17336252583694645,
  "beta": 157.37679068596577,
  "n_response_tokens": 2107,
  "sandbox_stdout": "",
  "parent_value": 2.6297131376596883,
  "parent_is_seed": false
}