{
  "step": 5,
  "group": 2,
  "rollout": 43,
  "reward": 2.6116358099377943,
  "raw_score": 2.6116358099377943,
  "valid": true,
  "parsed": true,
  "ran": true,
  "msg": "ok",
  "advantage": 1.1167303010126495,
  "beta": 17.910366883630754,
  "n_response_tokens": 1524,
  "sandbox_stdout": "",
  "parent_value": 2.6284189136893485,
  "parent_is_seed": false
}