{
  "step": 5,
  "group": 7,
  "rollout": 36,
  "reward": 2.5405362559836004,
  "raw_score": 2.5405362559836004,
  "valid": true,
  "parsed": true,
  "ran": true,
  "msg": "ok",
  "advantage": -0.3248315547259534,
  "beta": 15.374456730002105,
  "n_response_tokens": 1172,
  "sandbox_stdout": "",
  "parent_value": 2.6267398171717122,
  "parent_is_seed": false
}