{
  "step": 5,
  "group": 4,
  "rollout": 12,
  "reward": 2.6258402614277783,
  "raw_score": 2.6258402614277783,
  "valid": true,
  "parsed": true,
  "ran": true,
  "msg": "ok",
  "advantage": 1.5898965290862628,
  "beta": 55.12257580961743,
  "n_response_tokens": 2080,
  "sandbox_stdout": "",
  "parent_value": 2.628067330540156,
  "parent_is_seed": false
}