{
  "step": 5,
  "group": 7,
  "rollout": 51,
  "reward": 2.618297372907312,
  "raw_score": 2.618297372907312,
  "valid": true,
  "parsed": true,
  "ran": true,
  "msg": "ok",
  "advantage": 1.2881834571170345,
  "beta": 15.374456730002105,
  "n_response_tokens": 1334,
  "sandbox_stdout": "",
  "parent_value": 2.6267398171717122,
  "parent_is_seed": false
}