{
  "step": 5,
  "group": 2,
  "rollout": 25,
  "reward": 2.6270841002464653,
  "raw_score": 2.6270841002464653,
  "valid": true,
  "parsed": true,
  "ran": true,
  "msg": "ok",
  "advantage": 1.8216577111166328,
  "beta": 17.910366883630754,
  "n_response_tokens": 1546,
  "sandbox_stdout": "",
  "parent_value": 2.6284189136893485,
  "parent_is_seed": false
}