{
  "step": 5,
  "group": 6,
  "rollout": 3,
  "reward": 2.6271141842480423,
  "raw_score": 2.6271141842480423,
  "valid": true,
  "parsed": true,
  "ran": true,
  "msg": "ok",
  "advantage": 1.598391606331453,
  "beta": 72.03842382724052,
  "n_response_tokens": 1412,
  "sandbox_stdout": "",
  "parent_value": 2.6271141023385334,
  "parent_is_seed": false
}