{
  "step": 5,
  "group": 1,
  "rollout": 28,
  "reward": 2.617928710498333,
  "raw_score": 2.617928710498333,
  "valid": true,
  "parsed": true,
  "ran": true,
  "msg": "ok",
  "advantage": 0.17185348009547075,
  "beta": 118.63424076446677,
  "n_response_tokens": 2187,
  "sandbox_stdout": "",
  "parent_value": 2.6290759707186075,
  "parent_is_seed": false
}