{
  "step": 18,
  "group": 3,
  "rollout": 18,
  "reward": 0.0,
  "raw_score": null,
  "valid": false,
  "parsed": true,
  "ran": false,
  "msg": "run_failed: Packing is invalid: Circle 0 at (5093231.865544876,-378833.27779189765) r=2492080732.419941 outside unit square",
  "advantage": -0.8806495656438461,
  "beta": 1.2829586095710483,
  "n_response_tokens": 2211,
  "sandbox_stdout": "",
  "parent_value": 2.439999792452491,
  "parent_is_seed": false
}