{
  "step": 18,
  "group": 3,
  "rollout": 4,
  "reward": 0.0,
  "raw_score": null,
  "valid": false,
  "parsed": true,
  "ran": false,
  "msg": "run_failed: Packing is invalid: Circle 0 at (3868570.850100848,1051471.716884885) r=2090805411.9599059 outside unit square",
  "advantage": -0.8806495656438461,
  "beta": 1.2829586095710483,
  "n_response_tokens": 1836,
  "sandbox_stdout": "",
  "parent_value": 2.439999792452491,
  "parent_is_seed": false
}