{
  "step": 18,
  "group": 3,
  "rollout": 19,
  "reward": 2.439999792452491,
  "raw_score": 2.439999792452491,
  "valid": true,
  "parsed": true,
  "ran": true,
  "msg": "ok",
  "advantage": 2.08103621781613,
  "beta": 1.2829586095710483,
  "n_response_tokens": 2010,
  "sandbox_stdout": "",
  "parent_value": 2.439999792452491,
  "parent_is_seed": false
}