{
  "step": 18,
  "group": 0,
  "rollout": 9,
  "reward": 2.4399999364364033,
  "raw_score": 2.4399999364364033,
  "valid": true,
  "parsed": true,
  "ran": true,
  "msg": "ok",
  "advantage": 1.8473261136209205,
  "beta": 1.5346692533447424,
  "n_response_tokens": 2217,
  "sandbox_stdout": "",
  "parent_value": 2.4399999364364033,
  "parent_is_seed": false
}