{
  "step": 18,
  "group": 3,
  "rollout": 10,
  "reward": 2.339999676778573,
  "raw_score": 2.339999676778573,
  "valid": true,
  "parsed": true,
  "ran": true,
  "msg": "ok",
  "advantage": 1.6670397981243337,
  "beta": 1.2829586095710483,
  "n_response_tokens": 2032,
  "sandbox_stdout": "",
  "parent_value": 2.439999792452491,
  "parent_is_seed": false
}