{
  "step": 18,
  "group": 2,
  "rollout": 16,
  "reward": 0.0,
  "raw_score": null,
  "valid": false,
  "parsed": true,
  "ran": false,
  "msg": "run_failed: Packing is invalid: Circle 11 at (0.14314968049162585,0.006611318322678361) r=0.18625194156098163 outside unit square",
  "advantage": -0.7411893162670761,
  "beta": 1.10822717099276,
  "n_response_tokens": 2435,
  "sandbox_stdout": "",
  "parent_value": 2.4399998961426874,
  "parent_is_seed": false
}