{
  "step": 18,
  "group": 2,
  "rollout": 1,
  "reward": 0.0,
  "raw_score": null,
  "valid": false,
  "parsed": true,
  "ran": false,
  "msg": "run_failed: Packing is invalid: Circle 0 at (996945.5106977032,-70149.23497670647) r=3668330077.2558928 outside unit square",
  "advantage": -0.7411893162670761,
  "beta": 1.10822717099276,
  "n_response_tokens": 2125,
  "sandbox_stdout": "",
  "parent_value": 2.4399998961426874,
  "parent_is_seed": false
}