{
  "step": 18,
  "group": 2,
  "rollout": 18,
  "reward": 2.4399998961426874,
  "raw_score": 2.4399998961426874,
  "valid": true,
  "parsed": true,
  "ran": true,
  "msg": "ok",
  "advantage": 3.586175717553525,
  "beta": 1.10822717099276,
  "n_response_tokens": 1972,
  "sandbox_stdout": "",
  "parent_value": 2.4399998961426874,
  "parent_is_seed": false
}