{
  "step": 2,
  "group": 0,
  "rollout": 8,
  "reward": 0.7843248940054539,
  "raw_score": 0.7843248940054539,
  "valid": true,
  "parsed": true,
  "ran": true,
  "msg": "ok",
  "advantage": 2.455025554744538,
  "beta": 2.937901215687988,
  "n_response_tokens": 1485,
  "sandbox_stdout": "",
  "parent_value": 0.8184717911643736,
  "parent_is_seed": false
}