{
  "step": 2,
  "group": 1,
  "rollout": 15,
  "reward": 0.0,
  "raw_score": null,
  "valid": false,
  "parsed": true,
  "ran": true,
  "msg": "bad_centers_shape: (0,)",
  "advantage": -0.6714465216039422,
  "beta": 3.0469167686372187,
  "n_response_tokens": 1578,
  "sandbox_stdout": "Validation failed: Circle 0 at (5.438561730801224e-07,0.11973290261245925) r=0.11973267937773761 outside unit square\n",
  "parent_value": 0.13190901025463717,
  "parent_is_seed": false
}