{
  "step": 2,
  "group": 1,
  "rollout": 3,
  "reward": 0.0,
  "raw_score": null,
  "valid": false,
  "parsed": true,
  "ran": true,
  "msg": "bad_centers_shape: (0,)",
  "advantage": -0.6714465216039422,
  "beta": 3.0469167686372187,
  "n_response_tokens": 1729,
  "sandbox_stdout": "Validation failed: Circle 1 at (0.2533256345168079,0.09881250493911396) r=0.0990545277161729 outside unit square\n",
  "parent_value": 0.13190901025463717,
  "parent_is_seed": false
}