{
  "step": 4,
  "group": 1,
  "rollout": 0,
  "reward": 0.0,
  "raw_score": null,
  "valid": false,
  "parsed": true,
  "ran": false,
  "msg": "run_failed: Circle 0 at (0.10993884768837743,0.10993884768840297) r=0.10993884768998473 outside unit square",
  "advantage": -1.0,
  "beta": 40.67811250994451,
  "n_response_tokens": 1373,
  "sandbox_stdout": "Invalid packing: Circle 0 at (0.10993884768837743,0.10993884768840297) r=0.10993884768998473 outside unit square\n",
  "parent_value": 2.625338207152255,
  "parent_is_seed": false
}