{
  "step": 4,
  "group": 0,
  "rollout": 35,
  "reward": 2.587966702388337,
  "raw_score": 2.587966702388337,
  "valid": true,
  "parsed": true,
  "ran": true,
  "msg": "ok",
  "advantage": -0.9202370870491852,
  "beta": 108.35401788969877,
  "n_response_tokens": 1515,
  "sandbox_stdout": "",
  "parent_value": 2.6270835277602997,
  "parent_is_seed": false
}