{
  "step": 4,
  "group": 5,
  "rollout": 30,
  "reward": 2.6221589904972142,
  "raw_score": 2.6221589904972142,
  "valid": true,
  "parsed": true,
  "ran": true,
  "msg": "ok",
  "advantage": 1.218869307387092,
  "beta": 29.030978596970904,
  "n_response_tokens": 1792,
  "sandbox_stdout": "",
  "parent_value": 2.622144930552858,
  "parent_is_seed": false
}