{
  "step": 4,
  "group": 5,
  "rollout": 36,
  "reward": 0.0,
  "raw_score": null,
  "valid": false,
  "parsed": true,
  "ran": true,
  "msg": "Circle 0 at (1.0086007842760498e-06,7.899898729271253e-07) r=0.9999989913992157 outside unit square",
  "advantage": -1.0,
  "beta": 29.030978596970904,
  "n_response_tokens": 1906,
  "sandbox_stdout": "",
  "parent_value": 2.622144930552858,
  "parent_is_seed": false
}