{
  "step": 4,
  "group": 7,
  "rollout": 7,
  "reward": 2.6050187834566687,
  "raw_score": 2.6050187834566687,
  "valid": true,
  "parsed": true,
  "ran": true,
  "msg": "ok",
  "advantage": -0.8625579648917306,
  "beta": 154.52171221756606,
  "n_response_tokens": 1693,
  "sandbox_stdout": "",
  "parent_value": 2.6221448837416492,
  "parent_is_seed": false
}