{
  "step": 4,
  "group": 0,
  "rollout": 52,
  "reward": 2.6170805201534537,
  "raw_score": 2.6170805201534537,
  "valid": true,
  "parsed": true,
  "ran": true,
  "msg": "ok",
  "advantage": 0.9246216934565539,
  "beta": 108.35401788969877,
  "n_response_tokens": 1491,
  "sandbox_stdout": "",
  "parent_value": 2.6270835277602997,
  "parent_is_seed": false
}