{
  "step": 4,
  "group": 5,
  "rollout": 49,
  "reward": 2.5837703306191924,
  "raw_score": 2.5837703306191924,
  "valid": true,
  "parsed": true,
  "ran": true,
  "msg": "ok",
  "advantage": -0.28883559062040187,
  "beta": 29.030978596970904,
  "n_response_tokens": 2345,
  "sandbox_stdout": "",
  "parent_value": 2.622144930552858,
  "parent_is_seed": false
}