{
  "step": 4,
  "group": 5,
  "rollout": 39,
  "reward": 2.623925017294571,
  "raw_score": 2.623925017294571,
  "valid": true,
  "parsed": true,
  "ran": true,
  "msg": "ok",
  "advantage": 1.3399317428068915,
  "beta": 29.030978596970904,
  "n_response_tokens": 1909,
  "sandbox_stdout": "",
  "parent_value": 2.622144930552858,
  "parent_is_seed": false
}