{
  "step": 4,
  "group": 0,
  "rollout": 26,
  "reward": 0.0,
  "raw_score": null,
  "valid": false,
  "parsed": true,
  "ran": false,
  "msg": "run_failed: Circle 0 at (0.8643777474290433,0.9801500893781814) r=0.9964861674768901 outside unit square",
  "advantage": -1.0,
  "beta": 108.35401788969877,
  "n_response_tokens": 1776,
  "sandbox_stdout": "Invalid packing: Circle 0 at (0.8643777474290433,0.9801500893781814) r=0.9964861674768901 outside unit square\n",
  "parent_value": 2.6270835277602997,
  "parent_is_seed": false
}