{
  "step": 4,
  "group": 1,
  "rollout": 14,
  "reward": 2.6232095775621715,
  "raw_score": 2.6232095775621715,
  "valid": true,
  "parsed": true,
  "ran": true,
  "msg": "ok",
  "advantage": 1.8483233274488606,
  "beta": 40.67811250994451,
  "n_response_tokens": 1605,
  "sandbox_stdout": "",
  "parent_value": 2.625338207152255,
  "parent_is_seed": false
}