{
  "step": 4,
  "group": 7,
  "rollout": 33,
  "reward": 2.62216029564821,
  "raw_score": 2.62216029564821,
  "valid": true,
  "parsed": true,
  "ran": true,
  "msg": "ok",
  "advantage": 1.0002247682515573,
  "beta": 154.52171221756606,
  "n_response_tokens": 1704,
  "sandbox_stdout": "",
  "parent_value": 2.6221448837416492,
  "parent_is_seed": false
}