{
  "step": 4,
  "group": 4,
  "rollout": 0,
  "reward": 2.4392157010972717,
  "raw_score": 2.4392157010972717,
  "valid": true,
  "parsed": true,
  "ran": true,
  "msg": "ok",
  "advantage": -0.9999999819889483,
  "beta": 101.70319848389411,
  "n_response_tokens": 1519,
  "sandbox_stdout": "",
  "parent_value": 2.622145305018622,
  "parent_is_seed": false
}