{
  "step": 4,
  "group": 7,
  "rollout": 43,
  "reward": 2.617962586512776,
  "raw_score": 2.617962586512776,
  "valid": true,
  "parsed": true,
  "ran": true,
  "msg": "ok",
  "advantage": 0.03002569898263907,
  "beta": 154.52171221756606,
  "n_response_tokens": 2101,
  "sandbox_stdout": "",
  "parent_value": 2.6221448837416492,
  "parent_is_seed": false
}