{
  "step": 4,
  "group": 2,
  "rollout": 17,
  "reward": 2.575660270457212,
  "raw_score": 2.575660270457212,
  "valid": true,
  "parsed": true,
  "ran": true,
  "msg": "ok",
  "advantage": -0.8068974423765836,
  "beta": 58.2606151693766,
  "n_response_tokens": 1370,
  "sandbox_stdout": "",
  "parent_value": 2.622177282868072,
  "parent_is_seed": false
}