{
  "step": 4,
  "group": 4,
  "rollout": 9,
  "reward": 2.626278079343259,
  "raw_score": 2.626278079343259,
  "valid": true,
  "parsed": true,
  "ran": true,
  "msg": "ok",
  "advantage": 2.4774158564932898,
  "beta": 101.70319848389411,
  "n_response_tokens": 1344,
  "sandbox_stdout": "",
  "parent_value": 2.622145305018622,
  "parent_is_seed": false
}