{
  "step": 4,
  "group": 1,
  "rollout": 44,
  "reward": 2.615198216202581,
  "raw_score": 2.615198216202581,
  "valid": true,
  "parsed": true,
  "ran": true,
  "msg": "ok",
  "advantage": 1.030633752677141,
  "beta": 40.67811250994451,
  "n_response_tokens": 1307,
  "sandbox_stdout": "",
  "parent_value": 2.625338207152255,
  "parent_is_seed": false
}