{
  "step": 4,
  "group": 3,
  "rollout": 29,
  "reward": 2.572737366987912,
  "raw_score": 2.572737366987912,
  "valid": true,
  "parsed": true,
  "ran": true,
  "msg": "ok",
  "advantage": 0.40545901991812605,
  "beta": 10.844960616193246,
  "n_response_tokens": 1209,
  "sandbox_stdout": "",
  "parent_value": 2.622177276854083,
  "parent_is_seed": false
}