{
  "step": 4,
  "group": 7,
  "rollout": 35,
  "reward": 2.613533520829517,
  "raw_score": 2.613533520829517,
  "valid": true,
  "parsed": true,
  "ran": true,
  "msg": "ok",
  "advantage": -0.4846315960937787,
  "beta": 154.52171221756606,
  "n_response_tokens": 1744,
  "sandbox_stdout": "",
  "parent_value": 2.6221448837416492,
  "parent_is_seed": false
}