{
  "step": 4,
  "group": 6,
  "rollout": 54,
  "reward": 2.620498883970837,
  "raw_score": 2.620498883970837,
  "valid": true,
  "parsed": true,
  "ran": true,
  "msg": "ok",
  "advantage": 0.08826296147466661,
  "beta": 304.98459007374237,
  "n_response_tokens": 1322,
  "sandbox_stdout": "",
  "parent_value": 2.6221448953697966,
  "parent_is_seed": false
}