{
  "step": 4,
  "group": 6,
  "rollout": 2,
  "reward": 2.6221449305526874,
  "raw_score": 2.6221449305526874,
  "valid": true,
  "parsed": true,
  "ran": true,
  "msg": "ok",
  "advantage": 0.8183493593151676,
  "beta": 304.98459007374237,
  "n_response_tokens": 1590,
  "sandbox_stdout": "",
  "parent_value": 2.6221448953697966,
  "parent_is_seed": false
}