{
  "step": 9,
  "group": 4,
  "rollout": 51,
  "reward": 2.626681274418321,
  "raw_score": 2.626681274418321,
  "valid": true,
  "parsed": true,
  "ran": true,
  "msg": "ok",
  "advantage": 0.9950279632661958,
  "beta": 197.91467084080404,
  "n_response_tokens": 1953,
  "sandbox_stdout": "",
  "parent_value": 2.6310779580043455,
  "parent_is_seed": false
}