{
  "step": 9,
  "group": 5,
  "rollout": 38,
  "reward": 2.6288089037386757,
  "raw_score": 2.6288089037386757,
  "valid": true,
  "parsed": true,
  "ran": true,
  "msg": "ok",
  "advantage": 2.725528899640991,
  "beta": 276.3425939873994,
  "n_response_tokens": 1543,
  "sandbox_stdout": "",
  "parent_value": 2.6301991711936523,
  "parent_is_seed": false
}