{
  "step": 9,
  "group": 2,
  "rollout": 18,
  "reward": 2.620876769915546,
  "raw_score": 2.620876769915546,
  "valid": true,
  "parsed": true,
  "ran": true,
  "msg": "ok",
  "advantage": 0.510303694877903,
  "beta": 121.39584118888854,
  "n_response_tokens": 2282,
  "sandbox_stdout": "",
  "parent_value": 2.6310779580169457,
  "parent_is_seed": false
}