{
  "step": 9,
  "group": 4,
  "rollout": 61,
  "reward": 2.6281748051095755,
  "raw_score": 2.6281748051095755,
  "valid": true,
  "parsed": true,
  "ran": true,
  "msg": "ok",
  "advantage": 1.7106824637309956,
  "beta": 197.91467084080404,
  "n_response_tokens": 1699,
  "sandbox_stdout": "",
  "parent_value": 2.6310779580043455,
  "parent_is_seed": false
}