{
  "step": 9,
  "group": 4,
  "rollout": 19,
  "reward": 2.624543180690332,
  "raw_score": 2.624543180690332,
  "valid": true,
  "parsed": true,
  "ran": true,
  "msg": "ok",
  "advantage": 0.2925683700622612,
  "beta": 197.91467084080404,
  "n_response_tokens": 2021,
  "sandbox_stdout": "",
  "parent_value": 2.6310779580043455,
  "parent_is_seed": false
}