{
  "step": 9,
  "group": 5,
  "rollout": 51,
  "reward": 2.6180628472619043,
  "raw_score": 2.6180628472619043,
  "valid": true,
  "parsed": true,
  "ran": true,
  "msg": "ok",
  "advantage": -0.8189473596436883,
  "beta": 276.3425939873994,
  "n_response_tokens": 1418,
  "sandbox_stdout": "",
  "parent_value": 2.6301991711936523,
  "parent_is_seed": false
}