{
  "step": 9,
  "group": 5,
  "rollout": 20,
  "reward": 2.6214830300227803,
  "raw_score": 2.6214830300227803,
  "valid": true,
  "parsed": true,
  "ran": true,
  "msg": "ok",
  "advantage": -0.5320032600242386,
  "beta": 276.3425939873994,
  "n_response_tokens": 1676,
  "sandbox_stdout": "",
  "parent_value": 2.6301991711936523,
  "parent_is_seed": false
}