{
  "step": 9,
  "group": 6,
  "rollout": 51,
  "reward": 2.608952074964982,
  "raw_score": 2.608952074964982,
  "valid": true,
  "parsed": true,
  "ran": true,
  "msg": "ok",
  "advantage": -0.999994995451846,
  "beta": 586.0201839876087,
  "n_response_tokens": 1974,
  "sandbox_stdout": "",
  "parent_value": 2.6301563071897585,
  "parent_is_seed": false
}