{
  "step": 9,
  "group": 4,
  "rollout": 6,
  "reward": 2.6237429474677363,
  "raw_score": 2.6237429474677363,
  "valid": true,
  "parsed": true,
  "ran": true,
  "msg": "ok",
  "advantage": 0.09993672829895539,
  "beta": 197.91467084080404,
  "n_response_tokens": 2185,
  "sandbox_stdout": "",
  "parent_value": 2.6310779580043455,
  "parent_is_seed": false
}