{
  "step": 9,
  "group": 3,
  "rollout": 8,
  "reward": 2.624718738972592,
  "raw_score": 2.624718738972592,
  "valid": true,
  "parsed": true,
  "ran": true,
  "msg": "ok",
  "advantage": 0.9350995474084554,
  "beta": 147.7160528767409,
  "n_response_tokens": 1488,
  "sandbox_stdout": "",
  "parent_value": 2.6310779580045214,
  "parent_is_seed": false
}