{
  "step": 9,
  "group": 5,
  "rollout": 12,
  "reward": 2.628196789937526,
  "raw_score": 2.628196789937526,
  "valid": true,
  "parsed": true,
  "ran": true,
  "msg": "ok",
  "advantage": 2.117075205834464,
  "beta": 276.3425939873994,
  "n_response_tokens": 1628,
  "sandbox_stdout": "",
  "parent_value": 2.6301991711936523,
  "parent_is_seed": false
}