{
  "step": 9,
  "group": 0,
  "rollout": 6,
  "reward": 2.612556539086612,
  "raw_score": 2.612556539086612,
  "valid": true,
  "parsed": true,
  "ran": true,
  "msg": "ok",
  "advantage": 2.521611301931738,
  "beta": 0.965681272742282,
  "n_response_tokens": 1438,
  "sandbox_stdout": "",
  "parent_value": 2.6310779591444073,
  "parent_is_seed": false
}