{
  "step": 9,
  "group": 3,
  "rollout": 51,
  "reward": 2.6244566419352813,
  "raw_score": 2.6244566419352813,
  "valid": true,
  "parsed": true,
  "ran": true,
  "msg": "ok",
  "advantage": 0.8594431168427317,
  "beta": 147.7160528767409,
  "n_response_tokens": 1840,
  "sandbox_stdout": "",
  "parent_value": 2.6310779580045214,
  "parent_is_seed": false
}