{
  "step": 9,
  "group": 5,
  "rollout": 0,
  "reward": 2.617673847726431,
  "raw_score": 2.617673847726431,
  "valid": true,
  "parsed": true,
  "ran": true,
  "msg": "ok",
  "advantage": -0.8374480218236752,
  "beta": 276.3425939873994,
  "n_response_tokens": 1440,
  "sandbox_stdout": "",
  "parent_value": 2.6301991711936523,
  "parent_is_seed": false
}