{
  "step": 9,
  "group": 2,
  "rollout": 25,
  "reward": 2.6270835465803724,
  "raw_score": 2.6270835465803724,
  "valid": true,
  "parsed": true,
  "ran": true,
  "msg": "ok",
  "advantage": 2.2973273764124293,
  "beta": 121.39584118888854,
  "n_response_tokens": 2132,
  "sandbox_stdout": "",
  "parent_value": 2.6310779580169457,
  "parent_is_seed": false
}