{
  "step": 9,
  "group": 2,
  "rollout": 16,
  "reward": 2.609042274715917,
  "raw_score": 2.609042274715917,
  "valid": true,
  "parsed": true,
  "ran": true,
  "msg": "ok",
  "advantage": -0.6474126751477711,
  "beta": 121.39584118888854,
  "n_response_tokens": 2385,
  "sandbox_stdout": "",
  "parent_value": 2.6310779580169457,
  "parent_is_seed": false
}