{
  "step": 9,
  "group": 3,
  "rollout": 20,
  "reward": 2.631077957511791,
  "raw_score": 2.631077957511791,
  "valid": true,
  "parsed": true,
  "ran": true,
  "msg": "ok",
  "advantage": 4.199521932389089,
  "beta": 147.7160528767409,
  "n_response_tokens": 1478,
  "sandbox_stdout": "",
  "parent_value": 2.6310779580045214,
  "parent_is_seed": false
}