{
  "step": 9,
  "group": 5,
  "rollout": 13,
  "reward": 2.626676268761215,
  "raw_score": 2.626676268761215,
  "valid": true,
  "parsed": true,
  "ran": true,
  "msg": "ok",
  "advantage": 1.013507821142917,
  "beta": 276.3425939873994,
  "n_response_tokens": 1589,
  "sandbox_stdout": "",
  "parent_value": 2.6301991711936523,
  "parent_is_seed": false
}