{
  "step": 9,
  "group": 4,
  "rollout": 14,
  "reward": 2.620998521767261,
  "raw_score": 2.620998521767261,
  "valid": true,
  "parsed": true,
  "ran": true,
  "msg": "ok",
  "advantage": -0.3656788211762818,
  "beta": 197.91467084080404,
  "n_response_tokens": 1854,
  "sandbox_stdout": "",
  "parent_value": 2.6310779580043455,
  "parent_is_seed": false
}