{
  "step": 9,
  "group": 4,
  "rollout": 44,
  "reward": 2.6201146682288874,
  "raw_score": 2.6201146682288874,
  "valid": true,
  "parsed": true,
  "ran": true,
  "msg": "ok",
  "advantage": -0.46833514982411395,
  "beta": 197.91467084080404,
  "n_response_tokens": 1891,
  "sandbox_stdout": "",
  "parent_value": 2.6310779580043455,
  "parent_is_seed": false
}