{
  "step": 9,
  "group": 0,
  "rollout": 56,
  "reward": 2.5995841262431227,
  "raw_score": 2.5995841262431227,
  "valid": true,
  "parsed": true,
  "ran": true,
  "msg": "ok",
  "advantage": 2.475352042517636,
  "beta": 0.965681272742282,
  "n_response_tokens": 1750,
  "sandbox_stdout": "",
  "parent_value": 2.6310779591444073,
  "parent_is_seed": false
}