{
  "step": 9,
  "group": 5,
  "rollout": 9,
  "reward": 2.61970299886983,
  "raw_score": 2.61970299886983,
  "valid": true,
  "parsed": true,
  "ran": true,
  "msg": "ok",
  "advantage": -0.7146601810362367,
  "beta": 276.3425939873994,
  "n_response_tokens": 1832,
  "sandbox_stdout": "",
  "parent_value": 2.6301991711936523,
  "parent_is_seed": false
}