{
  "step": 9,
  "group": 1,
  "rollout": 24,
  "reward": 2.6241224323428587,
  "raw_score": 2.6241224323428587,
  "valid": true,
  "parsed": true,
  "ran": true,
  "msg": "ok",
  "advantage": 0.700245920291958,
  "beta": 300.50001945996075,
  "n_response_tokens": 2272,
  "sandbox_stdout": "",
  "parent_value": 2.631077958564871,
  "parent_is_seed": false
}