{
  "step": 9,
  "group": 1,
  "rollout": 10,
  "reward": 2.6204988839696095,
  "raw_score": 2.6204988839696095,
  "valid": true,
  "parsed": true,
  "ran": true,
  "msg": "ok",
  "advantage": -0.4377727076694262,
  "beta": 300.50001945996075,
  "n_response_tokens": 2235,
  "sandbox_stdout": "",
  "parent_value": 2.631077958564871,
  "parent_is_seed": false
}