{
  "step": 9,
  "group": 4,
  "rollout": 12,
  "reward": 2.607397907773741,
  "raw_score": 2.607397907773741,
  "valid": true,
  "parsed": true,
  "ran": true,
  "msg": "ok",
  "advantage": -0.9574171399480553,
  "beta": 197.91467084080404,
  "n_response_tokens": 1818,
  "sandbox_stdout": "",
  "parent_value": 2.6310779580043455,
  "parent_is_seed": false
}