{
  "step": 14,
  "group": 2,
  "rollout": 21,
  "reward": 1.6513675323681474,
  "raw_score": 1.6513675323681474,
  "valid": true,
  "parsed": true,
  "ran": true,
  "msg": "ok",
  "advantage": -0.4662911719147626,
  "algo": "ppo",
  "ppo_epochs": 4,
  "ppo_clip": 0.2,
  "n_response_tokens": 2167,
  "sandbox_stdout": "",
  "parent_value": 2.4707106781186545,
  "parent_is_seed": false
}