{
  "step": 5,
  "group": 1,
  "rollout": 9,
  "reward": 1.7963672248026068,
  "raw_score": 1.7963672248026068,
  "valid": true,
  "parsed": true,
  "ran": true,
  "msg": "ok",
  "advantage": 13.559608039011591,
  "algo": "a2c",
  "value_baseline": -11.763240814208984,
  "n_response_tokens": 1643,
  "sandbox_stdout": "",
  "parent_value": 2.208028702118382,
  "parent_is_seed": false
}