{
  "step": 5,
  "group": 1,
  "rollout": 21,
  "reward": 1.8383012301772617,
  "raw_score": 1.8383012301772617,
  "valid": true,
  "parsed": true,
  "ran": true,
  "msg": "ok",
  "advantage": 13.601542044386246,
  "algo": "a2c",
  "value_baseline": -11.763240814208984,
  "n_response_tokens": 2230,
  "sandbox_stdout": "",
  "parent_value": 2.208028702118382,
  "parent_is_seed": false
}