{
  "step": 5,
  "group": 2,
  "rollout": 1,
  "reward": 0.0,
  "raw_score": null,
  "valid": false,
  "parsed": true,
  "ran": true,
  "msg": "bad_centers_shape: (0,)",
  "advantage": 11.763235092163086,
  "algo": "a2c",
  "value_baseline": -11.763235092163086,
  "n_response_tokens": 1944,
  "sandbox_stdout": "Validation failed: Circle 0 at (0.10234131414511012,0.11442627818840241) r=0.10236129466689957 outside unit square\n",
  "parent_value": 2.1406560313721417,
  "parent_is_seed": false
}