{
  "step": 5,
  "group": 1,
  "rollout": 4,
  "reward": 2.2465450234242437,
  "raw_score": 2.2465450234242437,
  "valid": true,
  "parsed": true,
  "ran": true,
  "msg": "ok",
  "advantage": 14.009785837633228,
  "algo": "a2c",
  "value_baseline": -11.763240814208984,
  "n_response_tokens": 1828,
  "sandbox_stdout": "",
  "parent_value": 2.208028702118382,
  "parent_is_seed": false
}