{
  "step": 5,
  "group": 1,
  "rollout": 2,
  "reward": 0.0,
  "raw_score": null,
  "valid": false,
  "parsed": true,
  "ran": true,
  "msg": "Circle 14 at (0.2631578947368421,0.5213425814657496) r=1.0382541584280178e+53 outside unit square",
  "advantage": 11.763240814208984,
  "algo": "a2c",
  "value_baseline": -11.763240814208984,
  "n_response_tokens": 1895,
  "sandbox_stdout": "",
  "parent_value": 2.208028702118382,
  "parent_is_seed": false
}