{
  "step": 5,
  "group": 1,
  "rollout": 5,
  "reward": 1.9627825267197827,
  "raw_score": 1.9627825267197827,
  "valid": true,
  "parsed": true,
  "ran": true,
  "msg": "ok",
  "advantage": 13.726023340928768,
  "algo": "a2c",
  "value_baseline": -11.763240814208984,
  "n_response_tokens": 1642,
  "sandbox_stdout": "",
  "parent_value": 2.208028702118382,
  "parent_is_seed": false
}