{
  "step": 5,
  "group": 1,
  "rollout": 20,
  "reward": 1.7213001039541918,
  "raw_score": 1.7213001039541918,
  "valid": true,
  "parsed": true,
  "ran": true,
  "msg": "ok",
  "advantage": 13.484540918163177,
  "algo": "a2c",
  "value_baseline": -11.763240814208984,
  "n_response_tokens": 1702,
  "sandbox_stdout": "",
  "parent_value": 2.208028702118382,
  "parent_is_seed": false
}