{
  "step": 5,
  "group": 1,
  "rollout": 11,
  "reward": 0.968876958066546,
  "raw_score": 0.968876958066546,
  "valid": true,
  "parsed": true,
  "ran": true,
  "msg": "ok",
  "advantage": 12.73211777227553,
  "algo": "a2c",
  "value_baseline": -11.763240814208984,
  "n_response_tokens": 1990,
  "sandbox_stdout": "",
  "parent_value": 2.208028702118382,
  "parent_is_seed": false
}