{
  "step": 5,
  "group": 2,
  "rollout": 5,
  "reward": 0.0,
  "raw_score": null,
  "valid": false,
  "parsed": true,
  "ran": true,
  "msg": "bad_centers_shape: (0,)",
  "advantage": 11.763235092163086,
  "algo": "a2c",
  "value_baseline": -11.763235092163086,
  "n_response_tokens": 2097,
  "sandbox_stdout": "Validation failed: Circle 1 at (0.6575598138428453,0.15462919339888742) r=0.15582892395344844 outside unit square\n",
  "parent_value": 2.1406560313721417,
  "parent_is_seed": false
}