{
  "step": 5,
  "group": 3,
  "rollout": 11,
  "reward": 0.0,
  "raw_score": null,
  "valid": false,
  "parsed": true,
  "ran": true,
  "msg": "bad_centers_shape: (0,)",
  "advantage": 11.7632474899292,
  "algo": "a2c",
  "value_baseline": -11.7632474899292,
  "n_response_tokens": 1969,
  "sandbox_stdout": "Validation failed: Circle 1 at (0.8257709665433646,0.17192607388183553) r=0.17192970260218218 outside unit square\n",
  "parent_value": 2.1406560313721417,
  "parent_is_seed": false
}