{
  "step": 5,
  "group": 1,
  "rollout": 10,
  "reward": 0.0,
  "raw_score": null,
  "valid": false,
  "parsed": true,
  "ran": true,
  "msg": "Circle 0 at (-0.011225561295534935,0.026026954477999843) r=0.023961763893341786 outside unit square",
  "advantage": 11.763240814208984,
  "algo": "a2c",
  "value_baseline": -11.763240814208984,
  "n_response_tokens": 1655,
  "sandbox_stdout": "",
  "parent_value": 2.208028702118382,
  "parent_is_seed": false
}