{
  "step": 5,
  "group": 0,
  "rollout": 17,
  "reward": 1.700029006457271e-14,
  "raw_score": 1.700029006457271e-14,
  "valid": true,
  "parsed": true,
  "ran": true,
  "msg": "ok",
  "advantage": 11.763268470764178,
  "algo": "a2c",
  "value_baseline": -11.76326847076416,
  "n_response_tokens": 1524,
  "sandbox_stdout": "",
  "parent_value": 2.399999999999901,
  "parent_is_seed": false
}