{
  "step": 5,
  "group": 0,
  "rollout": 22,
  "reward": 1.253533014454956,
  "raw_score": 1.253533014454956,
  "valid": true,
  "parsed": true,
  "ran": true,
  "msg": "ok",
  "advantage": 13.016801485219116,
  "algo": "a2c",
  "value_baseline": -11.76326847076416,
  "n_response_tokens": 1469,
  "sandbox_stdout": "",
  "parent_value": 2.399999999999901,
  "parent_is_seed": false
}