{
  "step": 5,
  "group": 0,
  "rollout": 16,
  "reward": 0.46965694524565077,
  "raw_score": 0.46965694524565077,
  "valid": true,
  "parsed": true,
  "ran": true,
  "msg": "ok",
  "advantage": 12.232925416009811,
  "algo": "a2c",
  "value_baseline": -11.76326847076416,
  "n_response_tokens": 1562,
  "sandbox_stdout": "",
  "parent_value": 2.399999999999901,
  "parent_is_seed": false
}