{
  "step": 5,
  "group": 2,
  "rollout": 10,
  "reward": 0.0,
  "raw_score": null,
  "valid": false,
  "parsed": true,
  "ran": true,
  "msg": "bad_centers_shape: (0,)",
  "advantage": 11.763235092163086,
  "algo": "a2c",
  "value_baseline": -11.763235092163086,
  "n_response_tokens": 2223,
  "sandbox_stdout": "Validation failed: Circle 0 at (0.4183471826624016,0.9469075464166303) r=0.054279694888139225 outside unit square\n",
  "parent_value": 2.1406560313721417,
  "parent_is_seed": false
}