{
  "step": 15,
  "group": 1,
  "rollout": 12,
  "reward": 2.3499999999999996,
  "raw_score": 2.3499999999999996,
  "valid": true,
  "parsed": true,
  "ran": true,
  "msg": "ok",
  "advantage": 0.19688711279135496,
  "algo": "ppo",
  "ppo_epochs": 4,
  "ppo_clip": 0.2,
  "n_response_tokens": 2147,
  "sandbox_stdout": "",
  "parent_value": 2.4707106781186545,
  "parent_is_seed": false
}