{
  "step": 15,
  "group": 2,
  "rollout": 12,
  "reward": 1.9499999999999997,
  "raw_score": 1.9499999999999997,
  "valid": true,
  "parsed": true,
  "ran": true,
  "msg": "ok",
  "advantage": -0.29900223922111463,
  "algo": "ppo",
  "ppo_epochs": 4,
  "ppo_clip": 0.2,
  "n_response_tokens": 2221,
  "sandbox_stdout": "",
  "parent_value": 2.4707106781186545,
  "parent_is_seed": false
}