{
  "step": 15,
  "group": 0,
  "rollout": 20,
  "reward": 2.3707106781249228,
  "raw_score": 2.3707106781249228,
  "valid": true,
  "parsed": true,
  "ran": true,
  "msg": "ok",
  "advantage": 0.14628798175768634,
  "algo": "ppo",
  "ppo_epochs": 4,
  "ppo_clip": 0.2,
  "n_response_tokens": 2130,
  "sandbox_stdout": "",
  "parent_value": 2.4707106781224923,
  "parent_is_seed": false
}