{
  "step": 15,
  "group": 2,
  "rollout": 6,
  "reward": 1.9763119345423648,
  "raw_score": 1.9763119345423648,
  "valid": true,
  "parsed": true,
  "ran": true,
  "msg": "ok",
  "advantage": -0.25983034895856694,
  "algo": "ppo",
  "ppo_epochs": 4,
  "ppo_clip": 0.2,
  "n_response_tokens": 2049,
  "sandbox_stdout": "",
  "parent_value": 2.4707106781186545,
  "parent_is_seed": false
}