{
  "step": 13,
  "group": 2,
  "rollout": 6,
  "reward": 2.6193126699386857,
  "raw_score": 2.6193126699386857,
  "valid": true,
  "parsed": true,
  "ran": true,
  "msg": "ok",
  "advantage": 6.42071118563998,
  "algo": "a2c",
  "value_baseline": -3.801398515701294,
  "n_response_tokens": 1725,
  "sandbox_stdout": "",
  "parent_value": 2.625767293832681,
  "parent_is_seed": false
}