{
  "step": 13,
  "group": 0,
  "rollout": 10,
  "reward": 2.6268914747989847,
  "raw_score": 2.6268914747989847,
  "valid": true,
  "parsed": true,
  "ran": true,
  "msg": "ok",
  "advantage": 6.4282897520816995,
  "algo": "a2c",
  "value_baseline": -3.801398277282715,
  "n_response_tokens": 1749,
  "sandbox_stdout": "",
  "parent_value": 2.6268914747989847,
  "parent_is_seed": false
}