{
  "step": 13,
  "group": 3,
  "rollout": 9,
  "reward": 2.6276441945731066,
  "raw_score": 2.6276441945731066,
  "valid": true,
  "parsed": true,
  "ran": true,
  "msg": "ok",
  "advantage": 6.429042471855821,
  "algo": "a2c",
  "value_baseline": -3.801398277282715,
  "n_response_tokens": 1752,
  "sandbox_stdout": "",
  "parent_value": 2.625625209322271,
  "parent_is_seed": false
}