{
  "step": 3,
  "group": 1,
  "rollout": 46,
  "reward": 2.6279138200757255,
  "raw_score": 2.6279138200757255,
  "valid": true,
  "parsed": true,
  "ran": true,
  "msg": "ok",
  "advantage": 1.5740059061343277,
  "beta": 1.2448254621617925,
  "n_response_tokens": 1495,
  "sandbox_stdout": "",
  "parent_value": 2.622084916507914,
  "parent_is_seed": false
}