{
  "step": 7,
  "group": 6,
  "rollout": 25,
  "reward": 2.5746750748790306,
  "raw_score": 2.5746750748790306,
  "valid": true,
  "parsed": true,
  "ran": true,
  "msg": "ok",
  "advantage": -0.8973115006051323,
  "beta": 62.333358282879274,
  "n_response_tokens": 2302,
  "sandbox_stdout": "",
  "parent_value": 2.6235348955258178,
  "parent_is_seed": false
}