{
  "step": 7,
  "group": 2,
  "rollout": 2,
  "reward": 2.5826862193387394,
  "raw_score": 2.5826862193387394,
  "valid": true,
  "parsed": true,
  "ran": true,
  "msg": "ok",
  "advantage": 1.3149546920805344,
  "beta": 1.2971511399704017,
  "n_response_tokens": 2005,
  "sandbox_stdout": "",
  "parent_value": 2.6260030423590592,
  "parent_is_seed": false
}