{
  "step": 7,
  "group": 0,
  "rollout": 28,
  "reward": 2.584055570862048,
  "raw_score": 2.584055570862048,
  "valid": true,
  "parsed": true,
  "ran": true,
  "msg": "ok",
  "advantage": -0.31601810349668646,
  "beta": 36.72471302453343,
  "n_response_tokens": 1447,
  "sandbox_stdout": "",
  "parent_value": 2.628212418165273,
  "parent_is_seed": false
}