{
  "step": 7,
  "group": 0,
  "rollout": 9,
  "reward": 2.5979971374740067,
  "raw_score": 2.5979971374740067,
  "valid": true,
  "parsed": true,
  "ran": true,
  "msg": "ok",
  "advantage": 0.14965494196474394,
  "beta": 36.72471302453343,
  "n_response_tokens": 1831,
  "sandbox_stdout": "",
  "parent_value": 2.628212418165273,
  "parent_is_seed": false
}