{
  "step": 7,
  "group": 1,
  "rollout": 48,
  "reward": 2.6130098548443415,
  "raw_score": 2.6130098548443415,
  "valid": true,
  "parsed": true,
  "ran": true,
  "msg": "ok",
  "advantage": 1.3250172827142346,
  "beta": 22.617479534271155,
  "n_response_tokens": 2386,
  "sandbox_stdout": "",
  "parent_value": 2.6267180124356546,
  "parent_is_seed": false
}