{
  "step": 7,
  "group": 7,
  "rollout": 8,
  "reward": 2.6221650336228803,
  "raw_score": 2.6221650336228803,
  "valid": true,
  "parsed": true,
  "ran": true,
  "msg": "ok",
  "advantage": 1.2268410076390381,
  "beta": 1.5745788146750206,
  "n_response_tokens": 1876,
  "sandbox_stdout": "",
  "parent_value": 2.6221650336228803,
  "parent_is_seed": false
}