{
  "step": 7,
  "group": 7,
  "rollout": 51,
  "reward": 2.5662605846286834,
  "raw_score": 2.5662605846286834,
  "valid": true,
  "parsed": true,
  "ran": true,
  "msg": "ok",
  "advantage": 1.0331453845914456,
  "beta": 1.5745788146750206,
  "n_response_tokens": 2424,
  "sandbox_stdout": "",
  "parent_value": 2.6221650336228803,
  "parent_is_seed": false
}