{
  "step": 7,
  "group": 6,
  "rollout": 50,
  "reward": 0.0,
  "raw_score": null,
  "valid": false,
  "parsed": true,
  "ran": true,
  "msg": "Circle 0 at (0.07109428865661994,0.2914279428301203) r=0.07109428865762098 outside unit square",
  "advantage": -1.0,
  "beta": 62.333358282879274,
  "n_response_tokens": 1714,
  "sandbox_stdout": "",
  "parent_value": 2.6235348955258178,
  "parent_is_seed": false
}