{
  "step": 7,
  "group": 1,
  "rollout": 59,
  "reward": 2.6242027464259547,
  "raw_score": 2.6242027464259547,
  "valid": true,
  "parsed": true,
  "ran": true,
  "msg": "ok",
  "advantage": 2.0269971828204647,
  "beta": 22.617479534271155,
  "n_response_tokens": 2457,
  "sandbox_stdout": "",
  "parent_value": 2.6267180124356546,
  "parent_is_seed": false
}