{
  "step": 7,
  "group": 1,
  "rollout": 11,
  "reward": 2.589625820858456,
  "raw_score": 2.589625820858456,
  "valid": true,
  "parsed": true,
  "ran": true,
  "msg": "ok",
  "advantage": 0.3495820134816108,
  "beta": 22.617479534271155,
  "n_response_tokens": 2746,
  "sandbox_stdout": "",
  "parent_value": 2.6267180124356546,
  "parent_is_seed": false
}