{
  "step": 7,
  "group": 4,
  "rollout": 33,
  "reward": 2.5283970527104267,
  "raw_score": 2.5283970527104267,
  "valid": true,
  "parsed": true,
  "ran": true,
  "msg": "ok",
  "advantage": -0.994284329586652,
  "beta": 61.76345795450753,
  "n_response_tokens": 2104,
  "sandbox_stdout": "",
  "parent_value": 2.6235348955258178,
  "parent_is_seed": false
}