{
  "step": 7,
  "group": 1,
  "rollout": 58,
  "reward": 2.6226209820883417,
  "raw_score": 2.6226209820883417,
  "valid": true,
  "parsed": true,
  "ran": true,
  "msg": "ok",
  "advantage": 1.9156957135580233,
  "beta": 22.617479534271155,
  "n_response_tokens": 2435,
  "sandbox_stdout": "",
  "parent_value": 2.6267180124356546,
  "parent_is_seed": false
}