{
  "step": 7,
  "group": 0,
  "rollout": 18,
  "reward": 2.610169857867153,
  "raw_score": 2.610169857867153,
  "valid": true,
  "parsed": true,
  "ran": true,
  "msg": "ok",
  "advantage": 0.8163718480358382,
  "beta": 36.72471302453343,
  "n_response_tokens": 1826,
  "sandbox_stdout": "",
  "parent_value": 2.628212418165273,
  "parent_is_seed": false
}