{
  "step": 7,
  "group": 1,
  "rollout": 33,
  "reward": 2.5228257128311817,
  "raw_score": 2.5228257128311817,
  "valid": true,
  "parsed": true,
  "ran": true,
  "msg": "ok",
  "advantage": -0.7070082954200689,
  "beta": 22.617479534271155,
  "n_response_tokens": 2656,
  "sandbox_stdout": "",
  "parent_value": 2.6267180124356546,
  "parent_is_seed": false
}