{
  "step": 7,
  "group": 0,
  "rollout": 63,
  "reward": 2.6074382318722362,
  "raw_score": 2.6074382318722362,
  "valid": true,
  "parsed": true,
  "ran": true,
  "msg": "ok",
  "advantage": 0.638489302295689,
  "beta": 36.72471302453343,
  "n_response_tokens": 2501,
  "sandbox_stdout": "",
  "parent_value": 2.628212418165273,
  "parent_is_seed": false
}