{
  "step": 7,
  "group": 4,
  "rollout": 43,
  "reward": 0.0,
  "raw_score": null,
  "valid": false,
  "parsed": true,
  "ran": true,
  "msg": "Circle 0 at (0.10429806233754556,0.1034090183575277) r=0.10384355876017551 outside unit square",
  "advantage": -1.0,
  "beta": 61.76345795450753,
  "n_response_tokens": 2218,
  "sandbox_stdout": "",
  "parent_value": 2.6235348955258178,
  "parent_is_seed": false
}