{
  "step": 7,
  "group": 0,
  "rollout": 0,
  "reward": 2.6262937029814104,
  "raw_score": 2.6262937029814104,
  "valid": true,
  "parsed": true,
  "ran": true,
  "msg": "ok",
  "advantage": 2.3620529485419652,
  "beta": 36.72471302453343,
  "n_response_tokens": 1611,
  "sandbox_stdout": "",
  "parent_value": 2.628212418165273,
  "parent_is_seed": false
}