{
  "step": 7,
  "group": 0,
  "rollout": 23,
  "reward": 2.6145727675506776,
  "raw_score": 2.6145727675506776,
  "valid": true,
  "parsed": true,
  "ran": true,
  "msg": "ok",
  "advantage": 1.1460081069010326,
  "beta": 36.72471302453343,
  "n_response_tokens": 1967,
  "sandbox_stdout": "",
  "parent_value": 2.628212418165273,
  "parent_is_seed": false
}