{
  "step": 7,
  "group": 1,
  "rollout": 43,
  "reward": 2.584569163397748,
  "raw_score": 2.584569163397748,
  "valid": true,
  "parsed": true,
  "ran": true,
  "msg": "ok",
  "advantage": 0.200950902667983,
  "beta": 22.617479534271155,
  "n_response_tokens": 2171,
  "sandbox_stdout": "",
  "parent_value": 2.6267180124356546,
  "parent_is_seed": false
}