{
  "step": 7,
  "group": 7,
  "rollout": 7,
  "reward": 2.5880616624051918,
  "raw_score": 2.5880616624051918,
  "valid": true,
  "parsed": true,
  "ran": true,
  "msg": "ok",
  "advantage": 1.1065241181746477,
  "beta": 1.5745788146750206,
  "n_response_tokens": 2353,
  "sandbox_stdout": "",
  "parent_value": 2.6221650336228803,
  "parent_is_seed": false
}