{
  "step": 7,
  "group": 6,
  "rollout": 24,
  "reward": 2.55998584277821,
  "raw_score": 2.55998584277821,
  "valid": true,
  "parsed": true,
  "ran": true,
  "msg": "ok",
  "advantage": -0.9589375579917874,
  "beta": 62.333358282879274,
  "n_response_tokens": 2095,
  "sandbox_stdout": "",
  "parent_value": 2.6235348955258178,
  "parent_is_seed": false
}