{
  "step": 7,
  "group": 3,
  "rollout": 44,
  "reward": 2.588211936168023,
  "raw_score": 2.588211936168023,
  "valid": true,
  "parsed": true,
  "ran": true,
  "msg": "ok",
  "advantage": 1.2583393401800578,
  "beta": 1.3680235047928135,
  "n_response_tokens": 1999,
  "sandbox_stdout": "",
  "parent_value": 2.623941708908177,
  "parent_is_seed": false
}