{
  "step": 7,
  "group": 5,
  "rollout": 18,
  "reward": 2.5897591441736076,
  "raw_score": 2.5897591441736076,
  "valid": true,
  "parsed": true,
  "ran": true,
  "msg": "ok",
  "advantage": 1.0775304730643658,
  "beta": 1.7454179743943055,
  "n_response_tokens": 1897,
  "sandbox_stdout": "",
  "parent_value": 2.6235348955258178,
  "parent_is_seed": false
}