{
  "step": 7,
  "group": 0,
  "rollout": 12,
  "reward": 2.599152864155175,
  "raw_score": 2.599152864155175,
  "valid": true,
  "parsed": true,
  "ran": true,
  "msg": "ok",
  "advantage": 0.20045073274965186,
  "beta": 36.72471302453343,
  "n_response_tokens": 1439,
  "sandbox_stdout": "",
  "parent_value": 2.628212418165273,
  "parent_is_seed": false
}