{
  "step": 37,
  "group": 3,
  "rollout": 53,
  "reward": 2.630113220823938,
  "raw_score": 2.630113220823938,
  "valid": true,
  "parsed": true,
  "ran": true,
  "msg": "ok",
  "advantage": -1.0,
  "beta": 1048576.0,
  "n_response_tokens": 2223,
  "sandbox_stdout": "Invalid packing: Circle 0 at (0.07999999999999999,0.07999999999999999) r=1.0 outside unit square\nInvalid packing: Circles 12 and 15 overlap\nInvalid packing: Circle 0 at (0.9200894515120704,0.3959630070483807) r=0.07991054851323166 outside unit square\n",
  "parent_value": 2.635983083334135,
  "parent_is_seed": false
}