{
  "step": 37,
  "group": 1,
  "rollout": 61,
  "reward": 2.635983083334135,
  "raw_score": 2.635983083334135,
  "valid": true,
  "parsed": true,
  "ran": true,
  "msg": "ok",
  "advantage": 0.03278688524483497,
  "beta": 1048576.0,
  "n_response_tokens": 2471,
  "sandbox_stdout": "Invalid packing: Circles 1 and 5 overlap\nInvalid packing: Circle 0 at (0.0,1.0) r=1.0 outside unit square\nInvalid packing: Circle 24 at (0.7108509264067822,0.13425542119665337) r=0.13425542293313508 outside unit square\n",
  "parent_value": 2.635983083334135,
  "parent_is_seed": false
}