{
  "step": 37,
  "group": 5,
  "rollout": 62,
  "reward": 2.635983083334135,
  "raw_score": 2.635983083334135,
  "valid": true,
  "parsed": true,
  "ran": true,
  "msg": "ok",
  "advantage": 0.08620689655054448,
  "beta": 1048576.0,
  "n_response_tokens": 2174,
  "sandbox_stdout": "Invalid packing: Circle 0 at (0.07999999999999999,0.07999999999999999) r=1.0 outside unit square\nInvalid packing: Circle 0 at (0.07999999999999999,0.07999999999999999) r=1.0 outside unit square\nInvalid packing: Circle 22 at (0.23970452909693593,0.0923920341374876) r=0.0923920342744569 outside unit square\n",
  "parent_value": 2.635983083334135,
  "parent_is_seed": false
}