{
  "step": 37,
  "group": 5,
  "rollout": 45,
  "reward": 2.635983083334135,
  "raw_score": 2.635983083334135,
  "valid": true,
  "parsed": true,
  "ran": true,
  "msg": "ok",
  "advantage": 0.08620689655054448,
  "beta": 1048576.0,
  "n_response_tokens": 2660,
  "sandbox_stdout": "Invalid packing: Circle 0 at (0.07999999999999999,0.07999999999999999) r=1.0 outside unit square\nInvalid packing: Circle 0 at (0.07999999999999999,0.07999999999999999) r=1.0 outside unit square\nInvalid packing: Circle 0 at (0.0,0.0) r=1.0 outside unit square\nInvalid packing: Circle 2 at (0.0,0.0) r=1.0 outside unit square\nInvalid packing: Circle 1 at (4.337032151786069e-09,4.337032151786069e-09) r=0.9999999956629678 outside unit square\n",
  "parent_value": 2.635983083334135,
  "parent_is_seed": false
}