{
  "step": 37,
  "group": 2,
  "rollout": 21,
  "reward": 2.6330352273742306,
  "raw_score": 2.6330352273742306,
  "valid": true,
  "parsed": true,
  "ran": true,
  "msg": "ok",
  "advantage": -1.0,
  "beta": 1048576.0,
  "n_response_tokens": 2243,
  "sandbox_stdout": "Invalid packing: Circle 16 at (0.5016528477220573,0.8605732907671606) r=0.13942670975373816 outside unit square\n",
  "parent_value": 2.635983083334135,
  "parent_is_seed": false
}