{
  "step": 37,
  "group": 3,
  "rollout": 32,
  "reward": 2.629728797407166,
  "raw_score": 2.629728797407166,
  "valid": true,
  "parsed": true,
  "ran": true,
  "msg": "ok",
  "advantage": -1.0,
  "beta": 1048576.0,
  "n_response_tokens": 1884,
  "sandbox_stdout": "Invalid packing: Circle 0 at (0.07999999999999999,0.07999999999999999) r=1.0 outside unit square\nInvalid packing: Circles 1 and 5 overlap\n",
  "parent_value": 2.635983083334135,
  "parent_is_seed": false
}