{
  "step": 37,
  "group": 0,
  "rollout": 15,
  "reward": 2.6330352269620008,
  "raw_score": 2.6330352269620008,
  "valid": true,
  "parsed": true,
  "ran": true,
  "msg": "ok",
  "advantage": -1.0,
  "beta": 1048576.0,
  "n_response_tokens": 2301,
  "sandbox_stdout": "Invalid packing: Circle 13 at (0.311018470711471,0.8635110482628353) r=0.13648895177180195 outside unit square\n",
  "parent_value": 2.635983083334135,
  "parent_is_seed": false
}