{
  "step": 37,
  "group": 5,
  "rollout": 11,
  "reward": 2.635983083334135,
  "raw_score": 2.635983083334135,
  "valid": true,
  "parsed": true,
  "ran": true,
  "msg": "ok",
  "advantage": 0.08620689655054448,
  "beta": 1048576.0,
  "n_response_tokens": 2142,
  "sandbox_stdout": "Invalid packing: Circle 0 at (0.07999999999999999,0.07999999999999999) r=1.0 outside unit square\nInvalid packing: Circle 0 at (0.07999999999999999,0.07999999999999999) r=1.0 outside unit square\nInvalid packing: Circle 0 at (0.849871282670276,0.6784296578296648) r=0.15012871833647362 outside unit square\n",
  "parent_value": 2.635983083334135,
  "parent_is_seed": false
}