{
  "step": 37,
  "group": 6,
  "rollout": 41,
  "reward": 2.635983083334135,
  "raw_score": 2.635983083334135,
  "valid": true,
  "parsed": true,
  "ran": true,
  "msg": "ok",
  "advantage": 0.06779661016835137,
  "beta": 1048576.0,
  "n_response_tokens": 2183,
  "sandbox_stdout": "Invalid packing: Circle 0 at (0.07999999999999999,0.07999999999999999) r=1.0 outside unit square\nInvalid packing: Circle 0 at (0.07999999999999999,0.07999999999999999) r=1.0 outside unit square\nInvalid packing: Circle 19 at (0.6491472142541884,0.8550409477301698) r=0.1449590522779883 outside unit square\n",
  "parent_value": 2.635983083334135,
  "parent_is_seed": false
}