{
  "step": 37,
  "group": 0,
  "rollout": 59,
  "reward": 2.635983083334135,
  "raw_score": 2.635983083334135,
  "valid": true,
  "parsed": true,
  "ran": true,
  "msg": "ok",
  "advantage": 0.12499999999873457,
  "beta": 1048576.0,
  "n_response_tokens": 2355,
  "sandbox_stdout": "Invalid packing: Circle 0 at (0.07999999999999999,0.07999999999999999) r=1.0 outside unit square\nInvalid packing: Circle 0 at (0.07999999999999999,0.07999999999999999) r=1.0 outside unit square\nInvalid packing: Circle 11 at (0.1189449002176473,0.1189445311066359) r=0.11894490009089631 outside unit square\n",
  "parent_value": 2.635983083334135,
  "parent_is_seed": false
}