{
  "step": 3,
  "group": 2,
  "rollout": 44,
  "reward": 2.614135433847097,
  "raw_score": 2.614135433847097,
  "valid": true,
  "parsed": true,
  "ran": true,
  "msg": "ok",
  "advantage": 1.9241210725168894,
  "beta": 1.057212475399497,
  "n_response_tokens": 1941,
  "sandbox_stdout": "",
  "parent_value": 2.6035808140123198,
  "parent_is_seed": false
}