{
  "step": 2,
  "group": 1,
  "rollout": 21,
  "reward": 0.2800000000000722,
  "raw_score": 0.2800000000000722,
  "valid": true,
  "parsed": true,
  "ran": true,
  "msg": "ok",
  "advantage": 14.889203338623119,
  "algo": "a2c",
  "value_baseline": -14.609203338623047,
  "n_response_tokens": 1320,
  "sandbox_stdout": "",
  "parent_value": 0.5239230484541839,
  "parent_is_seed": false
}