{
  "step": 2,
  "group": 0,
  "rollout": 15,
  "reward": 0.4483333434441746,
  "raw_score": 0.4483333434441746,
  "valid": true,
  "parsed": true,
  "ran": true,
  "msg": "ok",
  "advantage": 15.057262023864096,
  "algo": "a2c",
  "value_baseline": -14.608928680419922,
  "n_response_tokens": 2131,
  "sandbox_stdout": "",
  "parent_value": 0.569596776297973,
  "parent_is_seed": false
}