{
  "step": 2,
  "group": 0,
  "rollout": 16,
  "reward": 0.0,
  "raw_score": null,
  "valid": false,
  "parsed": true,
  "ran": true,
  "msg": "bad_centers_shape: (0,)",
  "advantage": 14.608928680419922,
  "algo": "a2c",
  "value_baseline": -14.608928680419922,
  "n_response_tokens": 1860,
  "sandbox_stdout": "Validation failed: Circle 6 at (0.9999902434133378,0.9999997253188169) r=9.600646050074238e-06 outside unit square\n",
  "parent_value": 0.569596776297973,
  "parent_is_seed": false
}