{
  "step": 2,
  "group": 2,
  "rollout": 13,
  "reward": 0.003483616532185145,
  "raw_score": 0.003483616532185145,
  "valid": true,
  "parsed": true,
  "ran": true,
  "msg": "ok",
  "advantage": 14.614899479569294,
  "algo": "a2c",
  "value_baseline": -14.61141586303711,
  "n_response_tokens": 1618,
  "sandbox_stdout": "",
  "parent_value": 0.19753471772486367,
  "parent_is_seed": false
}