{
  "step": 3,
  "group": 1,
  "rollout": 3,
  "reward": 0.0,
  "raw_score": null,
  "valid": false,
  "parsed": true,
  "ran": true,
  "msg": "bad_centers_shape: (0,)",
  "advantage": -0.9324958292518083,
  "beta": 1.3782013135674036,
  "n_response_tokens": 1786,
  "sandbox_stdout": "Validation failed: Circle 1 at (0.2537079998038642,0.9054770639823245) r=0.09452393601767255 outside unit square\n",
  "parent_value": 2.571715836056266,
  "parent_is_seed": false
}