{
  "step": 3,
  "group": 0,
  "rollout": 22,
  "reward": 2.580442712426646,
  "raw_score": 2.580442712426646,
  "valid": true,
  "parsed": true,
  "ran": true,
  "msg": "ok",
  "advantage": 2.2429340240330133,
  "beta": 1.0394362092841503,
  "n_response_tokens": 1957,
  "sandbox_stdout": "",
  "parent_value": 2.5824373940101135,
  "parent_is_seed": false
}