{
  "step": 3,
  "group": 1,
  "rollout": 14,
  "reward": 0.0,
  "raw_score": null,
  "valid": false,
  "parsed": true,
  "ran": true,
  "msg": "bad_centers_shape: (0,)",
  "advantage": -0.9324958292518083,
  "beta": 1.3782013135674036,
  "n_response_tokens": 1697,
  "sandbox_stdout": "Validation failed: Circle 20 at (0.10764286417946653,0.8923571358215514) r=0.10764286417954592 outside unit square\n",
  "parent_value": 2.571715836056266,
  "parent_is_seed": false
}