{
  "step": 3,
  "group": 2,
  "rollout": 13,
  "reward": 0.0,
  "raw_score": null,
  "valid": false,
  "parsed": true,
  "ran": true,
  "msg": "bad_centers_shape: (0,)",
  "advantage": -0.575431162499664,
  "beta": 3.501869693547332,
  "n_response_tokens": 1718,
  "sandbox_stdout": "Validation failed: Circle 0 at (4.121171490736379e-16,1.6859337916648826e-16) r=0.05 outside unit square\n",
  "parent_value": 0.5845092041739477,
  "parent_is_seed": false
}