{
  "step": 3,
  "group": 2,
  "rollout": 16,
  "reward": 0.0,
  "raw_score": null,
  "valid": false,
  "parsed": true,
  "ran": true,
  "msg": "bad_centers_shape: (0,)",
  "advantage": -0.575431162499664,
  "beta": 3.501869693547332,
  "n_response_tokens": 1908,
  "sandbox_stdout": "Validation failed: Circle 1 at (1.0,0.2971366662243157) r=0.014033561110236552 outside unit square\n",
  "parent_value": 0.5845092041739477,
  "parent_is_seed": false
}