{
  "step": 3,
  "group": 1,
  "rollout": 20,
  "reward": 2.548993470064449,
  "raw_score": 2.548993470064449,
  "valid": true,
  "parsed": true,
  "ran": true,
  "msg": "ok",
  "advantage": 1.5039478632583094,
  "beta": 1.3782013135674036,
  "n_response_tokens": 1724,
  "sandbox_stdout": "",
  "parent_value": 2.571715836056266,
  "parent_is_seed": false
}