{
  "step": 3,
  "group": 2,
  "rollout": 3,
  "reward": 0.11432998927471955,
  "raw_score": 0.11432998927471955,
  "valid": true,
  "parsed": true,
  "ran": true,
  "msg": "ok",
  "advantage": -0.36057237733323944,
  "beta": 3.501869693547332,
  "n_response_tokens": 1527,
  "sandbox_stdout": "",
  "parent_value": 0.5845092041739477,
  "parent_is_seed": false
}