{
  "step": 3,
  "group": 3,
  "rollout": 19,
  "reward": 2.2745694217007895e-14,
  "raw_score": 2.2745694217007895e-14,
  "valid": true,
  "parsed": true,
  "ran": true,
  "msg": "ok",
  "advantage": -0.4280015359068573,
  "beta": 4.4902381586800475,
  "n_response_tokens": 1803,
  "sandbox_stdout": "",
  "parent_value": 0.0010044344061546466,
  "parent_is_seed": false
}