{
  "step": 3,
  "group": 3,
  "rollout": 9,
  "reward": 9.86534472863232e-09,
  "raw_score": 9.86534472863232e-09,
  "valid": true,
  "parsed": true,
  "ran": true,
  "msg": "ok",
  "advantage": -0.4280015099385239,
  "beta": 4.4902381586800475,
  "n_response_tokens": 2103,
  "sandbox_stdout": "",
  "parent_value": 0.0010044344061546466,
  "parent_is_seed": false
}