{
  "step": 3,
  "group": 3,
  "rollout": 10,
  "reward": 0.0,
  "raw_score": null,
  "valid": false,
  "parsed": true,
  "ran": true,
  "msg": "bad_centers_shape: (0,)",
  "advantage": -0.42800153590691725,
  "beta": 4.4902381586800475,
  "n_response_tokens": 2013,
  "sandbox_stdout": "Validation failed: Circle 1 at (0.6742246515476402,0.06348896136612751) r=0.06402839030824911 outside unit square\n",
  "parent_value": 0.0010044344061546466,
  "parent_is_seed": false
}