{
  "step": 3,
  "group": 1,
  "rollout": 12,
  "reward": 2.548411879633283,
  "raw_score": 2.548411879633283,
  "valid": true,
  "parsed": true,
  "ran": true,
  "msg": "ok",
  "advantage": 1.5017234122432956,
  "beta": 1.3782013135674036,
  "n_response_tokens": 1591,
  "sandbox_stdout": "",
  "parent_value": 2.571715836056266,
  "parent_is_seed": false
}