{
  "step": 15,
  "group": 1,
  "rollout": 7,
  "reward": 2.6222807140590128,
  "raw_score": 2.6222807140590128,
  "valid": true,
  "parsed": true,
  "ran": true,
  "msg": "ok",
  "advantage": 4.379884001755851,
  "algo": "a2c",
  "value_baseline": -1.7576032876968384,
  "n_response_tokens": 1587,
  "sandbox_stdout": "",
  "parent_value": 2.627644194590865,
  "parent_is_seed": false
}