{
  "step": 15,
  "group": 1,
  "rollout": 20,
  "reward": 2.61589724712941,
  "raw_score": 2.61589724712941,
  "valid": true,
  "parsed": true,
  "ran": true,
  "msg": "ok",
  "advantage": 4.373500534826249,
  "algo": "a2c",
  "value_baseline": -1.7576032876968384,
  "n_response_tokens": 1554,
  "sandbox_stdout": "",
  "parent_value": 2.627644194590865,
  "parent_is_seed": false
}