{
  "step": 15,
  "group": 1,
  "rollout": 17,
  "reward": 0.0,
  "raw_score": null,
  "valid": false,
  "parsed": true,
  "ran": true,
  "msg": "Circle 14 at (1.0,0.35) r=0.05 outside unit square",
  "advantage": 1.7576032876968384,
  "algo": "a2c",
  "value_baseline": -1.7576032876968384,
  "n_response_tokens": 1716,
  "sandbox_stdout": "Validation failed: Circle 0 at (0.998549265566636,0.9999999999999977) r=143474797748490.2 outside unit square\n",
  "parent_value": 2.627644194590865,
  "parent_is_seed": false
}