{
  "step": 15,
  "group": 1,
  "rollout": 14,
  "reward": 0.0,
  "raw_score": null,
  "valid": false,
  "parsed": true,
  "ran": true,
  "msg": "Circles 0 and 24 overlap",
  "advantage": 1.7576032876968384,
  "algo": "a2c",
  "value_baseline": -1.7576032876968384,
  "n_response_tokens": 1687,
  "sandbox_stdout": "Validation failed: Circle 0 at (0.0016762782319848452,0.0016762782319848452) r=1915614069.7400277 outside unit square\n",
  "parent_value": 2.627644194590865,
  "parent_is_seed": false
}