{
  "step": 19,
  "group": 4,
  "rollout": 8,
  "reward": 2.6207813969625726,
  "raw_score": 2.6207813969625726,
  "valid": true,
  "parsed": true,
  "ran": true,
  "msg": "ok",
  "advantage": -1.0,
  "beta": 1048576.0,
  "n_response_tokens": 1795,
  "sandbox_stdout": "Invalid packing: Circles 11 and 19 overlap\nInvalid packing: Circle 8 at (0.9315262768772449,0.6903609427064281) r=0.06847373840280156 outside unit square\n",
  "parent_value": 2.6328434116511623,
  "parent_is_seed": false
}