{
  "step": 19,
  "group": 0,
  "rollout": 11,
  "reward": 2.6352392987057374,
  "raw_score": 2.6352392987057374,
  "valid": true,
  "parsed": true,
  "ran": true,
  "msg": "ok",
  "advantage": 0.18867924528160596,
  "beta": 1048576.0,
  "n_response_tokens": 2035,
  "sandbox_stdout": "Invalid packing: Circle 0 at (1.0,1.0) r=1.0 outside unit square\nInvalid packing: Circle 22 at (0.3899662336880952,0.9157149101231472) r=0.0842850910944939 outside unit square\n",
  "parent_value": 2.6352392987057374,
  "parent_is_seed": false
}