{
  "step": 19,
  "group": 6,
  "rollout": 54,
  "reward": 2.624433603875744,
  "raw_score": 2.624433603875744,
  "valid": true,
  "parsed": true,
  "ran": true,
  "msg": "ok",
  "advantage": -0.9998926634775843,
  "beta": 1118.3313876400111,
  "n_response_tokens": 2319,
  "sandbox_stdout": "Invalid packing: Circle 4 at (0.9094531573857516,0.24916824010380245) r=0.09054695542420908 outside unit square\nInvalid packing: Circle 0 at (0.0,0.0) r=1.0 outside unit square\n",
  "parent_value": 2.632341483276521,
  "parent_is_seed": false
}