{
  "step": 19,
  "group": 4,
  "rollout": 35,
  "reward": 2.6134010500572957,
  "raw_score": 2.6134010500572957,
  "valid": true,
  "parsed": true,
  "ran": true,
  "msg": "ok",
  "advantage": -1.0,
  "beta": 1048576.0,
  "n_response_tokens": 2600,
  "sandbox_stdout": "",
  "parent_value": 2.6328434116511623,
  "parent_is_seed": false
}