{
  "step": 19,
  "group": 3,
  "rollout": 36,
  "reward": 2.6301563071897585,
  "raw_score": 2.6301563071897585,
  "valid": true,
  "parsed": true,
  "ran": true,
  "msg": "ok",
  "advantage": -1.0,
  "beta": 1048576.0,
  "n_response_tokens": 2474,
  "sandbox_stdout": "",
  "parent_value": 2.6340630825581934,
  "parent_is_seed": false
}