{
  "step": 19,
  "group": 4,
  "rollout": 9,
  "reward": 2.6323414832762255,
  "raw_score": 2.6323414832762255,
  "valid": true,
  "parsed": true,
  "ran": true,
  "msg": "ok",
  "advantage": 0.5749995428773955,
  "beta": 1048576.0,
  "n_response_tokens": 2538,
  "sandbox_stdout": "Invalid packing: Circle 0 at (1.0,1.0) r=1.0 outside unit square\nInvalid packing: Circle 1 at (0.47208290557719945,1.0) r=0.5273948215481576 outside unit square\nInvalid packing: Circle 1 at (0.0,0.0) r=1.0 outside unit square\n",
  "parent_value": 2.6328434116511623,
  "parent_is_seed": false
}