{
  "step": 19,
  "group": 0,
  "rollout": 51,
  "reward": 2.6352392987057374,
  "raw_score": 2.6352392987057374,
  "valid": true,
  "parsed": true,
  "ran": true,
  "msg": "ok",
  "advantage": 0.18867924528160596,
  "beta": 1048576.0,
  "n_response_tokens": 1977,
  "sandbox_stdout": "Invalid packing: Circle 0 at (1.0,1.0) r=1.0 outside unit square\nInvalid packing: Circle 2 at (0.9203456973907369,0.07965429101824899) r=0.07965429263512419 outside unit square\n",
  "parent_value": 2.6352392987057374,
  "parent_is_seed": false
}