{
  "step": 19,
  "group": 0,
  "rollout": 58,
  "reward": 2.6352392987057374,
  "raw_score": 2.6352392987057374,
  "valid": true,
  "parsed": true,
  "ran": true,
  "msg": "ok",
  "advantage": 0.18867924528160596,
  "beta": 1048576.0,
  "n_response_tokens": 2035,
  "sandbox_stdout": "Invalid packing: Circle 0 at (1.0,1.0) r=1.0 outside unit square\nInvalid packing: Circle 14 at (0.20059496036022065,0.20059485405708488) r=0.20059485724824747 outside unit square\n",
  "parent_value": 2.6352392987057374,
  "parent_is_seed": false
}