{
  "step": 3,
  "group": 3,
  "rollout": 3,
  "reward": 0.0,
  "raw_score": null,
  "valid": false,
  "parsed": true,
  "ran": false,
  "msg": "run_failed: Packing is invalid: Circle 25 at (0.08333333333333333,1.0) r=0.08333333333333333 outside unit square",
  "advantage": -0.6999603209759239,
  "beta": 1.2591642531311595,
  "n_response_tokens": 1534,
  "sandbox_stdout": "",
  "parent_value": 2.0833333333333335,
  "parent_is_seed": false
}