{
  "step": 3,
  "group": 3,
  "rollout": 4,
  "reward": 1.857142857142857,
  "raw_score": 1.857142857142857,
  "valid": true,
  "parsed": true,
  "ran": true,
  "msg": "ok",
  "advantage": 2.542773159007587,
  "beta": 1.2591642531311595,
  "n_response_tokens": 1473,
  "sandbox_stdout": "",
  "parent_value": 2.0833333333333335,
  "parent_is_seed": false
}