{
  "step": 16,
  "group": 1,
  "rollout": 11,
  "reward": 0.0,
  "raw_score": null,
  "valid": false,
  "parsed": true,
  "ran": false,
  "msg": "run_failed: Packing is invalid: Circle 0 at (0.19954683998562667,0.14479176044083264) r=0.37050535790563016 outside unit square",
  "advantage": -0.8682858897658345,
  "beta": 1.3813169905581788,
  "n_response_tokens": 2015,
  "sandbox_stdout": "",
  "parent_value": 2.273768349629545,
  "parent_is_seed": false
}