{
  "step": 16,
  "group": 0,
  "rollout": 7,
  "reward": 1.949999841026219,
  "raw_score": 1.949999841026219,
  "valid": true,
  "parsed": true,
  "ran": true,
  "msg": "ok",
  "advantage": 0.8278292549058299,
  "beta": 1.2625940830054323,
  "n_response_tokens": 2030,
  "sandbox_stdout": "",
  "parent_value": 2.439999792452491,
  "parent_is_seed": false
}