{
  "step": 16,
  "group": 0,
  "rollout": 19,
  "reward": 0.0,
  "raw_score": null,
  "valid": false,
  "parsed": true,
  "ran": false,
  "msg": "run_failed: Packing is invalid: Circle 0 at (0.39616433979866994,0.38824511218095176) r=1.2392232270276367 outside unit square",
  "advantage": -0.8547216276254053,
  "beta": 1.2625940830054323,
  "n_response_tokens": 2061,
  "sandbox_stdout": "",
  "parent_value": 2.439999792452491,
  "parent_is_seed": false
}