{
  "step": 16,
  "group": 0,
  "rollout": 2,
  "reward": 2.439999792452491,
  "raw_score": 2.439999792452491,
  "valid": true,
  "parsed": true,
  "ran": true,
  "msg": "ok",
  "advantage": 2.641117854927811,
  "beta": 1.2625940830054323,
  "n_response_tokens": 2192,
  "sandbox_stdout": "",
  "parent_value": 2.439999792452491,
  "parent_is_seed": false
}