{
  "step": 16,
  "group": 0,
  "rollout": 20,
  "reward": 0.0,
  "raw_score": null,
  "valid": false,
  "parsed": true,
  "ran": false,
  "msg": "run_failed: Packing is invalid: Circle 0 at (1223119.3398406298,2090004.1716721212) r=2103716406.9063911 outside unit square",
  "advantage": -0.8547216276254053,
  "beta": 1.2625940830054323,
  "n_response_tokens": 2075,
  "sandbox_stdout": "",
  "parent_value": 2.439999792452491,
  "parent_is_seed": false
}