{
  "step": 16,
  "group": 0,
  "rollout": 3,
  "reward": 1.470756890864431,
  "raw_score": 1.470756890864431,
  "valid": true,
  "parsed": true,
  "ran": true,
  "msg": "ok",
  "advantage": -0.036711580810254496,
  "beta": 1.2625940830054323,
  "n_response_tokens": 2062,
  "sandbox_stdout": "",
  "parent_value": 2.439999792452491,
  "parent_is_seed": false
}