{
  "step": 16,
  "group": 3,
  "rollout": 15,
  "reward": 1.8571428571428577,
  "raw_score": 1.8571428571428577,
  "valid": true,
  "parsed": true,
  "ran": true,
  "msg": "ok",
  "advantage": 1.4738362492468955,
  "beta": 1.1893931623149219,
  "n_response_tokens": 2023,
  "sandbox_stdout": "",
  "parent_value": 2.176666820688726,
  "parent_is_seed": false
}