{
  "step": 4,
  "group": 3,
  "rollout": 13,
  "reward": 2.166666666666667,
  "raw_score": 2.166666666666667,
  "valid": true,
  "parsed": true,
  "ran": true,
  "msg": "ok",
  "advantage": 3.4096725710447053,
  "beta": 1.1660911872400543,
  "n_response_tokens": 1574,
  "sandbox_stdout": "",
  "parent_value": 2.166666666666667,
  "parent_is_seed": false
}