{
  "step": 4,
  "group": 0,
  "rollout": 1,
  "reward": 1.857142857142857,
  "raw_score": 1.857142857142857,
  "valid": true,
  "parsed": true,
  "ran": true,
  "msg": "ok",
  "advantage": 1.4158144179246523,
  "beta": 1.2817252831624595,
  "n_response_tokens": 1581,
  "sandbox_stdout": "",
  "parent_value": 2.166666666666667,
  "parent_is_seed": false
}