{
  "step": 4,
  "group": 2,
  "rollout": 1,
  "reward": 1.2147613840255076,
  "raw_score": 1.2147613840255076,
  "valid": true,
  "parsed": true,
  "ran": true,
  "msg": "ok",
  "advantage": -1.0,
  "beta": 2119.102864583334,
  "n_response_tokens": 1578,
  "sandbox_stdout": "",
  "parent_value": 2.166666666666667,
  "parent_is_seed": false
}