{
  "step": 16,
  "group": 3,
  "rollout": 15,
  "reward": 2.4707106781186545,
  "raw_score": 2.4707106781186545,
  "valid": true,
  "parsed": true,
  "ran": true,
  "msg": "ok",
  "advantage": 0.25758864934213116,
  "algo": "ppo",
  "ppo_epochs": 4,
  "ppo_clip": 0.2,
  "n_response_tokens": 2035,
  "sandbox_stdout": "",
  "parent_value": 2.4707106781186545,
  "parent_is_seed": false
}