{
  "step": 16,
  "group": 1,
  "rollout": 17,
  "reward": 1.6407765422498137,
  "raw_score": 1.6407765422498137,
  "valid": true,
  "parsed": true,
  "ran": true,
  "msg": "ok",
  "advantage": -0.7848451506614925,
  "algo": "ppo",
  "ppo_epochs": 4,
  "ppo_clip": 0.2,
  "n_response_tokens": 2186,
  "sandbox_stdout": "",
  "parent_value": 2.4707106781224923,
  "parent_is_seed": false
}