{
  "step": 41,
  "group": 4,
  "rollout": 48,
  "reward": 2.635983083334135,
  "raw_score": 2.635983083334135,
  "valid": true,
  "parsed": true,
  "ran": true,
  "msg": "ok",
  "advantage": 0.0,
  "beta": 0.0,
  "n_response_tokens": 2692,
  "sandbox_stdout": "Invalid packing: Circle 14 at (0.8871749184799271,0.4154715578728389) r=0.11282508167578266 outside unit square\nInvalid packing: Circle 5 at (0.08980525318346254,0.7859533848043017) r=0.08980525324569384 outside unit square\n",
  "parent_value": 2.635983083334135,
  "parent_is_seed": false
}