{
  "step": 41,
  "group": 3,
  "rollout": 42,
  "reward": 2.635983083334135,
  "raw_score": 2.635983083334135,
  "valid": true,
  "parsed": true,
  "ran": true,
  "msg": "ok",
  "advantage": 0.3404255319130969,
  "beta": 1048576.0,
  "n_response_tokens": 2112,
  "sandbox_stdout": "Invalid packing for guess 1: Circles 17 and 21 overlap\nInvalid packing for guess 2: Circle 3 at (0.2996875166140318,0.8704690927511567) r=0.12953092306876213 outside unit square\n",
  "parent_value": 2.635983083334135,
  "parent_is_seed": false
}