{
  "step": 41,
  "group": 0,
  "rollout": 11,
  "reward": 2.629728799236323,
  "raw_score": 2.629728799236323,
  "valid": true,
  "parsed": true,
  "ran": true,
  "msg": "ok",
  "advantage": -1.0,
  "beta": 1048576.0,
  "n_response_tokens": 2858,
  "sandbox_stdout": "Invalid packing: Circle 0 at (0.07999999999999999,0.07999999999999999) r=1.0 outside unit square\nInvalid packing: Circle 0 at (1.0,1.0) r=1.0 outside unit square\nInvalid packing: Circle 9 at (0.8661392242852735,0.29840212921059933) r=0.13386077572597943 outside unit square\nInvalid packing: Circle 3 at (0.0,1.0) r=1.0 outside unit square\n",
  "parent_value": 2.6359830833537847,
  "parent_is_seed": false
}