{
  "step": 41,
  "group": 7,
  "rollout": 63,
  "reward": 2.635983083334135,
  "raw_score": 2.635983083334135,
  "valid": true,
  "parsed": true,
  "ran": true,
  "msg": "ok",
  "advantage": 0.03278688524483497,
  "beta": 1048576.0,
  "n_response_tokens": 2391,
  "sandbox_stdout": "Invalid packing: Circle 0 at (1.0,1.0) r=1.0 outside unit square\nInvalid packing: Circle 0 at (0.9187701381090249,0.5724484448515197) r=0.08122990632815998 outside unit square\n",
  "parent_value": 2.635983083334135,
  "parent_is_seed": false
}