{
  "step": 41,
  "group": 0,
  "rollout": 36,
  "reward": 2.5979740738904367,
  "raw_score": 2.5979740738904367,
  "valid": true,
  "parsed": true,
  "ran": true,
  "msg": "ok",
  "advantage": -1.0,
  "beta": 1048576.0,
  "n_response_tokens": 3229,
  "sandbox_stdout": "Invalid packing: Circle 0 at (0.07999999999999999,0.07999999999999999) r=0.08639999999999999 outside unit square\nInvalid packing: Circles 0 and 5 overlap\nInvalid packing: Circle 0 at (1.0,0.0) r=1.0 outside unit square\nInvalid packing: Circle 3 at (0.0,0.0) r=1.0 outside unit square\nInvalid packing: Circle 0 at (0.07999999999999999,0.07999999999999999) r=0.08639999999999999 outside unit square\nInvalid packing: Circle 6 at (0.07094292298536792,0.3485568745058244) r=0.0709429230038786 outside unit square\nInvalid packing: Circle 0 at (1.0,1.0) r=1.0 outside unit square\nInvalid packing: Circle 1 at (0.9231145713678646,0.07688542838096762) r=0.076885428500706 outside unit square\nInvalid packing: Circles 0 and 5 overlap\n",
  "parent_value": 2.6359830833537847,
  "parent_is_seed": false
}