{
  "step": 41,
  "group": 3,
  "rollout": 10,
  "reward": 2.619467594577491,
  "raw_score": 2.619467594577491,
  "valid": true,
  "parsed": true,
  "ran": true,
  "msg": "ok",
  "advantage": -1.0,
  "beta": 1048576.0,
  "n_response_tokens": 2162,
  "sandbox_stdout": "Invalid packing for guess 1: Circle 0 at (1.0,0.0) r=1.0 outside unit square\nInvalid packing for guess 3: Circle 19 at (0.8505671867589059,0.6704802751695225) r=0.14943281358618332 outside unit square\n",
  "parent_value": 2.635983083334135,
  "parent_is_seed": false
}