{
  "step": 41,
  "group": 2,
  "rollout": 29,
  "reward": 2.635983083334135,
  "raw_score": 2.635983083334135,
  "valid": true,
  "parsed": true,
  "ran": true,
  "msg": "ok",
  "advantage": 0.04999999999889759,
  "beta": 1048576.0,
  "n_response_tokens": 2038,
  "sandbox_stdout": "Invalid packing: Circle 0 at (1.0,0.0) r=1.0 outside unit square\nInvalid packing: Circle 5 at (0.7392572499384573,0.11058589186982686) r=0.11058589189836766 outside unit square\n",
  "parent_value": 2.635983083334135,
  "parent_is_seed": false
}