{
  "step": 41,
  "group": 1,
  "rollout": 61,
  "reward": 2.635983083334135,
  "raw_score": 2.635983083334135,
  "valid": true,
  "parsed": true,
  "ran": true,
  "msg": "ok",
  "advantage": 0.10526315789351526,
  "beta": 1048576.0,
  "n_response_tokens": 2254,
  "sandbox_stdout": "Invalid packing for guess 0: Circles 1 and 5 overlap\nInvalid packing for guess 1: Circle 0 at (0.0,1.0) r=1.0 outside unit square\nInvalid packing for guess 2: Circle 4 at (0.5551264129739986,0.5551264129739986) r=0.5551264129739986 outside unit square\n",
  "parent_value": 2.635983083334135,
  "parent_is_seed": false
}