{
  "step": 41,
  "group": 1,
  "rollout": 25,
  "reward": 2.6301132208390383,
  "raw_score": 2.6301132208390383,
  "valid": true,
  "parsed": true,
  "ran": true,
  "msg": "ok",
  "advantage": -1.0,
  "beta": 1048576.0,
  "n_response_tokens": 1984,
  "sandbox_stdout": "Invalid packing for guess 0: Circles 1 and 5 overlap\nInvalid packing for guess 2: Circle 11 at (0.68061458951878,0.12579961915700352) r=0.1257996191832064 outside unit square\n",
  "parent_value": 2.635983083334135,
  "parent_is_seed": false
}