{
  "step": 41,
  "group": 3,
  "rollout": 18,
  "reward": 2.635983083334135,
  "raw_score": 2.635983083334135,
  "valid": true,
  "parsed": true,
  "ran": true,
  "msg": "ok",
  "advantage": 0.3404255319130969,
  "beta": 1048576.0,
  "n_response_tokens": 2097,
  "sandbox_stdout": "Invalid packing for guess 0: Circle 0 at (1.0,0.0) r=1.0 outside unit square\nInvalid packing for guess 1: Circle 8 at (0.8741818323929864,0.12581816657231987) r=0.12581816753332556 outside unit square\n",
  "parent_value": 2.635983083334135,
  "parent_is_seed": false
}