{
  "step": 14,
  "group": 2,
  "rollout": 8,
  "reward": 2.4711446619869326,
  "raw_score": 2.4711446619869326,
  "valid": true,
  "parsed": true,
  "ran": true,
  "msg": "ok",
  "advantage": 1.8928307293663478,
  "beta": 1.3973708281492443,
  "n_response_tokens": 3760,
  "sandbox_stdout": "",
  "parent_value": 2.4707136070508424,
  "parent_is_seed": false
}