{
  "step": 14,
  "group": 0,
  "rollout": 9,
  "reward": 2.4707136070508424,
  "raw_score": 2.4707136070508424,
  "valid": true,
  "parsed": true,
  "ran": true,
  "msg": "ok",
  "advantage": 0.23841770765125148,
  "beta": 608.4926297162139,
  "n_response_tokens": 2631,
  "sandbox_stdout": "Validation Failed: Circle 4 at (1.125,0.125) r=0.0 outside unit square\nValidation Failed: Circle 25 at (-0.04667384089198954,0.08981930586636053) r=0.0 outside unit square\n",
  "parent_value": 2.470713607050845,
  "parent_is_seed": false
}