{
  "step": 14,
  "group": 0,
  "rollout": 2,
  "reward": 1.949999999999999,
  "raw_score": 1.949999999999999,
  "valid": true,
  "parsed": true,
  "ran": true,
  "msg": "ok",
  "advantage": -1.0,
  "beta": 608.4926297162139,
  "n_response_tokens": 2763,
  "sandbox_stdout": "Validation Failed: Circle 25 at (0.1,1.1) r=0.0 outside unit square\nValidation Failed: Circle 3 at (1.0499999999999998,0.15) r=0.0 outside unit square\n",
  "parent_value": 2.470713607050845,
  "parent_is_seed": false
}