{
  "step": 14,
  "group": 3,
  "rollout": 7,
  "reward": 2.083343333333333,
  "raw_score": 2.083343333333333,
  "valid": true,
  "parsed": true,
  "ran": true,
  "msg": "ok",
  "advantage": -0.017376505739747583,
  "beta": 2.449144304748089,
  "n_response_tokens": 2310,
  "sandbox_stdout": "Validation Failed: Circle 20 at (0.2,1.2) r=0.0 outside unit square\n",
  "parent_value": 2.4707136070508424,
  "parent_is_seed": false
}