{
  "step": 14,
  "group": 0,
  "rollout": 4,
  "reward": 2.4707136070508424,
  "raw_score": 2.4707136070508424,
  "valid": true,
  "parsed": true,
  "ran": true,
  "msg": "ok",
  "advantage": 0.23841770765125148,
  "beta": 608.4926297162139,
  "n_response_tokens": 2707,
  "sandbox_stdout": "Validation Failed: Circle 5 at (1.1,0.1) r=0.0 outside unit square\nValidation Failed: Circle 25 at (-0.08552285695722134,0.07168478164949232) r=0.0 outside unit square\n",
  "parent_value": 2.470713607050845,
  "parent_is_seed": false
}