{
  "step": 14,
  "group": 1,
  "rollout": 16,
  "reward": 2.463980840484674,
  "raw_score": 2.463980840484674,
  "valid": true,
  "parsed": true,
  "ran": true,
  "msg": "ok",
  "advantage": 1.3773212064270504,
  "beta": 2.13675306743489,
  "n_response_tokens": 2498,
  "sandbox_stdout": "Validation Failed: Circle 2 at (1.25,0.25) r=0.0 outside unit square\n",
  "parent_value": 2.470713607050845,
  "parent_is_seed": false
}