{
  "step": 14,
  "group": 3,
  "rollout": 5,
  "reward": 2.4707136070508424,
  "raw_score": 2.4707136070508424,
  "valid": true,
  "parsed": true,
  "ran": true,
  "msg": "ok",
  "advantage": 1.7215332433465278,
  "beta": 2.449144304748089,
  "n_response_tokens": 2437,
  "sandbox_stdout": "",
  "parent_value": 2.4707136070508424,
  "parent_is_seed": false
}