{
  "step": 14,
  "group": 1,
  "rollout": 10,
  "reward": 2.4707136070508424,
  "raw_score": 2.4707136070508424,
  "valid": true,
  "parsed": true,
  "ran": true,
  "msg": "ok",
  "advantage": 1.4153867754857359,
  "beta": 2.13675306743489,
  "n_response_tokens": 2897,
  "sandbox_stdout": "Validation Failed: Circle 4 at (1.125,0.5580127018922193) r=0.0 outside unit square\nValidation Failed: Circle 9 at (1.1,0.44641016151377544) r=0.0 outside unit square\n",
  "parent_value": 2.470713607050845,
  "parent_is_seed": false
}