{
  "step": 14,
  "group": 2,
  "rollout": 17,
  "reward": 2.4707106781186545,
  "raw_score": 2.4707106781186545,
  "valid": true,
  "parsed": true,
  "ran": true,
  "msg": "ok",
  "advantage": 1.890856511018744,
  "beta": 1.3973708281492443,
  "n_response_tokens": 2320,
  "sandbox_stdout": "Validation Failed: Circle 4 at (1.1,0.30000000000000004) r=0.0 outside unit square\n",
  "parent_value": 2.4707136070508424,
  "parent_is_seed": false
}