{
  "step": 14,
  "group": 2,
  "rollout": 6,
  "reward": 0.0,
  "raw_score": null,
  "valid": false,
  "parsed": true,
  "ran": false,
  "msg": "run_failed: `constraint` of an unknown type is passed.",
  "advantage": -0.9183897052780525,
  "beta": 1.3973708281492443,
  "n_response_tokens": 2744,
  "sandbox_stdout": "Validation Failed: Circle 0 at (0.0757202735132678,0.05789109692265281) r=0.07499999134748521 outside unit square\nValidation Failed: Circle 1 at (0.21510106253265657,0.07015503563108307) r=0.07499999136621167 outside unit square\nValidation Failed: Circles 2 and 3 overlap\nValidation Failed: Circle 3 at (0.540270986669287,0.05845744719662987) r=0.07499999136616102 outside unit square\nValidation Failed: Circle 4 at (0.6906881559017055,0.07262437463026404) r=0.07499999136626259 outside unit square\nValidation Failed: Circles 5 and 6 overlap\nValidation Failed: Circles 1 and 6 overlap\nValidation Failed: Circles 2 and 7 overlap\nValidation Failed: Circles 3 and 8 overlap\nValidation Failed: Circles 4 and 9 overlap\nValidation Failed: Circle 10 at (0.067201248874573,0.38788321262591624) r=0.07499999136626262 outside unit square\nValidation Failed: Circles 10 and 11 overlap\nValidation Failed: Circles 7 and 12 overlap\nValidation Failed: Circles 13 and 14 overlap\nValidation Failed: Circles 14 and 19 overlap\nValidation Failed: Circles 10 and 15 overlap\nValidation Failed: Circles 15 and 16 overlap\nValidation Failed: Circles 12 and 17 overlap\nValidation Failed: Circles 13 and 18 overlap\nValidation Failed: Circles 19 and 24 overlap\nValidation Failed: Circles 15 and 20 overlap\nValidation Failed: Circles 21 and 22 overlap\nValidation Failed: Circles 21 and 22 overlap\nValidation Failed: Circles 18 and 23 overlap\nValidation Failed: Circles 19 and 24 overlap\nValidation Failed: Circle 25 at (0.9352964207651223,0.09507965732936385) r=0.07499999136613883 outside unit square\n",
  "parent_value": 2.4707136070508424,
  "parent_is_seed": false
}