{
  "step": 8,
  "group": 1,
  "rollout": 5,
  "reward": 1.733333333333333,
  "raw_score": 1.733333333333333,
  "valid": true,
  "parsed": true,
  "ran": true,
  "msg": "ok",
  "advantage": 0.5761303688488746,
  "beta": 1.6450296747163016,
  "n_response_tokens": 1832,
  "sandbox_stdout": "",
  "parent_value": 2.3999999999999955,
  "parent_is_seed": false
}