{
  "step": 21,
  "group": 3,
  "rollout": 6,
  "reward": 2.635328255543032,
  "raw_score": 2.635328255543032,
  "valid": true,
  "parsed": true,
  "ran": true,
  "msg": "ok",
  "advantage": -0.22419546959563907,
  "beta": 4814.162330611157,
  "n_response_tokens": 2099,
  "sandbox_stdout": "Invalid packing: Circle 1 at (0.9482456041144905,0.9480297148688198) r=0.055902719468446924 outside unit square\n",
  "parent_value": 2.635328255543032,
  "parent_is_seed": false
}