{
  "step": 21,
  "group": 2,
  "rollout": 7,
  "reward": 2.635916149144346,
  "raw_score": 2.635916149144346,
  "valid": true,
  "parsed": true,
  "ran": true,
  "msg": "ok",
  "advantage": -0.07982028431128518,
  "beta": 56839.822994189984,
  "n_response_tokens": 2068,
  "sandbox_stdout": "",
  "parent_value": 2.635916149144346,
  "parent_is_seed": false
}