{
  "step": 21,
  "group": 1,
  "rollout": 24,
  "reward": 2.635312740562654,
  "raw_score": 2.635312740562654,
  "valid": true,
  "parsed": true,
  "ran": true,
  "msg": "ok",
  "advantage": -0.1988795641937101,
  "beta": 2857.4028600684724,
  "n_response_tokens": 2129,
  "sandbox_stdout": "",
  "parent_value": 2.6359673505844903,
  "parent_is_seed": false
}