{
  "step": 21,
  "group": 4,
  "rollout": 58,
  "reward": 2.554565183148298,
  "raw_score": 2.554565183148298,
  "valid": true,
  "parsed": true,
  "ran": true,
  "msg": "ok",
  "advantage": -1.0,
  "beta": 1048576.0,
  "n_response_tokens": 2293,
  "sandbox_stdout": "Invalid packing: Circle 2 at (0.0,1.0) r=1.0 outside unit square\nInvalid packing: Circle 4 at (1.0,0.2727272727272727) r=0.19999926666935558 outside unit square\nInvalid packing: Circle 4 at (1.0,0.2580645161290323) r=0.18749927344031544 outside unit square\nInvalid packing: Circle 0 at (0.0,0.0) r=2.5583659161181505e-06 outside unit square\n",
  "parent_value": 2.6355745947327804,
  "parent_is_seed": false
}