{
  "step": 21,
  "group": 7,
  "rollout": 18,
  "reward": 0.0,
  "raw_score": 0.0,
  "valid": true,
  "parsed": true,
  "ran": true,
  "msg": "ok",
  "advantage": -1.0,
  "beta": 1048576.0,
  "n_response_tokens": 2424,
  "sandbox_stdout": "Invalid packing: Circle 0 at (0.07407407407407407,0.07407407407407407) r=1.0 outside unit square\nInvalid packing: Circle 0 at (0.18955895065918676,0.5528541235092101) r=1.0 outside unit square\nInvalid packing: Circle 0 at (0.2580645161290323,0.2580645161290323) r=0.9999999939225293 outside unit square\nInvalid packing: Circle 0 at (0.2325581395348837,0.2325581395348837) r=0.9999999994736442 outside unit square\nInvalid packing: Circle 0 at (0.2727272727272727,0.2727272727272727) r=0.9999999939225293 outside unit square\nInvalid packing: Circle 0 at (0.0,0.0) r=1.0 outside unit square\n",
  "parent_value": 2.635312776568061,
  "parent_is_seed": false
}