{
  "step": 21,
  "group": 1,
  "rollout": 63,
  "reward": 2.635312368135946,
  "raw_score": 2.635312368135946,
  "valid": true,
  "parsed": true,
  "ran": true,
  "msg": "ok",
  "advantage": -0.19974246509838833,
  "beta": 2857.4028600684724,
  "n_response_tokens": 2429,
  "sandbox_stdout": "",
  "parent_value": 2.6359673505844903,
  "parent_is_seed": false
}