{
  "step": 21,
  "group": 1,
  "rollout": 12,
  "reward": 2.635967391527069,
  "raw_score": 2.635967391527069,
  "valid": true,
  "parsed": true,
  "ran": true,
  "msg": "ok",
  "advantage": 4.591547683499796,
  "beta": 2857.4028600684724,
  "n_response_tokens": 2094,
  "sandbox_stdout": "Invalid packing: Circles 0 and 11 overlap\n",
  "parent_value": 2.6359673505844903,
  "parent_is_seed": false
}