{
  "step": 21,
  "group": 0,
  "rollout": 40,
  "reward": 2.63531277715664,
  "raw_score": 2.63531277715664,
  "valid": true,
  "parsed": true,
  "ran": true,
  "msg": "ok",
  "advantage": 0.46515863158466675,
  "beta": 1048576.0,
  "n_response_tokens": 2533,
  "sandbox_stdout": "Invalid packing: Circle 3 at (0.4891987767370806,0.17146548402961892) r=0.17146634406432223 outside unit square\n",
  "parent_value": 2.635312777129072,
  "parent_is_seed": false
}