{
  "step": 7,
  "group": 0,
  "rollout": 11,
  "reward": 1.1999999999999997,
  "raw_score": 1.1999999999999997,
  "valid": true,
  "parsed": true,
  "ran": true,
  "msg": "ok",
  "advantage": -0.23974240705354327,
  "algo": "ppo",
  "ppo_epochs": 4,
  "ppo_clip": 0.2,
  "n_response_tokens": 2056,
  "sandbox_stdout": "",
  "parent_value": 2.2887425886722785,
  "parent_is_seed": false
}