{
  "step": 42,
  "group": 7,
  "rollout": 38,
  "reward": 2.635983083334135,
  "raw_score": 2.635983083334135,
  "valid": true,
  "parsed": true,
  "ran": true,
  "msg": "ok",
  "advantage": 0.08620689655054448,
  "beta": 1048576.0,
  "n_response_tokens": 2341,
  "sandbox_stdout": "Invalid packing: Circles 1 and 5 overlap\nInvalid packing: Circle 0 at (0.0,1.0) r=1.0 outside unit square\nInvalid packing: Circle 1 at (0.9385294956273798,0.9385294994218029) r=0.061470503768872586 outside unit square\n",
  "parent_value": 2.635983083334135,
  "parent_is_seed": false
}