{
  "step": 42,
  "group": 2,
  "rollout": 46,
  "reward": 2.6301132212969853,
  "raw_score": 2.6301132212969853,
  "valid": true,
  "parsed": true,
  "ran": true,
  "msg": "ok",
  "advantage": -1.0,
  "beta": 1048576.0,
  "n_response_tokens": 2433,
  "sandbox_stdout": "",
  "parent_value": 2.6359830833537847,
  "parent_is_seed": false
}