{
  "step": 42,
  "group": 0,
  "rollout": 13,
  "reward": 2.6359830833539046,
  "raw_score": 2.6359830833539046,
  "valid": true,
  "parsed": true,
  "ran": true,
  "msg": "ok",
  "advantage": 0.016129031409901184,
  "beta": 1048576.0,
  "n_response_tokens": 2266,
  "sandbox_stdout": "Invalid packing: Circle 10 at (0.1292507065109652,0.8707492954181316) r=0.12925070644544948 outside unit square\n",
  "parent_value": 2.6359830833539046,
  "parent_is_seed": false
}