{
  "step": 42,
  "group": 5,
  "rollout": 46,
  "reward": 2.635983083334135,
  "raw_score": 2.635983083334135,
  "valid": true,
  "parsed": true,
  "ran": true,
  "msg": "ok",
  "advantage": 0.03278688524483497,
  "beta": 1048576.0,
  "n_response_tokens": 2049,
  "sandbox_stdout": "Invalid packing: Circle 0 at (0.07999999999999999,0.07999999999999999) r=1.0 outside unit square\nInvalid packing: Circle 0 at (0.07999999999999999,0.07999999999999999) r=1.0 outside unit square\nInvalid packing: Circle 1 at (0.9953822813649003,0.9953805703953819) r=0.004619427676258807 outside unit square\n",
  "parent_value": 2.635983083334135,
  "parent_is_seed": false
}