{
  "step": 42,
  "group": 6,
  "rollout": 0,
  "reward": 2.635983083334135,
  "raw_score": 2.635983083334135,
  "valid": true,
  "parsed": true,
  "ran": true,
  "msg": "ok",
  "advantage": 0.06779661016835137,
  "beta": 1048576.0,
  "n_response_tokens": 2292,
  "sandbox_stdout": "Invalid packing: Circle 0 at (0.07999999999999999,0.07999999999999999) r=1.0 outside unit square\nInvalid packing: Circle 0 at (0.07999999999999999,0.07999999999999999) r=1.0 outside unit square\nInvalid packing: Circle 16 at (0.9531578837029661,0.6651558487289392) r=0.04684211629815451 outside unit square\n",
  "parent_value": 2.635983083334135,
  "parent_is_seed": false
}