{
  "step": 42,
  "group": 2,
  "rollout": 56,
  "reward": 2.6359830833537847,
  "raw_score": 2.6359830833537847,
  "valid": true,
  "parsed": true,
  "ran": true,
  "msg": "ok",
  "advantage": 0.10526315789351526,
  "beta": 1048576.0,
  "n_response_tokens": 3033,
  "sandbox_stdout": "Invalid packing: Circle 0 at (0.07999999999999999,0.07999999999999999) r=1.0 outside unit square\nInvalid packing: Circle 0 at (0.07999999999999999,0.07999999999999999) r=1.0 outside unit square\nInvalid packing: Circle 0 at (0.8143196422899276,0.9230675902441008) r=0.07693240978832984 outside unit square\nInvalid packing: Circle 1 at (0.0,1.0) r=1.0 outside unit square\nInvalid packing: Circle 9 at (0.8661392242852735,0.29840212921059933) r=0.13386077572597943 outside unit square\nInvalid packing: Circle 0 at (0.0,0.0) r=1.0 outside unit square\nInvalid packing: Circle 12 at (0.6940085807561152,0.1371409781769992) r=0.13714097870680705 outside unit square\n",
  "parent_value": 2.6359830833537847,
  "parent_is_seed": false
}