{
  "step": 42,
  "group": 2,
  "rollout": 49,
  "reward": 2.622430940034793,
  "raw_score": 2.622430940034793,
  "valid": true,
  "parsed": true,
  "ran": true,
  "msg": "ok",
  "advantage": -1.0,
  "beta": 1048576.0,
  "n_response_tokens": 3446,
  "sandbox_stdout": "Invalid packing: Circle 0 at (0.07999999999999999,0.07999999999999999) r=0.08639999999999999 outside unit square\nInvalid packing: Circle 0 at (0.0,0.0) r=0.22472827508429213 outside unit square\nInvalid packing: Circle 0 at (0.4946001135158798,0.9358891967238048) r=0.06411080436134481 outside unit square\nInvalid packing: Circle 0 at (0.07999999999999999,0.07999999999999999) r=0.08639999999999999 outside unit square\nInvalid packing: Circle 0 at (0.5557823764900028,0.16433221041074372) r=0.16433221088118205 outside unit square\nInvalid packing: Circle 3 at (1.0,1.0) r=1.0 outside unit square\nInvalid packing: Circle 1 at (0.9999999994,0.9999999998) r=5.999999998500003e-10 outside unit square\nInvalid packing: Circle 0 at (0.9999932088512532,0.0) r=1.0 outside unit square\n",
  "parent_value": 2.6359830833537847,
  "parent_is_seed": false
}