{
  "step": 42,
  "group": 2,
  "rollout": 8,
  "reward": 2.633035227308415,
  "raw_score": 2.633035227308415,
  "valid": true,
  "parsed": true,
  "ran": true,
  "msg": "ok",
  "advantage": -1.0,
  "beta": 1048576.0,
  "n_response_tokens": 3159,
  "sandbox_stdout": "Invalid packing: Circle 4 at (0.8634162378053983,0.13658376235181013) r=0.1365837622416242 outside unit square\nInvalid packing: Circles 2 and 3 overlap\nInvalid packing: Circle 19 at (0.8737506952816815,0.7214234649102561) r=0.12624930471998622 outside unit square\n",
  "parent_value": 2.6359830833537847,
  "parent_is_seed": false
}