{
  "step": 42,
  "group": 3,
  "rollout": 40,
  "reward": 2.635983083334135,
  "raw_score": 2.635983083334135,
  "valid": true,
  "parsed": true,
  "ran": true,
  "msg": "ok",
  "advantage": 0.04999999999889759,
  "beta": 1048576.0,
  "n_response_tokens": 2987,
  "sandbox_stdout": "Invalid packing: Circle 4 at (0.7553175903762515,0.9205598816994103) r=0.07944012143113466 outside unit square\nInvalid packing: Circle 0 at (1.0,1.0) r=1.0 outside unit square\nInvalid packing: Circle 10 at (0.8907789416187918,0.1092210864147904) r=0.10922105888467476 outside unit square\nInvalid packing: Circle 0 at (1.0,1.0) r=1.0 outside unit square\n",
  "parent_value": 2.635983083334135,
  "parent_is_seed": false
}