{
  "step": 1,
  "group": 0,
  "rollout": 12,
  "reward": 0.0,
  "raw_score": null,
  "valid": false,
  "parsed": true,
  "ran": true,
  "msg": "bad_centers_shape: (0,)",
  "advantage": -0.41020336337594754,
  "beta": 21.476978578736254,
  "n_response_tokens": 1705,
  "sandbox_stdout": "Validation failed: Circle 0 at (0.2891442795491542,0.28079296106351875) r=0.9999994199621426 outside unit square\n",
  "parent_value": 0.7479790463206849,
  "parent_is_seed": false
}