{
  "step": 1,
  "group": 0,
  "rollout": 17,
  "reward": 0.13190901025463717,
  "raw_score": 0.13190901025463717,
  "valid": true,
  "parsed": true,
  "ran": true,
  "msg": "ok",
  "advantage": 15.99649230156544,
  "beta": 21.476978578736254,
  "n_response_tokens": 1611,
  "sandbox_stdout": "",
  "parent_value": 0.7479790463206849,
  "parent_is_seed": false
}