{
  "step": 3,
  "group": 0,
  "rollout": 6,
  "reward": 0.0,
  "raw_score": null,
  "valid": false,
  "parsed": true,
  "ran": false,
  "msg": "run_failed: Circle 24 at (0.35,1.05) r=6.038246620079146e-12 outside unit square",
  "advantage": -0.7198443141378277,
  "beta": 1.4395700448667965,
  "n_response_tokens": 1813,
  "sandbox_stdout": "",
  "parent_value": 1.9047619047617887,
  "parent_is_seed": false
}