{
  "step": 3,
  "group": 0,
  "rollout": 1,
  "reward": 2.4591439995447217e-14,
  "raw_score": 2.4591439995447217e-14,
  "valid": true,
  "parsed": true,
  "ran": true,
  "msg": "ok",
  "advantage": -0.7198443141378172,
  "beta": 1.4395700448667965,
  "n_response_tokens": 1272,
  "sandbox_stdout": "",
  "parent_value": 1.9047619047617887,
  "parent_is_seed": false
}