{
  "step": 22,
  "group": 1,
  "rollout": 34,
  "reward": 2.63531236813605,
  "raw_score": 2.63531236813605,
  "valid": true,
  "parsed": true,
  "ran": true,
  "msg": "ok",
  "advantage": -0.6231046554785544,
  "beta": 3223.1265609788393,
  "n_response_tokens": 2309,
  "sandbox_stdout": "",
  "parent_value": 2.6359674415293193,
  "parent_is_seed": false
}