{
  "step": 22,
  "group": 1,
  "rollout": 3,
  "reward": 2.635312726964589,
  "raw_score": 2.635312726964589,
  "valid": true,
  "parsed": true,
  "ran": true,
  "msg": "ok",
  "advantage": -0.6226658927866797,
  "beta": 3223.1265609788393,
  "n_response_tokens": 2403,
  "sandbox_stdout": "Invalid packing: Circle 12 at (0.14196297005331387,0.858037404742602) r=0.14196263963589847 outside unit square\n",
  "parent_value": 2.6359674415293193,
  "parent_is_seed": false
}