{
  "step": 22,
  "group": 0,
  "rollout": 20,
  "reward": 2.6353127771572655,
  "raw_score": 2.6353127771572655,
  "valid": true,
  "parsed": true,
  "ran": true,
  "msg": "ok",
  "advantage": -0.5761817135976794,
  "beta": 2663.5589913331823,
  "n_response_tokens": 2533,
  "sandbox_stdout": "",
  "parent_value": 2.6359674488569462,
  "parent_is_seed": false
}