{
  "step": 22,
  "group": 0,
  "rollout": 5,
  "reward": 2.632326007258102,
  "raw_score": 2.632326007258102,
  "valid": true,
  "parsed": true,
  "ran": true,
  "msg": "ok",
  "advantage": -0.999852338890253,
  "beta": 2663.5589913331823,
  "n_response_tokens": 2569,
  "sandbox_stdout": "Invalid packing: Circle 0 at (1.0,1.0) r=1.0 outside unit square\nInvalid packing: Circle 0 at (1.0,0.0) r=1.0 outside unit square\n",
  "parent_value": 2.6359674488569462,
  "parent_is_seed": false
}