{
  "step": 22,
  "group": 1,
  "rollout": 29,
  "reward": 2.635967339609681,
  "raw_score": 2.635967339609681,
  "valid": true,
  "parsed": true,
  "ran": true,
  "msg": "ok",
  "advantage": 2.253246160833347,
  "beta": 3223.1265609788393,
  "n_response_tokens": 2309,
  "sandbox_stdout": "",
  "parent_value": 2.6359674415293193,
  "parent_is_seed": false
}