{
  "step": 22,
  "group": 5,
  "rollout": 1,
  "reward": 2.63531277715664,
  "raw_score": 2.63531277715664,
  "valid": true,
  "parsed": true,
  "ran": true,
  "msg": "ok",
  "advantage": 0.2599999999984126,
  "beta": 1048576.0,
  "n_response_tokens": 2616,
  "sandbox_stdout": "Invalid packing: Circle 6 at (0.3965589646027043,0.896023533007202) r=0.10397930848273745 outside unit square\nInvalid packing: Circle 2 at (1.0,1.0) r=1.0 outside unit square\n",
  "parent_value": 2.63531277715664,
  "parent_is_seed": false
}