{
  "step": 22,
  "group": 4,
  "rollout": 10,
  "reward": 0.0,
  "raw_score": 0.0,
  "valid": true,
  "parsed": true,
  "ran": true,
  "msg": "ok",
  "advantage": -1.0,
  "beta": 1048576.0,
  "n_response_tokens": 2480,
  "sandbox_stdout": "Invalid packing: Circle 0 at (0.07610341249061166,0.07610341249061245) r=1.0 outside unit square\nInvalid packing: Circle 0 at (0.9130708725264232,0.08692912751061566) r=1.0 outside unit square\nInvalid packing: Circle 0 at (0.8663275485152742,0.6356422537292641) r=1.0 outside unit square\nInvalid packing: Circle 0 at (0.23603496609195748,0.24212305777705015) r=1.0 outside unit square\nInvalid packing: Circle 0 at (0.8530955633568121,0.959179004691379) r=1.0 outside unit square\nInvalid packing: Circle 0 at (1.0,1.0) r=1.0 outside unit square\n",
  "parent_value": 2.6353282361965875,
  "parent_is_seed": false
}