{
  "step": 22,
  "group": 0,
  "rollout": 41,
  "reward": 2.6299481872582264,
  "raw_score": 2.6299481872582264,
  "valid": true,
  "parsed": true,
  "ran": true,
  "msg": "ok",
  "advantage": -0.9999997377734177,
  "beta": 2663.5589913331823,
  "n_response_tokens": 2640,
  "sandbox_stdout": "Invalid packing: Circle 3 at (0.1920650545781059,0.1921130452977357) r=0.8078789828726851 outside unit square\n",
  "parent_value": 2.6359674488569462,
  "parent_is_seed": false
}