{
  "step": 22,
  "group": 1,
  "rollout": 8,
  "reward": 2.6127601457572642,
  "raw_score": 2.6127601457572642,
  "valid": true,
  "parsed": true,
  "ran": true,
  "msg": "ok",
  "advantage": -1.0,
  "beta": 3223.1265609788393,
  "n_response_tokens": 2486,
  "sandbox_stdout": "Invalid packing: Circle 0 at (0.9999999996888183,0.9999999996888183) r=0.9999999996888183 outside unit square\nInvalid packing: Circle 0 at (1.0,1.0) r=1.0 outside unit square\nInvalid packing: Circle 1 at (0.0,0.0) r=1.0 outside unit square\n",
  "parent_value": 2.6359674415293193,
  "parent_is_seed": false
}