{
  "step": 22,
  "group": 7,
  "rollout": 61,
  "reward": 2.6353127771088105,
  "raw_score": 2.6353127771088105,
  "valid": true,
  "parsed": true,
  "ran": true,
  "msg": "ok",
  "advantage": -3.7442020098810147e-06,
  "beta": 179124.42030087224,
  "n_response_tokens": 2534,
  "sandbox_stdout": "",
  "parent_value": 2.635312777128501,
  "parent_is_seed": false
}