{
  "step": 22,
  "group": 4,
  "rollout": 60,
  "reward": 2.6353282361965875,
  "raw_score": 2.6353282361965875,
  "valid": true,
  "parsed": true,
  "ran": true,
  "msg": "ok",
  "advantage": 0.12499999999873457,
  "beta": 1048576.0,
  "n_response_tokens": 2568,
  "sandbox_stdout": "Invalid packing: Circle 3 at (0.0,0.0) r=1.0 outside unit square\n",
  "parent_value": 2.6353282361965875,
  "parent_is_seed": false
}