{
  "step": 22,
  "group": 1,
  "rollout": 59,
  "reward": 2.629030037701353,
  "raw_score": 2.629030037701353,
  "valid": true,
  "parsed": true,
  "ran": true,
  "msg": "ok",
  "advantage": -0.9999999993978403,
  "beta": 3223.1265609788393,
  "n_response_tokens": 2045,
  "sandbox_stdout": "Invalid packing: Circles 2 and 17 overlap\n",
  "parent_value": 2.6359674415293193,
  "parent_is_seed": false
}