{
  "step": 22,
  "group": 0,
  "rollout": 55,
  "reward": 2.6336695556828764,
  "raw_score": 2.6336695556828764,
  "valid": true,
  "parsed": true,
  "ran": true,
  "msg": "ok",
  "advantage": -0.9947097437653599,
  "beta": 2663.5589913331823,
  "n_response_tokens": 2268,
  "sandbox_stdout": "",
  "parent_value": 2.6359674488569462,
  "parent_is_seed": false
}