{
  "step": 22,
  "group": 4,
  "rollout": 17,
  "reward": 2.6063654363079327,
  "raw_score": 2.6063654363079327,
  "valid": true,
  "parsed": true,
  "ran": true,
  "msg": "ok",
  "advantage": -1.0,
  "beta": 1048576.0,
  "n_response_tokens": 2566,
  "sandbox_stdout": "Invalid packing: Circle 0 at (0.7995786826037737,0.9407491099015787) r=0.05925089409997569 outside unit square\nInvalid packing: Circle 1 at (1.0,1.0) r=1.0 outside unit square\nInvalid packing: Circle 2 at (0.061140781086450914,0.9388592189135491) r=0.5756798227250859 outside unit square\n",
  "parent_value": 2.6353282361965875,
  "parent_is_seed": false
}