{
  "step": 22,
  "group": 1,
  "rollout": 6,
  "reward": 2.635312777114595,
  "raw_score": 2.635312777114595,
  "valid": true,
  "parsed": true,
  "ran": true,
  "msg": "ok",
  "advantage": -0.622604530243214,
  "beta": 3223.1265609788393,
  "n_response_tokens": 2489,
  "sandbox_stdout": "",
  "parent_value": 2.6359674415293193,
  "parent_is_seed": false
}