{
  "step": 22,
  "group": 0,
  "rollout": 38,
  "reward": 2.635665943962485,
  "raw_score": 2.635665943962485,
  "valid": true,
  "parsed": true,
  "ran": true,
  "msg": "ok",
  "advantage": 0.0972333352402488,
  "beta": 2663.5589913331823,
  "n_response_tokens": 2524,
  "sandbox_stdout": "",
  "parent_value": 2.6359674488569462,
  "parent_is_seed": false
}