{
  "step": 22,
  "group": 4,
  "rollout": 46,
  "reward": 2.6353282361965875,
  "raw_score": 2.6353282361965875,
  "valid": true,
  "parsed": true,
  "ran": true,
  "msg": "ok",
  "advantage": 0.12499999999873457,
  "beta": 1048576.0,
  "n_response_tokens": 2693,
  "sandbox_stdout": "Invalid packing: Circle 24 at (0.9230655441811803,0.6930732832434942) r=0.07693473357669814 outside unit square\n",
  "parent_value": 2.6353282361965875,
  "parent_is_seed": false
}