{
  "step": 22,
  "group": 1,
  "rollout": 17,
  "reward": 2.635312777116394,
  "raw_score": 2.635312777116394,
  "valid": true,
  "parsed": true,
  "ran": true,
  "msg": "ok",
  "advantage": -0.6226045280423507,
  "beta": 3223.1265609788393,
  "n_response_tokens": 2306,
  "sandbox_stdout": "",
  "parent_value": 2.6359674415293193,
  "parent_is_seed": false
}