{
  "step": 22,
  "group": 7,
  "rollout": 55,
  "reward": 2.635312777128501,
  "raw_score": 2.635312777128501,
  "valid": true,
  "parsed": true,
  "ran": true,
  "msg": "ok",
  "advantage": -1.6117999712683684e-07,
  "beta": 179124.42030087224,
  "n_response_tokens": 2492,
  "sandbox_stdout": "Invalid packing: Circles 3 and 13 overlap\n",
  "parent_value": 2.635312777128501,
  "parent_is_seed": false
}