{
  "step": 0,
  "group": 4,
  "rollout": 50,
  "reward": 0.0,
  "valid": false,
  "parsed": true,
  "ran": true,
  "msg": "Circle 0 at (1.4497350400293953e-12,0.0) r=0.999999999999714 outside unit square",
  "advantage": -0.31850258607090676,
  "beta": 3.241771152295227,
  "n_response_tokens": 1243,
  "sandbox_stdout": "",
  "parent_value": 0.0,
  "parent_is_seed": true
}