{
  "step": 0,
  "group": 4,
  "rollout": 12,
  "reward": 0.0,
  "valid": false,
  "parsed": true,
  "ran": false,
  "msg": "run_failed: Circle 0 at (0.08333333333333333,0.07142857142857142) r=12207031.050000062 outside unit square",
  "advantage": -0.31850258607090676,
  "beta": 3.241771152295227,
  "n_response_tokens": 1309,
  "sandbox_stdout": "",
  "parent_value": 0.0,
  "parent_is_seed": true
}