{
  "step": 0,
  "group": 3,
  "rollout": 37,
  "reward": 0.0,
  "valid": false,
  "parsed": true,
  "ran": true,
  "msg": "Circle 0 at (0.012459062414782729,0.01267599694503583) r=0.1 outside unit square",
  "advantage": -0.3060581869150918,
  "beta": 2.6879032587142544,
  "n_response_tokens": 1506,
  "sandbox_stdout": "Validation failed: Circle 0 at (0.012459062414782729,0.01267599694503583) r=0.1 outside unit square\n",
  "parent_value": 0.0,
  "parent_is_seed": true
}