{
  "step": 19,
  "group": 3,
  "rollout": 13,
  "reward": 0.0,
  "raw_score": null,
  "valid": false,
  "parsed": true,
  "ran": false,
  "msg": "run_failed: Packing is invalid: Circle 0 at (-904482.3283477657,1807959.7433236036) r=543700829.347127 outside unit square",
  "advantage": -0.744302484177457,
  "beta": 1.12977480956627,
  "n_response_tokens": 2022,
  "sandbox_stdout": "",
  "parent_value": 2.4399998961426874,
  "parent_is_seed": false
}