{
  "step": 19,
  "group": 3,
  "rollout": 19,
  "reward": 2.2611350536467034,
  "raw_score": 2.2611350536467034,
  "valid": true,
  "parsed": true,
  "ran": true,
  "msg": "ok",
  "advantage": 2.7896725497268156,
  "beta": 1.12977480956627,
  "n_response_tokens": 2110,
  "sandbox_stdout": "",
  "parent_value": 2.4399998961426874,
  "parent_is_seed": false
}