{
  "step": 19,
  "group": 0,
  "rollout": 0,
  "reward": 0.0,
  "raw_score": null,
  "valid": false,
  "parsed": true,
  "ran": false,
  "msg": "run_failed: Packing is invalid: Circle 0 at (1223119.3298406296,2090004.125672121) r=2103716406.9063911 outside unit square",
  "advantage": -0.9332741220797968,
  "beta": 1.4406290378762114,
  "n_response_tokens": 2086,
  "sandbox_stdout": "",
  "parent_value": 2.440000000000001,
  "parent_is_seed": false
}