{
  "step": 19,
  "group": 2,
  "rollout": 5,
  "reward": 2.4399999364364033,
  "raw_score": 2.4399999364364033,
  "valid": true,
  "parsed": true,
  "ran": true,
  "msg": "ok",
  "advantage": 1.9079701566126688,
  "beta": 1.4715608161104095,
  "n_response_tokens": 2186,
  "sandbox_stdout": "",
  "parent_value": 2.4399999364364033,
  "parent_is_seed": false
}