{
  "step": 19,
  "group": 2,
  "rollout": 8,
  "reward": 0.3329354658336578,
  "raw_score": 0.3329354658336578,
  "valid": true,
  "parsed": true,
  "ran": true,
  "msg": "ok",
  "advantage": -0.8831902594552982,
  "beta": 1.4715608161104095,
  "n_response_tokens": 2033,
  "sandbox_stdout": "",
  "parent_value": 2.4399999364364033,
  "parent_is_seed": false
}