{
  "step": 10,
  "group": 0,
  "rollout": 11,
  "reward": 0.5131578947368423,
  "raw_score": 0.5131578947368423,
  "valid": true,
  "parsed": true,
  "ran": true,
  "msg": "ok",
  "advantage": -0.7709232780441261,
  "algo": "ppo",
  "ppo_epochs": 4,
  "ppo_clip": 0.2,
  "n_response_tokens": 1618,
  "sandbox_stdout": "",
  "parent_value": 2.4535533905932736,
  "parent_is_seed": false
}