{
  "step": 35,
  "group": 0,
  "rollout": 2,
  "reward": 2.635983083334135,
  "raw_score": 2.635983083334135,
  "valid": true,
  "parsed": true,
  "ran": true,
  "msg": "ok",
  "advantage": 0.06779946221463096,
  "beta": 1048576.0,
  "n_response_tokens": 2074,
  "sandbox_stdout": "Invalid packing: Circle 0 at (0.07999999999999999,0.07999999999999999) r=1.0 outside unit square\nInvalid packing: Circle 0 at (0.07999999999999999,0.07999999999999999) r=1.0 outside unit square\nInvalid packing: Circle 19 at (0.855901728084203,0.32136991449269975) r=0.14409827193795247 outside unit square\n",
  "parent_value": 2.635983083334135,
  "parent_is_seed": false
}