{
  "step": 2,
  "group": 0,
  "rollout": 22,
  "reward": 2.511854380465015,
  "raw_score": 2.511854380465015,
  "valid": true,
  "parsed": true,
  "ran": true,
  "msg": "ok",
  "advantage": 1.766925567806052,
  "beta": 1.1164346846513087,
  "n_response_tokens": 1565,
  "sandbox_stdout": "",
  "parent_value": 2.5637183577424163,
  "parent_is_seed": false
}