{
  "step": 2,
  "group": 0,
  "rollout": 15,
  "reward": 2.5203598196875983,
  "raw_score": 2.5203598196875983,
  "valid": true,
  "parsed": true,
  "ran": true,
  "msg": "ok",
  "advantage": 1.7965346323636933,
  "beta": 1.1164346846513087,
  "n_response_tokens": 1410,
  "sandbox_stdout": "",
  "parent_value": 2.5637183577424163,
  "parent_is_seed": false
}