{
  "step": 2,
  "group": 0,
  "rollout": 18,
  "reward": 2.568336333911267,
  "raw_score": 2.568336333911267,
  "valid": true,
  "parsed": true,
  "ran": true,
  "msg": "ok",
  "advantage": 1.9702802696632742,
  "beta": 1.1164346846513087,
  "n_response_tokens": 1778,
  "sandbox_stdout": "",
  "parent_value": 2.5637183577424163,
  "parent_is_seed": false
}