{
  "step": 2,
  "group": 0,
  "rollout": 6,
  "reward": 0.0,
  "raw_score": null,
  "valid": false,
  "parsed": true,
  "ran": true,
  "msg": "bad_centers_shape: (0,)",
  "advantage": -0.8494799563222575,
  "beta": 1.1164346846513087,
  "n_response_tokens": 1672,
  "sandbox_stdout": "Validation failed: Circle 0 at (0.9999968622155748,0.028376102283683674) r=0.9999877727058959 outside unit square\n",
  "parent_value": 2.5637183577424163,
  "parent_is_seed": false
}