{
  "step": 2,
  "group": 3,
  "rollout": 2,
  "reward": 1.6476586414682082e-10,
  "raw_score": 1.6476586414682082e-10,
  "valid": true,
  "parsed": true,
  "ran": true,
  "msg": "ok",
  "advantage": 0.00017278445527835196,
  "beta": 1048576.0,
  "n_response_tokens": 1508,
  "sandbox_stdout": "",
  "parent_value": 0.0,
  "parent_is_seed": false
}