{
  "step": 2,
  "group": 0,
  "rollout": 13,
  "reward": 2.5025685613490976,
  "raw_score": 2.5025685613490976,
  "valid": true,
  "parsed": true,
  "ran": true,
  "msg": "ok",
  "advantage": 1.7349956311966332,
  "beta": 1.1164346846513087,
  "n_response_tokens": 1669,
  "sandbox_stdout": "",
  "parent_value": 2.5637183577424163,
  "parent_is_seed": false
}