{
  "step": 1,
  "group": 0,
  "rollout": 4,
  "reward": 0.48043571400786167,
  "raw_score": 0.48043571400786167,
  "valid": true,
  "parsed": true,
  "ran": true,
  "msg": "ok",
  "advantage": 0.2554779117617243,
  "beta": 2.7561446081196572,
  "n_response_tokens": 2433,
  "sandbox_stdout": "",
  "parent_value": 0.7479790463206849,
  "parent_is_seed": false
}