{
  "step": 15,
  "group": 6,
  "rollout": 17,
  "reward": 2.6301563071929532,
  "raw_score": 2.6301563071929532,
  "valid": true,
  "parsed": true,
  "ran": true,
  "msg": "ok",
  "advantage": -0.7987796365505817,
  "beta": 751.3316974560909,
  "n_response_tokens": 1698,
  "sandbox_stdout": "",
  "parent_value": 2.6323260072585617,
  "parent_is_seed": false
}