{
  "step": 15,
  "group": 4,
  "rollout": 5,
  "reward": 2.608952076511797,
  "raw_score": 2.608952076511797,
  "valid": true,
  "parsed": true,
  "ran": true,
  "msg": "ok",
  "advantage": -1.0,
  "beta": 1048576.0,
  "n_response_tokens": 2142,
  "sandbox_stdout": "Invalid packing: Circle 0 at (0.8652819263116149,0.8657428919318461) r=0.8656601542637574 outside unit square\n",
  "parent_value": 2.6323260072585617,
  "parent_is_seed": false
}