{
  "step": 15,
  "group": 6,
  "rollout": 14,
  "reward": 2.6323260072585617,
  "raw_score": 2.6323260072585617,
  "valid": true,
  "parsed": true,
  "ran": true,
  "msg": "ok",
  "advantage": 0.040817900247225314,
  "beta": 751.3316974560909,
  "n_response_tokens": 1999,
  "sandbox_stdout": "Invalid packing: Circle 8 at (0.5200567481111115,0.8837071998085028) r=0.11640182914428926 outside unit square\n",
  "parent_value": 2.6323260072585617,
  "parent_is_seed": false
}