{
  "step": 15,
  "group": 3,
  "rollout": 42,
  "reward": 2.6160135164288265,
  "raw_score": 2.6160135164288265,
  "valid": true,
  "parsed": true,
  "ran": true,
  "msg": "ok",
  "advantage": -0.9999999999999958,
  "beta": 2072.335900822712,
  "n_response_tokens": 2020,
  "sandbox_stdout": "",
  "parent_value": 2.6323260072585617,
  "parent_is_seed": false
}