{
  "step": 15,
  "group": 5,
  "rollout": 10,
  "reward": 0.0,
  "raw_score": 0.0,
  "valid": true,
  "parsed": true,
  "ran": true,
  "msg": "ok",
  "advantage": -1.0,
  "beta": 285.30209467635365,
  "n_response_tokens": 1914,
  "sandbox_stdout": "Invalid packing: Circle 0 at (0.2890207914516354,0.3805885765839851) r=1.0 outside unit square\nInvalid packing: Circle 0 at (0.8773651783376696,0.12263446912523196) r=1.0 outside unit square\nInvalid packing: Circle 0 at (0.29821398174853225,0.7070810274189446) r=1.0 outside unit square\n",
  "parent_value": 2.6323260072585617,
  "parent_is_seed": false
}