{
  "step": 15,
  "group": 2,
  "rollout": 53,
  "reward": 2.6029304202576182,
  "raw_score": 2.6029304202576182,
  "valid": true,
  "parsed": true,
  "ran": true,
  "msg": "ok",
  "advantage": -0.9999999999998562,
  "beta": 1030.3978848831625,
  "n_response_tokens": 1969,
  "sandbox_stdout": "",
  "parent_value": 2.6323260072585617,
  "parent_is_seed": false
}