{
  "step": 15,
  "group": 1,
  "rollout": 54,
  "reward": 2.606348965779535,
  "raw_score": 2.606348965779535,
  "valid": true,
  "parsed": true,
  "ran": true,
  "msg": "ok",
  "advantage": -0.9999999991432253,
  "beta": 810.1604658380588,
  "n_response_tokens": 2199,
  "sandbox_stdout": "Invalid packing: Circle 0 at (5.81696462164871e-06,0.9999941830353783) r=0.9999941830353783 outside unit square\n",
  "parent_value": 2.632326026503453,
  "parent_is_seed": false
}