{
  "step": 15,
  "group": 6,
  "rollout": 59,
  "reward": 2.6310716806353165,
  "raw_score": 2.6310716806353165,
  "valid": true,
  "parsed": true,
  "ran": true,
  "msg": "ok",
  "advantage": -0.5984571262872325,
  "beta": 751.3316974560909,
  "n_response_tokens": 1970,
  "sandbox_stdout": "",
  "parent_value": 2.6323260072585617,
  "parent_is_seed": false
}