{
  "step": 15,
  "group": 4,
  "rollout": 49,
  "reward": 2.6323260072585617,
  "raw_score": 2.6323260072585617,
  "valid": true,
  "parsed": true,
  "ran": true,
  "msg": "ok",
  "advantage": 0.7027098795873565,
  "beta": 1048576.0,
  "n_response_tokens": 2567,
  "sandbox_stdout": "Invalid packing: Circle 3 at (0.0,1.0) r=1.0 outside unit square\nInvalid packing: Circle 1 at (0.9554492142237849,0.0) r=0.9552920015596957 outside unit square\nInvalid packing: Circle 2 at (1.0,1.0) r=1.0 outside unit square\n",
  "parent_value": 2.6323260072585617,
  "parent_is_seed": false
}