{
  "step": 15,
  "group": 3,
  "rollout": 47,
  "reward": 2.620765921132818,
  "raw_score": 2.620765921132818,
  "valid": true,
  "parsed": true,
  "ran": true,
  "msg": "ok",
  "advantage": -0.9999999999205266,
  "beta": 2072.335900822712,
  "n_response_tokens": 2014,
  "sandbox_stdout": "",
  "parent_value": 2.6323260072585617,
  "parent_is_seed": false
}