{
  "step": 15,
  "group": 4,
  "rollout": 35,
  "reward": 2.6323260072585617,
  "raw_score": 2.6323260072585617,
  "valid": true,
  "parsed": true,
  "ran": true,
  "msg": "ok",
  "advantage": 0.7027098795873565,
  "beta": 1048576.0,
  "n_response_tokens": 2637,
  "sandbox_stdout": "Invalid packing: Circle 4 at (0.35993775388792526,0.6400135326994223) r=0.6400857141242555 outside unit square\nInvalid packing: Circle 2 at (1.0,1.0) r=1.0 outside unit square\n",
  "parent_value": 2.6323260072585617,
  "parent_is_seed": false
}