{
  "step": 15,
  "group": 5,
  "rollout": 31,
  "reward": 2.6301563068775864,
  "raw_score": 2.6301563068775864,
  "valid": true,
  "parsed": true,
  "ran": true,
  "msg": "ok",
  "advantage": 0.26482694604290624,
  "beta": 285.30209467635365,
  "n_response_tokens": 2449,
  "sandbox_stdout": "",
  "parent_value": 2.6323260072585617,
  "parent_is_seed": false
}