{
  "step": 15,
  "group": 7,
  "rollout": 24,
  "reward": 2.6301563074921526,
  "raw_score": 2.6301563074921526,
  "valid": true,
  "parsed": true,
  "ran": true,
  "msg": "ok",
  "advantage": -1.0,
  "beta": 1048576.0,
  "n_response_tokens": 2330,
  "sandbox_stdout": "",
  "parent_value": 2.6323260072585617,
  "parent_is_seed": false
}