{
  "step": 15,
  "group": 5,
  "rollout": 56,
  "reward": 2.6310713846698333,
  "raw_score": 2.6310713846698333,
  "valid": true,
  "parsed": true,
  "ran": true,
  "msg": "ok",
  "advantage": 0.6520488613677922,
  "beta": 285.30209467635365,
  "n_response_tokens": 2598,
  "sandbox_stdout": "Invalid packing: Circle 25 at (0.07999999999999999,1.0) r=0.04799999999999999 outside unit square\nInvalid packing: Circle 2 at (1.0,1.0) r=1.0 outside unit square\n",
  "parent_value": 2.6323260072585617,
  "parent_is_seed": false
}