{
  "step": 15,
  "group": 0,
  "rollout": 26,
  "reward": 2.635312776864959,
  "raw_score": 2.635312776864959,
  "valid": true,
  "parsed": true,
  "ran": true,
  "msg": "ok",
  "advantage": 0.4570259278626465,
  "beta": 3024.018454883466,
  "n_response_tokens": 2199,
  "sandbox_stdout": "Invalid packing: Circle 0 at (0.0,0.0) r=1.0 outside unit square\n",
  "parent_value": 2.635312776864959,
  "parent_is_seed": false
}