{
  "step": 15,
  "group": 5,
  "rollout": 60,
  "reward": 2.6323260072585617,
  "raw_score": 2.6323260072585617,
  "valid": true,
  "parsed": true,
  "ran": true,
  "msg": "ok",
  "advantage": 1.3900468446113052,
  "beta": 285.30209467635365,
  "n_response_tokens": 2306,
  "sandbox_stdout": "Invalid packing: Circle 2 at (1.0,1.0) r=1.0 outside unit square\n",
  "parent_value": 2.6323260072585617,
  "parent_is_seed": false
}