{
  "step": 15,
  "group": 3,
  "rollout": 2,
  "reward": 2.580544578131655,
  "raw_score": 2.580544578131655,
  "valid": true,
  "parsed": true,
  "ran": true,
  "msg": "ok",
  "advantage": -1.0,
  "beta": 2072.335900822712,
  "n_response_tokens": 1622,
  "sandbox_stdout": "",
  "parent_value": 2.6323260072585617,
  "parent_is_seed": false
}