{
  "step": 15,
  "group": 6,
  "rollout": 23,
  "reward": 2.6273673164868696,
  "raw_score": 2.6273673164868696,
  "valid": true,
  "parsed": true,
  "ran": true,
  "msg": "ok",
  "advantage": -0.9753162195281114,
  "beta": 751.3316974560909,
  "n_response_tokens": 2074,
  "sandbox_stdout": "",
  "parent_value": 2.6323260072585617,
  "parent_is_seed": false
}