{
  "step": 15,
  "group": 2,
  "rollout": 61,
  "reward": 2.5991727432126384,
  "raw_score": 2.5991727432126384,
  "valid": true,
  "parsed": true,
  "ran": true,
  "msg": "ok",
  "advantage": -0.999999999999997,
  "beta": 1030.3978848831625,
  "n_response_tokens": 1920,
  "sandbox_stdout": "",
  "parent_value": 2.6323260072585617,
  "parent_is_seed": false
}