{
  "step": 6,
  "group": 2,
  "rollout": 23,
  "reward": 1.9999999999999996,
  "raw_score": 1.9999999999999996,
  "valid": true,
  "parsed": true,
  "ran": true,
  "msg": "ok",
  "advantage": 0.5700813232570914,
  "beta": 2.8651978827649836,
  "n_response_tokens": 1785,
  "sandbox_stdout": "",
  "parent_value": 2.1666666666666665,
  "parent_is_seed": false
}