{
  "step": 6,
  "group": 2,
  "rollout": 13,
  "reward": 1.8571428571428568,
  "raw_score": 1.8571428571428568,
  "valid": true,
  "parsed": true,
  "ran": true,
  "msg": "ok",
  "advantage": 0.019327137283601914,
  "beta": 2.8651978827649836,
  "n_response_tokens": 2112,
  "sandbox_stdout": "",
  "parent_value": 2.1666666666666665,
  "parent_is_seed": false
}