{
  "step": 6,
  "group": 2,
  "rollout": 0,
  "reward": 1.5999999999999996,
  "raw_score": 1.5999999999999996,
  "valid": true,
  "parsed": true,
  "ran": true,
  "msg": "ok",
  "advantage": -0.5231077012007439,
  "beta": 2.8651978827649836,
  "n_response_tokens": 1886,
  "sandbox_stdout": "",
  "parent_value": 2.1666666666666665,
  "parent_is_seed": false
}