{
  "step": 6,
  "group": 1,
  "rollout": 18,
  "reward": 0.0,
  "raw_score": 0.0,
  "valid": true,
  "parsed": true,
  "ran": true,
  "msg": "ok",
  "advantage": -0.9971145026227667,
  "beta": 2.7503604707978164,
  "n_response_tokens": 2242,
  "sandbox_stdout": "Validation Failed: Circle 0 at (0.08333333333333333,0.08333333333333333) r=0.8353174100706591 outside unit square\nValidation Failed: Circle 0 at (0.08333333333333333,0.08333333333333333) r=1.0 outside unit square\nValidation Failed: Circle 2 at (0.5,0.1) r=0.41949156715792657 outside unit square\nValidation Failed: Circle 0 at (0.08333333333333333,0.08333333333333333) r=1.0 outside unit square\n",
  "parent_value": 2.3999999999999995,
  "parent_is_seed": false
}