{
  "step": 6,
  "group": 2,
  "rollout": 1,
  "reward": 1.9530058461751327,
  "raw_score": 1.9530058461751327,
  "valid": true,
  "parsed": true,
  "ran": true,
  "msg": "ok",
  "advantage": 0.3605879871351123,
  "beta": 2.8651978827649836,
  "n_response_tokens": 1794,
  "sandbox_stdout": "",
  "parent_value": 2.1666666666666665,
  "parent_is_seed": false
}