{
  "step": 6,
  "group": 2,
  "rollout": 21,
  "reward": 2.041766212236853,
  "raw_score": 2.041766212236853,
  "valid": true,
  "parsed": true,
  "ran": true,
  "msg": "ok",
  "advantage": 0.7851665842334647,
  "beta": 2.8651978827649836,
  "n_response_tokens": 1753,
  "sandbox_stdout": "",
  "parent_value": 2.1666666666666665,
  "parent_is_seed": false
}