{
  "step": 6,
  "group": 3,
  "rollout": 9,
  "reward": 1.9999999999999993,
  "raw_score": 1.9999999999999993,
  "valid": true,
  "parsed": true,
  "ran": true,
  "msg": "ok",
  "advantage": 0.443127491820803,
  "beta": 2.9012303722707746,
  "n_response_tokens": 1531,
  "sandbox_stdout": "",
  "parent_value": 2.1666666666666665,
  "parent_is_seed": false
}