{
  "step": 6,
  "group": 2,
  "rollout": 8,
  "reward": 0.0,
  "raw_score": null,
  "valid": false,
  "parsed": true,
  "ran": true,
  "msg": "bad_centers_shape: (1, 2)",
  "advantage": -0.99522850781067,
  "beta": 2.8651978827649836,
  "n_response_tokens": 1648,
  "sandbox_stdout": "Validation Failed: Circle 0 at (0.08333333333333333,0.08333333333333333) r=1.0 outside unit square\n",
  "parent_value": 2.1666666666666665,
  "parent_is_seed": false
}