{
  "step": 8,
  "group": 1,
  "rollout": 22,
  "reward": 2.166666472167733,
  "raw_score": 2.166666472167733,
  "valid": true,
  "parsed": true,
  "ran": true,
  "msg": "ok",
  "advantage": 2.250816344767832,
  "algo": "reinforce",
  "n_response_tokens": 1549,
  "sandbox_stdout": "",
  "parent_value": 2.1666665061254524,
  "parent_is_seed": false
}