{
  "step": 8,
  "group": 2,
  "rollout": 6,
  "reward": 1.5464343769698468,
  "raw_score": 1.5464343769698468,
  "valid": true,
  "parsed": true,
  "ran": true,
  "msg": "ok",
  "advantage": 0.6422747181141202,
  "algo": "reinforce",
  "n_response_tokens": 2027,
  "sandbox_stdout": "",
  "parent_value": 2.166666472167733,
  "parent_is_seed": false
}