{
  "step": 8,
  "group": 2,
  "rollout": 13,
  "reward": 2.166666472167733,
  "raw_score": 2.166666472167733,
  "valid": true,
  "parsed": true,
  "ran": true,
  "msg": "ok",
  "advantage": 1.2615412675349378,
  "algo": "reinforce",
  "n_response_tokens": 1766,
  "sandbox_stdout": "",
  "parent_value": 2.166666472167733,
  "parent_is_seed": false
}