{
  "step": 8,
  "group": 0,
  "rollout": 14,
  "reward": 0.7877693296944127,
  "raw_score": 0.7877693296944127,
  "valid": true,
  "parsed": true,
  "ran": true,
  "msg": "ok",
  "advantage": 0.4372533792961898,
  "algo": "reinforce",
  "n_response_tokens": 1695,
  "sandbox_stdout": "",
  "parent_value": 2.166666588780433,
  "parent_is_seed": false
}