{
  "step": 30,
  "group": 7,
  "rollout": 26,
  "reward": 2.63531277709568,
  "raw_score": 2.63531277709568,
  "valid": true,
  "parsed": true,
  "ran": true,
  "msg": "ok",
  "advantage": -1.0,
  "beta": 1048576.0,
  "n_response_tokens": 2576,
  "sandbox_stdout": "Invalid packing: Circle 0 at (0.6257740807220799,1.0) r=0.08869253063996517 outside unit square\n",
  "parent_value": 2.635967448937363,
  "parent_is_seed": false
}