{
  "step": 30,
  "group": 4,
  "rollout": 4,
  "reward": 2.6356467188773873,
  "raw_score": 2.6356467188773873,
  "valid": true,
  "parsed": true,
  "ran": true,
  "msg": "ok",
  "advantage": -0.9999999749275141,
  "beta": 56738.25610333807,
  "n_response_tokens": 3124,
  "sandbox_stdout": "Invalid packing: Circle 0 at (0.0,0.0) r=1.0 outside unit square\n",
  "parent_value": 2.6359674840796186,
  "parent_is_seed": false
}