{
  "step": 30,
  "group": 3,
  "rollout": 24,
  "reward": 2.6359829364320713,
  "raw_score": 2.6359829364320713,
  "valid": true,
  "parsed": true,
  "ran": true,
  "msg": "ok",
  "advantage": 0.34062136868283166,
  "beta": 1048576.0,
  "n_response_tokens": 2421,
  "sandbox_stdout": "Invalid packing: Circles 2 and 8 overlap\nInvalid packing: Circle 1 at (0.690305089653073,0.14179375704656544) r=0.14179376773658947 outside unit square\n",
  "parent_value": 2.6359829364320713,
  "parent_is_seed": false
}