{
  "step": 30,
  "group": 4,
  "rollout": 17,
  "reward": 2.635967448900071,
  "raw_score": 2.635967448900071,
  "valid": true,
  "parsed": true,
  "ran": true,
  "msg": "ok",
  "advantage": 1.072027161358088,
  "beta": 56738.25610333807,
  "n_response_tokens": 2697,
  "sandbox_stdout": "",
  "parent_value": 2.6359674840796186,
  "parent_is_seed": false
}