{
  "step": 30,
  "group": 1,
  "rollout": 51,
  "reward": 2.6359829332479965,
  "raw_score": 2.6359829332479965,
  "valid": true,
  "parsed": true,
  "ran": true,
  "msg": "ok",
  "advantage": 0.14565480074932546,
  "beta": 1048576.0,
  "n_response_tokens": 2162,
  "sandbox_stdout": "Invalid packing: Circles 2 and 8 overlap\nInvalid packing: Circle 0 at (1.0,1.0) r=1.0 outside unit square\nInvalid packing: Circle 0 at (0.3128024166415662,0.9239662128363345) r=0.07603491507469232 outside unit square\n",
  "parent_value": 2.6359829332479965,
  "parent_is_seed": false
}