{
  "step": 30,
  "group": 7,
  "rollout": 56,
  "reward": 2.6359674489319938,
  "raw_score": 2.6359674489319938,
  "valid": true,
  "parsed": true,
  "ran": true,
  "msg": "ok",
  "advantage": 0.5368827978884754,
  "beta": 1048576.0,
  "n_response_tokens": 2583,
  "sandbox_stdout": "Invalid packing: Circles 1 and 15 overlap\n",
  "parent_value": 2.635967448937363,
  "parent_is_seed": false
}