{
  "step": 30,
  "group": 0,
  "rollout": 15,
  "reward": 2.6359829308667124,
  "raw_score": 2.6359829308667124,
  "valid": true,
  "parsed": true,
  "ran": true,
  "msg": "ok",
  "advantage": 0.12465753464185192,
  "beta": 1048576.0,
  "n_response_tokens": 2296,
  "sandbox_stdout": "Invalid packing: Circle 5 at (0.21092454270859995,0.2109245535656903) r=0.21092454450601367 outside unit square\n",
  "parent_value": 2.63598293122794,
  "parent_is_seed": false
}