{
  "step": 30,
  "group": 5,
  "rollout": 20,
  "reward": 2.635967448933674,
  "raw_score": 2.635967448933674,
  "valid": true,
  "parsed": true,
  "ran": true,
  "msg": "ok",
  "advantage": 0.796027878003293,
  "beta": 1048576.0,
  "n_response_tokens": 2617,
  "sandbox_stdout": "",
  "parent_value": 2.6359674583950317,
  "parent_is_seed": false
}