{
  "step": 30,
  "group": 5,
  "rollout": 46,
  "reward": 2.635967448926897,
  "raw_score": 2.635967448926897,
  "valid": true,
  "parsed": true,
  "ran": true,
  "msg": "ok",
  "advantage": 0.7960147507941862,
  "beta": 1048576.0,
  "n_response_tokens": 2582,
  "sandbox_stdout": "",
  "parent_value": 2.6359674583950317,
  "parent_is_seed": false
}