{
  "step": 30,
  "group": 4,
  "rollout": 45,
  "reward": 2.6359674489330023,
  "raw_score": 2.6359674489330023,
  "valid": true,
  "parsed": true,
  "ran": true,
  "msg": "ok",
  "advantage": 1.0720311602190762,
  "beta": 56738.25610333807,
  "n_response_tokens": 2670,
  "sandbox_stdout": "Invalid packing: Circle 4 at (1.0,1.0) r=1.0 outside unit square\n",
  "parent_value": 2.6359674840796186,
  "parent_is_seed": false
}