{
  "step": 30,
  "group": 7,
  "rollout": 35,
  "reward": 2.635967448935217,
  "raw_score": 2.635967448935217,
  "valid": true,
  "parsed": true,
  "ran": true,
  "msg": "ok",
  "advantage": 0.5368881189227068,
  "beta": 1048576.0,
  "n_response_tokens": 2493,
  "sandbox_stdout": "",
  "parent_value": 2.635967448937363,
  "parent_is_seed": false
}