{
  "step": 30,
  "group": 4,
  "rollout": 50,
  "reward": 2.6359674489337603,
  "raw_score": 2.6359674489337603,
  "valid": true,
  "parsed": true,
  "ran": true,
  "msg": "ok",
  "advantage": 1.0720312522703561,
  "beta": 56738.25610333807,
  "n_response_tokens": 2402,
  "sandbox_stdout": "",
  "parent_value": 2.6359674840796186,
  "parent_is_seed": false
}