{
  "step": 30,
  "group": 5,
  "rollout": 4,
  "reward": 2.635967092868854,
  "raw_score": 2.635967092868854,
  "valid": true,
  "parsed": true,
  "ran": true,
  "msg": "ok",
  "advantage": 0.2255294445759355,
  "beta": 1048576.0,
  "n_response_tokens": 2661,
  "sandbox_stdout": "",
  "parent_value": 2.6359674583950317,
  "parent_is_seed": false
}