{
  "step": 30,
  "group": 2,
  "rollout": 23,
  "reward": 2.6359829332479965,
  "raw_score": 2.6359829332479965,
  "valid": true,
  "parsed": true,
  "ran": true,
  "msg": "ok",
  "advantage": 0.1666666666653056,
  "beta": 1048576.0,
  "n_response_tokens": 2185,
  "sandbox_stdout": "Invalid packing: Circle 16 at (0.16084626748038358,0.8377012857743106) r=0.16084627042546348 outside unit square\n",
  "parent_value": 2.6359829332479965,
  "parent_is_seed": false
}