{
  "step": 30,
  "group": 7,
  "rollout": 11,
  "reward": 2.6359674489313987,
  "raw_score": 2.6359674489313987,
  "valid": true,
  "parsed": true,
  "ran": true,
  "msg": "ok",
  "advantage": 0.5368818155006414,
  "beta": 1048576.0,
  "n_response_tokens": 2467,
  "sandbox_stdout": "Invalid packing: Circle 0 at (0.8254090458381661,0.9391763832483117) r=0.060848313287557534 outside unit square\n",
  "parent_value": 2.635967448937363,
  "parent_is_seed": false
}