{
  "step": 30,
  "group": 7,
  "rollout": 48,
  "reward": 2.6359674489270444,
  "raw_score": 2.6359674489270444,
  "valid": true,
  "parsed": true,
  "ran": true,
  "msg": "ok",
  "advantage": 0.5368746272271345,
  "beta": 1048576.0,
  "n_response_tokens": 2532,
  "sandbox_stdout": "Invalid packing: Circle 5 at (1.0,0.0) r=1.0 outside unit square\n",
  "parent_value": 2.635967448937363,
  "parent_is_seed": false
}