{
  "step": 30,
  "group": 7,
  "rollout": 40,
  "reward": 2.6353127771570173,
  "raw_score": 2.6353127771570173,
  "valid": true,
  "parsed": true,
  "ran": true,
  "msg": "ok",
  "advantage": -1.0,
  "beta": 1048576.0,
  "n_response_tokens": 2455,
  "sandbox_stdout": "Invalid packing: Circle 0 at (5.43469892993741e-10,5.43469892993741e-10) r=0.9999999994565302 outside unit square\n",
  "parent_value": 2.635967448937363,
  "parent_is_seed": false
}