{
  "step": 30,
  "group": 5,
  "rollout": 0,
  "reward": 2.6359674489096845,
  "raw_score": 2.6359674489096845,
  "valid": true,
  "parsed": true,
  "ran": true,
  "msg": "ok",
  "advantage": 0.7959814115154003,
  "beta": 1048576.0,
  "n_response_tokens": 2538,
  "sandbox_stdout": "",
  "parent_value": 2.6359674583950317,
  "parent_is_seed": false
}