{
  "step": 13,
  "group": 3,
  "rollout": 14,
  "reward": 1.8664213562373089,
  "raw_score": 1.8664213562373089,
  "valid": true,
  "parsed": true,
  "ran": true,
  "msg": "ok",
  "advantage": -0.2809131092025658,
  "algo": "ppo",
  "ppo_epochs": 4,
  "ppo_clip": 0.2,
  "n_response_tokens": 2149,
  "sandbox_stdout": "",
  "parent_value": 2.4535533905932736,
  "parent_is_seed": false
}