{
  "step": 13,
  "group": 3,
  "rollout": 15,
  "reward": 2.0973665961010277,
  "raw_score": 2.0973665961010277,
  "valid": true,
  "parsed": true,
  "ran": true,
  "msg": "ok",
  "advantage": 0.051260446657079455,
  "algo": "ppo",
  "ppo_epochs": 4,
  "ppo_clip": 0.2,
  "n_response_tokens": 2276,
  "sandbox_stdout": "",
  "parent_value": 2.4535533905932736,
  "parent_is_seed": false
}