{
  "step": 3,
  "group": 2,
  "rollout": 41,
  "reward": 2.591301082508356,
  "raw_score": 2.591301082508356,
  "valid": true,
  "parsed": true,
  "ran": true,
  "msg": "ok",
  "advantage": 0.6583209646460892,
  "beta": 15.493138444804256,
  "n_response_tokens": 1723,
  "sandbox_stdout": "",
  "parent_value": 2.6210076936255473,
  "parent_is_seed": false
}