{
  "step": 3,
  "group": 1,
  "rollout": 11,
  "reward": 2.5856854666759697,
  "raw_score": 2.5856854666759697,
  "valid": true,
  "parsed": true,
  "ran": true,
  "msg": "ok",
  "advantage": 0.24146488536414412,
  "beta": 20.918248129608415,
  "n_response_tokens": 1212,
  "sandbox_stdout": "",
  "parent_value": 2.622145221503329,
  "parent_is_seed": false
}