{
  "step": 3,
  "group": 1,
  "rollout": 46,
  "reward": 2.5165042281365944,
  "raw_score": 2.5165042281365944,
  "valid": true,
  "parsed": true,
  "ran": true,
  "msg": "ok",
  "advantage": -0.7122939708065597,
  "beta": 20.918248129608415,
  "n_response_tokens": 1625,
  "sandbox_stdout": "",
  "parent_value": 2.622145221503329,
  "parent_is_seed": false
}