{
  "step": 3,
  "group": 0,
  "rollout": 16,
  "reward": 2.513865657713257,
  "raw_score": 2.513865657713257,
  "valid": true,
  "parsed": true,
  "ran": true,
  "msg": "ok",
  "advantage": -0.6295004244363722,
  "beta": 18.829057853219435,
  "n_response_tokens": 1286,
  "sandbox_stdout": "",
  "parent_value": 2.622177282868072,
  "parent_is_seed": false
}