{
  "step": 3,
  "group": 0,
  "rollout": 4,
  "reward": 2.612771830175769,
  "raw_score": 2.612771830175769,
  "valid": true,
  "parsed": true,
  "ran": true,
  "msg": "ok",
  "advantage": 1.4643148037135156,
  "beta": 18.829057853219435,
  "n_response_tokens": 1195,
  "sandbox_stdout": "",
  "parent_value": 2.622177282868072,
  "parent_is_seed": false
}