{
  "step": 3,
  "group": 5,
  "rollout": 10,
  "reward": 0.0,
  "raw_score": null,
  "valid": false,
  "parsed": true,
  "ran": true,
  "msg": "Circle 3 at (0.5977871666685535,0.05385864343988348) r=0.08323333333333333 outside unit square",
  "advantage": -0.8230825256656156,
  "beta": 1.070087987096853,
  "n_response_tokens": 1931,
  "sandbox_stdout": "Warning: Packing validation failed: Circle 3 at (0.649118111635734,0.10159329876437737) r=0.10159329877376991 outside unit square\n",
  "parent_value": 2.607675821377873,
  "parent_is_seed": false
}