{
  "step": 3,
  "group": 5,
  "rollout": 1,
  "reward": 2.5866852221776298,
  "raw_score": 2.5866852221776298,
  "valid": true,
  "parsed": true,
  "ran": true,
  "msg": "ok",
  "advantage": 1.94094034168964,
  "beta": 1.070087987096853,
  "n_response_tokens": 1645,
  "sandbox_stdout": "",
  "parent_value": 2.607675821377873,
  "parent_is_seed": false
}