{
  "step": 3,
  "group": 3,
  "rollout": 27,
  "reward": 2.6139684922189934,
  "raw_score": 2.6139684922189934,
  "valid": true,
  "parsed": true,
  "ran": true,
  "msg": "ok",
  "advantage": 1.1177771307203987,
  "beta": 26.810039839364617,
  "n_response_tokens": 1584,
  "sandbox_stdout": "",
  "parent_value": 2.620765935751259,
  "parent_is_seed": false
}