{
  "step": 3,
  "group": 2,
  "rollout": 56,
  "reward": 2.6210077061005315,
  "raw_score": 2.6210077061005315,
  "valid": true,
  "parsed": true,
  "ran": true,
  "msg": "ok",
  "advantage": 1.6686126330282605,
  "beta": 15.493138444804256,
  "n_response_tokens": 1527,
  "sandbox_stdout": "",
  "parent_value": 2.6210076936255473,
  "parent_is_seed": false
}