{
  "step": 3,
  "group": 7,
  "rollout": 40,
  "reward": 0.0,
  "raw_score": null,
  "valid": false,
  "parsed": true,
  "ran": true,
  "msg": "Circle 0 at (0.990868428877684,0.8159478119697129) r=0.05530065237807524 outside unit square",
  "advantage": -0.8571806475628723,
  "beta": 1.379194205444585,
  "n_response_tokens": 1610,
  "sandbox_stdout": "Warning: Packing validation failed: Circle 10 at (0.976679151980807,0.8451808181106438) r=0.10975071527272984 outside unit square\n",
  "parent_value": 2.166666666666667,
  "parent_is_seed": false
}