{
  "step": 3,
  "group": 5,
  "rollout": 35,
  "reward": 0.0,
  "raw_score": null,
  "valid": false,
  "parsed": true,
  "ran": true,
  "msg": "Circle 0 at (0.05647801574466858,-0.009456328513176418) r=0.03561428571428571 outside unit square",
  "advantage": -0.8230825256656156,
  "beta": 1.070087987096853,
  "n_response_tokens": 2041,
  "sandbox_stdout": "Warning: Packing validation failed: Circle 0 at (0.0975075570579945,0.097507557078241) r=0.09750755706287448 outside unit square\n",
  "parent_value": 2.607675821377873,
  "parent_is_seed": false
}