{
  "step": 3,
  "group": 1,
  "rollout": 48,
  "reward": 2.612300925726908,
  "raw_score": 2.612300925726908,
  "valid": true,
  "parsed": true,
  "ran": true,
  "msg": "ok",
  "advantage": 1.1986208136246974,
  "beta": 20.918248129608415,
  "n_response_tokens": 1254,
  "sandbox_stdout": "",
  "parent_value": 2.622145221503329,
  "parent_is_seed": false
}