{
  "step": 3,
  "group": 7,
  "rollout": 38,
  "reward": 0.0,
  "raw_score": null,
  "valid": false,
  "parsed": true,
  "ran": true,
  "msg": "Circle 12 at (0.125,1.125) r=0.125 outside unit square",
  "advantage": -0.8571806475628723,
  "beta": 1.379194205444585,
  "n_response_tokens": 1815,
  "sandbox_stdout": "Warning: Packing validation failed: Circle 0 at (0.28262284891967393,0.25992164407194707) r=0.4905724745611172 outside unit square\n",
  "parent_value": 2.166666666666667,
  "parent_is_seed": false
}