{
  "step": 3,
  "group": 1,
  "rollout": 8,
  "reward": 2.513731919291143,
  "raw_score": 2.513731919291143,
  "valid": true,
  "parsed": true,
  "ran": true,
  "msg": "ok",
  "advantage": -0.7285738449833136,
  "beta": 20.918248129608415,
  "n_response_tokens": 1490,
  "sandbox_stdout": "",
  "parent_value": 2.622145221503329,
  "parent_is_seed": false
}