{
  "step": 3,
  "group": 6,
  "rollout": 33,
  "reward": 0.0,
  "raw_score": null,
  "valid": false,
  "parsed": true,
  "ran": true,
  "msg": "Circle 11 at (1.1,0.5) r=0.1 outside unit square",
  "advantage": -0.7288258938789185,
  "beta": 1.2000024477745572,
  "n_response_tokens": 1708,
  "sandbox_stdout": "Warning: Packing validation failed: Circle 1 at (1.0,0.10781970102538341) r=0.10362505800399939 outside unit square\n",
  "parent_value": 2.166666666666667,
  "parent_is_seed": false
}