{
  "step": 3,
  "group": 1,
  "rollout": 57,
  "reward": 2.6216293446208776,
  "raw_score": 2.6216293446208776,
  "valid": true,
  "parsed": true,
  "ran": true,
  "msg": "ok",
  "advantage": 1.692614439439998,
  "beta": 20.918248129608415,
  "n_response_tokens": 1283,
  "sandbox_stdout": "",
  "parent_value": 2.622145221503329,
  "parent_is_seed": false
}