{
  "step": 3,
  "group": 6,
  "rollout": 60,
  "reward": 0.0,
  "raw_score": null,
  "valid": false,
  "parsed": true,
  "ran": true,
  "msg": "Circle 1 at (0.31220369365304634,0.12659338393922864) r=0.14205423229237657 outside unit square",
  "advantage": -0.7288258938789185,
  "beta": 1.2000024477745572,
  "n_response_tokens": 1532,
  "sandbox_stdout": "Warning: Packing validation failed: Circle 0 at (0.18389974270713635,0.16971453307067705) r=0.22914479174481828 outside unit square\n",
  "parent_value": 2.166666666666667,
  "parent_is_seed": false
}