{
  "step": 3,
  "group": 0,
  "rollout": 19,
  "reward": 2.6072455410236492,
  "raw_score": 2.6072455410236492,
  "valid": true,
  "parsed": true,
  "ran": true,
  "msg": "ok",
  "advantage": 1.2122294734426293,
  "beta": 18.829057853219435,
  "n_response_tokens": 1525,
  "sandbox_stdout": "",
  "parent_value": 2.622177282868072,
  "parent_is_seed": false
}