{
  "step": 3,
  "group": 1,
  "rollout": 12,
  "reward": 2.618689820670101,
  "raw_score": 2.618689820670101,
  "valid": true,
  "parsed": true,
  "ran": true,
  "msg": "ok",
  "advantage": 1.5255965397836606,
  "beta": 20.918248129608415,
  "n_response_tokens": 1440,
  "sandbox_stdout": "",
  "parent_value": 2.622145221503329,
  "parent_is_seed": false
}