{
  "step": 3,
  "group": 5,
  "rollout": 40,
  "reward": 0.0,
  "raw_score": null,
  "valid": false,
  "parsed": true,
  "ran": true,
  "msg": "Circle 2 at (1.0104724445807425,0.23769073461536305) r=0.1499 outside unit square",
  "advantage": -0.8230825256656156,
  "beta": 1.070087987096853,
  "n_response_tokens": 1886,
  "sandbox_stdout": "Warning: Packing validation failed: Circle 0 at (0.0,0.0) r=1.0 outside unit square\n",
  "parent_value": 2.607675821377873,
  "parent_is_seed": false
}