{
  "step": 3,
  "group": 3,
  "rollout": 26,
  "reward": 2.5072899607834236,
  "raw_score": 2.5072899607834236,
  "valid": true,
  "parsed": true,
  "ran": true,
  "msg": "ok",
  "advantage": -0.8824495152315933,
  "beta": 26.810039839364617,
  "n_response_tokens": 1706,
  "sandbox_stdout": "",
  "parent_value": 2.620765935751259,
  "parent_is_seed": false
}