{
  "step": 3,
  "group": 4,
  "rollout": 45,
  "reward": 2.5288111099963912,
  "raw_score": 2.5288111099963912,
  "valid": true,
  "parsed": true,
  "ran": true,
  "msg": "ok",
  "advantage": 1.13695747823117,
  "beta": 1.4803388434927274,
  "n_response_tokens": 1960,
  "sandbox_stdout": "",
  "parent_value": 2.614486774710757,
  "parent_is_seed": false
}