{
  "step": 3,
  "group": 2,
  "rollout": 52,
  "reward": 2.527521754229576,
  "raw_score": 2.527521754229576,
  "valid": true,
  "parsed": true,
  "ran": true,
  "msg": "ok",
  "advantage": -0.39269541643227635,
  "beta": 15.493138444804256,
  "n_response_tokens": 1350,
  "sandbox_stdout": "",
  "parent_value": 2.6210076936255473,
  "parent_is_seed": false
}