{
  "step": 3,
  "group": 0,
  "rollout": 7,
  "reward": 2.584930488736939,
  "raw_score": 2.584930488736939,
  "valid": true,
  "parsed": true,
  "ran": true,
  "msg": "ok",
  "advantage": 0.43599030726280463,
  "beta": 18.829057853219435,
  "n_response_tokens": 1349,
  "sandbox_stdout": "",
  "parent_value": 2.622177282868072,
  "parent_is_seed": false
}