{
  "step": 3,
  "group": 2,
  "rollout": 27,
  "reward": 2.6195705642586717,
  "raw_score": 2.6195705642586717,
  "valid": true,
  "parsed": true,
  "ran": true,
  "msg": "ok",
  "advantage": 1.6074183320454112,
  "beta": 15.493138444804256,
  "n_response_tokens": 1531,
  "sandbox_stdout": "",
  "parent_value": 2.6210076936255473,
  "parent_is_seed": false
}