{
  "step": 3,
  "group": 4,
  "rollout": 0,
  "reward": 2.523629484218759,
  "raw_score": 2.523629484218759,
  "valid": true,
  "parsed": true,
  "ran": true,
  "msg": "ok",
  "advantage": 1.1200790169081363,
  "beta": 1.4803388434927274,
  "n_response_tokens": 2002,
  "sandbox_stdout": "",
  "parent_value": 2.614486774710757,
  "parent_is_seed": false
}