{
  "step": 3,
  "group": 2,
  "rollout": 24,
  "reward": 2.5896518268424122,
  "raw_score": 2.5896518268424122,
  "valid": true,
  "parsed": true,
  "ran": true,
  "msg": "ok",
  "advantage": 0.6154113338100027,
  "beta": 15.493138444804256,
  "n_response_tokens": 1512,
  "sandbox_stdout": "",
  "parent_value": 2.6210076936255473,
  "parent_is_seed": false
}