{
  "step": 10,
  "group": 1,
  "rollout": 18,
  "reward": 2.592626254666583,
  "raw_score": 2.592626254666583,
  "valid": true,
  "parsed": true,
  "ran": true,
  "msg": "ok",
  "advantage": -0.9999998971704449,
  "beta": 461.4486768978975,
  "n_response_tokens": 1497,
  "sandbox_stdout": "",
  "parent_value": 2.6310779580047807,
  "parent_is_seed": false
}