{
  "step": 10,
  "group": 2,
  "rollout": 30,
  "reward": 2.623655363338515,
  "raw_score": 2.623655363338515,
  "valid": true,
  "parsed": true,
  "ran": true,
  "msg": "ok",
  "advantage": 0.20980121028194287,
  "beta": 131.91021603825743,
  "n_response_tokens": 1644,
  "sandbox_stdout": "",
  "parent_value": 2.6310779580036634,
  "parent_is_seed": false
}