{
  "step": 10,
  "group": 3,
  "rollout": 15,
  "reward": 2.625338210819308,
  "raw_score": 2.625338210819308,
  "valid": true,
  "parsed": true,
  "ran": true,
  "msg": "ok",
  "advantage": 0.8518404974320022,
  "beta": 180.37599722779228,
  "n_response_tokens": 1819,
  "sandbox_stdout": "",
  "parent_value": 2.6310779580025954,
  "parent_is_seed": false
}