{
  "step": 10,
  "group": 3,
  "rollout": 8,
  "reward": 2.6268380674195266,
  "raw_score": 2.6268380674195266,
  "valid": true,
  "parsed": true,
  "ran": true,
  "msg": "ok",
  "advantage": 1.449519792026825,
  "beta": 180.37599722779228,
  "n_response_tokens": 2012,
  "sandbox_stdout": "",
  "parent_value": 2.6310779580025954,
  "parent_is_seed": false
}