{
  "step": 10,
  "group": 2,
  "rollout": 8,
  "reward": 2.5861851288362976,
  "raw_score": 2.5861851288362976,
  "valid": true,
  "parsed": true,
  "ran": true,
  "msg": "ok",
  "advantage": -0.9915292596312505,
  "beta": 131.91021603825743,
  "n_response_tokens": 1722,
  "sandbox_stdout": "",
  "parent_value": 2.6310779580036634,
  "parent_is_seed": false
}