{
  "step": 10,
  "group": 4,
  "rollout": 24,
  "reward": 2.5809904507514574,
  "raw_score": 2.5809904507514574,
  "valid": true,
  "parsed": true,
  "ran": true,
  "msg": "ok",
  "advantage": -0.9809543125919907,
  "beta": 103.36213102107912,
  "n_response_tokens": 1714,
  "sandbox_stdout": "",
  "parent_value": 2.631077957511791,
  "parent_is_seed": false
}