{
  "step": 10,
  "group": 4,
  "rollout": 48,
  "reward": 2.6221021531946036,
  "raw_score": 2.6221021531946036,
  "valid": true,
  "parsed": true,
  "ran": true,
  "msg": "ok",
  "advantage": 0.3628501439828469,
  "beta": 103.36213102107912,
  "n_response_tokens": 1958,
  "sandbox_stdout": "",
  "parent_value": 2.631077957511791,
  "parent_is_seed": false
}