{
  "step": 10,
  "group": 3,
  "rollout": 26,
  "reward": 2.619660322121246,
  "raw_score": 2.619660322121246,
  "valid": true,
  "parsed": true,
  "ran": true,
  "msg": "ok",
  "advantage": -0.34730046315056384,
  "beta": 180.37599722779228,
  "n_response_tokens": 2055,
  "sandbox_stdout": "",
  "parent_value": 2.6310779580025954,
  "parent_is_seed": false
}