{
  "step": 10,
  "group": 0,
  "rollout": 2,
  "reward": 2.629603318555877,
  "raw_score": 2.629603318555877,
  "valid": true,
  "parsed": true,
  "ran": true,
  "msg": "ok",
  "advantage": 2.5333866116753367,
  "beta": 142.98955916426982,
  "n_response_tokens": 1439,
  "sandbox_stdout": "",
  "parent_value": 2.6310779581656796,
  "parent_is_seed": false
}