{
  "step": 10,
  "group": 3,
  "rollout": 17,
  "reward": 2.610233726898154,
  "raw_score": 2.610233726898154,
  "valid": true,
  "parsed": true,
  "ran": true,
  "msg": "ok",
  "advantage": -0.8818029960372699,
  "beta": 180.37599722779228,
  "n_response_tokens": 1907,
  "sandbox_stdout": "",
  "parent_value": 2.6310779580025954,
  "parent_is_seed": false
}