{
  "step": 10,
  "group": 1,
  "rollout": 17,
  "reward": 2.6241717035537784,
  "raw_score": 2.6241717035537784,
  "valid": true,
  "parsed": true,
  "ran": true,
  "msg": "ok",
  "advantage": -0.7834982679445043,
  "beta": 461.4486768978975,
  "n_response_tokens": 1785,
  "sandbox_stdout": "",
  "parent_value": 2.6310779580047807,
  "parent_is_seed": false
}