{
  "step": 10,
  "group": 5,
  "rollout": 7,
  "reward": 2.631077916270723,
  "raw_score": 2.631077916270723,
  "valid": true,
  "parsed": true,
  "ran": true,
  "msg": "ok",
  "advantage": 1.2383556629852976,
  "beta": 2379.1965973119627,
  "n_response_tokens": 2008,
  "sandbox_stdout": "",
  "parent_value": 2.631077916270723,
  "parent_is_seed": false
}