{
  "step": 10,
  "group": 0,
  "rollout": 54,
  "reward": 2.627669183716971,
  "raw_score": 2.627669183716971,
  "valid": true,
  "parsed": true,
  "ran": true,
  "msg": "ok",
  "advantage": 1.6438487789429805,
  "beta": 142.98955916426982,
  "n_response_tokens": 1372,
  "sandbox_stdout": "",
  "parent_value": 2.6310779581656796,
  "parent_is_seed": false
}