{
  "step": 10,
  "group": 2,
  "rollout": 3,
  "reward": 2.618757442894382,
  "raw_score": 2.618757442894382,
  "valid": true,
  "parsed": true,
  "ran": true,
  "msg": "ok",
  "advantage": -0.3716934596215504,
  "beta": 131.91021603825743,
  "n_response_tokens": 1635,
  "sandbox_stdout": "",
  "parent_value": 2.6310779580036634,
  "parent_is_seed": false
}