{
  "step": 10,
  "group": 6,
  "rollout": 25,
  "reward": 2.6136198078637496,
  "raw_score": 2.6136198078637496,
  "valid": true,
  "parsed": true,
  "ran": true,
  "msg": "ok",
  "advantage": 0.7096036319414918,
  "beta": 44.0338774906903,
  "n_response_tokens": 2434,
  "sandbox_stdout": "",
  "parent_value": 2.6307140772579825,
  "parent_is_seed": false
}