{
  "step": 10,
  "group": 1,
  "rollout": 57,
  "reward": 2.629238682598442,
  "raw_score": 2.629238682598442,
  "valid": true,
  "parsed": true,
  "ran": true,
  "msg": "ok",
  "advantage": 1.3179797608283725,
  "beta": 461.4486768978975,
  "n_response_tokens": 2077,
  "sandbox_stdout": "",
  "parent_value": 2.6310779580047807,
  "parent_is_seed": false
}