{
  "step": 10,
  "group": 0,
  "rollout": 43,
  "reward": 2.6133741478292056,
  "raw_score": 2.6133741478292056,
  "valid": true,
  "parsed": true,
  "ran": true,
  "msg": "ok",
  "advantage": -0.6696771615628515,
  "beta": 142.98955916426982,
  "n_response_tokens": 1315,
  "sandbox_stdout": "",
  "parent_value": 2.6310779581656796,
  "parent_is_seed": false
}