{
  "step": 10,
  "group": 4,
  "rollout": 61,
  "reward": 2.591315946293344,
  "raw_score": 2.591315946293344,
  "valid": true,
  "parsed": true,
  "ran": true,
  "msg": "ok",
  "advantage": -0.9445942865842882,
  "beta": 103.36213102107912,
  "n_response_tokens": 1579,
  "sandbox_stdout": "",
  "parent_value": 2.631077957511791,
  "parent_is_seed": false
}