{
  "step": 10,
  "group": 7,
  "rollout": 37,
  "reward": 2.6301563074921526,
  "raw_score": 2.6301563074921526,
  "valid": true,
  "parsed": true,
  "ran": true,
  "msg": "ok",
  "advantage": -0.016133678253402173,
  "beta": 1061.6231416981527,
  "n_response_tokens": 2129,
  "sandbox_stdout": "",
  "parent_value": 2.6301563071929532,
  "parent_is_seed": false
}