{
  "step": 10,
  "group": 3,
  "rollout": 57,
  "reward": 2.6034824322438537,
  "raw_score": 2.6034824322438537,
  "valid": true,
  "parsed": true,
  "ran": true,
  "msg": "ok",
  "advantage": -0.96507296712988,
  "beta": 180.37599722779228,
  "n_response_tokens": 1752,
  "sandbox_stdout": "",
  "parent_value": 2.6310779580025954,
  "parent_is_seed": false
}