{
  "step": 10,
  "group": 4,
  "rollout": 45,
  "reward": 2.6310779580105246,
  "raw_score": 2.6310779580105246,
  "valid": true,
  "parsed": true,
  "ran": true,
  "msg": "ok",
  "advantage": 2.56430235541697,
  "beta": 103.36213102107912,
  "n_response_tokens": 1525,
  "sandbox_stdout": "",
  "parent_value": 2.631077957511791,
  "parent_is_seed": false
}