{
  "step": 10,
  "group": 6,
  "rollout": 17,
  "reward": 0.0,
  "raw_score": null,
  "valid": false,
  "parsed": true,
  "ran": true,
  "msg": "Circle 0 at (0.07743179968004282,0.07743179968004237) r=1.0 outside unit square",
  "advantage": -1.0,
  "beta": 44.0338774906903,
  "n_response_tokens": 2049,
  "sandbox_stdout": "",
  "parent_value": 2.6307140772579825,
  "parent_is_seed": false
}