{
  "step": 10,
  "group": 2,
  "rollout": 12,
  "reward": 2.6296033185547647,
  "raw_score": 2.6296033185547647,
  "valid": true,
  "parsed": true,
  "ran": true,
  "msg": "ok",
  "advantage": 1.7133905180231968,
  "beta": 131.91021603825743,
  "n_response_tokens": 1380,
  "sandbox_stdout": "",
  "parent_value": 2.6310779580036634,
  "parent_is_seed": false
}