{
  "step": 2,
  "group": 0,
  "rollout": 0,
  "reward": 1.7500000000139442,
  "raw_score": 1.7500000000139442,
  "valid": true,
  "parsed": true,
  "ran": true,
  "msg": "ok",
  "advantage": 2.957779934339004,
  "beta": 1.3876005865658412,
  "n_response_tokens": 1535,
  "sandbox_stdout": "",
  "parent_value": 1.9047619047617692,
  "parent_is_seed": false
}