{
  "step": 4,
  "group": 2,
  "rollout": 6,
  "reward": 0.0,
  "raw_score": null,
  "valid": false,
  "parsed": true,
  "ran": false,
  "msg": "run_failed: 'NoneType' object has no attribute 'shape'",
  "advantage": -0.6392832624652013,
  "algo": "reinforce",
  "n_response_tokens": 2374,
  "sandbox_stdout": "Validation failed: Circle 0 at (0.4768562561745119,0.1180166592934446) r=0.8974190348417387 outside unit square\nValidation failed: Circle 0 at (1.0,0.9995954970170584) r=1.7342120510974603e-08 outside unit square\nValidation failed: Circle 0 at (1.0,0.9995954970170584) r=1.7342120510974603e-08 outside unit square\nValidation failed: Circle 0 at (0.4768562561745119,0.1180166592934446) r=0.8974190348417387 outside unit square\nValidation failed: Circle 7 at (0.6221789867820302,1.0) r=2.3053549156118458e-07 outside unit square\n",
  "parent_value": 1.159467721050355,
  "parent_is_seed": false
}