{
  "step": 4,
  "group": 3,
  "rollout": 18,
  "reward": 1.1440700450237387,
  "raw_score": 1.1440700450237387,
  "valid": true,
  "parsed": true,
  "ran": true,
  "msg": "ok",
  "advantage": 0.5273531413768113,
  "algo": "reinforce",
  "n_response_tokens": 1840,
  "sandbox_stdout": "",
  "parent_value": 1.1340507988187731,
  "parent_is_seed": false
}