{
  "step": 4,
  "group": 3,
  "rollout": 10,
  "reward": 1.1195180497089323,
  "raw_score": 1.1195180497089323,
  "valid": true,
  "parsed": true,
  "ran": true,
  "msg": "ok",
  "advantage": 0.4865387463901601,
  "algo": "reinforce",
  "n_response_tokens": 2418,
  "sandbox_stdout": "",
  "parent_value": 1.1340507988187731,
  "parent_is_seed": false
}