{
  "step": 4,
  "group": 3,
  "rollout": 11,
  "reward": 1.261050664995401,
  "raw_score": 1.261050664995401,
  "valid": true,
  "parsed": true,
  "ran": true,
  "msg": "ok",
  "advantage": 0.7218177121006195,
  "algo": "reinforce",
  "n_response_tokens": 2023,
  "sandbox_stdout": "",
  "parent_value": 1.1340507988187731,
  "parent_is_seed": false
}