{
  "step": 4,
  "group": 2,
  "rollout": 9,
  "reward": 0.0,
  "raw_score": null,
  "valid": false,
  "parsed": true,
  "ran": false,
  "msg": "run_failed: 'NoneType' object has no attribute 'shape'",
  "advantage": -0.6392832624652013,
  "algo": "reinforce",
  "n_response_tokens": 2361,
  "sandbox_stdout": "Validation failed: Circle 0 at (0.2847578956115911,0.2932052553613169) r=0.999340199288237 outside unit square\nValidation failed: Circle 2 at (0.9905808464778754,0.9997057215911304) r=0.009419723844943866 outside unit square\nValidation failed: Circle 0 at (0.9999938360042493,0.9747007662862691) r=0.010037060363677474 outside unit square\nValidation failed: Circle 0 at (0.48458824055915106,0.37086312747789874) r=0.6346165884171403 outside unit square\nValidation failed: Circle 0 at (0.2847578956115911,0.2932052553613169) r=0.999340199288237 outside unit square\n",
  "parent_value": 1.159467721050355,
  "parent_is_seed": false
}