{
  "step": 4,
  "group": 0,
  "rollout": 12,
  "reward": 2.1666614381145526,
  "raw_score": 2.1666614381145526,
  "valid": true,
  "parsed": true,
  "ran": true,
  "msg": "ok",
  "advantage": 2.0443256305689674,
  "algo": "reinforce",
  "n_response_tokens": 1461,
  "sandbox_stdout": "",
  "parent_value": 2.1666614381145526,
  "parent_is_seed": false
}