{
  "step": 4,
  "group": 1,
  "rollout": 14,
  "reward": 2.1666663131160284,
  "raw_score": 2.1666663131160284,
  "valid": true,
  "parsed": true,
  "ran": true,
  "msg": "ok",
  "advantage": 2.9537318090120204,
  "algo": "reinforce",
  "n_response_tokens": 1416,
  "sandbox_stdout": "",
  "parent_value": 1.3353553390593276,
  "parent_is_seed": false
}