{
  "step": 4,
  "group": 0,
  "rollout": 4,
  "reward": 1.3000000000000003,
  "raw_score": 1.3000000000000003,
  "valid": true,
  "parsed": true,
  "ran": true,
  "msg": "ok",
  "advantage": 1.0002678074043652,
  "algo": "reinforce",
  "n_response_tokens": 1596,
  "sandbox_stdout": "",
  "parent_value": 2.1666614381145526,
  "parent_is_seed": false
}