{
  "step": 4,
  "group": 2,
  "rollout": 2,
  "reward": 1.159467718917438,
  "raw_score": 1.159467718917438,
  "valid": true,
  "parsed": true,
  "ran": true,
  "msg": "ok",
  "advantage": 1.565027728631462,
  "algo": "reinforce",
  "n_response_tokens": 2282,
  "sandbox_stdout": "Validation failed: Circle 21 at (0.006865511400508287,1.389808970130269e-16) r=0.023438524668790896 outside unit square\nValidation failed: Circle 18 at (1.0609568779074152e-14,0.5779175998813351) r=0.09579539610646753 outside unit square\n",
  "parent_value": 1.159467721050355,
  "parent_is_seed": false
}