{
  "step": 4,
  "group": 3,
  "rollout": 16,
  "reward": 1.1918881033266748,
  "raw_score": 1.1918881033266748,
  "valid": true,
  "parsed": true,
  "ran": true,
  "msg": "ok",
  "advantage": 0.6068442415520293,
  "algo": "reinforce",
  "n_response_tokens": 1968,
  "sandbox_stdout": "",
  "parent_value": 1.1340507988187731,
  "parent_is_seed": false
}