{
  "step": 4,
  "group": 3,
  "rollout": 2,
  "reward": 1.2561636488540222,
  "raw_score": 1.2561636488540222,
  "valid": true,
  "parsed": true,
  "ran": true,
  "msg": "ok",
  "advantage": 0.7136937040701974,
  "algo": "reinforce",
  "n_response_tokens": 1725,
  "sandbox_stdout": "",
  "parent_value": 1.1340507988187731,
  "parent_is_seed": false
}