{
  "step": 4,
  "group": 2,
  "rollout": 21,
  "reward": 1.159467721050355,
  "raw_score": 1.159467721050355,
  "valid": true,
  "parsed": true,
  "ran": true,
  "msg": "ok",
  "advantage": 1.5650277326864366,
  "algo": "reinforce",
  "n_response_tokens": 2685,
  "sandbox_stdout": "Validation failed: Circle 0 at (0.022725738269697524,0.5904544773563708) r=0.023662359737299205 outside unit square\nValidation failed: Circle 0 at (0.022725738269697524,0.5904544773563708) r=0.023662359737299205 outside unit square\n",
  "parent_value": 1.159467721050355,
  "parent_is_seed": false
}