{
  "step": 33,
  "group": 4,
  "rollout": 3,
  "reward": 2.6359829364320713,
  "raw_score": 2.6359829364320713,
  "valid": true,
  "parsed": true,
  "ran": true,
  "msg": "ok",
  "advantage": 0.050120163812973795,
  "beta": 1048576.0,
  "n_response_tokens": 2471,
  "sandbox_stdout": "Invalid packing: Circles 2 and 8 overlap\nInvalid packing: Circle 25 at (0.15221248339490556,0.1522122756545346) r=0.15221244179541893 outside unit square\n",
  "parent_value": 2.6359829364320713,
  "parent_is_seed": false
}