{
  "step": 33,
  "group": 2,
  "rollout": 43,
  "reward": 2.6359829364320713,
  "raw_score": 2.6359829364320713,
  "valid": true,
  "parsed": true,
  "ran": true,
  "msg": "ok",
  "advantage": 0.10539630419585011,
  "beta": 1048576.0,
  "n_response_tokens": 2448,
  "sandbox_stdout": "Invalid packing: Circles 6 and 11 overlap\nInvalid packing: Circle 2 at (0.9951013321872372,0.9951007835953691) r=0.004899208343281812 outside unit square\n",
  "parent_value": 2.6359829364320713,
  "parent_is_seed": false
}