{
  "step": 33,
  "group": 7,
  "rollout": 23,
  "reward": 2.6359829364320713,
  "raw_score": 2.6359829364320713,
  "valid": true,
  "parsed": true,
  "ran": true,
  "msg": "ok",
  "advantage": 0.10526315789351526,
  "beta": 1048576.0,
  "n_response_tokens": 2645,
  "sandbox_stdout": "Invalid packing: Circles 2 and 8 overlap\nInvalid packing: Circle 1 at (0.9676781181751288,0.9676775057997619) r=0.03232248419458859 outside unit square\n",
  "parent_value": 2.6359829364320713,
  "parent_is_seed": false
}