{
  "step": 33,
  "group": 2,
  "rollout": 52,
  "reward": 2.6359829364320713,
  "raw_score": 2.6359829364320713,
  "valid": true,
  "parsed": true,
  "ran": true,
  "msg": "ok",
  "advantage": 0.10539630419585011,
  "beta": 1048576.0,
  "n_response_tokens": 2563,
  "sandbox_stdout": "Invalid packing: Circles 2 and 8 overlap\nInvalid packing: Circle 2 at (0.6724185942520492,0.10421442210732508) r=0.10421447653609628 outside unit square\n",
  "parent_value": 2.6359829364320713,
  "parent_is_seed": false
}