{
  "step": 33,
  "group": 5,
  "rollout": 56,
  "reward": 2.6359829364320713,
  "raw_score": 2.6359829364320713,
  "valid": true,
  "parsed": true,
  "ran": true,
  "msg": "ok",
  "advantage": 0.08676446178555564,
  "beta": 1048576.0,
  "n_response_tokens": 2368,
  "sandbox_stdout": "Invalid packing: Circles 2 and 8 overlap\n",
  "parent_value": 2.6359829364320713,
  "parent_is_seed": false
}