{
  "step": 18,
  "group": 0,
  "rollout": 19,
  "reward": 2.489089095344737,
  "raw_score": 2.489089095344737,
  "valid": true,
  "parsed": true,
  "ran": true,
  "msg": "ok",
  "advantage": 2.759776960800627,
  "beta": 181.57535073046597,
  "n_response_tokens": 3046,
  "sandbox_stdout": "Validation Failed: Circle 5 at (1.1,0.1) r=0.0 outside unit square\n",
  "parent_value": 2.4944863515827316,
  "parent_is_seed": false
}