{
  "step": 18,
  "group": 2,
  "rollout": 18,
  "reward": 2.4764511004487573,
  "raw_score": 2.4764511004487573,
  "valid": true,
  "parsed": true,
  "ran": true,
  "msg": "ok",
  "advantage": 1.0531770938741114,
  "beta": 23.85078281420271,
  "n_response_tokens": 3086,
  "sandbox_stdout": "Validation Failed: Circle 5 at (1.1,0.1) r=0.0 outside unit square\nValidation Failed: Circle 3 at (1.025,0.575) r=0.0 outside unit square\nValidation Failed: Circle 4 at (0.8791825882037947,-0.014389123402477527) r=0.0 outside unit square\nValidation Failed: Circle 25 at (1.0159777945878103,0.25274677172912613) r=0.0 outside unit square\nValidation Failed: Circle 4 at (0.8261397663765123,-0.005179512058630278) r=0.0 outside unit square\nValidation Failed: Circle 25 at (1.0146115691130957,0.22558954219938826) r=0.0 outside unit square\n",
  "parent_value": 2.480693765546281,
  "parent_is_seed": false
}