{
  "step": 18,
  "group": 2,
  "rollout": 6,
  "reward": 2.483771224494325,
  "raw_score": 2.483771224494325,
  "valid": true,
  "parsed": true,
  "ran": true,
  "msg": "ok",
  "advantage": 1.487192338236837,
  "beta": 23.85078281420271,
  "n_response_tokens": 3849,
  "sandbox_stdout": "Validation Failed: Circle 5 at (1.1,0.1) r=0.0 outside unit square\n",
  "parent_value": 2.480693765546281,
  "parent_is_seed": false
}