{
  "step": 18,
  "group": 3,
  "rollout": 22,
  "reward": 2.4727107245346396,
  "raw_score": 2.4727107245346396,
  "valid": true,
  "parsed": true,
  "ran": true,
  "msg": "ok",
  "advantage": 1.2736483795512137,
  "beta": 109.62960010708541,
  "n_response_tokens": 2817,
  "sandbox_stdout": "Validation Failed: Circle 5 at (1.1,0.1) r=0.0 outside unit square\nValidation Failed: Circle 19 at (1.0082290077460536,0.8277555960379297) r=0.0 outside unit square\nValidation Failed: Circle 4 at (1.1172092115288503,-0.036142591440140315) r=0.0 outside unit square\nValidation Failed: Circle 5 at (-0.04244138341226139,0.27736158232193137) r=0.0 outside unit square\nValidation Failed: Circle 19 at (1.0071320283804357,0.8355947695696568) r=0.0 outside unit square\nValidation Failed: Circle 20 at (-0.0012672966245046713,0.91242638100932) r=0.0 outside unit square\nValidation Failed: Circle 14 at (1.034631843951631,0.36530376073792203) r=0.0 outside unit square\nValidation Failed: Circle 19 at (1.0351855280832865,0.6600836149945246) r=0.0 outside unit square\nValidation Failed: Circle 2 at (0.6318020504254518,-0.041811611285607425) r=0.0 outside unit square\nValidation Failed: Circle 4 at (0.9736147411065185,-0.09620674937813625) r=0.0 outside unit square\nValidation Failed: Circle 9 at (1.0420553131846881,0.32390491085736667) r=0.0 outside unit square\nValidation Failed: Circle 20 at (-0.03907765303113933,0.9918236285879487) r=0.0 outside unit square\nValidation Failed: Circle 25 at (0.9771450147384082,-0.04808822017840858) r=0.0 outside unit square\nValidation Failed: Circle 0 at (0.06330448819956169,-0.018619673533126907) r=0.0 outside unit square\nValidation Failed: Circle 1 at (0.29707482515051725,-0.021288210091793908) r=0.0 outside unit square\nValidation Failed: Circle 4 at (0.8512440360007352,-0.11054886668884578) r=0.0 outside unit square\nValidation Failed: Circle 10 at (-0.044067882091582994,0.48815797938198824) r=0.0 outside unit square\nValidation Failed: Circle 14 at (1.045756717666736,0.5388984184604213) r=0.0 outside unit square\nValidation Failed: Circle 22 at (0.5736903382809597,1.014964818695073) r=0.0 outside unit square\nValidation Failed: Circle 24 at (1.0439660152385661,0.8925800057878908) r=0.0 outside unit square\nValidation Failed: Circle 4 at (0.885258832631358",
  "parent_value": 2.480272288197457,
  "parent_is_seed": false
}