{
  "step": 18,
  "group": 1,
  "rollout": 5,
  "reward": 1.1918079424755654,
  "raw_score": 1.1918079424755654,
  "valid": true,
  "parsed": true,
  "ran": true,
  "msg": "ok",
  "advantage": -0.7003425950301867,
  "beta": 1.796158894104185,
  "n_response_tokens": 3336,
  "sandbox_stdout": "Validation Failed: Circle 5 at (1.1,0.1) r=0.0 outside unit square\n",
  "parent_value": 2.4809090953786823,
  "parent_is_seed": false
}