{
  "step": 18,
  "group": 0,
  "rollout": 1,
  "reward": 0.5214664537915527,
  "raw_score": 0.5214664537915527,
  "valid": true,
  "parsed": true,
  "ran": true,
  "msg": "ok",
  "advantage": -1.0,
  "beta": 181.57535073046597,
  "n_response_tokens": 2706,
  "sandbox_stdout": "Validation Failed: Circle 0 at (-0.007872863284903442,-0.007872863284903442) r=0.0 outside unit square\nValidation Failed: Circle 3 at (1.0499999999999998,0.15) r=0.0 outside unit square\nValidation Failed: Circle 3 at (1.0499999999999998,0.15) r=0.0 outside unit square\nValidation Failed: Circle 0 at (-0.027307587461987803,0.019007789639550146) r=0.0 outside unit square\nValidation Failed: Circle 0 at (-0.027307587461987803,0.019007789639550146) r=0.0 outside unit square\nValidation Failed: Circle 0 at (-0.027307587461987803,0.019007789639550146) r=0.0 outside unit square\nValidation Failed: Circle 0 at (-0.027307587461987803,0.019007789639550146) r=0.0 outside unit square\nValidation Failed: Circle 0 at (-0.027307587461987803,0.019007789639550146) r=0.0 outside unit square\nValidation Failed: Circle 0 at (-0.027307587461987803,0.019007789639550146) r=0.0 outside unit square\nValidation Failed: Circle 0 at (-0.027307587461987803,0.019007789639550146) r=0.0 outside unit square\nValidation Failed: Circle 0 at (-0.027307587461987803,0.019007789639550146) r=0.0 outside unit square\nValidation Failed: Circle 0 at (-0.027307587461987803,0.019007789639550146) r=0.0 outside unit square\nValidation Failed: Circle 0 at (-0.027307587461987803,0.019007789639550146) r=0.0 outside unit square\nValidation Failed: Circle 0 at (-0.027307587461987803,0.019007789639550146) r=0.0 outside unit square\nValidation Failed: Circle 0 at (-0.027307587461987803,0.019007789639550146) r=0.0 outside unit square\nValidation Failed: Circle 0 at (-0.027307587461987803,0.019007789639550146) r=0.0 outside unit square\nValidation Failed: Circle 0 at (-0.027307587461987803,0.019007789639550146) r=0.0 outside unit square\nValidation Failed: Circle 0 at (-0.027307587461987803,0.019007789639550146) r=0.0 outside unit square\nValidation Failed: Circle 0 at (-0.027307587461987803,0.019007789639550146) r=0.0 outside unit square\nValidation Failed: Circle 0 at (-0.027307587461987803,0.019007789639550146) r=0.0 outside unit squa",
  "parent_value": 2.4944863515827316,
  "parent_is_seed": false
}