{
  "step": 18,
  "group": 1,
  "rollout": 8,
  "reward": 2.4707136070508424,
  "raw_score": 2.4707136070508424,
  "valid": true,
  "parsed": true,
  "ran": true,
  "msg": "ok",
  "advantage": 2.3733941034383013,
  "beta": 1.796158894104185,
  "n_response_tokens": 3320,
  "sandbox_stdout": "Validation Failed: Circle 5 at (1.1,0.1) r=0.0 outside unit square\nValidation Failed: Circle 25 at (0.027519508473881446,-0.011386412740087046) r=0.0 outside unit square\n",
  "parent_value": 2.4809090953786823,
  "parent_is_seed": false
}