{
  "step": 18,
  "group": 3,
  "rollout": 3,
  "reward": 2.4707136070508424,
  "raw_score": 2.4707136070508424,
  "valid": true,
  "parsed": true,
  "ran": true,
  "msg": "ok",
  "advantage": 0.791746947715162,
  "beta": 109.62960010708541,
  "n_response_tokens": 3254,
  "sandbox_stdout": "Validation Failed: Circle 0 at (0.15253070070874308,-0.04275947865787058) r=0.0 outside unit square\nValidation Failed: Circle 2 at (0.4903310047330848,-0.04488235462692186) r=0.0 outside unit square\nValidation Failed: Circle 5 at (-0.04937443255991211,0.37952400213427695) r=0.0 outside unit square\nValidation Failed: Circle 20 at (0.05663346947314184,1.0236226006391527) r=0.0 outside unit square\nValidation Failed: Circle 21 at (0.1512734365162471,1.0302956088598063) r=0.0 outside unit square\nValidation Failed: Circle 24 at (1.030075393636723,0.7891997615956822) r=0.0 outside unit square\nValidation Failed: Circle 25 at (-0.08668240016466909,-0.09419108977628576) r=0.0 outside unit square\nValidation Failed: Circle 10 at (-0.04397682934229527,0.5841037696721968) r=0.0 outside unit square\nValidation Failed: Circle 24 at (1.032983386412596,0.805353363812225) r=0.0 outside unit square\nValidation Failed: Circle 25 at (-0.0022736116645911686,0.12549558065750147) r=0.0 outside unit square\nValidation Failed: Circle 3 at (0.7839144725965476,-0.02899504183192131) r=0.0 outside unit square\nValidation Failed: Circle 4 at (0.9235649895083934,-0.00619783133264315) r=0.0 outside unit square\nValidation Failed: Circle 15 at (-0.007962947852048347,0.6205070572224745) r=0.0 outside unit square\nValidation Failed: Circle 20 at (0.07577536601745488,1.0057229025543846) r=0.0 outside unit square\nValidation Failed: Circle 0 at (0.18623365262359262,-0.03467182643484987) r=0.0 outside unit square\nValidation Failed: Circle 3 at (0.7354895324862735,-0.01326940107868943) r=0.0 outside unit square\nValidation Failed: Circle 5 at (-0.035174052685114254,0.19847201688780708) r=0.0 outside unit square\nValidation Failed: Circle 9 at (1.0208838850549409,0.261091410829388) r=0.0 outside unit square\nValidation Failed: Circle 10 at (-0.04912607989571113,0.3783246365757792) r=0.0 outside unit square\nValidation Failed: Circle 21 at (0.187091984680509,1.0006825573913578) r=0.0 outside unit square\nValidation Fail",
  "parent_value": 2.480272288197457,
  "parent_is_seed": false
}