{
  "step": 18,
  "group": 1,
  "rollout": 3,
  "reward": 0.0,
  "raw_score": 0.0,
  "valid": true,
  "parsed": true,
  "ran": true,
  "msg": "ok",
  "advantage": -0.9651681483810531,
  "beta": 1.796158894104185,
  "n_response_tokens": 3255,
  "sandbox_stdout": "Validation Failed: Circle 0 at (0.99999,1e-05) r=1.0 outside unit square\nValidation Failed: Circle 0 at (0.0,0.0) r=0.9999999999999903 outside unit square\nValidation Failed: Circle 0 at (0.0,0.0) r=0.9999999999999905 outside unit square\nValidation Failed: Circle 0 at (0.0,0.0) r=0.9999999999999905 outside unit square\nValidation Failed: Circle 0 at (0.0,0.0) r=0.9999999999999903 outside unit square\nValidation Failed: Circle 0 at (0.0,0.0) r=0.9999999999999903 outside unit square\nValidation Failed: Circle 0 at (0.0,0.0) r=0.9999999999999903 outside unit square\nValidation Failed: Circle 0 at (0.0,0.0) r=0.9999999999999903 outside unit square\nValidation Failed: Circle 0 at (0.0,0.0) r=0.9999999999999905 outside unit square\nValidation Failed: Circle 0 at (0.0,0.0) r=0.9999999999999905 outside unit square\nValidation Failed: Circle 0 at (0.0,0.0) r=0.9999999999999905 outside unit square\nValidation Failed: Circle 0 at (0.0,0.0) r=0.9999999999999903 outside unit square\nValidation Failed: Circle 0 at (0.0,0.0) r=0.9999999999999903 outside unit square\nValidation Failed: Circle 0 at (0.0,0.0) r=0.9999999999999903 outside unit square\nValidation Failed: Circle 0 at (0.0,0.0) r=0.9999999999999903 outside unit square\nValidation Failed: Circle 0 at (0.0,0.0) r=0.9999999999999903 outside unit square\nValidation Failed: Circle 0 at (0.0,0.0) r=0.9999999999999905 outside unit square\nValidation Failed: Circle 0 at (0.0,0.0) r=0.9999999999999905 outside unit square\nValidation Failed: Circle 0 at (0.0,0.0) r=0.9999999999999903 outside unit square\nValidation Failed: Circle 0 at (0.0,0.0) r=0.9999999999999903 outside unit square\nValidation Failed: Circle 0 at (0.0,0.0) r=0.9999999999999903 outside unit square\nValidation Failed: Circle 0 at (0.0,0.0) r=0.9999999999999903 outside unit square\nValidation Failed: Circle 0 at (0.0,0.0) r=0.9999999999999903 outside unit square\nValidation Failed: Circle 0 at (0.0,0.0) r=0.9999999999999903 outside unit square\nValidation Failed: Circle 0 at (0.0,0.0) ",
  "parent_value": 2.4809090953786823,
  "parent_is_seed": false
}