{
  "step": 18,
  "group": 0,
  "rollout": 10,
  "reward": 2.4851249124857424,
  "raw_score": 2.4851249124857424,
  "valid": true,
  "parsed": true,
  "ran": true,
  "msg": "ok",
  "advantage": 0.6887879000435135,
  "beta": 181.57535073046597,
  "n_response_tokens": 2424,
  "sandbox_stdout": "",
  "parent_value": 2.4944863515827316,
  "parent_is_seed": false
}