{
  "step": 18,
  "group": 0,
  "rollout": 14,
  "reward": 2.483723486562304,
  "raw_score": 2.483723486562304,
  "valid": true,
  "parsed": true,
  "ran": true,
  "msg": "ok",
  "advantage": 0.2881213474687181,
  "beta": 181.57535073046597,
  "n_response_tokens": 2712,
  "sandbox_stdout": "Validation Failed: Circle 5 at (1.1,0.1) r=0.0 outside unit square\nValidation Failed: Circle 4 at (1.125,0.125) r=0.0 outside unit square\nValidation Failed: Circle 4 at (1.125,0.125) r=0.0 outside unit square\n",
  "parent_value": 2.4944863515827316,
  "parent_is_seed": false
}