{
  "step": 18,
  "group": 3,
  "rollout": 7,
  "reward": 2.4707136070508424,
  "raw_score": 2.4707136070508424,
  "valid": true,
  "parsed": true,
  "ran": true,
  "msg": "ok",
  "advantage": 0.791746947715162,
  "beta": 109.62960010708541,
  "n_response_tokens": 2830,
  "sandbox_stdout": "Validation Failed: Circle 1 at (0.448755584253859,-0.027381215948192816) r=0.0 outside unit square\nValidation Failed: Circle 2 at (0.527330588352358,-0.015614827789332847) r=0.0 outside unit square\nValidation Failed: Circle 4 at (1.0005409643319125,-0.03146341424353927) r=0.0 outside unit square\nValidation Failed: Circle 14 at (1.0469545553923436,0.43185240919944834) r=0.0 outside unit square\nValidation Failed: Circle 24 at (0.9867270984419035,1.0388356851103384) r=0.0 outside unit square\nValidation Failed: Circle 3 at (0.550370930317878,-0.028625816404348525) r=0.0 outside unit square\nValidation Failed: Circle 9 at (1.046044031126072,0.30046482344207576) r=0.0 outside unit square\nValidation Failed: Circle 23 at (0.5838486774076467,1.0415797068261274) r=0.0 outside unit square\nValidation Failed: Circle 4 at (1.0134443701743845,-0.004797932129562227) r=0.0 outside unit square\nValidation Failed: Circle 15 at (-0.04527472953542358,0.7755511176802652) r=0.0 outside unit square\nValidation Failed: Circle 19 at (1.0421926277203832,0.7804784183244473) r=0.0 outside unit square\nValidation Failed: Circle 20 at (0.2090397120917885,1.0473166825069842) r=0.0 outside unit square\nValidation Failed: Circle 23 at (0.8019050198639168,1.0097059845466427) r=0.0 outside unit square\nValidation Failed: Circle 24 at (1.0475896915114402,0.9991700221527594) r=0.0 outside unit square\nValidation Failed: Circle 0 at (-0.017558655386179817,-0.004716838959457861) r=0.0 outside unit square\nValidation Failed: Circle 2 at (0.42520554748198275,-0.02679469594368386) r=0.0 outside unit square\nValidation Failed: Circle 5 at (-0.002768622534824766,0.42148160641489196) r=0.0 outside unit square\nValidation Failed: Circle 0 at (-0.028874720387924324,0.21654877304197528) r=0.0 outside unit square\nValidation Failed: Circle 1 at (0.33838270065104803,-0.02976208782155712) r=0.0 outside unit square\nValidation Failed: Circle 10 at (-0.03163899201215023,0.5244698056527918) r=0.0 outside unit square\nValidation Fail",
  "parent_value": 2.480272288197457,
  "parent_is_seed": false
}