{
  "step": 11,
  "group": 0,
  "rollout": 23,
  "reward": 2.6278466300469567,
  "raw_score": 2.6278466300469567,
  "valid": true,
  "parsed": true,
  "ran": true,
  "msg": "ok",
  "advantage": 1.3798314296050163,
  "beta": 231.12231286513278,
  "n_response_tokens": 1726,
  "sandbox_stdout": "",
  "parent_value": 2.6310935891138763,
  "parent_is_seed": false
}