{
  "step": 11,
  "group": 7,
  "rollout": 63,
  "reward": 2.610839522283633,
  "raw_score": 2.610839522283633,
  "valid": true,
  "parsed": true,
  "ran": true,
  "msg": "ok",
  "advantage": 2.3587252500928266,
  "beta": 0.9774797233552988,
  "n_response_tokens": 2454,
  "sandbox_stdout": "",
  "parent_value": 2.628212418165301,
  "parent_is_seed": false
}