{
  "step": 11,
  "group": 2,
  "rollout": 24,
  "reward": 2.617900564637588,
  "raw_score": 2.617900564637588,
  "valid": true,
  "parsed": true,
  "ran": true,
  "msg": "ok",
  "advantage": -0.6971228472897972,
  "beta": 231.6837381759754,
  "n_response_tokens": 1625,
  "sandbox_stdout": "",
  "parent_value": 2.631093589113818,
  "parent_is_seed": false
}