{
  "step": 11,
  "group": 1,
  "rollout": 11,
  "reward": 2.619065990009473,
  "raw_score": 2.619065990009473,
  "valid": true,
  "parsed": true,
  "ran": true,
  "msg": "ok",
  "advantage": -0.6505397585798423,
  "beta": 222.23067116745815,
  "n_response_tokens": 2577,
  "sandbox_stdout": "",
  "parent_value": 2.631093589113822,
  "parent_is_seed": false
}