{
  "step": 11,
  "group": 7,
  "rollout": 17,
  "reward": 2.6116469542511083,
  "raw_score": 2.6116469542511083,
  "valid": true,
  "parsed": true,
  "ran": true,
  "msg": "ok",
  "advantage": 2.36151866429827,
  "beta": 0.9774797233552988,
  "n_response_tokens": 2166,
  "sandbox_stdout": "",
  "parent_value": 2.628212418165301,
  "parent_is_seed": false
}