{
  "step": 11,
  "group": 5,
  "rollout": 3,
  "reward": 2.6066961324412374,
  "raw_score": 2.6066961324412374,
  "valid": true,
  "parsed": true,
  "ran": true,
  "msg": "ok",
  "advantage": -0.9758142293301438,
  "beta": 221.92931986049425,
  "n_response_tokens": 1933,
  "sandbox_stdout": "",
  "parent_value": 2.6302148014237776,
  "parent_is_seed": false
}