{
  "step": 11,
  "group": 2,
  "rollout": 0,
  "reward": 2.621694093378191,
  "raw_score": 2.621694093378191,
  "valid": true,
  "parsed": true,
  "ran": true,
  "msg": "ok",
  "advantage": -0.26562523472489774,
  "beta": 231.6837381759754,
  "n_response_tokens": 1430,
  "sandbox_stdout": "",
  "parent_value": 2.631093589113818,
  "parent_is_seed": false
}