{
  "step": 11,
  "group": 6,
  "rollout": 39,
  "reward": 0.0,
  "raw_score": null,
  "valid": false,
  "parsed": true,
  "ran": false,
  "msg": "run_failed: Invalid packing: Circle 0 at (0.08937297571169332,0.089372975711821) r=0.08937297571271656 outside unit square",
  "advantage": -0.9993801442957437,
  "beta": 3.0939553889589866,
  "n_response_tokens": 1897,
  "sandbox_stdout": "",
  "parent_value": 2.628434530184794,
  "parent_is_seed": false
}