{
  "step": 11,
  "group": 4,
  "rollout": 63,
  "reward": 2.623233618088638,
  "raw_score": 2.623233618088638,
  "valid": true,
  "parsed": true,
  "ran": true,
  "msg": "ok",
  "advantage": -0.4596060824878172,
  "beta": 305.2089165808391,
  "n_response_tokens": 1773,
  "sandbox_stdout": "",
  "parent_value": 2.6302148014238695,
  "parent_is_seed": false
}