{
  "step": 11,
  "group": 1,
  "rollout": 16,
  "reward": 2.6262937029881606,
  "raw_score": 2.6262937029881606,
  "valid": true,
  "parsed": true,
  "ran": true,
  "msg": "ok",
  "advantage": 0.7810457545341309,
  "beta": 222.23067116745815,
  "n_response_tokens": 2213,
  "sandbox_stdout": "",
  "parent_value": 2.631093589113822,
  "parent_is_seed": false
}