{
  "step": 11,
  "group": 5,
  "rollout": 36,
  "reward": 2.589868329342181,
  "raw_score": 2.589868329342181,
  "valid": true,
  "parsed": true,
  "ran": true,
  "msg": "ok",
  "advantage": -0.9994225844536148,
  "beta": 221.92931986049425,
  "n_response_tokens": 2257,
  "sandbox_stdout": "",
  "parent_value": 2.6302148014237776,
  "parent_is_seed": false
}