{
  "step": 11,
  "group": 3,
  "rollout": 16,
  "reward": 2.6275928799936814,
  "raw_score": 2.6275928799936814,
  "valid": true,
  "parsed": true,
  "ran": true,
  "msg": "ok",
  "advantage": 0.6730552660339695,
  "beta": 359.36011740666976,
  "n_response_tokens": 1895,
  "sandbox_stdout": "",
  "parent_value": 2.6310935891137106,
  "parent_is_seed": false
}