{
  "step": 11,
  "group": 5,
  "rollout": 28,
  "reward": 2.624138056496615,
  "raw_score": 2.624138056496615,
  "valid": true,
  "parsed": true,
  "ran": true,
  "msg": "ok",
  "advantage": 0.18185533899311968,
  "beta": 221.92931986049425,
  "n_response_tokens": 1717,
  "sandbox_stdout": "",
  "parent_value": 2.6302148014237776,
  "parent_is_seed": false
}