{
  "step": 11,
  "group": 0,
  "rollout": 12,
  "reward": 2.62358137742301,
  "raw_score": 2.62358137742301,
  "valid": true,
  "parsed": true,
  "ran": true,
  "msg": "ok",
  "advantage": -0.1325253497566411,
  "beta": 231.12231286513278,
  "n_response_tokens": 1709,
  "sandbox_stdout": "",
  "parent_value": 2.6310935891138763,
  "parent_is_seed": false
}