{
  "step": 11,
  "group": 6,
  "rollout": 28,
  "reward": 2.55743142190201,
  "raw_score": 2.55743142190201,
  "valid": true,
  "parsed": true,
  "ran": true,
  "msg": "ok",
  "advantage": 0.739829173257075,
  "beta": 3.0939553889589866,
  "n_response_tokens": 2589,
  "sandbox_stdout": "",
  "parent_value": 2.628434530184794,
  "parent_is_seed": false
}