{
  "step": 11,
  "group": 4,
  "rollout": 49,
  "reward": 2.625918192650192,
  "raw_score": 2.625918192650192,
  "valid": true,
  "parsed": true,
  "ran": true,
  "msg": "ok",
  "advantage": 0.23966880426581927,
  "beta": 305.2089165808391,
  "n_response_tokens": 1741,
  "sandbox_stdout": "",
  "parent_value": 2.6302148014238695,
  "parent_is_seed": false
}