{
  "step": 11,
  "group": 5,
  "rollout": 57,
  "reward": 2.623952730386014,
  "raw_score": 2.623952730386014,
  "valid": true,
  "parsed": true,
  "ran": true,
  "msg": "ok",
  "advantage": 0.13337577973031967,
  "beta": 221.92931986049425,
  "n_response_tokens": 1883,
  "sandbox_stdout": "",
  "parent_value": 2.6302148014237776,
  "parent_is_seed": false
}