{
  "step": 11,
  "group": 6,
  "rollout": 41,
  "reward": 2.6101097089615153,
  "raw_score": 2.6101097089615153,
  "valid": true,
  "parsed": true,
  "ran": true,
  "msg": "ok",
  "advantage": 1.0578706515892793,
  "beta": 3.0939553889589866,
  "n_response_tokens": 2333,
  "sandbox_stdout": "",
  "parent_value": 2.628434530184794,
  "parent_is_seed": false
}