{
  "step": 11,
  "group": 0,
  "rollout": 14,
  "reward": 2.6040990358020997,
  "raw_score": 2.6040990358020997,
  "valid": true,
  "parsed": true,
  "ran": true,
  "msg": "ok",
  "advantage": -0.990519307058508,
  "beta": 231.12231286513278,
  "n_response_tokens": 1802,
  "sandbox_stdout": "",
  "parent_value": 2.6310935891138763,
  "parent_is_seed": false
}