{
  "step": 11,
  "group": 4,
  "rollout": 54,
  "reward": 2.6241962110772525,
  "raw_score": 2.6241962110772525,
  "valid": true,
  "parsed": true,
  "ran": true,
  "msg": "ok",
  "advantage": -0.2729291473276497,
  "beta": 305.2089165808391,
  "n_response_tokens": 1776,
  "sandbox_stdout": "",
  "parent_value": 2.6302148014238695,
  "parent_is_seed": false
}