{
  "step": 11,
  "group": 3,
  "rollout": 49,
  "reward": 2.628212418165366,
  "raw_score": 2.628212418165366,
  "valid": true,
  "parsed": true,
  "ran": true,
  "msg": "ok",
  "advantage": 1.1041952666958283,
  "beta": 359.36011740666976,
  "n_response_tokens": 1714,
  "sandbox_stdout": "",
  "parent_value": 2.6310935891137106,
  "parent_is_seed": false
}