{
  "step": 11,
  "group": 1,
  "rollout": 27,
  "reward": 2.631093589113873,
  "raw_score": 2.631093589113873,
  "valid": true,
  "parsed": true,
  "ran": true,
  "msg": "ok",
  "advantage": 4.469920513872267,
  "beta": 222.23067116745815,
  "n_response_tokens": 1868,
  "sandbox_stdout": "",
  "parent_value": 2.631093589113822,
  "parent_is_seed": false
}