{
  "step": 11,
  "group": 1,
  "rollout": 2,
  "reward": 2.6191293556517863,
  "raw_score": 2.6191293556517863,
  "valid": true,
  "parsed": true,
  "ran": true,
  "msg": "ok",
  "advantage": -0.6455560394778757,
  "beta": 222.23067116745815,
  "n_response_tokens": 2101,
  "sandbox_stdout": "",
  "parent_value": 2.631093589113822,
  "parent_is_seed": false
}