{
  "step": 11,
  "group": 2,
  "rollout": 18,
  "reward": 2.593231302955168,
  "raw_score": 2.593231302955168,
  "valid": true,
  "parsed": true,
  "ran": true,
  "msg": "ok",
  "advantage": -0.9990068958823961,
  "beta": 231.6837381759754,
  "n_response_tokens": 1625,
  "sandbox_stdout": "",
  "parent_value": 2.631093589113818,
  "parent_is_seed": false
}