{
  "step": 11,
  "group": 5,
  "rollout": 30,
  "reward": 2.5756614565889557,
  "raw_score": 2.5756614565889557,
  "valid": true,
  "parsed": true,
  "ran": true,
  "msg": "ok",
  "advantage": -0.999975328917457,
  "beta": 221.92931986049425,
  "n_response_tokens": 1833,
  "sandbox_stdout": "",
  "parent_value": 2.6302148014237776,
  "parent_is_seed": false
}