{
  "step": 11,
  "group": 1,
  "rollout": 40,
  "reward": 2.6234985453379713,
  "raw_score": 2.6234985453379713,
  "valid": true,
  "parsed": true,
  "ran": true,
  "msg": "ok",
  "advantage": -0.055372500404832325,
  "beta": 222.23067116745815,
  "n_response_tokens": 1838,
  "sandbox_stdout": "",
  "parent_value": 2.631093589113822,
  "parent_is_seed": false
}