{
  "step": 11,
  "group": 6,
  "rollout": 12,
  "reward": 2.616650563626262,
  "raw_score": 2.616650563626262,
  "valid": true,
  "parsed": true,
  "ran": true,
  "msg": "ok",
  "advantage": 1.1013434768904382,
  "beta": 3.0939553889589866,
  "n_response_tokens": 2577,
  "sandbox_stdout": "",
  "parent_value": 2.628434530184794,
  "parent_is_seed": false
}