{
  "step": 11,
  "group": 5,
  "rollout": 60,
  "reward": 2.6251228878219632,
  "raw_score": 2.6251228878219632,
  "valid": true,
  "parsed": true,
  "ran": true,
  "msg": "ok",
  "advantage": 0.47733788062430094,
  "beta": 221.92931986049425,
  "n_response_tokens": 1564,
  "sandbox_stdout": "",
  "parent_value": 2.6302148014237776,
  "parent_is_seed": false
}