{
  "step": 11,
  "group": 6,
  "rollout": 50,
  "reward": 2.6232422102880855,
  "raw_score": 2.6232422102880855,
  "valid": true,
  "parsed": true,
  "ran": true,
  "msg": "ok",
  "advantage": 1.146113679540969,
  "beta": 3.0939553889589866,
  "n_response_tokens": 2416,
  "sandbox_stdout": "",
  "parent_value": 2.628434530184794,
  "parent_is_seed": false
}