{
  "step": 11,
  "group": 2,
  "rollout": 6,
  "reward": 2.612223064400671,
  "raw_score": 2.612223064400671,
  "valid": true,
  "parsed": true,
  "ran": true,
  "msg": "ok",
  "advantage": -0.919001420305243,
  "beta": 231.6837381759754,
  "n_response_tokens": 1407,
  "sandbox_stdout": "",
  "parent_value": 2.631093589113818,
  "parent_is_seed": false
}