{
  "step": 11,
  "group": 3,
  "rollout": 59,
  "reward": 2.6267554439426553,
  "raw_score": 2.6267554439426553,
  "valid": true,
  "parsed": true,
  "ran": true,
  "msg": "ok",
  "advantage": 0.22977668263605922,
  "beta": 359.36011740666976,
  "n_response_tokens": 2275,
  "sandbox_stdout": "",
  "parent_value": 2.6310935891137106,
  "parent_is_seed": false
}