{
  "step": 11,
  "group": 0,
  "rollout": 9,
  "reward": 2.626755443942669,
  "raw_score": 2.626755443942669,
  "valid": true,
  "parsed": true,
  "ran": true,
  "msg": "ok",
  "advantage": 0.8339040503137516,
  "beta": 231.12231286513278,
  "n_response_tokens": 1760,
  "sandbox_stdout": "",
  "parent_value": 2.6310935891138763,
  "parent_is_seed": false
}