{
  "step": 11,
  "group": 3,
  "rollout": 8,
  "reward": 2.622712646702748,
  "raw_score": 2.622712646702748,
  "valid": true,
  "parsed": true,
  "ran": true,
  "msg": "ok",
  "advantage": -0.7165816116666699,
  "beta": 359.36011740666976,
  "n_response_tokens": 1992,
  "sandbox_stdout": "",
  "parent_value": 2.6310935891137106,
  "parent_is_seed": false
}