{
  "step": 11,
  "group": 1,
  "rollout": 12,
  "reward": 2.630214801423905,
  "raw_score": 2.630214801423905,
  "valid": true,
  "parsed": true,
  "ran": true,
  "msg": "ok",
  "advantage": 3.431263392473067,
  "beta": 222.23067116745815,
  "n_response_tokens": 2239,
  "sandbox_stdout": "",
  "parent_value": 2.631093589113822,
  "parent_is_seed": false
}