{
  "step": 11,
  "group": 7,
  "rollout": 49,
  "reward": 2.574812502403773,
  "raw_score": 2.574812502403773,
  "valid": true,
  "parsed": true,
  "ran": true,
  "msg": "ok",
  "advantage": 2.236533165938433,
  "beta": 0.9774797233552988,
  "n_response_tokens": 2221,
  "sandbox_stdout": "",
  "parent_value": 2.628212418165301,
  "parent_is_seed": false
}