{
  "step": 11,
  "group": 0,
  "rollout": 33,
  "reward": 2.6248703056263163,
  "raw_score": 2.6248703056263163,
  "valid": true,
  "parsed": true,
  "ran": true,
  "msg": "ok",
  "advantage": 0.17412231270209322,
  "beta": 231.12231286513278,
  "n_response_tokens": 1773,
  "sandbox_stdout": "",
  "parent_value": 2.6310935891138763,
  "parent_is_seed": false
}