{
  "step": 11,
  "group": 4,
  "rollout": 37,
  "reward": 2.6262937029880726,
  "raw_score": 2.6262937029880726,
  "valid": true,
  "parsed": true,
  "ran": true,
  "msg": "ok",
  "advantage": 0.3935378424634821,
  "beta": 305.2089165808391,
  "n_response_tokens": 1767,
  "sandbox_stdout": "",
  "parent_value": 2.6302148014238695,
  "parent_is_seed": false
}