{
  "step": 11,
  "group": 4,
  "rollout": 59,
  "reward": 2.6165381414409845,
  "raw_score": 2.6165381414409845,
  "valid": true,
  "parsed": true,
  "ran": true,
  "msg": "ok",
  "advantage": -0.9304990336496551,
  "beta": 305.2089165808391,
  "n_response_tokens": 1865,
  "sandbox_stdout": "",
  "parent_value": 2.6302148014238695,
  "parent_is_seed": false
}