{
  "step": 11,
  "group": 0,
  "rollout": 27,
  "reward": 2.6257717728604026,
  "raw_score": 2.6257717728604026,
  "valid": true,
  "parsed": true,
  "ran": true,
  "msg": "ok",
  "advantage": 0.4523697607846635,
  "beta": 231.12231286513278,
  "n_response_tokens": 1737,
  "sandbox_stdout": "",
  "parent_value": 2.6310935891138763,
  "parent_is_seed": false
}