{
  "step": 11,
  "group": 2,
  "rollout": 42,
  "reward": 2.619901341184122,
  "raw_score": 2.619901341184122,
  "valid": true,
  "parsed": true,
  "ran": true,
  "msg": "ok",
  "advantage": -0.5171462828576145,
  "beta": 231.6837381759754,
  "n_response_tokens": 1719,
  "sandbox_stdout": "",
  "parent_value": 2.631093589113818,
  "parent_is_seed": false
}