{
  "step": 11,
  "group": 0,
  "rollout": 17,
  "reward": 2.6248929535388092,
  "raw_score": 2.6248929535388092,
  "valid": true,
  "parsed": true,
  "ran": true,
  "msg": "ok",
  "advantage": 0.1803997502745993,
  "beta": 231.12231286513278,
  "n_response_tokens": 1917,
  "sandbox_stdout": "",
  "parent_value": 2.6310935891138763,
  "parent_is_seed": false
}