{
  "step": 11,
  "group": 0,
  "rollout": 50,
  "reward": 2.625636752792097,
  "raw_score": 2.625636752792097,
  "valid": true,
  "parsed": true,
  "ran": true,
  "msg": "ok",
  "advantage": 0.4067503652392568,
  "beta": 231.12231286513278,
  "n_response_tokens": 2251,
  "sandbox_stdout": "",
  "parent_value": 2.6310935891138763,
  "parent_is_seed": false
}