{
  "step": 11,
  "group": 5,
  "rollout": 34,
  "reward": 2.622226685847989,
  "raw_score": 2.622226685847989,
  "valid": true,
  "parsed": true,
  "ran": true,
  "msg": "ok",
  "advantage": -0.23169456255291532,
  "beta": 221.92931986049425,
  "n_response_tokens": 1825,
  "sandbox_stdout": "",
  "parent_value": 2.6302148014237776,
  "parent_is_seed": false
}