{
  "step": 11,
  "group": 7,
  "rollout": 23,
  "reward": 2.5961308023526173,
  "raw_score": 2.5961308023526173,
  "valid": true,
  "parsed": true,
  "ran": true,
  "msg": "ok",
  "advantage": 2.308263079325236,
  "beta": 0.9774797233552988,
  "n_response_tokens": 2364,
  "sandbox_stdout": "",
  "parent_value": 2.628212418165301,
  "parent_is_seed": false
}