{
  "step": 11,
  "group": 1,
  "rollout": 10,
  "reward": 2.6256633496535304,
  "raw_score": 2.6256633496535304,
  "valid": true,
  "parsed": true,
  "ran": true,
  "msg": "ok",
  "advantage": 0.5425367221700921,
  "beta": 222.23067116745815,
  "n_response_tokens": 1945,
  "sandbox_stdout": "",
  "parent_value": 2.631093589113822,
  "parent_is_seed": false
}