{
  "step": 11,
  "group": 3,
  "rollout": 46,
  "reward": 2.619561579768075,
  "raw_score": 2.619561579768075,
  "valid": true,
  "parsed": true,
  "ran": true,
  "msg": "ok",
  "advantage": -0.9089405896457883,
  "beta": 359.36011740666976,
  "n_response_tokens": 1809,
  "sandbox_stdout": "",
  "parent_value": 2.6310935891137106,
  "parent_is_seed": false
}