{
  "step": 11,
  "group": 6,
  "rollout": 22,
  "reward": 2.6117546309083686,
  "raw_score": 2.6117546309083686,
  "valid": true,
  "parsed": true,
  "ran": true,
  "msg": "ok",
  "advantage": 1.0687152805615074,
  "beta": 3.0939553889589866,
  "n_response_tokens": 2610,
  "sandbox_stdout": "",
  "parent_value": 2.628434530184794,
  "parent_is_seed": false
}