{
  "step": 11,
  "group": 4,
  "rollout": 40,
  "reward": 2.628434530184765,
  "raw_score": 2.628434530184765,
  "valid": true,
  "parsed": true,
  "ran": true,
  "msg": "ok",
  "advantage": 1.7342354862835956,
  "beta": 305.2089165808391,
  "n_response_tokens": 1684,
  "sandbox_stdout": "",
  "parent_value": 2.6302148014238695,
  "parent_is_seed": false
}