{
  "step": 11,
  "group": 0,
  "rollout": 13,
  "reward": 2.6219105837514585,
  "raw_score": 2.6219105837514585,
  "valid": true,
  "parsed": true,
  "ran": true,
  "msg": "ok",
  "advantage": -0.4129984647298276,
  "beta": 231.12231286513278,
  "n_response_tokens": 1717,
  "sandbox_stdout": "",
  "parent_value": 2.6310935891138763,
  "parent_is_seed": false
}