{
  "step": 11,
  "group": 0,
  "rollout": 22,
  "reward": 2.6266918954684617,
  "raw_score": 2.6266918954684617,
  "valid": true,
  "parsed": true,
  "ran": true,
  "msg": "ok",
  "advantage": 0.8063988056931772,
  "beta": 231.12231286513278,
  "n_response_tokens": 1866,
  "sandbox_stdout": "",
  "parent_value": 2.6310935891138763,
  "parent_is_seed": false
}