{
  "step": 11,
  "group": 6,
  "rollout": 56,
  "reward": 2.623074986957003,
  "raw_score": 2.623074986957003,
  "valid": true,
  "parsed": true,
  "ran": true,
  "msg": "ok",
  "advantage": 1.1449658124407827,
  "beta": 3.0939553889589866,
  "n_response_tokens": 2612,
  "sandbox_stdout": "",
  "parent_value": 2.628434530184794,
  "parent_is_seed": false
}