{
  "step": 11,
  "group": 3,
  "rollout": 6,
  "reward": 2.6260883541013857,
  "raw_score": 2.6260883541013857,
  "valid": true,
  "parsed": true,
  "ran": true,
  "msg": "ok",
  "advantage": -0.036367346642475096,
  "beta": 359.36011740666976,
  "n_response_tokens": 1597,
  "sandbox_stdout": "",
  "parent_value": 2.6310935891137106,
  "parent_is_seed": false
}