{
  "step": 11,
  "group": 5,
  "rollout": 15,
  "reward": 2.6264432324808387,
  "raw_score": 2.6264432324808387,
  "valid": true,
  "parsed": true,
  "ran": true,
  "msg": "ok",
  "advantage": 0.9962711613949009,
  "beta": 221.92931986049425,
  "n_response_tokens": 1655,
  "sandbox_stdout": "",
  "parent_value": 2.6302148014237776,
  "parent_is_seed": false
}