{
  "step": 11,
  "group": 0,
  "rollout": 61,
  "reward": 2.6208923908233226,
  "raw_score": 2.6208923908233226,
  "valid": true,
  "parsed": true,
  "ran": true,
  "msg": "ok",
  "advantage": -0.5369900820611407,
  "beta": 231.12231286513278,
  "n_response_tokens": 1808,
  "sandbox_stdout": "",
  "parent_value": 2.6310935891138763,
  "parent_is_seed": false
}