{
  "step": 11,
  "group": 4,
  "rollout": 30,
  "reward": 2.620892390823343,
  "raw_score": 2.620892390823343,
  "valid": true,
  "parsed": true,
  "ran": true,
  "msg": "ok",
  "advantage": -0.736681385358491,
  "beta": 305.2089165808391,
  "n_response_tokens": 1741,
  "sandbox_stdout": "",
  "parent_value": 2.6302148014238695,
  "parent_is_seed": false
}