{
  "step": 11,
  "group": 5,
  "rollout": 7,
  "reward": 2.6134266384152367,
  "raw_score": 2.6134266384152367,
  "valid": true,
  "parsed": true,
  "ran": true,
  "msg": "ok",
  "advantage": -0.8921449951422722,
  "beta": 221.92931986049425,
  "n_response_tokens": 1699,
  "sandbox_stdout": "",
  "parent_value": 2.6302148014237776,
  "parent_is_seed": false
}