{
  "step": 11,
  "group": 5,
  "rollout": 18,
  "reward": 2.6278303729187966,
  "raw_score": 2.6278303729187966,
  "valid": true,
  "parsed": true,
  "ran": true,
  "msg": "ok",
  "advantage": 1.747294976515962,
  "beta": 221.92931986049425,
  "n_response_tokens": 2074,
  "sandbox_stdout": "",
  "parent_value": 2.6302148014237776,
  "parent_is_seed": false
}