{
  "step": 11,
  "group": 2,
  "rollout": 38,
  "reward": 2.6211176255757462,
  "raw_score": 2.6211176255757462,
  "valid": true,
  "parsed": true,
  "ran": true,
  "msg": "ok",
  "advantage": -0.3583743994526867,
  "beta": 231.6837381759754,
  "n_response_tokens": 1623,
  "sandbox_stdout": "",
  "parent_value": 2.631093589113818,
  "parent_is_seed": false
}