{
  "step": 11,
  "group": 3,
  "rollout": 23,
  "reward": 2.625930508380948,
  "raw_score": 2.625930508380948,
  "valid": true,
  "parsed": true,
  "ran": true,
  "msg": "ok",
  "advantage": -0.09027388979087358,
  "beta": 359.36011740666976,
  "n_response_tokens": 1685,
  "sandbox_stdout": "",
  "parent_value": 2.6310935891137106,
  "parent_is_seed": false
}