{
  "step": 11,
  "group": 1,
  "rollout": 61,
  "reward": 0.0,
  "raw_score": null,
  "valid": false,
  "parsed": true,
  "ran": true,
  "msg": "Circle 0 at (0.08038066320105254,0.08038066320104653) r=0.08038066320208292 outside unit square",
  "advantage": -1.0,
  "beta": 222.23067116745815,
  "n_response_tokens": 1667,
  "sandbox_stdout": "",
  "parent_value": 2.631093589113822,
  "parent_is_seed": false
}