{
  "step": 11,
  "group": 1,
  "rollout": 33,
  "reward": 2.600101472744846,
  "raw_score": 2.600101472744846,
  "valid": true,
  "parsed": true,
  "ran": true,
  "msg": "ok",
  "advantage": -0.9948631385981952,
  "beta": 222.23067116745815,
  "n_response_tokens": 2357,
  "sandbox_stdout": "",
  "parent_value": 2.631093589113822,
  "parent_is_seed": false
}