{
  "step": 11,
  "group": 2,
  "rollout": 51,
  "reward": 2.6271298114007693,
  "raw_score": 2.6271298114007693,
  "valid": true,
  "parsed": true,
  "ran": true,
  "msg": "ok",
  "advantage": 1.6657490393363097,
  "beta": 231.6837381759754,
  "n_response_tokens": 1781,
  "sandbox_stdout": "",
  "parent_value": 2.631093589113818,
  "parent_is_seed": false
}