{
  "step": 11,
  "group": 4,
  "rollout": 20,
  "reward": 2.6214641698131236,
  "raw_score": 2.6214641698131236,
  "valid": true,
  "parsed": true,
  "ran": true,
  "msg": "ok",
  "advantage": -0.6862256677273805,
  "beta": 305.2089165808391,
  "n_response_tokens": 1614,
  "sandbox_stdout": "",
  "parent_value": 2.6302148014238695,
  "parent_is_seed": false
}