{
  "step": 11,
  "group": 5,
  "rollout": 12,
  "reward": 2.6180682559781117,
  "raw_score": 2.6180682559781117,
  "valid": true,
  "parsed": true,
  "ran": true,
  "msg": "ok",
  "advantage": -0.6969228177137349,
  "beta": 221.92931986049425,
  "n_response_tokens": 1692,
  "sandbox_stdout": "",
  "parent_value": 2.6302148014237776,
  "parent_is_seed": false
}