{
  "step": 11,
  "group": 2,
  "rollout": 34,
  "reward": 2.628082958638524,
  "raw_score": 2.628082958638524,
  "valid": true,
  "parsed": true,
  "ran": true,
  "msg": "ok",
  "advantage": 2.3596100889199723,
  "beta": 231.6837381759754,
  "n_response_tokens": 1453,
  "sandbox_stdout": "",
  "parent_value": 2.631093589113818,
  "parent_is_seed": false
}