{
  "step": 11,
  "group": 3,
  "rollout": 9,
  "reward": 2.6270997180648705,
  "raw_score": 2.6270997180648705,
  "valid": true,
  "parsed": true,
  "ran": true,
  "msg": "ok",
  "advantage": 0.3953217808359246,
  "beta": 359.36011740666976,
  "n_response_tokens": 1717,
  "sandbox_stdout": "",
  "parent_value": 2.6310935891137106,
  "parent_is_seed": false
}