{
  "step": 11,
  "group": 2,
  "rollout": 53,
  "reward": 2.624285412314028,
  "raw_score": 2.624285412314028,
  "valid": true,
  "parsed": true,
  "ran": true,
  "msg": "ok",
  "advantage": 0.35157145813233015,
  "beta": 231.6837381759754,
  "n_response_tokens": 1760,
  "sandbox_stdout": "",
  "parent_value": 2.631093589113818,
  "parent_is_seed": false
}