{
  "step": 11,
  "group": 0,
  "rollout": 42,
  "reward": 2.6157171205351606,
  "raw_score": 2.6157171205351606,
  "valid": true,
  "parsed": true,
  "ran": true,
  "msg": "ok",
  "advantage": -0.8607161465700267,
  "beta": 231.12231286513278,
  "n_response_tokens": 1751,
  "sandbox_stdout": "",
  "parent_value": 2.6310935891138763,
  "parent_is_seed": false
}