{
  "step": 11,
  "group": 4,
  "rollout": 13,
  "reward": 2.6210141427970255,
  "raw_score": 2.6210141427970255,
  "valid": true,
  "parsed": true,
  "ran": true,
  "msg": "ok",
  "advantage": -0.726669195673005,
  "beta": 305.2089165808391,
  "n_response_tokens": 1726,
  "sandbox_stdout": "",
  "parent_value": 2.6302148014238695,
  "parent_is_seed": false
}