{
  "step": 11,
  "group": 2,
  "rollout": 45,
  "reward": 2.6171073000324196,
  "raw_score": 2.6171073000324196,
  "valid": true,
  "parsed": true,
  "ran": true,
  "msg": "ok",
  "advantage": -0.74817510721054,
  "beta": 231.6837381759754,
  "n_response_tokens": 1812,
  "sandbox_stdout": "",
  "parent_value": 2.631093589113818,
  "parent_is_seed": false
}