{
  "step": 13,
  "group": 4,
  "rollout": 37,
  "reward": 2.6310935891139033,
  "raw_score": 2.6310935891139033,
  "valid": true,
  "parsed": true,
  "ran": true,
  "msg": "ok",
  "advantage": 4.9018020807517475,
  "beta": 284.85888725699203,
  "n_response_tokens": 1744,
  "sandbox_stdout": "",
  "parent_value": 2.6310935891139047,
  "parent_is_seed": false
}