{
  "step": 2,
  "group": 4,
  "rollout": 20,
  "reward": 2.1640666666666664,
  "raw_score": 2.1640666666666664,
  "valid": true,
  "parsed": true,
  "ran": true,
  "msg": "ok",
  "advantage": 2.1968571061480087,
  "beta": 1.2483034118529464,
  "n_response_tokens": 1443,
  "sandbox_stdout": "Warning: Packing validation failed: Circle 0 at (0.09776405265622617,0.15785391730830844) r=0.11678474629266779 outside unit square\n",
  "parent_value": 2.16666617524131,
  "parent_is_seed": false
}