{
  "step": 2,
  "group": 6,
  "rollout": 30,
  "reward": 0.6755041047921505,
  "raw_score": 0.6755041047921505,
  "valid": true,
  "parsed": true,
  "ran": true,
  "msg": "ok",
  "advantage": -0.22233008271720445,
  "beta": 1.5869352764104063,
  "n_response_tokens": 1858,
  "sandbox_stdout": "",
  "parent_value": 1.4899999999998343,
  "parent_is_seed": false
}