{
  "step": 2,
  "group": 3,
  "rollout": 54,
  "reward": 0.0,
  "raw_score": 0.0,
  "valid": true,
  "parsed": true,
  "ran": true,
  "msg": "ok",
  "advantage": -0.43835882548309246,
  "beta": 1.384493225546122,
  "n_response_tokens": 1187,
  "sandbox_stdout": "Validation failed: Circle 4 at (1.125,0.1) r=1.4461550437930573e-11 outside unit square\n",
  "parent_value": 2.166666666640483,
  "parent_is_seed": false
}