{
  "step": 2,
  "group": 6,
  "rollout": 60,
  "reward": 1.7799999999999423,
  "raw_score": 1.7799999999999423,
  "valid": true,
  "parsed": true,
  "ran": true,
  "msg": "ok",
  "advantage": 3.76836125347969,
  "beta": 1.5869352764104063,
  "n_response_tokens": 1665,
  "sandbox_stdout": "",
  "parent_value": 1.4899999999998343,
  "parent_is_seed": false
}