{
  "step": 2,
  "group": 1,
  "rollout": 43,
  "reward": 2.618052637759912,
  "raw_score": 2.618052637759912,
  "valid": true,
  "parsed": true,
  "ran": true,
  "msg": "ok",
  "advantage": 1.2238787749611242,
  "beta": 1.7501912714926589,
  "n_response_tokens": 1420,
  "sandbox_stdout": "",
  "parent_value": 2.6165756447228885,
  "parent_is_seed": false
}