{
  "step": 2,
  "group": 1,
  "rollout": 20,
  "reward": 2.608395051557299,
  "raw_score": 2.608395051557299,
  "valid": true,
  "parsed": true,
  "ran": true,
  "msg": "ok",
  "advantage": 1.1853123635134062,
  "beta": 1.7501912714926589,
  "n_response_tokens": 1802,
  "sandbox_stdout": "",
  "parent_value": 2.6165756447228885,
  "parent_is_seed": false
}