{
  "step": 2,
  "group": 2,
  "rollout": 8,
  "reward": 0.0,
  "raw_score": null,
  "valid": false,
  "parsed": true,
  "ran": true,
  "msg": "Circle 0 at (0.08333333333333333,0.07142857142857142) r=0.08323333333333333 outside unit square",
  "advantage": -0.8809763276743205,
  "beta": 1.2161732321494676,
  "n_response_tokens": 1891,
  "sandbox_stdout": "Warning: Packing validation failed: Circle 9 at (0.8777409590554685,0.30822487805064197) r=0.1222590409481056 outside unit square\n",
  "parent_value": 2.545810179915727,
  "parent_is_seed": false
}