{
  "step": 2,
  "group": 0,
  "rollout": 45,
  "reward": 2.5517900359147005,
  "raw_score": 2.5517900359147005,
  "valid": true,
  "parsed": true,
  "ran": true,
  "msg": "ok",
  "advantage": 1.0634535777715142,
  "beta": 1.5843951296726195,
  "n_response_tokens": 1219,
  "sandbox_stdout": "",
  "parent_value": 2.622144904471914,
  "parent_is_seed": false
}