{
  "step": 2,
  "group": 2,
  "rollout": 6,
  "reward": 2.5419968525795174,
  "raw_score": 2.5419968525795174,
  "valid": true,
  "parsed": true,
  "ran": true,
  "msg": "ok",
  "advantage": 1.7280276516248918,
  "beta": 1.2161732321494676,
  "n_response_tokens": 2015,
  "sandbox_stdout": "",
  "parent_value": 2.545810179915727,
  "parent_is_seed": false
}