{
  "step": 2,
  "group": 2,
  "rollout": 53,
  "reward": 2.0809333333333333,
  "raw_score": 2.0809333333333333,
  "valid": true,
  "parsed": true,
  "ran": true,
  "msg": "ok",
  "advantage": 0.5287199104182498,
  "beta": 1.2161732321494676,
  "n_response_tokens": 1892,
  "sandbox_stdout": "Warning: Packing validation failed: Circles 18 and 19 overlap\n",
  "parent_value": 2.545810179915727,
  "parent_is_seed": false
}