{
  "step": 2,
  "group": 6,
  "rollout": 50,
  "reward": 0.6499999999999989,
  "raw_score": 0.6499999999999989,
  "valid": true,
  "parsed": true,
  "ran": true,
  "msg": "ok",
  "advantage": -0.25354204471336006,
  "beta": 1.5869352764104063,
  "n_response_tokens": 1418,
  "sandbox_stdout": "",
  "parent_value": 1.4899999999998343,
  "parent_is_seed": false
}