{
  "step": 2,
  "group": 1,
  "rollout": 38,
  "reward": 2.5620701091145555,
  "raw_score": 2.5620701091145555,
  "valid": true,
  "parsed": true,
  "ran": true,
  "msg": "ok",
  "advantage": 1.009696113307077,
  "beta": 1.7501912714926589,
  "n_response_tokens": 1412,
  "sandbox_stdout": "",
  "parent_value": 2.6165756447228885,
  "parent_is_seed": false
}