{
  "step": 2,
  "group": 2,
  "rollout": 62,
  "reward": 2.5640157246060302,
  "raw_score": 2.5640157246060302,
  "valid": true,
  "parsed": true,
  "ran": true,
  "msg": "ok",
  "advantage": 1.805364761440912,
  "beta": 1.2161732321494676,
  "n_response_tokens": 1854,
  "sandbox_stdout": "",
  "parent_value": 2.545810179915727,
  "parent_is_seed": false
}