{
  "step": 2,
  "group": 0,
  "rollout": 11,
  "reward": 2.5540274292309646,
  "raw_score": 2.5540274292309646,
  "valid": true,
  "parsed": true,
  "ran": true,
  "msg": "ok",
  "advantage": 1.0710222136761791,
  "beta": 1.5843951296726195,
  "n_response_tokens": 1418,
  "sandbox_stdout": "",
  "parent_value": 2.622144904471914,
  "parent_is_seed": false
}