{
  "step": 2,
  "group": 7,
  "rollout": 60,
  "reward": 1.9502455206321656e-13,
  "raw_score": 1.9502455206321656e-13,
  "valid": true,
  "parsed": true,
  "ran": true,
  "msg": "ok",
  "advantage": -0.6425686089363121,
  "beta": 1.6596598821933652,
  "n_response_tokens": 1448,
  "sandbox_stdout": "",
  "parent_value": 1.3000000000000012,
  "parent_is_seed": false
}