{
  "step": 8,
  "group": 5,
  "rollout": 8,
  "reward": 2.629445358127203,
  "raw_score": 2.629445358127203,
  "valid": true,
  "parsed": true,
  "ran": true,
  "msg": "ok",
  "advantage": -0.8354534518638996,
  "beta": 1380.00378247718,
  "n_response_tokens": 2165,
  "sandbox_stdout": "",
  "parent_value": 2.631334192927723,
  "parent_is_seed": false
}