{
  "step": 8,
  "group": 1,
  "rollout": 31,
  "reward": 0.0,
  "raw_score": null,
  "valid": false,
  "parsed": true,
  "ran": false,
  "msg": "run_failed: Circle 0 at (0.0016918151442477875,1.0) r=0.9999135900385805 outside unit square",
  "advantage": -0.8232174945322516,
  "beta": 1.0557362112569206,
  "n_response_tokens": 1611,
  "sandbox_stdout": "Invalid packing: Circle 0 at (0.0016918151442477875,1.0) r=0.9999135900385805 outside unit square\n",
  "parent_value": 2.631077970829289,
  "parent_is_seed": false
}