{
  "step": 8,
  "group": 5,
  "rollout": 57,
  "reward": 2.6294453553087433,
  "raw_score": 2.6294453553087433,
  "valid": true,
  "parsed": true,
  "ran": true,
  "msg": "ok",
  "advantage": -0.8354540935355684,
  "beta": 1380.00378247718,
  "n_response_tokens": 2163,
  "sandbox_stdout": "Invalid packing: Circle 1 at (0.0,0.0) r=1.0 outside unit square\n",
  "parent_value": 2.631334192927723,
  "parent_is_seed": false
}