{
  "step": 8,
  "group": 3,
  "rollout": 43,
  "reward": 2.6075342276503313,
  "raw_score": 2.6075342276503313,
  "valid": true,
  "parsed": true,
  "ran": true,
  "msg": "ok",
  "advantage": -0.9999999919773309,
  "beta": 818.4540927601204,
  "n_response_tokens": 2215,
  "sandbox_stdout": "",
  "parent_value": 2.6313341923021363,
  "parent_is_seed": false
}