{
  "step": 8,
  "group": 4,
  "rollout": 39,
  "reward": 2.583561872138527,
  "raw_score": 2.583561872138527,
  "valid": true,
  "parsed": true,
  "ran": true,
  "msg": "ok",
  "advantage": -0.9999777335840028,
  "beta": 271.9621577375628,
  "n_response_tokens": 1664,
  "sandbox_stdout": "",
  "parent_value": 2.6310779578866987,
  "parent_is_seed": false
}