{
  "step": 8,
  "group": 7,
  "rollout": 49,
  "reward": 2.5206558443214515,
  "raw_score": 2.5206558443214515,
  "valid": true,
  "parsed": true,
  "ran": true,
  "msg": "ok",
  "advantage": -0.9813169631763706,
  "beta": 47.24055904787132,
  "n_response_tokens": 1664,
  "sandbox_stdout": "",
  "parent_value": 2.6298679827546882,
  "parent_is_seed": false
}