{
  "step": 8,
  "group": 4,
  "rollout": 36,
  "reward": 2.6117249474511697,
  "raw_score": 2.6117249474511697,
  "valid": true,
  "parsed": true,
  "ran": true,
  "msg": "ok",
  "advantage": -0.9527541752478629,
  "beta": 271.9621577375628,
  "n_response_tokens": 1715,
  "sandbox_stdout": "",
  "parent_value": 2.6310779578866987,
  "parent_is_seed": false
}