{
  "step": 8,
  "group": 5,
  "rollout": 24,
  "reward": 2.6313341897884497,
  "raw_score": 2.6313341897884497,
  "valid": true,
  "parsed": true,
  "ran": true,
  "msg": "ok",
  "advantage": 1.3056638815388237,
  "beta": 1380.00378247718,
  "n_response_tokens": 2689,
  "sandbox_stdout": "",
  "parent_value": 2.631334192927723,
  "parent_is_seed": false
}