{
  "step": 8,
  "group": 5,
  "rollout": 18,
  "reward": 2.6313341909552124,
  "raw_score": 2.6313341909552124,
  "valid": true,
  "parsed": true,
  "ran": true,
  "msg": "ok",
  "advantage": 1.305667729843774,
  "beta": 1380.00378247718,
  "n_response_tokens": 2287,
  "sandbox_stdout": "",
  "parent_value": 2.631334192927723,
  "parent_is_seed": false
}