{
  "step": 8,
  "group": 7,
  "rollout": 43,
  "reward": 2.560786652220111,
  "raw_score": 2.560786652220111,
  "valid": true,
  "parsed": true,
  "ran": true,
  "msg": "ok",
  "advantage": -0.8754014361449092,
  "beta": 47.24055904787132,
  "n_response_tokens": 1616,
  "sandbox_stdout": "",
  "parent_value": 2.6298679827546882,
  "parent_is_seed": false
}