{
  "step": 8,
  "group": 7,
  "rollout": 34,
  "reward": 2.5807285903434503,
  "raw_score": 2.5807285903434503,
  "valid": true,
  "parsed": true,
  "ran": true,
  "msg": "ok",
  "advantage": -0.6793770150534393,
  "beta": 47.24055904787132,
  "n_response_tokens": 1370,
  "sandbox_stdout": "",
  "parent_value": 2.6298679827546882,
  "parent_is_seed": false
}