{
  "step": 8,
  "group": 4,
  "rollout": 5,
  "reward": 2.6195705639315023,
  "raw_score": 2.6195705639315023,
  "valid": true,
  "parsed": true,
  "ran": true,
  "msg": "ok",
  "advantage": -0.5987138191517443,
  "beta": 271.9621577375628,
  "n_response_tokens": 1978,
  "sandbox_stdout": "",
  "parent_value": 2.6310779578866987,
  "parent_is_seed": false
}