{
  "step": 8,
  "group": 0,
  "rollout": 5,
  "reward": 2.6102142211581163,
  "raw_score": 2.6102142211581163,
  "valid": true,
  "parsed": true,
  "ran": true,
  "msg": "ok",
  "advantage": 2.482236909752955,
  "beta": 0.9625386639863023,
  "n_response_tokens": 1540,
  "sandbox_stdout": "",
  "parent_value": 2.631077968553144,
  "parent_is_seed": false
}