{
  "step": 8,
  "group": 5,
  "rollout": 26,
  "reward": 2.5827544971591223,
  "raw_score": 2.5827544971591223,
  "valid": true,
  "parsed": true,
  "ran": true,
  "msg": "ok",
  "advantage": -1.0,
  "beta": 1380.00378247718,
  "n_response_tokens": 3052,
  "sandbox_stdout": "",
  "parent_value": 2.631334192927723,
  "parent_is_seed": false
}