{
  "step": 8,
  "group": 7,
  "rollout": 57,
  "reward": 2.6241805868641905,
  "raw_score": 2.6241805868641905,
  "valid": true,
  "parsed": true,
  "ran": true,
  "msg": "ok",
  "advantage": 1.5866627987216972,
  "beta": 47.24055904787132,
  "n_response_tokens": 1678,
  "sandbox_stdout": "",
  "parent_value": 2.6298679827546882,
  "parent_is_seed": false
}