{
  "step": 8,
  "group": 4,
  "rollout": 43,
  "reward": 2.620498883928214,
  "raw_score": 2.620498883928214,
  "valid": true,
  "parsed": true,
  "ran": true,
  "msg": "ok",
  "advantage": -0.4825185033350786,
  "beta": 271.9621577375628,
  "n_response_tokens": 1822,
  "sandbox_stdout": "",
  "parent_value": 2.6310779578866987,
  "parent_is_seed": false
}