{
  "step": 8,
  "group": 1,
  "rollout": 58,
  "reward": 2.6265563783850285,
  "raw_score": 2.6265563783850285,
  "valid": true,
  "parsed": true,
  "ran": true,
  "msg": "ok",
  "advantage": 1.9539260031044559,
  "beta": 1.0557362112569206,
  "n_response_tokens": 1599,
  "sandbox_stdout": "",
  "parent_value": 2.631077970829289,
  "parent_is_seed": false
}