{
  "step": 32,
  "group": 5,
  "rollout": 35,
  "reward": 2.6147714687409818,
  "raw_score": 2.6147714687409818,
  "valid": true,
  "parsed": true,
  "ran": true,
  "msg": "ok",
  "advantage": -1.0,
  "beta": 1048576.0,
  "n_response_tokens": 2882,
  "sandbox_stdout": "Invalid packing: Circle 3 at (0.4095362128635714,0.4752957211474169) r=0.44761335948882514 outside unit square\nInvalid packing: Circle 3 at (0.4095362128635714,0.4752957211474169) r=0.44761335948882514 outside unit square\nInvalid packing: Circle 3 at (0.4095362128635714,0.4752957211474169) r=0.44761335948882514 outside unit square\n",
  "parent_value": 2.6359829364320713,
  "parent_is_seed": false
}