{
  "step": 32,
  "group": 6,
  "rollout": 41,
  "reward": 2.635982929861832,
  "raw_score": 2.635982929861832,
  "valid": true,
  "parsed": true,
  "ran": true,
  "msg": "ok",
  "advantage": 0.1181673147234481,
  "beta": 1048576.0,
  "n_response_tokens": 2479,
  "sandbox_stdout": "Invalid packing: Circles 2 and 8 overlap\nInvalid packing: Circle 0 at (0.5943966854228251,0.9412800163262548) r=0.4451398393908924 outside unit square\n",
  "parent_value": 2.6359829364320713,
  "parent_is_seed": false
}