{
  "step": 32,
  "group": 2,
  "rollout": 19,
  "reward": 2.6359829364320713,
  "raw_score": 2.6359829364320713,
  "valid": true,
  "parsed": true,
  "ran": true,
  "msg": "ok",
  "advantage": 0.18886489389370453,
  "beta": 1048576.0,
  "n_response_tokens": 2620,
  "sandbox_stdout": "Invalid packing: Circles 2 and 8 overlap\nInvalid packing: Circle 12 at (0.2842405130130397,0.8729394520052346) r=0.1270605678915807 outside unit square\n",
  "parent_value": 2.6359829364320713,
  "parent_is_seed": false
}