{
  "step": 32,
  "group": 2,
  "rollout": 20,
  "reward": 2.402960989181877,
  "raw_score": 2.402960989181877,
  "valid": true,
  "parsed": true,
  "ran": true,
  "msg": "ok",
  "advantage": -1.0,
  "beta": 1048576.0,
  "n_response_tokens": 2490,
  "sandbox_stdout": "Invalid packing: Circles 5 and 11 overlap\nInvalid packing: Circle 1 at (1.0,1.0) r=1.0 outside unit square\nInvalid packing: Circles 1 and 3 overlap\nInvalid packing: Circle 0 at (1.0,1.0) r=1.0 outside unit square\nInvalid packing: Circle 2 at (1.0,1.0) r=1.0 outside unit square\nInvalid packing: Circle 0 at (1.0,1.0) r=1.0 outside unit square\nInvalid packing: Circle 0 at (0.7596288682827618,0.24036944891335293) r=0.24037161708159524 outside unit square\nInvalid packing: Circle 0 at (0.7596288682827618,0.24036944891335293) r=0.24037161708159524 outside unit square\n",
  "parent_value": 2.6359829364320713,
  "parent_is_seed": false
}