{
  "step": 18,
  "group": 0,
  "rollout": 51,
  "reward": 2.6310872850385087,
  "raw_score": 2.6310872850385087,
  "valid": true,
  "parsed": true,
  "ran": true,
  "msg": "ok",
  "advantage": -0.999378932197938,
  "beta": 5809.5871595480485,
  "n_response_tokens": 1917,
  "sandbox_stdout": "Invalid packing: Circle 1 at (1.0,1.0) r=1.0 outside unit square\n",
  "parent_value": 2.632341483276521,
  "parent_is_seed": false
}