{
  "step": 18,
  "group": 7,
  "rollout": 4,
  "reward": 2.6323257117187366,
  "raw_score": 2.6323257117187366,
  "valid": true,
  "parsed": true,
  "ran": true,
  "msg": "ok",
  "advantage": 0.27334577924424064,
  "beta": 1048576.0,
  "n_response_tokens": 2389,
  "sandbox_stdout": "",
  "parent_value": 2.632326007258675,
  "parent_is_seed": false
}