{
  "step": 18,
  "group": 0,
  "rollout": 30,
  "reward": 2.632341483276521,
  "raw_score": 2.632341483276521,
  "valid": true,
  "parsed": true,
  "ran": true,
  "msg": "ok",
  "advantage": -0.0798384967214234,
  "beta": 5809.5871595480485,
  "n_response_tokens": 2201,
  "sandbox_stdout": "Invalid packing: Circle 1 at (1.0,1.0) r=1.0 outside unit square\n",
  "parent_value": 2.632341483276521,
  "parent_is_seed": false
}