{
  "step": 18,
  "group": 3,
  "rollout": 21,
  "reward": 2.625840196796504,
  "raw_score": 2.625840196796504,
  "valid": true,
  "parsed": true,
  "ran": true,
  "msg": "ok",
  "advantage": -1.0,
  "beta": 1048576.0,
  "n_response_tokens": 2393,
  "sandbox_stdout": "Invalid packing: Circle 8 at (0.3769732844983907,0.8938991062538222) r=0.10610089455562542 outside unit square\n",
  "parent_value": 2.6323414522248036,
  "parent_is_seed": false
}