{
  "step": 18,
  "group": 3,
  "rollout": 2,
  "reward": 2.6323414532207217,
  "raw_score": 2.6323414532207217,
  "valid": true,
  "parsed": true,
  "ran": true,
  "msg": "ok",
  "advantage": 0.30457169688365826,
  "beta": 1048576.0,
  "n_response_tokens": 2659,
  "sandbox_stdout": "Invalid packing: Circle 13 at (0.10984589156128279,0.49879616236943136) r=0.10984589535374882 outside unit square\n",
  "parent_value": 2.6323414522248036,
  "parent_is_seed": false
}