{
  "step": 18,
  "group": 1,
  "rollout": 9,
  "reward": 2.632341483276521,
  "raw_score": 2.632341483276521,
  "valid": true,
  "parsed": true,
  "ran": true,
  "msg": "ok",
  "advantage": 0.11178534268548712,
  "beta": 1048576.0,
  "n_response_tokens": 2283,
  "sandbox_stdout": "Invalid packing: Circle 1 at (1.0,1.0) r=1.0 outside unit square\n",
  "parent_value": 2.632341483276521,
  "parent_is_seed": false
}