{
  "step": 7,
  "group": 3,
  "rollout": 6,
  "reward": 1.3000000000000003,
  "raw_score": 1.3000000000000003,
  "valid": true,
  "parsed": true,
  "ran": true,
  "msg": "ok",
  "advantage": 10.768045346742333,
  "beta": 1.8964521820750981,
  "n_response_tokens": 1994,
  "sandbox_stdout": "Validation failed: Circle 0 at (0.16267422040458546,0.3985209464058488) r=0.5452463540625918 outside unit square\n",
  "parent_value": 1.3000000000000003,
  "parent_is_seed": false
}