{
  "step": 7,
  "group": 1,
  "rollout": 2,
  "reward": 1.3000000000000003,
  "raw_score": 1.3000000000000003,
  "valid": true,
  "parsed": true,
  "ran": true,
  "msg": "ok",
  "advantage": 0.3999999999980399,
  "beta": 1048576.0,
  "n_response_tokens": 1670,
  "sandbox_stdout": "Warning: Packing is invalid. Reason: Circle 0 at (0.07142857142857142,0.08333333333333333) r=0.5011904460425225 outside unit square\n",
  "parent_value": 1.3000000000000003,
  "parent_is_seed": false
}