{
  "step": 7,
  "group": 0,
  "rollout": 3,
  "reward": 0.0,
  "raw_score": null,
  "valid": false,
  "parsed": true,
  "ran": true,
  "msg": "Circle 0 at (0.07142857142857142,0.07142857142857142) r=0.1 outside unit square",
  "advantage": -0.7633288225412667,
  "beta": 1.323902109298723,
  "n_response_tokens": 1382,
  "sandbox_stdout": "Warning: Packing is invalid. Reason: Circles 2 and 8 overlap\n",
  "parent_value": 1.3000000000000003,
  "parent_is_seed": false
}