{
  "step": 3,
  "group": 3,
  "rollout": 2,
  "reward": 0.8917728835640054,
  "raw_score": 0.8917728835640054,
  "valid": true,
  "parsed": true,
  "ran": true,
  "msg": "ok",
  "advantage": 1.929659447565455,
  "algo": "reinforce",
  "n_response_tokens": 2117,
  "sandbox_stdout": "",
  "parent_value": 0.8253723546229768,
  "parent_is_seed": false
}