{
  "step": 3,
  "group": 3,
  "rollout": 14,
  "reward": 1.0897930184264373,
  "raw_score": 1.0897930184264373,
  "valid": true,
  "parsed": true,
  "ran": true,
  "msg": "ok",
  "advantage": 2.4724524780619306,
  "algo": "reinforce",
  "n_response_tokens": 1836,
  "sandbox_stdout": "",
  "parent_value": 0.8253723546229768,
  "parent_is_seed": false
}