{
  "step": 3,
  "group": 1,
  "rollout": 15,
  "reward": 0.0,
  "raw_score": null,
  "valid": false,
  "parsed": true,
  "ran": false,
  "msg": "run_failed: 'NoneType' object has no attribute 'shape'",
  "advantage": -0.598321649185174,
  "algo": "reinforce",
  "n_response_tokens": 1634,
  "sandbox_stdout": "Validation failed: Circle 24 at (0.06983117114369489,0.9785903163923678) r=0.04998218981768292 outside unit square\nValidation failed: Circle 6 at (0.9155280834129802,0.04987803011459384) r=0.08526954351510524 outside unit square\nValidation failed: Circle 13 at (0.9744937203723879,0.7962782076377195) r=0.04135848096915681 outside unit square\nValidation failed: Circle 18 at (0.0716300336278455,0.8081044269147197) r=0.07691861378411191 outside unit square\nValidation failed: Circle 0 at (0.9619657981340498,0.4410761694543118) r=0.04010436622543947 outside unit square\n",
  "parent_value": 0.9638047799397637,
  "parent_is_seed": false
}