{
  "step": 3,
  "group": 2,
  "rollout": 20,
  "reward": 0.0016560665988600435,
  "raw_score": 0.0016560665988600435,
  "valid": true,
  "parsed": true,
  "ran": true,
  "msg": "ok",
  "advantage": -0.21990080487938887,
  "algo": "reinforce",
  "n_response_tokens": 2028,
  "sandbox_stdout": "",
  "parent_value": 0.9523531266025501,
  "parent_is_seed": false
}