{
  "step": 3,
  "group": 0,
  "rollout": 15,
  "reward": 2.1666614381145526,
  "raw_score": 2.1666614381145526,
  "valid": true,
  "parsed": true,
  "ran": true,
  "msg": "ok",
  "advantage": 2.9830575810467086,
  "algo": "reinforce",
  "n_response_tokens": 1620,
  "sandbox_stdout": "",
  "parent_value": 1.3000000000000003,
  "parent_is_seed": false
}