{
  "step": 3,
  "group": 0,
  "rollout": 3,
  "reward": 1.3200000000000003,
  "raw_score": 1.3200000000000003,
  "valid": true,
  "parsed": true,
  "ran": true,
  "msg": "ok",
  "advantage": 1.623293815053431,
  "algo": "reinforce",
  "n_response_tokens": 1365,
  "sandbox_stdout": "",
  "parent_value": 1.3000000000000003,
  "parent_is_seed": false
}