{
  "step": 31,
  "group": 4,
  "rollout": 12,
  "reward": 2.6359829332479965,
  "raw_score": 2.6359829332479965,
  "valid": true,
  "parsed": true,
  "ran": true,
  "msg": "ok",
  "advantage": 0.2858845308775846,
  "beta": 1048576.0,
  "n_response_tokens": 2227,
  "sandbox_stdout": "Invalid packing: Circle 16 at (0.20658020156217521,0.7934197878359188) r=0.20658020212638203 outside unit square\n",
  "parent_value": 2.6359829332479965,
  "parent_is_seed": false
}