{
  "step": 31,
  "group": 4,
  "rollout": 36,
  "reward": 2.6359829332479965,
  "raw_score": 2.6359829332479965,
  "valid": true,
  "parsed": true,
  "ran": true,
  "msg": "ok",
  "advantage": 0.2858845308775846,
  "beta": 1048576.0,
  "n_response_tokens": 2237,
  "sandbox_stdout": "Invalid packing: Circle 0 at (1.0,1.0) r=1.0 outside unit square\nInvalid packing: Circle 20 at (0.08265365944953518,0.7644596404839965) r=0.08265367807198701 outside unit square\n",
  "parent_value": 2.6359829332479965,
  "parent_is_seed": false
}