{
  "step": 31,
  "group": 3,
  "rollout": 50,
  "reward": 2.63598293122794,
  "raw_score": 2.63598293122794,
  "valid": true,
  "parsed": true,
  "ran": true,
  "msg": "ok",
  "advantage": 0.14306598073238197,
  "beta": 1048576.0,
  "n_response_tokens": 2310,
  "sandbox_stdout": "",
  "parent_value": 2.6359829332479965,
  "parent_is_seed": false
}