{
  "step": 31,
  "group": 0,
  "rollout": 31,
  "reward": 2.6359829364320713,
  "raw_score": 2.6359829364320713,
  "valid": true,
  "parsed": true,
  "ran": true,
  "msg": "ok",
  "advantage": 0.06887879739241765,
  "beta": 1048576.0,
  "n_response_tokens": 2315,
  "sandbox_stdout": "Invalid packing: Circles 2 and 8 overlap\nInvalid packing: Circle 2 at (0.9027806096011262,0.2432301544560887) r=0.09723490073283399 outside unit square\n",
  "parent_value": 2.6359829364320713,
  "parent_is_seed": false
}