{
  "step": 31,
  "group": 5,
  "rollout": 59,
  "reward": 2.6359829332479965,
  "raw_score": 2.6359829332479965,
  "valid": true,
  "parsed": true,
  "ran": true,
  "msg": "ok",
  "advantage": 0.14562742413243512,
  "beta": 1048576.0,
  "n_response_tokens": 2569,
  "sandbox_stdout": "Invalid packing: Circles 1 and 15 overlap\n",
  "parent_value": 2.6359829332479965,
  "parent_is_seed": false
}