{
  "step": 31,
  "group": 0,
  "rollout": 50,
  "reward": 2.6359829364320713,
  "raw_score": 2.6359829364320713,
  "valid": true,
  "parsed": true,
  "ran": true,
  "msg": "ok",
  "advantage": 0.06887879739241765,
  "beta": 1048576.0,
  "n_response_tokens": 2472,
  "sandbox_stdout": "Invalid packing: Circles 2 and 8 overlap\nInvalid packing: Circle 1 at (0.4660280103160887,0.14156237173573513) r=0.141562382395486 outside unit square\n",
  "parent_value": 2.6359829364320713,
  "parent_is_seed": false
}