{
  "step": 31,
  "group": 1,
  "rollout": 49,
  "reward": 2.6359829364320713,
  "raw_score": 2.6359829364320713,
  "valid": true,
  "parsed": true,
  "ran": true,
  "msg": "ok",
  "advantage": 0.2599999999984126,
  "beta": 1048576.0,
  "n_response_tokens": 2490,
  "sandbox_stdout": "Invalid packing: Circles 2 and 8 overlap\nInvalid packing: Circle 22 at (0.8774133065829792,0.26968973757839276) r=0.1225866954714923 outside unit square\n",
  "parent_value": 2.6359829364320713,
  "parent_is_seed": false
}