{
  "step": 31,
  "group": 0,
  "rollout": 15,
  "reward": 2.6297286426823065,
  "raw_score": 2.6297286426823065,
  "valid": true,
  "parsed": true,
  "ran": true,
  "msg": "ok",
  "advantage": -1.0,
  "beta": 1048576.0,
  "n_response_tokens": 1626,
  "sandbox_stdout": "",
  "parent_value": 2.6359829364320713,
  "parent_is_seed": false
}