{
  "step": 31,
  "group": 4,
  "rollout": 41,
  "reward": 2.6359829332479965,
  "raw_score": 2.6359829332479965,
  "valid": true,
  "parsed": true,
  "ran": true,
  "msg": "ok",
  "advantage": 0.2858845308775846,
  "beta": 1048576.0,
  "n_response_tokens": 2335,
  "sandbox_stdout": "Invalid packing: Circle 1 at (1.0,0.0) r=1.0 outside unit square\n",
  "parent_value": 2.6359829332479965,
  "parent_is_seed": false
}