{
  "step": 31,
  "group": 7,
  "rollout": 11,
  "reward": 2.63598293122794,
  "raw_score": 2.63598293122794,
  "valid": true,
  "parsed": true,
  "ran": true,
  "msg": "ok",
  "advantage": 0.04698921526602229,
  "beta": 1048576.0,
  "n_response_tokens": 2393,
  "sandbox_stdout": "Invalid packing: Circle 2 at (0.0,0.0) r=1.0 outside unit square\n",
  "parent_value": 2.63598293122794,
  "parent_is_seed": false
}