{
  "step": 31,
  "group": 0,
  "rollout": 20,
  "reward": 2.6359829364320713,
  "raw_score": 2.6359829364320713,
  "valid": true,
  "parsed": true,
  "ran": true,
  "msg": "ok",
  "advantage": 0.06887879739241765,
  "beta": 1048576.0,
  "n_response_tokens": 2494,
  "sandbox_stdout": "Invalid packing: Circles 2 and 8 overlap\nInvalid packing: Circle 0 at (0.7324607525344939,0.9241879486102705) r=0.07617733205613748 outside unit square\n",
  "parent_value": 2.6359829364320713,
  "parent_is_seed": false
}