{
  "step": 31,
  "group": 4,
  "rollout": 22,
  "reward": 2.6359829332479965,
  "raw_score": 2.6359829332479965,
  "valid": true,
  "parsed": true,
  "ran": true,
  "msg": "ok",
  "advantage": 0.2858845308775846,
  "beta": 1048576.0,
  "n_response_tokens": 2212,
  "sandbox_stdout": "Invalid packing: Circle 0 at (0.9999999970850796,2.9149204273447814e-09) r=0.9999999970850796 outside unit square\n",
  "parent_value": 2.6359829332479965,
  "parent_is_seed": false
}