{
  "step": 31,
  "group": 5,
  "rollout": 61,
  "reward": 2.6297286426331206,
  "raw_score": 2.6297286426331206,
  "valid": true,
  "parsed": true,
  "ran": true,
  "msg": "ok",
  "advantage": -1.0,
  "beta": 1048576.0,
  "n_response_tokens": 1867,
  "sandbox_stdout": "",
  "parent_value": 2.6359829332479965,
  "parent_is_seed": false
}