{
  "step": 31,
  "group": 1,
  "rollout": 62,
  "reward": 2.6359829364320713,
  "raw_score": 2.6359829364320713,
  "valid": true,
  "parsed": true,
  "ran": true,
  "msg": "ok",
  "advantage": 0.2599999999984126,
  "beta": 1048576.0,
  "n_response_tokens": 3016,
  "sandbox_stdout": "Invalid packing: Circles 2 and 8 overlap\nInvalid packing: Circle 7 at (0.92000006839542,0.9200000454639059) r=0.07999993565834942 outside unit square\n",
  "parent_value": 2.6359829364320713,
  "parent_is_seed": false
}