{
  "step": 31,
  "group": 4,
  "rollout": 51,
  "reward": 2.6355900754914368,
  "raw_score": 2.6355900754914368,
  "valid": true,
  "parsed": true,
  "ran": true,
  "msg": "ok",
  "advantage": -1.0,
  "beta": 1048576.0,
  "n_response_tokens": 2067,
  "sandbox_stdout": "Invalid packing: Circle 4 at (0.7432766580192972,0.884946549720202) r=0.1150534569809128 outside unit square\nInvalid packing: Circle 11 at (0.19248765816890734,0.4605317781850144) r=0.19248767010039808 outside unit square\nInvalid packing: Circles 0 and 7 overlap\nInvalid packing: Circles 0 and 7 overlap\n",
  "parent_value": 2.6359829332479965,
  "parent_is_seed": false
}