{
  "step": 8,
  "group": 3,
  "rollout": 7,
  "reward": 2.6313341869432856,
  "raw_score": 2.6313341869432856,
  "valid": true,
  "parsed": true,
  "ran": true,
  "msg": "ok",
  "advantage": 1.4002447029870364,
  "beta": 818.4540927601204,
  "n_response_tokens": 2253,
  "sandbox_stdout": "",
  "parent_value": 2.6313341923021363,
  "parent_is_seed": false
}