{
  "step": 8,
  "group": 7,
  "rollout": 61,
  "reward": 2.626556366753742,
  "raw_score": 2.626556366753742,
  "valid": true,
  "parsed": true,
  "ran": true,
  "msg": "ok",
  "advantage": 1.9080718784170347,
  "beta": 47.24055904787132,
  "n_response_tokens": 1330,
  "sandbox_stdout": "",
  "parent_value": 2.6298679827546882,
  "parent_is_seed": false
}