{
  "step": 8,
  "group": 6,
  "rollout": 45,
  "reward": 2.5511789732111443,
  "raw_score": 2.5511789732111443,
  "valid": true,
  "parsed": true,
  "ran": true,
  "msg": "ok",
  "advantage": -1.0,
  "beta": 5317.872309600281,
  "n_response_tokens": 1319,
  "sandbox_stdout": "",
  "parent_value": 2.6301563071895817,
  "parent_is_seed": false
}