{
  "step": 8,
  "group": 5,
  "rollout": 5,
  "reward": 2.629445355263917,
  "raw_score": 2.629445355263917,
  "valid": true,
  "parsed": true,
  "ran": true,
  "msg": "ok",
  "advantage": -0.8354541037410546,
  "beta": 1380.00378247718,
  "n_response_tokens": 2232,
  "sandbox_stdout": "",
  "parent_value": 2.631334192927723,
  "parent_is_seed": false
}