{
  "step": 8,
  "group": 5,
  "rollout": 40,
  "reward": 0.0,
  "raw_score": 0.0,
  "valid": true,
  "parsed": true,
  "ran": true,
  "msg": "ok",
  "advantage": -1.0,
  "beta": 1380.00378247718,
  "n_response_tokens": 2336,
  "sandbox_stdout": "Invalid packing: Circle 0 at (0.1194462827417973,0.11944628274179635) r=1.0 outside unit square\nInvalid packing: Circle 0 at (0.12075309671080822,0.12075309671102741) r=1.0 outside unit square\nInvalid packing: Circle 0 at (0.0,0.0) r=1.0 outside unit square\nInvalid packing: Circle 0 at (0.06768140377067752,0.06768140377067945) r=1.0 outside unit square\nInvalid packing: Circle 0 at (0.9130195493703153,0.08698045062968758) r=1.0 outside unit square\n",
  "parent_value": 2.631334192927723,
  "parent_is_seed": false
}