{
  "step": 8,
  "group": 5,
  "rollout": 36,
  "reward": 2.6178185251714265,
  "raw_score": 2.6178185251714265,
  "valid": true,
  "parsed": true,
  "ran": true,
  "msg": "ok",
  "advantage": -0.9999999823449448,
  "beta": 1380.00378247718,
  "n_response_tokens": 1798,
  "sandbox_stdout": "",
  "parent_value": 2.631334192927723,
  "parent_is_seed": false
}