{
  "step": 8,
  "group": 6,
  "rollout": 56,
  "reward": 2.6297131710667276,
  "raw_score": 2.6297131710667276,
  "valid": true,
  "parsed": true,
  "ran": true,
  "msg": "ok",
  "advantage": -0.8087171587758025,
  "beta": 5317.872309600281,
  "n_response_tokens": 2291,
  "sandbox_stdout": "",
  "parent_value": 2.6301563071895817,
  "parent_is_seed": false
}