{
  "step": 8,
  "group": 1,
  "rollout": 45,
  "reward": 2.5676309480110326,
  "raw_score": 2.5676309480110326,
  "valid": true,
  "parsed": true,
  "ran": true,
  "msg": "ok",
  "advantage": 1.7679346266088127,
  "beta": 1.0557362112569206,
  "n_response_tokens": 1798,
  "sandbox_stdout": "",
  "parent_value": 2.631077970829289,
  "parent_is_seed": false
}