{
  "step": 8,
  "group": 7,
  "rollout": 30,
  "reward": 2.5936574485265345,
  "raw_score": 2.5936574485265345,
  "valid": true,
  "parsed": true,
  "ran": true,
  "msg": "ok",
  "advantage": -0.4069219706986411,
  "beta": 47.24055904787132,
  "n_response_tokens": 1343,
  "sandbox_stdout": "",
  "parent_value": 2.6298679827546882,
  "parent_is_seed": false
}