{
  "step": 8,
  "group": 5,
  "rollout": 14,
  "reward": 2.6313341906160748,
  "raw_score": 2.6313341906160748,
  "valid": true,
  "parsed": true,
  "ran": true,
  "msg": "ok",
  "advantage": 1.30566661127378,
  "beta": 1380.00378247718,
  "n_response_tokens": 2020,
  "sandbox_stdout": "",
  "parent_value": 2.631334192927723,
  "parent_is_seed": false
}