{
  "step": 8,
  "group": 4,
  "rollout": 4,
  "reward": 2.6262780773403196,
  "raw_score": 2.6262780773403196,
  "valid": true,
  "parsed": true,
  "ran": true,
  "msg": "ok",
  "advantage": 1.5722414845061867,
  "beta": 271.9621577375628,
  "n_response_tokens": 2278,
  "sandbox_stdout": "New best sum: 2.602535922262275\nNew best sum: 2.6204988839692787\nNew best sum: 2.6262780773403196\n",
  "parent_value": 2.6310779578866987,
  "parent_is_seed": false
}