{
  "step": 8,
  "group": 7,
  "rollout": 12,
  "reward": 2.6183511723311423,
  "raw_score": 2.6183511723311423,
  "valid": true,
  "parsed": true,
  "ran": true,
  "msg": "ok",
  "advantage": 0.944779788848169,
  "beta": 47.24055904787132,
  "n_response_tokens": 1379,
  "sandbox_stdout": "",
  "parent_value": 2.6298679827546882,
  "parent_is_seed": false
}