{
  "step": 8,
  "group": 1,
  "rollout": 47,
  "reward": 2.6261098674499697,
  "raw_score": 2.6261098674499697,
  "valid": true,
  "parsed": true,
  "ran": true,
  "msg": "ok",
  "advantage": 1.9524686148107486,
  "beta": 1.0557362112569206,
  "n_response_tokens": 1815,
  "sandbox_stdout": "",
  "parent_value": 2.631077970829289,
  "parent_is_seed": false
}