{
  "step": 8,
  "group": 6,
  "rollout": 41,
  "reward": 2.6301563071895817,
  "raw_score": 2.6301563071895817,
  "valid": true,
  "parsed": true,
  "ran": true,
  "msg": "ok",
  "advantage": 1.0791884842073491,
  "beta": 5317.872309600281,
  "n_response_tokens": 2226,
  "sandbox_stdout": "Invalid packing: Circle 6 at (0.0,0.0) r=1.0 outside unit square\n",
  "parent_value": 2.6301563071895817,
  "parent_is_seed": false
}