{
  "step": 8,
  "group": 0,
  "rollout": 37,
  "reward": 2.623039201915663,
  "raw_score": 2.623039201915663,
  "valid": true,
  "parsed": true,
  "ran": true,
  "msg": "ok",
  "advantage": 2.5279120515879905,
  "beta": 0.9625386639863023,
  "n_response_tokens": 1581,
  "sandbox_stdout": "",
  "parent_value": 2.631077968553144,
  "parent_is_seed": false
}