{
  "step": 8,
  "group": 2,
  "rollout": 58,
  "reward": 2.6129215025368344,
  "raw_score": 2.6129215025368344,
  "valid": true,
  "parsed": true,
  "ran": true,
  "msg": "ok",
  "advantage": -0.999960525526495,
  "beta": 607.8452615631305,
  "n_response_tokens": 1832,
  "sandbox_stdout": "",
  "parent_value": 2.6313341923021363,
  "parent_is_seed": false
}