{
  "step": 8,
  "group": 3,
  "rollout": 39,
  "reward": 2.5763944723222827,
  "raw_score": 2.5763944723222827,
  "valid": true,
  "parsed": true,
  "ran": true,
  "msg": "ok",
  "advantage": -1.0,
  "beta": 818.4540927601204,
  "n_response_tokens": 3203,
  "sandbox_stdout": "",
  "parent_value": 2.6313341923021363,
  "parent_is_seed": false
}