{
  "step": 8,
  "group": 0,
  "rollout": 55,
  "reward": 2.6261098729720223,
  "raw_score": 2.6261098729720223,
  "valid": true,
  "parsed": true,
  "ran": true,
  "msg": "ok",
  "advantage": 2.538941315612093,
  "beta": 0.9625386639863023,
  "n_response_tokens": 1574,
  "sandbox_stdout": "",
  "parent_value": 2.631077968553144,
  "parent_is_seed": false
}