{
  "step": 8,
  "group": 3,
  "rollout": 19,
  "reward": 2.61424122217478,
  "raw_score": 2.61424122217478,
  "valid": true,
  "parsed": true,
  "ran": true,
  "msg": "ok",
  "advantage": -0.9999980576801947,
  "beta": 818.4540927601204,
  "n_response_tokens": 2106,
  "sandbox_stdout": "",
  "parent_value": 2.6313341923021363,
  "parent_is_seed": false
}