{
  "step": 8,
  "group": 7,
  "rollout": 55,
  "reward": 2.578746108348711,
  "raw_score": 2.578746108348711,
  "valid": true,
  "parsed": true,
  "ran": true,
  "msg": "ok",
  "advantage": -0.7081740717668195,
  "beta": 47.24055904787132,
  "n_response_tokens": 1550,
  "sandbox_stdout": "",
  "parent_value": 2.6298679827546882,
  "parent_is_seed": false
}