{
  "step": 8,
  "group": 4,
  "rollout": 60,
  "reward": 2.6217945110885563,
  "raw_score": 2.6217945110885563,
  "valid": true,
  "parsed": true,
  "ran": true,
  "msg": "ok",
  "advantage": -0.26135964513732135,
  "beta": 271.9621577375628,
  "n_response_tokens": 1961,
  "sandbox_stdout": "",
  "parent_value": 2.6310779578866987,
  "parent_is_seed": false
}