{
  "step": 8,
  "group": 2,
  "rollout": 1,
  "reward": 2.592016966184258,
  "raw_score": 2.592016966184258,
  "valid": true,
  "parsed": true,
  "ran": true,
  "msg": "ok",
  "advantage": -0.9999999998803656,
  "beta": 607.8452615631305,
  "n_response_tokens": 2180,
  "sandbox_stdout": "",
  "parent_value": 2.6313341923021363,
  "parent_is_seed": false
}