{
  "step": 8,
  "group": 3,
  "rollout": 44,
  "reward": 2.629713137659689,
  "raw_score": 2.629713137659689,
  "valid": true,
  "parsed": true,
  "ran": true,
  "msg": "ok",
  "advantage": -0.3804669203462808,
  "beta": 818.4540927601204,
  "n_response_tokens": 2422,
  "sandbox_stdout": "",
  "parent_value": 2.6313341923021363,
  "parent_is_seed": false
}