{
  "step": 8,
  "group": 7,
  "rollout": 33,
  "reward": 2.534801270137852,
  "raw_score": 2.534801270137852,
  "valid": true,
  "parsed": true,
  "ran": true,
  "msg": "ok",
  "advantage": -0.9635429148942486,
  "beta": 47.24055904787132,
  "n_response_tokens": 1465,
  "sandbox_stdout": "",
  "parent_value": 2.6298679827546882,
  "parent_is_seed": false
}