{
  "step": 8,
  "group": 3,
  "rollout": 33,
  "reward": 2.6077077175354644,
  "raw_score": 2.6077077175354644,
  "valid": true,
  "parsed": true,
  "ran": true,
  "msg": "ok",
  "advantage": -0.999999990753319,
  "beta": 818.4540927601204,
  "n_response_tokens": 2074,
  "sandbox_stdout": "",
  "parent_value": 2.6313341923021363,
  "parent_is_seed": false
}