{
  "step": 5,
  "group": 0,
  "rollout": 4,
  "reward": 0.0,
  "raw_score": null,
  "valid": false,
  "parsed": true,
  "ran": true,
  "msg": "Circle 0 at (0.04879849915331724,0.047212011889145034) r=0.05 outside unit square",
  "advantage": -0.7719680918732057,
  "beta": 1.9640345455274282,
  "n_response_tokens": 1536,
  "sandbox_stdout": "Warning: Packing is invalid. Reason: Circle 0 at (0.04879849915331724,0.047212011889145034) r=0.048798499154314626 outside unit square\n",
  "parent_value": 2.1666666666620817,
  "parent_is_seed": false
}