{
  "step": 5,
  "group": 0,
  "rollout": 3,
  "reward": 0.0,
  "raw_score": null,
  "valid": false,
  "parsed": true,
  "ran": true,
  "msg": "Circles 0 and 1 overlap",
  "advantage": -0.7719680918732057,
  "beta": 1.9640345455274282,
  "n_response_tokens": 1551,
  "sandbox_stdout": "Warning: Packing is invalid. Reason: Circle 23 at (0.9285714285714284,0.44258231590761654) r=0.07142857142957333 outside unit square\n",
  "parent_value": 2.1666666666620817,
  "parent_is_seed": false
}