{
  "step": 5,
  "group": 3,
  "rollout": 2,
  "reward": 0.6000000000000001,
  "raw_score": 0.6000000000000001,
  "valid": true,
  "parsed": true,
  "ran": true,
  "msg": "ok",
  "advantage": 10.768045346742333,
  "beta": 4.10897972782938,
  "n_response_tokens": 1702,
  "sandbox_stdout": "",
  "parent_value": 1.3000000000000003,
  "parent_is_seed": false
}