{
  "step": 2,
  "group": 1,
  "rollout": 41,
  "reward": 2.6259181925882347,
  "raw_score": 2.6259181925882347,
  "valid": true,
  "parsed": true,
  "ran": true,
  "msg": "ok",
  "advantage": 6.325697703516811,
  "beta": 1.4985263821832524,
  "n_response_tokens": 2094,
  "sandbox_stdout": "",
  "parent_value": 2.227777777777776,
  "parent_is_seed": false
}