{
  "step": 5,
  "group": 7,
  "rollout": 54,
  "reward": 0.0,
  "raw_score": null,
  "valid": false,
  "parsed": true,
  "ran": true,
  "msg": "Circle 0 at (0.0775929410577475,0.08015192589544134) r=0.08252462913556408 outside unit square",
  "advantage": -1.0,
  "beta": 15.374456730002105,
  "n_response_tokens": 1543,
  "sandbox_stdout": "",
  "parent_value": 2.6267398171717122,
  "parent_is_seed": false
}