{
  "step": 5,
  "group": 6,
  "rollout": 7,
  "reward": 2.543741559376759,
  "raw_score": 2.543741559376759,
  "valid": true,
  "parsed": true,
  "ran": true,
  "msg": "ok",
  "advantage": -0.9938509562518854,
  "beta": 72.03842382724052,
  "n_response_tokens": 1541,
  "sandbox_stdout": "",
  "parent_value": 2.6271141023385334,
  "parent_is_seed": false
}