{
  "step": 5,
  "group": 4,
  "rollout": 43,
  "reward": 2.616804716068113,
  "raw_score": 2.616804716068113,
  "valid": true,
  "parsed": true,
  "ran": true,
  "msg": "ok",
  "advantage": 0.5489187224320351,
  "beta": 55.12257580961743,
  "n_response_tokens": 1420,
  "sandbox_stdout": "",
  "parent_value": 2.628067330540156,
  "parent_is_seed": false
}