{
  "step": 5,
  "group": 7,
  "rollout": 43,
  "reward": 2.584350686140367,
  "raw_score": 2.584350686140367,
  "valid": true,
  "parsed": true,
  "ran": true,
  "msg": "ok",
  "advantage": 0.33801338878412435,
  "beta": 15.374456730002105,
  "n_response_tokens": 1532,
  "sandbox_stdout": "",
  "parent_value": 2.6267398171717122,
  "parent_is_seed": false
}