{
  "step": 5,
  "group": 1,
  "rollout": 11,
  "reward": 2.622144930552858,
  "raw_score": 2.622144930552858,
  "valid": true,
  "parsed": true,
  "ran": true,
  "msg": "ok",
  "advantage": 0.9560374755573124,
  "beta": 118.63424076446677,
  "n_response_tokens": 1966,
  "sandbox_stdout": "",
  "parent_value": 2.6290759707186075,
  "parent_is_seed": false
}