{
  "step": 5,
  "group": 3,
  "rollout": 50,
  "reward": 2.606285427184165,
  "raw_score": 2.606285427184165,
  "valid": true,
  "parsed": true,
  "ran": true,
  "msg": "ok",
  "advantage": 0.7043632215753124,
  "beta": 26.37805288484052,
  "n_response_tokens": 1715,
  "sandbox_stdout": "",
  "parent_value": 2.6281967899373764,
  "parent_is_seed": false
}