{
  "step": 5,
  "group": 2,
  "rollout": 42,
  "reward": 2.6040274285797853,
  "raw_score": 2.6040274285797853,
  "valid": true,
  "parsed": true,
  "ran": true,
  "msg": "ok",
  "advantage": 0.839203482804924,
  "beta": 17.910366883630754,
  "n_response_tokens": 1317,
  "sandbox_stdout": "",
  "parent_value": 2.6284189136893485,
  "parent_is_seed": false
}