{
  "step": 5,
  "group": 4,
  "rollout": 2,
  "reward": 2.623011795157088,
  "raw_score": 2.623011795157088,
  "valid": true,
  "parsed": true,
  "ran": true,
  "msg": "ok",
  "advantage": 1.2029300562454943,
  "beta": 55.12257580961743,
  "n_response_tokens": 1923,
  "sandbox_stdout": "",
  "parent_value": 2.628067330540156,
  "parent_is_seed": false
}