{
  "step": 5,
  "group": 1,
  "rollout": 59,
  "reward": 2.596458893485311,
  "raw_score": 2.596458893485311,
  "valid": true,
  "parsed": true,
  "ran": true,
  "msg": "ok",
  "advantage": -0.909776707355131,
  "beta": 118.63424076446677,
  "n_response_tokens": 2007,
  "sandbox_stdout": "",
  "parent_value": 2.6290759707186075,
  "parent_is_seed": false
}