{
  "step": 5,
  "group": 0,
  "rollout": 18,
  "reward": 2.620639397989615,
  "raw_score": 2.620639397989615,
  "valid": true,
  "parsed": true,
  "ran": true,
  "msg": "ok",
  "advantage": -0.3406060757175646,
  "beta": 157.37679068596577,
  "n_response_tokens": 2155,
  "sandbox_stdout": "",
  "parent_value": 2.6297131376596883,
  "parent_is_seed": false
}