{
  "step": 5,
  "group": 3,
  "rollout": 28,
  "reward": 2.61131677296187,
  "raw_score": 2.61131677296187,
  "valid": true,
  "parsed": true,
  "ran": true,
  "msg": "ok",
  "advantage": 0.9537598850884019,
  "beta": 26.37805288484052,
  "n_response_tokens": 1598,
  "sandbox_stdout": "",
  "parent_value": 2.6281967899373764,
  "parent_is_seed": false
}