{
  "step": 5,
  "group": 6,
  "rollout": 38,
  "reward": 2.5935099824955614,
  "raw_score": 2.5935099824955614,
  "valid": true,
  "parsed": true,
  "ran": true,
  "msg": "ok",
  "advantage": -0.7774919252098805,
  "beta": 72.03842382724052,
  "n_response_tokens": 1195,
  "sandbox_stdout": "",
  "parent_value": 2.6271141023385334,
  "parent_is_seed": false
}