{
  "step": 5,
  "group": 2,
  "rollout": 54,
  "reward": 2.6119482665199443,
  "raw_score": 2.6119482665199443,
  "valid": true,
  "parsed": true,
  "ran": true,
  "msg": "ok",
  "advantage": 1.1290106126175212,
  "beta": 17.910366883630754,
  "n_response_tokens": 1605,
  "sandbox_stdout": "",
  "parent_value": 2.6284189136893485,
  "parent_is_seed": false
}