{
  "step": 5,
  "group": 1,
  "rollout": 13,
  "reward": 0.0,
  "raw_score": null,
  "valid": false,
  "parsed": true,
  "ran": true,
  "msg": "Circle 0 at (0.00018330786893619997,0.004292133012688958) r=0.05492090381533546 outside unit square",
  "advantage": -1.0,
  "beta": 118.63424076446677,
  "n_response_tokens": 2344,
  "sandbox_stdout": "",
  "parent_value": 2.6290759707186075,
  "parent_is_seed": false
}