{
  "step": 5,
  "group": 4,
  "rollout": 46,
  "reward": 2.608103243180112,
  "raw_score": 2.608103243180112,
  "valid": true,
  "parsed": true,
  "ran": true,
  "msg": "ok",
  "advantage": -0.050114799361410056,
  "beta": 55.12257580961743,
  "n_response_tokens": 1941,
  "sandbox_stdout": "",
  "parent_value": 2.628067330540156,
  "parent_is_seed": false
}