{
  "step": 5,
  "group": 4,
  "rollout": 45,
  "reward": 2.614695615249238,
  "raw_score": 2.614695615249238,
  "valid": true,
  "parsed": true,
  "ran": true,
  "msg": "ok",
  "advantage": 0.3752055419562921,
  "beta": 55.12257580961743,
  "n_response_tokens": 1596,
  "sandbox_stdout": "",
  "parent_value": 2.628067330540156,
  "parent_is_seed": false
}