{
  "step": 5,
  "group": 3,
  "rollout": 53,
  "reward": 2.622059134833549,
  "raw_score": 2.622059134833549,
  "valid": true,
  "parsed": true,
  "ran": true,
  "msg": "ok",
  "advantage": 1.6204061870766293,
  "beta": 26.37805288484052,
  "n_response_tokens": 1474,
  "sandbox_stdout": "",
  "parent_value": 2.6281967899373764,
  "parent_is_seed": false
}