{
  "step": 5,
  "group": 4,
  "rollout": 4,
  "reward": 2.6301991711942496,
  "raw_score": 2.6301991711942496,
  "valid": true,
  "parsed": true,
  "ran": true,
  "msg": "ok",
  "advantage": 2.330492880782724,
  "beta": 55.12257580961743,
  "n_response_tokens": 1445,
  "sandbox_stdout": "",
  "parent_value": 2.628067330540156,
  "parent_is_seed": false
}