{
  "step": 5,
  "group": 4,
  "rollout": 9,
  "reward": 0.0,
  "raw_score": null,
  "valid": false,
  "parsed": true,
  "ran": true,
  "msg": "Circle 0 at (0.00018330786893619997,0.0069411737355994894) r=0.05492090381533546 outside unit square",
  "advantage": -1.0,
  "beta": 55.12257580961743,
  "n_response_tokens": 1418,
  "sandbox_stdout": "",
  "parent_value": 2.628067330540156,
  "parent_is_seed": false
}