{
  "step": 5,
  "group": 2,
  "rollout": 12,
  "reward": 2.5949423429968705,
  "raw_score": 2.5949423429968705,
  "valid": true,
  "parsed": true,
  "ran": true,
  "msg": "ok",
  "advantage": 0.5561907029044937,
  "beta": 17.910366883630754,
  "n_response_tokens": 1666,
  "sandbox_stdout": "",
  "parent_value": 2.6284189136893485,
  "parent_is_seed": false
}