{
  "step": 29,
  "group": 5,
  "rollout": 54,
  "reward": 2.6359674489340756,
  "raw_score": 2.6359674489340756,
  "valid": true,
  "parsed": true,
  "ran": true,
  "msg": "ok",
  "advantage": 0.7076914388693092,
  "beta": 1048576.0,
  "n_response_tokens": 2462,
  "sandbox_stdout": "Invalid packing: Circle 0 at (0.9999998601055763,0.9999991648793423) r=0.3758311570225287 outside unit square\n",
  "parent_value": 2.635967448934777,
  "parent_is_seed": false
}