{
  "step": 29,
  "group": 5,
  "rollout": 13,
  "reward": 2.6359674488058213,
  "raw_score": 2.6359674488058213,
  "valid": true,
  "parsed": true,
  "ran": true,
  "msg": "ok",
  "advantage": 0.7074555726169662,
  "beta": 1048576.0,
  "n_response_tokens": 2419,
  "sandbox_stdout": "",
  "parent_value": 2.635967448934777,
  "parent_is_seed": false
}