{
  "step": 29,
  "group": 4,
  "rollout": 43,
  "reward": 2.6359674488939846,
  "raw_score": 2.6359674488939846,
  "valid": true,
  "parsed": true,
  "ran": true,
  "msg": "ok",
  "advantage": 1.136811696116843,
  "beta": 2753.2598377033387,
  "n_response_tokens": 2563,
  "sandbox_stdout": "Invalid packing: Circle 0 at (0.0,0.0) r=1.0 outside unit square\n",
  "parent_value": 2.635967448939271,
  "parent_is_seed": false
}