{
  "step": 29,
  "group": 0,
  "rollout": 56,
  "reward": 2.6359829332479965,
  "raw_score": 2.6359829332479965,
  "valid": true,
  "parsed": true,
  "ran": true,
  "msg": "ok",
  "advantage": 0.14573944794924976,
  "beta": 1048576.0,
  "n_response_tokens": 2300,
  "sandbox_stdout": "",
  "parent_value": 2.6359829332479965,
  "parent_is_seed": false
}