{
  "step": 29,
  "group": 1,
  "rollout": 33,
  "reward": 0.0,
  "raw_score": 0.0,
  "valid": true,
  "parsed": true,
  "ran": true,
  "msg": "ok",
  "advantage": -1.0,
  "beta": 1048576.0,
  "n_response_tokens": 2644,
  "sandbox_stdout": "Invalid packing: Circle 25 at (0.07999999999999999,1.0) r=0.04799999999999999 outside unit square\nInvalid packing: Circle 25 at (0.07999999999999999,1.0) r=0.04799999999999999 outside unit square\nInvalid packing: Circle 0 at (0.5584554155436474,0.9999999999999999) r=1.0 outside unit square\nInvalid packing: Circle 0 at (0.2857142857142857,0.2857142857142857) r=0.9999999939225293 outside unit square\nInvalid packing: Circle 0 at (0.2727272727272727,0.2727272727272727) r=0.9999999939225293 outside unit square\nInvalid packing: Circle 0 at (0.26785714285714285,0.26785714285714285) r=0.9999999939225293 outside unit square\nInvalid packing: Circle 0 at (0.2727272727272727,0.2727272727272727) r=0.9999999939225293 outside unit square\n",
  "parent_value": 2.635982930149548,
  "parent_is_seed": false
}