{
  "step": 29,
  "group": 4,
  "rollout": 17,
  "reward": 2.6323260072586643,
  "raw_score": 2.6323260072586643,
  "valid": true,
  "parsed": true,
  "ran": true,
  "msg": "ok",
  "advantage": -0.9999085642323324,
  "beta": 2753.2598377033387,
  "n_response_tokens": 2371,
  "sandbox_stdout": "Invalid packing: Circle 1 at (0.0,0.0) r=1.0 outside unit square\n",
  "parent_value": 2.635967448939271,
  "parent_is_seed": false
}