{
  "step": 29,
  "group": 4,
  "rollout": 51,
  "reward": 2.6359674489324254,
  "raw_score": 2.6359674489324254,
  "valid": true,
  "parsed": true,
  "ran": true,
  "msg": "ok",
  "advantage": 1.1368119299423634,
  "beta": 2753.2598377033387,
  "n_response_tokens": 2563,
  "sandbox_stdout": "",
  "parent_value": 2.635967448939271,
  "parent_is_seed": false
}