{
  "step": 29,
  "group": 3,
  "rollout": 5,
  "reward": 2.6359674379246862,
  "raw_score": 2.6359674379246862,
  "valid": true,
  "parsed": true,
  "ran": true,
  "msg": "ok",
  "advantage": 0.8496603974079102,
  "beta": 1048576.0,
  "n_response_tokens": 2696,
  "sandbox_stdout": "Invalid packing: Circle 0 at (0.0,1.0) r=1.0 outside unit square\n",
  "parent_value": 2.635967450578181,
  "parent_is_seed": false
}