{
  "step": 29,
  "group": 5,
  "rollout": 9,
  "reward": 2.635967376874343,
  "raw_score": 2.635967376874343,
  "valid": true,
  "parsed": true,
  "ran": true,
  "msg": "ok",
  "advantage": 0.5802950617223102,
  "beta": 1048576.0,
  "n_response_tokens": 2359,
  "sandbox_stdout": "",
  "parent_value": 2.635967448934777,
  "parent_is_seed": false
}