{
  "step": 29,
  "group": 3,
  "rollout": 22,
  "reward": 2.6359674489341383,
  "raw_score": 2.6359674489341383,
  "valid": true,
  "parsed": true,
  "ran": true,
  "msg": "ok",
  "advantage": 0.8717751487241028,
  "beta": 1048576.0,
  "n_response_tokens": 2867,
  "sandbox_stdout": "",
  "parent_value": 2.635967450578181,
  "parent_is_seed": false
}