{
  "step": 29,
  "group": 0,
  "rollout": 46,
  "reward": 2.6359829332479965,
  "raw_score": 2.6359829332479965,
  "valid": true,
  "parsed": true,
  "ran": true,
  "msg": "ok",
  "advantage": 0.14573944794924976,
  "beta": 1048576.0,
  "n_response_tokens": 2339,
  "sandbox_stdout": "Invalid packing: Circle 2 at (0.1406901664896258,0.4739837890935663) r=0.1406903296619145 outside unit square\n",
  "parent_value": 2.6359829332479965,
  "parent_is_seed": false
}