{
  "step": 29,
  "group": 4,
  "rollout": 62,
  "reward": 2.632326007257521,
  "raw_score": 2.632326007257521,
  "valid": true,
  "parsed": true,
  "ran": true,
  "msg": "ok",
  "advantage": -0.9999085642326202,
  "beta": 2753.2598377033387,
  "n_response_tokens": 2498,
  "sandbox_stdout": "Invalid packing: Circle 3 at (1.0,1.0) r=1.0 outside unit square\n",
  "parent_value": 2.635967448939271,
  "parent_is_seed": false
}