{
  "step": 29,
  "group": 4,
  "rollout": 37,
  "reward": 2.6359674489331186,
  "raw_score": 2.6359674489331186,
  "valid": true,
  "parsed": true,
  "ran": true,
  "msg": "ok",
  "advantage": 1.1368119341590628,
  "beta": 2753.2598377033387,
  "n_response_tokens": 2609,
  "sandbox_stdout": "Invalid packing: Circle 2 at (1.0,0.0) r=1.0 outside unit square\n",
  "parent_value": 2.635967448939271,
  "parent_is_seed": false
}