{
  "step": 29,
  "group": 4,
  "rollout": 36,
  "reward": 2.635967337945691,
  "raw_score": 2.635967337945691,
  "valid": true,
  "parsed": true,
  "ran": true,
  "msg": "ok",
  "advantage": 1.1361369363217633,
  "beta": 2753.2598377033387,
  "n_response_tokens": 2788,
  "sandbox_stdout": "",
  "parent_value": 2.635967448939271,
  "parent_is_seed": false
}