{
  "step": 29,
  "group": 4,
  "rollout": 26,
  "reward": 2.6013009773623748,
  "raw_score": 2.6013009773623748,
  "valid": true,
  "parsed": true,
  "ran": true,
  "msg": "ok",
  "advantage": -1.0,
  "beta": 2753.2598377033387,
  "n_response_tokens": 2303,
  "sandbox_stdout": "Invalid packing: Circles 13 and 15 overlap\n",
  "parent_value": 2.635967448939271,
  "parent_is_seed": false
}