{
  "step": 12,
  "group": 3,
  "rollout": 17,
  "reward": 0.0,
  "raw_score": null,
  "valid": false,
  "parsed": true,
  "ran": true,
  "msg": "Circle 0 at (0.8665189146415461,0.13348120972886654) r=505082273.4998422 outside unit square",
  "advantage": 4.819071292877197,
  "algo": "a2c",
  "value_baseline": -4.819071292877197,
  "n_response_tokens": 1725,
  "sandbox_stdout": "",
  "parent_value": 2.616508976238759,
  "parent_is_seed": false
}