{
  "step": 12,
  "group": 0,
  "rollout": 15,
  "reward": 0.0,
  "raw_score": null,
  "valid": false,
  "parsed": true,
  "ran": true,
  "msg": "Circle 15 at (0.1341787809304298,0.6969181608143804) r=0.13417878093153157 outside unit square",
  "advantage": 4.8190717697143555,
  "algo": "a2c",
  "value_baseline": -4.8190717697143555,
  "n_response_tokens": 1751,
  "sandbox_stdout": "",
  "parent_value": 2.625767293832681,
  "parent_is_seed": false
}