{
  "step": 12,
  "group": 0,
  "rollout": 10,
  "reward": 2.6193126699386857,
  "raw_score": 2.6193126699386857,
  "valid": true,
  "parsed": true,
  "ran": true,
  "msg": "ok",
  "advantage": 7.438384439653041,
  "algo": "a2c",
  "value_baseline": -4.8190717697143555,
  "n_response_tokens": 1705,
  "sandbox_stdout": "",
  "parent_value": 2.625767293832681,
  "parent_is_seed": false
}