{
  "step": 14,
  "group": 7,
  "rollout": 12,
  "reward": 2.6310935891139278,
  "raw_score": 2.6310935891139278,
  "valid": true,
  "parsed": true,
  "ran": true,
  "msg": "ok",
  "advantage": 2.67815754804251,
  "beta": 357.9095459698342,
  "n_response_tokens": 2151,
  "sandbox_stdout": "",
  "parent_value": 2.6310935891138847,
  "parent_is_seed": false
}