{
  "step": 12,
  "group": 0,
  "rollout": 34,
  "reward": 2.626083971996352,
  "raw_score": 2.626083971996352,
  "valid": true,
  "parsed": true,
  "ran": true,
  "msg": "ok",
  "advantage": 0.38291273426226846,
  "beta": 190.50545910309998,
  "n_response_tokens": 1688,
  "sandbox_stdout": "",
  "parent_value": 2.631093589113874,
  "parent_is_seed": false
}