{
  "step": 12,
  "group": 6,
  "rollout": 33,
  "reward": 2.622222185440795,
  "raw_score": 2.622222185440795,
  "valid": true,
  "parsed": true,
  "ran": true,
  "msg": "ok",
  "advantage": 0.1437847903504157,
  "beta": 159.29112380596348,
  "n_response_tokens": 2292,
  "sandbox_stdout": "",
  "parent_value": 2.631093589113793,
  "parent_is_seed": false
}