{
  "step": 12,
  "group": 4,
  "rollout": 37,
  "reward": 2.619796716778975,
  "raw_score": 2.619796716778975,
  "valid": true,
  "parsed": true,
  "ran": true,
  "msg": "ok",
  "advantage": -0.8064846607728671,
  "beta": 284.5705376537833,
  "n_response_tokens": 1502,
  "sandbox_stdout": "",
  "parent_value": 2.631093589113817,
  "parent_is_seed": false
}