{
  "step": 12,
  "group": 0,
  "rollout": 44,
  "reward": 2.60777442693409,
  "raw_score": 2.60777442693409,
  "valid": true,
  "parsed": true,
  "ran": true,
  "msg": "ok",
  "advantage": -0.9586189921819678,
  "beta": 190.50545910309998,
  "n_response_tokens": 1794,
  "sandbox_stdout": "",
  "parent_value": 2.631093589113874,
  "parent_is_seed": false
}