{
  "step": 12,
  "group": 1,
  "rollout": 28,
  "reward": 2.5945245750123123,
  "raw_score": 2.5945245750123123,
  "valid": true,
  "parsed": true,
  "ran": true,
  "msg": "ok",
  "advantage": -0.9998964451097455,
  "beta": 300.1762394605276,
  "n_response_tokens": 1839,
  "sandbox_stdout": "",
  "parent_value": 2.6310935891138736,
  "parent_is_seed": false
}