{
  "step": 12,
  "group": 2,
  "rollout": 22,
  "reward": 2.6266969012492334,
  "raw_score": 2.6266969012492334,
  "valid": true,
  "parsed": true,
  "ran": true,
  "msg": "ok",
  "advantage": -0.3156665021030526,
  "beta": 369.36744973980996,
  "n_response_tokens": 1651,
  "sandbox_stdout": "",
  "parent_value": 2.631093589113873,
  "parent_is_seed": false
}