{
  "step": 12,
  "group": 5,
  "rollout": 45,
  "reward": 2.6241380564966703,
  "raw_score": 2.6241380564966703,
  "valid": true,
  "parsed": true,
  "ran": true,
  "msg": "ok",
  "advantage": 0.13928355032483264,
  "beta": 261.81217454262315,
  "n_response_tokens": 1698,
  "sandbox_stdout": "",
  "parent_value": 2.631093589113802,
  "parent_is_seed": false
}