{
  "step": 12,
  "group": 2,
  "rollout": 31,
  "reward": 2.6262101255385755,
  "raw_score": 2.6262101255385755,
  "valid": true,
  "parsed": true,
  "ran": true,
  "msg": "ok",
  "advantage": -0.4293019173956607,
  "beta": 369.36744973980996,
  "n_response_tokens": 2426,
  "sandbox_stdout": "",
  "parent_value": 2.631093589113873,
  "parent_is_seed": false
}