{
  "step": 12,
  "group": 2,
  "rollout": 7,
  "reward": 2.604074508618221,
  "raw_score": 2.604074508618221,
  "valid": true,
  "parsed": true,
  "ran": true,
  "msg": "ok",
  "advantage": -0.9998409173567898,
  "beta": 369.36744973980996,
  "n_response_tokens": 1874,
  "sandbox_stdout": "",
  "parent_value": 2.631093589113873,
  "parent_is_seed": false
}