{
  "step": 12,
  "group": 6,
  "rollout": 10,
  "reward": 2.6211942343596037,
  "raw_score": 2.6211942343596037,
  "valid": true,
  "parsed": true,
  "ran": true,
  "msg": "ok",
  "advantage": -0.031628183946173616,
  "beta": 159.29112380596348,
  "n_response_tokens": 2024,
  "sandbox_stdout": "",
  "parent_value": 2.631093589113793,
  "parent_is_seed": false
}