{
  "step": 12,
  "group": 4,
  "rollout": 57,
  "reward": 2.6036719609435006,
  "raw_score": 2.6036719609435006,
  "valid": true,
  "parsed": true,
  "ran": true,
  "msg": "ok",
  "advantage": -0.9980385372146854,
  "beta": 284.5705376537833,
  "n_response_tokens": 1726,
  "sandbox_stdout": "",
  "parent_value": 2.631093589113817,
  "parent_is_seed": false
}