{
  "step": 12,
  "group": 5,
  "rollout": 58,
  "reward": 2.5546852709117407,
  "raw_score": 2.5546852709117407,
  "valid": true,
  "parsed": true,
  "ran": true,
  "msg": "ok",
  "advantage": -0.9999999858153794,
  "beta": 261.81217454262315,
  "n_response_tokens": 1688,
  "sandbox_stdout": "",
  "parent_value": 2.631093589113802,
  "parent_is_seed": false
}