{
  "step": 12,
  "group": 7,
  "rollout": 46,
  "reward": 2.617972331700482,
  "raw_score": 2.617972331700482,
  "valid": true,
  "parsed": true,
  "ran": true,
  "msg": "ok",
  "advantage": -0.8029122426877189,
  "beta": 261.15678276292016,
  "n_response_tokens": 1974,
  "sandbox_stdout": "",
  "parent_value": 2.6310935891137923,
  "parent_is_seed": false
}