{
  "step": 12,
  "group": 6,
  "rollout": 4,
  "reward": 2.615939690187039,
  "raw_score": 2.615939690187039,
  "valid": true,
  "parsed": true,
  "ran": true,
  "msg": "ok",
  "advantage": -0.5843114139416976,
  "beta": 159.29112380596348,
  "n_response_tokens": 1996,
  "sandbox_stdout": "",
  "parent_value": 2.631093589113793,
  "parent_is_seed": false
}