{
  "step": 12,
  "group": 6,
  "rollout": 8,
  "reward": 2.625134965013938,
  "raw_score": 2.625134965013938,
  "valid": true,
  "parsed": true,
  "ran": true,
  "msg": "ok",
  "advantage": 0.8387744336789167,
  "beta": 159.29112380596348,
  "n_response_tokens": 2534,
  "sandbox_stdout": "",
  "parent_value": 2.631093589113793,
  "parent_is_seed": false
}