{
  "step": 12,
  "group": 7,
  "rollout": 56,
  "reward": 2.619522605799589,
  "raw_score": 2.619522605799589,
  "valid": true,
  "parsed": true,
  "ran": true,
  "msg": "ok",
  "advantage": -0.704083805980005,
  "beta": 261.15678276292016,
  "n_response_tokens": 2218,
  "sandbox_stdout": "",
  "parent_value": 2.6310935891137923,
  "parent_is_seed": false
}