{
  "step": 12,
  "group": 2,
  "rollout": 11,
  "reward": 2.631093589113646,
  "raw_score": 2.631093589113646,
  "valid": true,
  "parsed": true,
  "ran": true,
  "msg": "ok",
  "advantage": 2.632562291118313,
  "beta": 369.36744973980996,
  "n_response_tokens": 2374,
  "sandbox_stdout": "",
  "parent_value": 2.631093589113873,
  "parent_is_seed": false
}