{
  "step": 12,
  "group": 1,
  "rollout": 13,
  "reward": 2.6223273646836276,
  "raw_score": 2.6223273646836276,
  "valid": true,
  "parsed": true,
  "ran": true,
  "msg": "ok",
  "advantage": -0.560767231409063,
  "beta": 300.1762394605276,
  "n_response_tokens": 1792,
  "sandbox_stdout": "",
  "parent_value": 2.6310935891138736,
  "parent_is_seed": false
}