{
  "step": 12,
  "group": 2,
  "rollout": 19,
  "reward": 2.628434530184607,
  "raw_score": 2.628434530184607,
  "valid": true,
  "parsed": true,
  "ran": true,
  "msg": "ok",
  "advantage": 0.31302983779336757,
  "beta": 369.36744973980996,
  "n_response_tokens": 2002,
  "sandbox_stdout": "",
  "parent_value": 2.631093589113873,
  "parent_is_seed": false
}