{
  "step": 12,
  "group": 7,
  "rollout": 49,
  "reward": 2.617774375740649,
  "raw_score": 2.617774375740649,
  "valid": true,
  "parsed": true,
  "ran": true,
  "msg": "ok",
  "advantage": -0.8128717989748124,
  "beta": 261.15678276292016,
  "n_response_tokens": 1909,
  "sandbox_stdout": "",
  "parent_value": 2.6310935891137923,
  "parent_is_seed": false
}