{
  "step": 12,
  "group": 2,
  "rollout": 54,
  "reward": 2.6259531602186326,
  "raw_score": 2.6259531602186326,
  "valid": true,
  "parsed": true,
  "ran": true,
  "msg": "ok",
  "advantage": -0.48140368412597023,
  "beta": 369.36744973980996,
  "n_response_tokens": 2022,
  "sandbox_stdout": "",
  "parent_value": 2.631093589113873,
  "parent_is_seed": false
}