{
  "step": 12,
  "group": 5,
  "rollout": 60,
  "reward": 2.6241962110771553,
  "raw_score": 2.6241962110771553,
  "valid": true,
  "parsed": true,
  "ran": true,
  "msg": "ok",
  "advantage": 0.15708355198922064,
  "beta": 261.81217454262315,
  "n_response_tokens": 1778,
  "sandbox_stdout": "",
  "parent_value": 2.631093589113802,
  "parent_is_seed": false
}