{
  "step": 12,
  "group": 4,
  "rollout": 56,
  "reward": 2.623995001137519,
  "raw_score": 2.623995001137519,
  "valid": true,
  "parsed": true,
  "ran": true,
  "msg": "ok",
  "advantage": -0.35634506863986193,
  "beta": 284.5705376537833,
  "n_response_tokens": 1778,
  "sandbox_stdout": "",
  "parent_value": 2.631093589113817,
  "parent_is_seed": false
}