{
  "step": 12,
  "group": 5,
  "rollout": 56,
  "reward": 2.624672865723199,
  "raw_score": 2.624672865723199,
  "valid": true,
  "parsed": true,
  "ran": true,
  "msg": "ok",
  "advantage": 0.3140852619880965,
  "beta": 261.81217454262315,
  "n_response_tokens": 1496,
  "sandbox_stdout": "",
  "parent_value": 2.631093589113802,
  "parent_is_seed": false
}