{
  "step": 12,
  "group": 0,
  "rollout": 51,
  "reward": 2.626968399202754,
  "raw_score": 2.626968399202754,
  "valid": true,
  "parsed": true,
  "ran": true,
  "msg": "ok",
  "advantage": 0.6433167686763881,
  "beta": 190.50545910309998,
  "n_response_tokens": 1658,
  "sandbox_stdout": "",
  "parent_value": 2.631093589113874,
  "parent_is_seed": false
}