{
  "step": 12,
  "group": 5,
  "rollout": 34,
  "reward": 2.621292556044565,
  "raw_score": 2.621292556044565,
  "valid": true,
  "parsed": true,
  "ran": true,
  "msg": "ok",
  "advantage": -0.4642249836180896,
  "beta": 261.81217454262315,
  "n_response_tokens": 1694,
  "sandbox_stdout": "",
  "parent_value": 2.631093589113802,
  "parent_is_seed": false
}