{
  "step": 12,
  "group": 3,
  "rollout": 20,
  "reward": 2.6249567407362027,
  "raw_score": 2.6249567407362027,
  "valid": true,
  "parsed": true,
  "ran": true,
  "msg": "ok",
  "advantage": -0.38192110833044157,
  "beta": 342.68811836653043,
  "n_response_tokens": 2028,
  "sandbox_stdout": "",
  "parent_value": 2.631093589113834,
  "parent_is_seed": false
}