{
  "step": 12,
  "group": 5,
  "rollout": 37,
  "reward": 2.614840500359257,
  "raw_score": 2.614840500359257,
  "valid": true,
  "parsed": true,
  "ran": true,
  "msg": "ok",
  "advantage": -0.901743874260005,
  "beta": 261.81217454262315,
  "n_response_tokens": 1520,
  "sandbox_stdout": "",
  "parent_value": 2.631093589113802,
  "parent_is_seed": false
}