{
  "step": 12,
  "group": 1,
  "rollout": 49,
  "reward": 2.616382460302813,
  "raw_score": 2.616382460302813,
  "valid": true,
  "parsed": true,
  "ran": true,
  "msg": "ok",
  "advantage": -0.9266878973306136,
  "beta": 300.1762394605276,
  "n_response_tokens": 1783,
  "sandbox_stdout": "",
  "parent_value": 2.6310935891138736,
  "parent_is_seed": false
}