{
  "step": 12,
  "group": 3,
  "rollout": 1,
  "reward": 2.6267180124354153,
  "raw_score": 2.6267180124354153,
  "valid": true,
  "parsed": true,
  "ran": true,
  "msg": "ok",
  "advantage": 0.1395009873882258,
  "beta": 342.68811836653043,
  "n_response_tokens": 2042,
  "sandbox_stdout": "",
  "parent_value": 2.631093589113834,
  "parent_is_seed": false
}