{
  "step": 12,
  "group": 6,
  "rollout": 58,
  "reward": 2.52884007909432,
  "raw_score": 2.52884007909432,
  "valid": true,
  "parsed": true,
  "ran": true,
  "msg": "ok",
  "advantage": -0.9999996105733768,
  "beta": 159.29112380596348,
  "n_response_tokens": 2077,
  "sandbox_stdout": "",
  "parent_value": 2.631093589113793,
  "parent_is_seed": false
}