{
  "step": 12,
  "group": 1,
  "rollout": 46,
  "reward": 2.6266918954684706,
  "raw_score": 2.6266918954684706,
  "valid": true,
  "parsed": true,
  "ran": true,
  "msg": "ok",
  "advantage": 0.65939586897265,
  "beta": 300.1762394605276,
  "n_response_tokens": 1794,
  "sandbox_stdout": "",
  "parent_value": 2.6310935891138736,
  "parent_is_seed": false
}