{
  "step": 12,
  "group": 2,
  "rollout": 26,
  "reward": 2.625855887299331,
  "raw_score": 2.625855887299331,
  "valid": true,
  "parsed": true,
  "ran": true,
  "msg": "ok",
  "advantage": -0.49985110138096667,
  "beta": 369.36744973980996,
  "n_response_tokens": 1900,
  "sandbox_stdout": "",
  "parent_value": 2.631093589113873,
  "parent_is_seed": false
}