{
  "step": 12,
  "group": 7,
  "rollout": 47,
  "reward": 2.6310935891139047,
  "raw_score": 2.6310935891139047,
  "valid": true,
  "parsed": true,
  "ran": true,
  "msg": "ok",
  "advantage": 5.688401217116535,
  "beta": 261.15678276292016,
  "n_response_tokens": 1794,
  "sandbox_stdout": "",
  "parent_value": 2.6310935891137923,
  "parent_is_seed": false
}