{
  "step": 12,
  "group": 3,
  "rollout": 21,
  "reward": 2.6268470068628655,
  "raw_score": 2.6268470068628655,
  "valid": true,
  "parsed": true,
  "ran": true,
  "msg": "ok",
  "advantage": 0.1919768063296472,
  "beta": 342.68811836653043,
  "n_response_tokens": 2102,
  "sandbox_stdout": "",
  "parent_value": 2.631093589113834,
  "parent_is_seed": false
}