{
  "step": 12,
  "group": 1,
  "rollout": 40,
  "reward": 2.6280829586384375,
  "raw_score": 2.6280829586384375,
  "valid": true,
  "parsed": true,
  "ran": true,
  "msg": "ok",
  "advantage": 1.5542598061392883,
  "beta": 300.1762394605276,
  "n_response_tokens": 1708,
  "sandbox_stdout": "",
  "parent_value": 2.6310935891138736,
  "parent_is_seed": false
}