{
  "step": 12,
  "group": 4,
  "rollout": 14,
  "reward": 2.6256633496535384,
  "raw_score": 2.6256633496535384,
  "valid": true,
  "parsed": true,
  "ran": true,
  "msg": "ok",
  "advantage": 0.041224783742033866,
  "beta": 284.5705376537833,
  "n_response_tokens": 1823,
  "sandbox_stdout": "",
  "parent_value": 2.631093589113817,
  "parent_is_seed": false
}