{
  "step": 12,
  "group": 0,
  "rollout": 26,
  "reward": 2.622192308453078,
  "raw_score": 2.622192308453078,
  "valid": true,
  "parsed": true,
  "ran": true,
  "msg": "ok",
  "advantage": -0.34859128601114553,
  "beta": 190.50545910309998,
  "n_response_tokens": 1409,
  "sandbox_stdout": "",
  "parent_value": 2.631093589113874,
  "parent_is_seed": false
}