{
  "step": 12,
  "group": 4,
  "rollout": 46,
  "reward": 2.624138056496416,
  "raw_score": 2.624138056496416,
  "valid": true,
  "parsed": true,
  "ran": true,
  "msg": "ok",
  "advantage": -0.3293169363661874,
  "beta": 284.5705376537833,
  "n_response_tokens": 1778,
  "sandbox_stdout": "",
  "parent_value": 2.631093589113817,
  "parent_is_seed": false
}