{
  "step": 12,
  "group": 5,
  "rollout": 0,
  "reward": 2.6245125810667647,
  "raw_score": 2.6245125810667647,
  "valid": true,
  "parsed": true,
  "ran": true,
  "msg": "ok",
  "advantage": 0.25900218941971853,
  "beta": 261.81217454262315,
  "n_response_tokens": 1502,
  "sandbox_stdout": "",
  "parent_value": 2.631093589113802,
  "parent_is_seed": false
}