{
  "step": 12,
  "group": 3,
  "rollout": 15,
  "reward": 2.6264432324761633,
  "raw_score": 2.6264432324761633,
  "valid": true,
  "parsed": true,
  "ran": true,
  "msg": "ok",
  "advantage": 0.035415181000719276,
  "beta": 342.68811836653043,
  "n_response_tokens": 1682,
  "sandbox_stdout": "",
  "parent_value": 2.631093589113834,
  "parent_is_seed": false
}