{
  "step": 12,
  "group": 6,
  "rollout": 9,
  "reward": 2.6189328854208096,
  "raw_score": 2.6189328854208096,
  "valid": true,
  "parsed": true,
  "ran": true,
  "msg": "ok",
  "advantage": -0.32765958086710545,
  "beta": 159.29112380596348,
  "n_response_tokens": 1983,
  "sandbox_stdout": "",
  "parent_value": 2.631093589113793,
  "parent_is_seed": false
}