{
  "step": 12,
  "group": 7,
  "rollout": 10,
  "reward": 2.6221177752897993,
  "raw_score": 2.6221177752897993,
  "valid": true,
  "parsed": true,
  "ran": true,
  "msg": "ok",
  "advantage": -0.4145467636601514,
  "beta": 261.15678276292016,
  "n_response_tokens": 1752,
  "sandbox_stdout": "",
  "parent_value": 2.6310935891137923,
  "parent_is_seed": false
}