{
  "step": 12,
  "group": 2,
  "rollout": 60,
  "reward": 2.6203569367041295,
  "raw_score": 2.6203569367041295,
  "valid": true,
  "parsed": true,
  "ran": true,
  "msg": "ok",
  "advantage": -0.9348365469760527,
  "beta": 369.36744973980996,
  "n_response_tokens": 1552,
  "sandbox_stdout": "",
  "parent_value": 2.631093589113873,
  "parent_is_seed": false
}