{
  "step": 12,
  "group": 1,
  "rollout": 50,
  "reward": 2.6133050358706544,
  "raw_score": 2.6133050358706544,
  "valid": true,
  "parsed": true,
  "ran": true,
  "msg": "ok",
  "advantage": -0.9709140691671314,
  "beta": 300.1762394605276,
  "n_response_tokens": 1801,
  "sandbox_stdout": "",
  "parent_value": 2.6310935891138736,
  "parent_is_seed": false
}