{
  "step": 12,
  "group": 5,
  "rollout": 27,
  "reward": 2.623565052885566,
  "raw_score": 2.623565052885566,
  "valid": true,
  "parsed": true,
  "ran": true,
  "msg": "ok",
  "advantage": -0.021892593396783067,
  "beta": 261.81217454262315,
  "n_response_tokens": 1714,
  "sandbox_stdout": "",
  "parent_value": 2.631093589113802,
  "parent_is_seed": false
}