{
  "step": 12,
  "group": 4,
  "rollout": 58,
  "reward": 2.622551181259177,
  "raw_score": 2.622551181259177,
  "valid": true,
  "parsed": true,
  "ran": true,
  "msg": "ok",
  "advantage": -0.574673211647081,
  "beta": 284.5705376537833,
  "n_response_tokens": 1594,
  "sandbox_stdout": "",
  "parent_value": 2.631093589113817,
  "parent_is_seed": false
}