{
  "step": 12,
  "group": 2,
  "rollout": 28,
  "reward": 2.63109358911388,
  "raw_score": 2.63109358911388,
  "valid": true,
  "parsed": true,
  "ran": true,
  "msg": "ok",
  "advantage": 2.6325622914498057,
  "beta": 369.36744973980996,
  "n_response_tokens": 1925,
  "sandbox_stdout": "",
  "parent_value": 2.631093589113873,
  "parent_is_seed": false
}