{
  "step": 12,
  "group": 0,
  "rollout": 22,
  "reward": 2.625021114822143,
  "raw_score": 2.625021114822143,
  "valid": true,
  "parsed": true,
  "ran": true,
  "msg": "ok",
  "advantage": 0.12490250914283085,
  "beta": 190.50545910309998,
  "n_response_tokens": 1638,
  "sandbox_stdout": "",
  "parent_value": 2.631093589113874,
  "parent_is_seed": false
}