{
  "step": 12,
  "group": 7,
  "rollout": 27,
  "reward": 2.6218988699097845,
  "raw_score": 2.6218988699097845,
  "valid": true,
  "parsed": true,
  "ran": true,
  "msg": "ok",
  "advantage": -0.4473629502848888,
  "beta": 261.15678276292016,
  "n_response_tokens": 1789,
  "sandbox_stdout": "",
  "parent_value": 2.6310935891137923,
  "parent_is_seed": false
}