{
  "step": 12,
  "group": 3,
  "rollout": 57,
  "reward": 2.6310935891137825,
  "raw_score": 2.6310935891137825,
  "valid": true,
  "parsed": true,
  "ran": true,
  "msg": "ok",
  "advantage": 4.446898718100672,
  "beta": 342.68811836653043,
  "n_response_tokens": 2001,
  "sandbox_stdout": "",
  "parent_value": 2.631093589113834,
  "parent_is_seed": false
}