{
  "step": 12,
  "group": 3,
  "rollout": 58,
  "reward": 2.620109117880702,
  "raw_score": 2.620109117880702,
  "valid": true,
  "parsed": true,
  "ran": true,
  "msg": "ok",
  "advantage": -0.8835482385603486,
  "beta": 342.68811836653043,
  "n_response_tokens": 1943,
  "sandbox_stdout": "",
  "parent_value": 2.631093589113834,
  "parent_is_seed": false
}