{
  "step": 12,
  "group": 2,
  "rollout": 46,
  "reward": 2.628082958638566,
  "raw_score": 2.628082958638566,
  "valid": true,
  "parsed": true,
  "ran": true,
  "msg": "ok",
  "advantage": 0.15020860952319737,
  "beta": 369.36744973980996,
  "n_response_tokens": 2039,
  "sandbox_stdout": "",
  "parent_value": 2.631093589113873,
  "parent_is_seed": false
}