{
  "step": 12,
  "group": 2,
  "rollout": 63,
  "reward": 2.6262937029882734,
  "raw_score": 2.6262937029882734,
  "valid": true,
  "parsed": true,
  "ran": true,
  "msg": "ok",
  "advantage": -0.4112420443204169,
  "beta": 369.36744973980996,
  "n_response_tokens": 2048,
  "sandbox_stdout": "",
  "parent_value": 2.631093589113873,
  "parent_is_seed": false
}