{
  "step": 12,
  "group": 1,
  "rollout": 61,
  "reward": 2.6193635396624178,
  "raw_score": 2.6193635396624178,
  "valid": true,
  "parsed": true,
  "ran": true,
  "msg": "ok",
  "advantage": -0.8203051508258907,
  "beta": 300.1762394605276,
  "n_response_tokens": 1832,
  "sandbox_stdout": "",
  "parent_value": 2.6310935891138736,
  "parent_is_seed": false
}