{
  "step": 12,
  "group": 4,
  "rollout": 63,
  "reward": 2.6250211148237823,
  "raw_score": 2.6250211148237823,
  "valid": true,
  "parsed": true,
  "ran": true,
  "msg": "ok",
  "advantage": -0.13508169870218167,
  "beta": 284.5705376537833,
  "n_response_tokens": 2429,
  "sandbox_stdout": "",
  "parent_value": 2.631093589113817,
  "parent_is_seed": false
}