{
  "step": 12,
  "group": 4,
  "rollout": 4,
  "reward": 2.6256048251786397,
  "raw_score": 2.6256048251786397,
  "valid": true,
  "parsed": true,
  "ran": true,
  "msg": "ok",
  "advantage": 0.023748017516638242,
  "beta": 284.5705376537833,
  "n_response_tokens": 1649,
  "sandbox_stdout": "",
  "parent_value": 2.631093589113817,
  "parent_is_seed": false
}