{
  "step": 12,
  "group": 0,
  "rollout": 29,
  "reward": 2.622117775289703,
  "raw_score": 2.622117775289703,
  "valid": true,
  "parsed": true,
  "ran": true,
  "msg": "ok",
  "advantage": -0.357868874131529,
  "beta": 190.50545910309998,
  "n_response_tokens": 1553,
  "sandbox_stdout": "",
  "parent_value": 2.631093589113874,
  "parent_is_seed": false
}