{
  "step": 12,
  "group": 5,
  "rollout": 6,
  "reward": 2.628212418165341,
  "raw_score": 2.628212418165341,
  "valid": true,
  "parsed": true,
  "ran": true,
  "msg": "ok",
  "advantage": 2.4287291968603513,
  "beta": 261.81217454262315,
  "n_response_tokens": 1685,
  "sandbox_stdout": "",
  "parent_value": 2.631093589113802,
  "parent_is_seed": false
}