{
  "step": 12,
  "group": 6,
  "rollout": 13,
  "reward": 2.624558805264652,
  "raw_score": 2.624558805264652,
  "valid": true,
  "parsed": true,
  "ran": true,
  "msg": "ok",
  "advantage": 0.6732468705990224,
  "beta": 159.29112380596348,
  "n_response_tokens": 1923,
  "sandbox_stdout": "",
  "parent_value": 2.631093589113793,
  "parent_is_seed": false
}