{
  "step": 12,
  "group": 3,
  "rollout": 47,
  "reward": 2.6251349650138875,
  "raw_score": 2.6251349650138875,
  "valid": true,
  "parsed": true,
  "ran": true,
  "msg": "ok",
  "advantage": -0.34258892226735305,
  "beta": 342.68811836653043,
  "n_response_tokens": 1869,
  "sandbox_stdout": "",
  "parent_value": 2.631093589113834,
  "parent_is_seed": false
}