{
  "step": 12,
  "group": 0,
  "rollout": 12,
  "reward": 2.6274424473967177,
  "raw_score": 2.6274424473967177,
  "valid": true,
  "parsed": true,
  "ran": true,
  "msg": "ok",
  "advantage": 0.8030753323584783,
  "beta": 190.50545910309998,
  "n_response_tokens": 1455,
  "sandbox_stdout": "",
  "parent_value": 2.631093589113874,
  "parent_is_seed": false
}