{
  "step": 12,
  "group": 3,
  "rollout": 61,
  "reward": 2.6171855181147365,
  "raw_score": 2.6171855181147365,
  "valid": true,
  "parsed": true,
  "ran": true,
  "msg": "ok",
  "advantage": -0.9572903373256195,
  "beta": 342.68811836653043,
  "n_response_tokens": 1942,
  "sandbox_stdout": "",
  "parent_value": 2.631093589113834,
  "parent_is_seed": false
}