{
  "step": 12,
  "group": 3,
  "rollout": 34,
  "reward": 2.6284744108700475,
  "raw_score": 2.6284744108700475,
  "valid": true,
  "parsed": true,
  "ran": true,
  "msg": "ok",
  "advantage": 1.1117825932667142,
  "beta": 342.68811836653043,
  "n_response_tokens": 2050,
  "sandbox_stdout": "",
  "parent_value": 2.631093589113834,
  "parent_is_seed": false
}