{
  "step": 24,
  "group": 7,
  "rollout": 46,
  "reward": 0.0,
  "valid": true,
  "parsed": true,
  "ran": true,
  "msg": "ok",
  "advantage": -1.0,
  "beta": 1048576.0,
  "n_response_tokens": 1821,
  "sandbox_stdout": "Validation failed: Circle 0 at (0.33690464945853876,0.9129195821796348) r=0.9999999999966742 outside unit square\nInitial layout also failed: Circles 0 and 1 overlap\nValidation failed: Circle 0 at (0.11637970479001736,0.7973406272812441) r=0.9999999999966742 outside unit square\nInitial layout also failed: Circles 0 and 6 overlap\nValidation failed: Circle 0 at (0.39373788032489815,0.16914254842979753) r=0.9999999999966742 outside unit square\nInitial layout also failed: Circles 3 and 16 overlap\nValidation failed: Circle 0 at (0.40972048347265644,0.06656053400364467) r=0.9999999999966742 outside unit square\nInitial layout also failed: Circles 0 and 15 overlap\nValidation failed: Circle 0 at (0.7790141341856613,0.2232894216309329) r=0.9999999999966742 outside unit square\nInitial layout also failed: Circles 2 and 20 overlap\nValidation failed: Circle 0 at (0.21320300384078533,0.15049165746107712) r=0.9999999999966742 outside unit square\nInitial layout also failed: Circles 0 and 19 overlap\nValidation failed: Circle 0 at (0.32277540108033886,0.6521880326442319) r=0.9999999999966742 outside unit square\nInitial layout also failed: Circles 0 and 3 overlap\nValidation failed: Circle 0 at (0.17743505574657686,0.6609241367437997) r=0.9999999999966742 outside unit square\nInitial layout also failed: Circles 0 and 3 overlap\nValidation failed: Circle 0 at (0.08726853458557896,0.454445637057372) r=0.9999999999966742 outside unit square\nInitial layout also failed: Circles 0 and 24 overlap\nValidation failed: Circle 0 at (0.3573291387133834,0.8169745602621394) r=0.9999999999966742 outside unit square\nInitial layout also failed: Circles 1 and 4 overlap\n",
  "parent_value": 2.3720882408679866,
  "parent_is_seed": false
}