{
  "step": 31,
  "group": 5,
  "rollout": 56,
  "reward": 2.3956557995226517,
  "valid": true,
  "parsed": true,
  "ran": true,
  "msg": "ok",
  "advantage": 1.7858038915652252,
  "beta": 69.37823052272641,
  "n_response_tokens": 2156,
  "sandbox_stdout": "Validation failed: Circle 0 at (0.09427744881263406,0.09427744881263406) r=1.0 outside unit square\nValidation failed: Circle 0 at (0.035399889930085776,0.4521454573121142) r=1.0 outside unit square\nValidation failed: Circle 0 at (0.09427744881263406,0.09427744881263406) r=15858020.949127853 outside unit square\nValidation failed: Circle 0 at (0.09427744881263121,0.09427744881263045) r=2.0 outside unit square\nValidation failed: Circle 0 at (0.09427744881263406,0.09427744881263406) r=1.0 outside unit square\n",
  "parent_value": 2.4025735793620857,
  "parent_is_seed": false
}