{
  "step": 12,
  "group": 1,
  "rollout": 33,
  "reward": 0.0,
  "valid": true,
  "parsed": true,
  "ran": true,
  "msg": "ok",
  "advantage": -0.9999999999321811,
  "beta": 10.306573884868845,
  "n_response_tokens": 1908,
  "sandbox_stdout": "Validation failed: Circle 0 at (0.10657450735341242,0.10657450735341242) r=1.0 outside unit square\nInitial layout also failed: Circle 3 at (0.10657450735341242,1.1065745073534123) r=0.10657450735341242 outside unit square\n",
  "parent_value": 2.344639161775073,
  "parent_is_seed": false
}