{
  "step": 38,
  "group": 7,
  "rollout": 26,
  "reward": 2.3644101745938366,
  "valid": true,
  "parsed": true,
  "ran": true,
  "msg": "ok",
  "advantage": -0.9999962320736138,
  "beta": 102.76617659573841,
  "n_response_tokens": 2007,
  "sandbox_stdout": "",
  "parent_value": 2.4786766578037396,
  "parent_is_seed": false
}