{
  "step": 29,
  "group": 5,
  "rollout": 47,
  "reward": 2.3612787426484174,
  "valid": true,
  "parsed": true,
  "ran": true,
  "msg": "ok",
  "advantage": -0.26619862653820103,
  "beta": 46.07288637742067,
  "n_response_tokens": 2027,
  "sandbox_stdout": "Validation failed: Circle 0 at (0.09427744881263406,0.09427744881263406) r=0.9999999999997266 outside unit square\n",
  "parent_value": 2.400539900619024,
  "parent_is_seed": false
}