{
  "step": 7,
  "group": 2,
  "rollout": 16,
  "reward": 2.166666666666667,
  "valid": true,
  "parsed": true,
  "ran": true,
  "msg": "ok",
  "advantage": 1.5121228980753778,
  "beta": 1.659525370501124,
  "n_response_tokens": 1792,
  "sandbox_stdout": "Validation failed: Circle 0 at (0.0853109389416945,0.08250074002908125) r=1.0000000041472332 outside unit square\n",
  "parent_value": 2.166666666666667,
  "parent_is_seed": false
}