{
  "step": 37,
  "group": 0,
  "rollout": 12,
  "reward": 2.5217615239026143,
  "valid": true,
  "parsed": true,
  "ran": true,
  "msg": "ok",
  "advantage": 1.6387415724445304,
  "beta": 296.832253782249,
  "n_response_tokens": 2560,
  "sandbox_stdout": "",
  "parent_value": 2.5200905075486832,
  "parent_is_seed": false
}