{
  "step": 38,
  "group": 1,
  "rollout": 19,
  "reward": 2.5210911155323736,
  "valid": true,
  "parsed": true,
  "ran": true,
  "msg": "ok",
  "advantage": 0.9505229511849593,
  "beta": 320.3893807517825,
  "n_response_tokens": 2510,
  "sandbox_stdout": "",
  "parent_value": 2.5242063708350924,
  "parent_is_seed": false
}