{
  "step": 43,
  "group": 4,
  "rollout": 33,
  "reward": 2.519570291832051,
  "valid": true,
  "parsed": true,
  "ran": true,
  "msg": "ok",
  "advantage": -0.25177076994387904,
  "beta": 385.7938897634326,
  "n_response_tokens": 2935,
  "sandbox_stdout": "",
  "parent_value": 2.5239117899186727,
  "parent_is_seed": false
}