{
  "step": 36,
  "group": 4,
  "rollout": 49,
  "reward": 2.454506864098896,
  "valid": true,
  "parsed": true,
  "ran": true,
  "msg": "ok",
  "advantage": 1.0804065638747735,
  "beta": 89.22551674917449,
  "n_response_tokens": 2732,
  "sandbox_stdout": "",
  "parent_value": 2.457279085221333,
  "parent_is_seed": false
}