{
  "step": 9,
  "group": 3,
  "rollout": 45,
  "reward": 2.344639161775073,
  "valid": true,
  "parsed": true,
  "ran": true,
  "msg": "ok",
  "advantage": 1.492401066140527,
  "beta": 1.3806558115281813,
  "n_response_tokens": 2807,
  "sandbox_stdout": "Validation failed: Circle 0 at (0.9999999999987508,0.9999999999987508) r=0.9999999999987508 outside unit square\nValidation failed: Circle 0 at (0.9999999999999359,0.9999999999999359) r=0.9999999999999359 outside unit square\nInitial layout also failed: Circles 0 and 1 overlap\nValidation failed: Circle 0 at (0.9999999999994565,0.9999999999994565) r=0.9999999999994565 outside unit square\nInitial layout also failed: Circles 0 and 1 overlap\n",
  "parent_value": 2.344639161775073,
  "parent_is_seed": false
}