{
  "step": 43,
  "group": 0,
  "rollout": 50,
  "reward": 2.5146291410647446,
  "valid": true,
  "parsed": true,
  "ran": true,
  "msg": "ok",
  "advantage": -0.9214741232503355,
  "beta": 421.7262199114717,
  "n_response_tokens": 2490,
  "sandbox_stdout": "",
  "parent_value": 2.524152134844358,
  "parent_is_seed": false
}