{
  "step": 40,
  "group": 5,
  "rollout": 46,
  "reward": 2.4245780492570295,
  "valid": true,
  "parsed": true,
  "ran": true,
  "msg": "ok",
  "advantage": -0.9999999998787403,
  "beta": 243.31360438950858,
  "n_response_tokens": 2765,
  "sandbox_stdout": "",
  "parent_value": 2.5231526676882403,
  "parent_is_seed": false
}