{
  "step": 11,
  "group": 5,
  "rollout": 63,
  "reward": 0.0,
  "valid": true,
  "parsed": true,
  "ran": true,
  "msg": "ok",
  "advantage": -0.9999999999999999,
  "beta": 15.887343068338836,
  "n_response_tokens": 1631,
  "sandbox_stdout": "Validation failed: Circle 0 at (0.21572774865200248,0.21572774865200248) r=1.0 outside unit square\nInitial layout also failed: Circles 1 and 2 overlap\n",
  "parent_value": 2.344639161775073,
  "parent_is_seed": false
}