{
  "step": 39,
  "group": 2,
  "rollout": 24,
  "reward": 2.5213859634377824,
  "valid": true,
  "parsed": true,
  "ran": true,
  "msg": "ok",
  "advantage": 1.187998572916459,
  "beta": 325.0414141463913,
  "n_response_tokens": 2515,
  "sandbox_stdout": "",
  "parent_value": 2.523304222083282,
  "parent_is_seed": false
}