{
  "step": 43,
  "group": 7,
  "rollout": 11,
  "reward": 2.518301705448737,
  "valid": true,
  "parsed": true,
  "ran": true,
  "msg": "ok",
  "advantage": -0.3750702451470611,
  "beta": 378.51711065645515,
  "n_response_tokens": 2535,
  "sandbox_stdout": "",
  "parent_value": 2.523781176935609,
  "parent_is_seed": false
}