{
  "step": 32,
  "group": 7,
  "rollout": 57,
  "reward": 2.4077375514811217,
  "valid": true,
  "parsed": true,
  "ran": true,
  "msg": "ok",
  "advantage": 1.7484708879186113,
  "beta": 165.9784183008046,
  "n_response_tokens": 2544,
  "sandbox_stdout": "",
  "parent_value": 2.4082030739836022,
  "parent_is_seed": false
}