{
  "step": 42,
  "group": 3,
  "rollout": 46,
  "reward": 2.5181847539500026,
  "valid": true,
  "parsed": true,
  "ran": true,
  "msg": "ok",
  "advantage": -0.649498669392764,
  "beta": 449.7507930791666,
  "n_response_tokens": 2466,
  "sandbox_stdout": "",
  "parent_value": 2.5238825640383302,
  "parent_is_seed": false
}