{
  "step": 40,
  "group": 5,
  "rollout": 19,
  "reward": 2.5218524746907907,
  "valid": true,
  "parsed": true,
  "ran": true,
  "msg": "ok",
  "advantage": 1.3925941549597192,
  "beta": 243.31360438950858,
  "n_response_tokens": 2624,
  "sandbox_stdout": "",
  "parent_value": 2.5231526676882403,
  "parent_is_seed": false
}