{
  "step": 19,
  "group": 0,
  "rollout": 10,
  "reward": 2.3720882408679866,
  "valid": true,
  "parsed": true,
  "ran": true,
  "msg": "ok",
  "advantage": 0.2352886086766819,
  "beta": 1048576.0,
  "n_response_tokens": 2069,
  "sandbox_stdout": "Validation failed: Circle 0 at (0.09427744881263406,0.09427744881263406) r=0.9999999999992697 outside unit square\nInitial layout random_initial_layout failed: Circle 0 at (0.07099574574623235,0.4664141584194069) r=0.09427744881263406 outside unit square\n",
  "parent_value": 2.3720882408679866,
  "parent_is_seed": false
}