{
  "step": 28,
  "group": 7,
  "rollout": 63,
  "reward": 2.357394783639285,
  "valid": true,
  "parsed": true,
  "ran": true,
  "msg": "ok",
  "advantage": 0.2998093190900275,
  "beta": 26.60398979297288,
  "n_response_tokens": 1923,
  "sandbox_stdout": "Validation failed: Circle 0 at (0.09427744881263406,0.09427744881263406) r=0.9999999999998576 outside unit square\n",
  "parent_value": 2.3879357056930464,
  "parent_is_seed": false
}