{
  "step": 41,
  "group": 6,
  "rollout": 35,
  "reward": 2.5197940786487685,
  "valid": true,
  "parsed": true,
  "ran": true,
  "msg": "ok",
  "advantage": -0.12594168878357692,
  "beta": 366.94999745105827,
  "n_response_tokens": 2410,
  "sandbox_stdout": "",
  "parent_value": 2.5239070567447666,
  "parent_is_seed": false
}