{
  "step": 38,
  "group": 7,
  "rollout": 8,
  "reward": 2.4675726793249892,
  "valid": true,
  "parsed": true,
  "ran": true,
  "msg": "ok",
  "advantage": -0.848165238151417,
  "beta": 102.76617659573841,
  "n_response_tokens": 2338,
  "sandbox_stdout": "",
  "parent_value": 2.4786766578037396,
  "parent_is_seed": false
}