{
  "step": 35,
  "group": 2,
  "rollout": 8,
  "reward": 2.457279085221333,
  "valid": true,
  "parsed": true,
  "ran": true,
  "msg": "ok",
  "advantage": 2.8773428092994697,
  "beta": 236.45655487193744,
  "n_response_tokens": 2680,
  "sandbox_stdout": "",
  "parent_value": 2.4570864193979998,
  "parent_is_seed": false
}