{
  "step": 36,
  "group": 0,
  "rollout": 11,
  "reward": 2.4888593497646676,
  "valid": true,
  "parsed": true,
  "ran": true,
  "msg": "ok",
  "advantage": 0.5890974786075438,
  "beta": 70.4172716921699,
  "n_response_tokens": 2875,
  "sandbox_stdout": "Genetic algorithm time: 28.4625 seconds\nRefinement time: 0.1374 seconds\n",
  "parent_value": 2.4852146042970906,
  "parent_is_seed": false
}