{
  "step": 5,
  "group": 4,
  "rollout": 10,
  "reward": 2.1500210936053263,
  "valid": true,
  "parsed": true,
  "ran": true,
  "msg": "ok",
  "advantage": 1.629809973108718,
  "beta": 2.2129054399787114,
  "n_response_tokens": 1881,
  "sandbox_stdout": "Validation failed: Circle 0 at (0.16666666666666666,0.14285714285714285) r=1.0 outside unit square\n",
  "parent_value": 2.1500210936053263,
  "parent_is_seed": false
}