{
  "step": 5,
  "group": 2,
  "rollout": 26,
  "reward": 0.0,
  "valid": true,
  "parsed": true,
  "ran": true,
  "msg": "ok",
  "advantage": -0.9711333691822421,
  "beta": 2.0795806478983967,
  "n_response_tokens": 2046,
  "sandbox_stdout": "Validation failed: Circle 0 at (0.07142857142857142,0.06185895741317418) r=0.9999999999999422 outside unit square\nInitial layout also failed: Circle 0 at (0.07142857142857142,0.06185895741317418) r=0.06428571428571428 outside unit square\n",
  "parent_value": 2.166666666666667,
  "parent_is_seed": false
}