{
  "step": 32,
  "group": 3,
  "rollout": 11,
  "reward": 2.4026512313286257,
  "valid": true,
  "parsed": true,
  "ran": true,
  "msg": "ok",
  "advantage": -0.40010037539311427,
  "beta": 283.9057672309931,
  "n_response_tokens": 2563,
  "sandbox_stdout": "",
  "parent_value": 2.409399914695089,
  "parent_is_seed": false
}