{
  "step": 4,
  "group": 6,
  "rollout": 12,
  "reward": 0.0,
  "valid": true,
  "parsed": true,
  "ran": true,
  "msg": "ok",
  "advantage": -0.8035584054868024,
  "beta": 1.3941098011735826,
  "n_response_tokens": 1644,
  "sandbox_stdout": "Validation failed: Circle 0 at (0.1,0.1) r=0.9999999999999529 outside unit square\nInitial layout also failed: Circle 20 at (0.1,1.2732050807568878) r=0.09000000000000001 outside unit square\n",
  "parent_value": 1.9499999999999997,
  "parent_is_seed": false
}