{
  "step": 32,
  "group": 5,
  "rollout": 32,
  "reward": 2.358197748046263,
  "valid": true,
  "parsed": true,
  "ran": true,
  "msg": "ok",
  "advantage": -0.9343902584117807,
  "beta": 74.48559677386788,
  "n_response_tokens": 1840,
  "sandbox_stdout": "Validation failed: Circle 0 at (4.3509781371997816e-08,4.3509946436582215e-08) r=0.9999999999999647 outside unit square\n",
  "parent_value": 2.4085945115224545,
  "parent_is_seed": false
}