{
  "step": 36,
  "group": 0,
  "rollout": 39,
  "reward": 2.484370758247944,
  "valid": true,
  "parsed": true,
  "ran": true,
  "msg": "ok",
  "advantage": 0.15059547171238075,
  "beta": 70.4172716921699,
  "n_response_tokens": 2483,
  "sandbox_stdout": "",
  "parent_value": 2.4852146042970906,
  "parent_is_seed": false
}