{
  "step": 10,
  "group": 2,
  "rollout": 22,
  "reward": 0.0,
  "valid": true,
  "parsed": true,
  "ran": true,
  "msg": "ok",
  "advantage": -0.9999530024575034,
  "beta": 4.576626186629502,
  "n_response_tokens": 1712,
  "sandbox_stdout": "Validation failed: Circle 0 at (0.0819803902718557,0.0819803902718557) r=1.0 outside unit square\nInitial layout also failed: Circles 0 and 1 overlap\n",
  "parent_value": 2.344639161775073,
  "parent_is_seed": false
}