{
  "step": 21,
  "group": 6,
  "rollout": 9,
  "reward": 2.3720882408679866,
  "valid": true,
  "parsed": true,
  "ran": true,
  "msg": "ok",
  "advantage": 0.21153316239206665,
  "beta": 1048576.0,
  "n_response_tokens": 2021,
  "sandbox_stdout": "Validation failed: Circle 0 at (0.09427744881263406,0.09427744881263406) r=0.9999999999993775 outside unit square\n",
  "parent_value": 2.3720882408679866,
  "parent_is_seed": false
}