{
  "step": 30,
  "group": 4,
  "rollout": 12,
  "reward": 0.0,
  "valid": true,
  "parsed": true,
  "ran": true,
  "msg": "ok",
  "advantage": -1.0,
  "beta": 62.90415682442961,
  "n_response_tokens": 2179,
  "sandbox_stdout": "Validation failed: Circle 0 at (0.09427744881263406,0.09427744881263406) r=0.9999999999994815 outside unit square\nInitial layout also failed: Circles 21 and 25 overlap\nValidation failed: Circle 0 at (0.01875458521674401,0.2954539294752522) r=1.0 outside unit square\nInitial layout also failed: Circles 21 and 25 overlap\nValidation failed: Circle 0 at (0.09427744881263406,0.09427744881263406) r=16246688.246037379 outside unit square\nInitial layout also failed: Circles 21 and 25 overlap\nValidation failed: Circle 0 at (0.9999999992515796,0.9999991865288452) r=1.0000000001437255 outside unit square\nInitial layout also failed: Circles 21 and 25 overlap\n",
  "parent_value": 2.402602009236336,
  "parent_is_seed": false
}