{
  "step": 10,
  "group": 0,
  "rollout": 34,
  "reward": 1.3000000000000003,
  "valid": true,
  "parsed": true,
  "ran": true,
  "msg": "ok",
  "advantage": -0.9999984390475394,
  "beta": 13.539456629946645,
  "n_response_tokens": 1831,
  "sandbox_stdout": "",
  "parent_value": 2.344639161775073,
  "parent_is_seed": false
}