{
  "step": 15,
  "group": 7,
  "rollout": 53,
  "reward": 1.0708212094812097e-11,
  "valid": true,
  "parsed": true,
  "ran": true,
  "msg": "ok",
  "advantage": -0.8405877647586801,
  "beta": 1.2038172577966302,
  "n_response_tokens": 2135,
  "sandbox_stdout": "",
  "parent_value": 2.344639161775073,
  "parent_is_seed": false
}