{
  "step": 34,
  "group": 6,
  "rollout": 6,
  "reward": 2.4371858295026207,
  "valid": true,
  "parsed": true,
  "ran": true,
  "msg": "ok",
  "advantage": 2.574457581684873,
  "beta": 72.0476360890125,
  "n_response_tokens": 2494,
  "sandbox_stdout": "",
  "parent_value": 2.4399669222617355,
  "parent_is_seed": false
}