{
  "step": 41,
  "group": 0,
  "rollout": 35,
  "reward": 2.5181292916995464,
  "valid": true,
  "parsed": true,
  "ran": true,
  "msg": "ok",
  "advantage": -0.5812763964256036,
  "beta": 465.6355809687069,
  "n_response_tokens": 2729,
  "sandbox_stdout": "",
  "parent_value": 2.5246633502382383,
  "parent_is_seed": false
}