{
  "step": 32,
  "group": 3,
  "rollout": 35,
  "reward": 2.4059261053035397,
  "valid": true,
  "parsed": true,
  "ran": true,
  "msg": "ok",
  "advantage": 0.5426109877696519,
  "beta": 283.9057672309931,
  "n_response_tokens": 2643,
  "sandbox_stdout": "",
  "parent_value": 2.409399914695089,
  "parent_is_seed": false
}