{
  "step": 31,
  "group": 6,
  "rollout": 24,
  "reward": 2.3772369540721754,
  "valid": true,
  "parsed": true,
  "ran": true,
  "msg": "ok",
  "advantage": -0.3750385718052234,
  "beta": 70.67964761683018,
  "n_response_tokens": 2159,
  "sandbox_stdout": "Validation failed: Circle 0 at (0.09427744881263406,0.09427744881263406) r=0.9999999999995781 outside unit square\nValidation failed: Circle 0 at (0.09427744881263406,0.09427744881263406) r=0.9999999999995781 outside unit square\nValidation failed: Circle 0 at (0.09427744881263406,0.09427744881263406) r=0.9999999999995781 outside unit square\n",
  "parent_value": 2.4012916931786332,
  "parent_is_seed": false
}