{
  "step": 17,
  "group": 3,
  "rollout": 37,
  "reward": 0.0,
  "valid": true,
  "parsed": true,
  "ran": true,
  "msg": "ok",
  "advantage": -1.0,
  "beta": 1048576.0,
  "n_response_tokens": 2609,
  "sandbox_stdout": "Validation failed: Circle 0 at (0.09427744881263406,0.09427744881263406) r=1.0 outside unit square\nInitial layout also failed: Circle 9 at (0.9427744881263407,0.25757078016409035) r=0.09427744881263406 outside unit square\nValidation failed: Circle 0 at (0.10509793386549038,0.8286268078484605) r=1.0 outside unit square\nInitial layout also failed: Circle 6 at (0.9656439062918651,0.13728496184516736) r=0.09427744881263406 outside unit square\nValidation failed: Circle 0 at (0.09427744881263406,0.09427744881263406) r=1.0 outside unit square\nInitial layout also failed: Circle 9 at (0.9427744881263407,0.25757078016409035) r=0.09427744881263406 outside unit square\n",
  "parent_value": 2.3720882408679866,
  "parent_is_seed": false
}