{
  "step": 17,
  "group": 4,
  "rollout": 29,
  "reward": 2.3447877296013773,
  "valid": true,
  "parsed": true,
  "ran": true,
  "msg": "ok",
  "advantage": -0.10379796438883615,
  "beta": 108.4203608583451,
  "n_response_tokens": 1798,
  "sandbox_stdout": "Validation failed: Circle 0 at (0.09837646832622685,0.09837646832622685) r=0.9999999999999784 outside unit square\n",
  "parent_value": 2.3447877296013773,
  "parent_is_seed": false
}