{
  "step": 15,
  "group": 5,
  "rollout": 40,
  "reward": 2.024915639714836,
  "valid": true,
  "parsed": true,
  "ran": true,
  "msg": "ok",
  "advantage": -1.0,
  "beta": 1048576.0,
  "n_response_tokens": 1885,
  "sandbox_stdout": "Validation failed: Circle 0 at (0.9999999999994648,0.9999999999994648) r=0.9999999999994648 outside unit square\n",
  "parent_value": 2.344639161775073,
  "parent_is_seed": false
}