{
  "step": 21,
  "group": 2,
  "rollout": 47,
  "reward": 2.3720882408679866,
  "valid": true,
  "parsed": true,
  "ran": true,
  "msg": "ok",
  "advantage": 0.05000000001519567,
  "beta": 1048576.0,
  "n_response_tokens": 2056,
  "sandbox_stdout": "Validation failed: Circle 0 at (0.0931134235485736,0.09335814342723714) r=0.09715917082676395 outside unit square\nValidation failed: Circle 0 at (0.0931134235485736,0.09335814342723714) r=0.09715917082676395 outside unit square\nValidation failed: Circle 0 at (0.0931134235485736,0.09335814342723714) r=0.09715917082676395 outside unit square\nValidation failed: Circle 0 at (0.0931134235485736,0.09335814342723714) r=0.09715917082676395 outside unit square\nValidation failed: Circle 0 at (0.0931134235485736,0.09335814342723714) r=0.09715917082676395 outside unit square\nValidation failed: Circle 0 at (0.0931134235485736,0.09335814342723714) r=0.09715917082676395 outside unit square\nValidation failed: Circle 0 at (0.0931134235485736,0.09335814342723714) r=0.09715917082676395 outside unit square\nValidation failed: Circle 0 at (0.0931134235485736,0.09335814342723714) r=0.09715917082676395 outside unit square\nValidation failed: Circle 0 at (0.0931134235485736,0.09335814342723714) r=0.09715917082676395 outside unit square\nValidation failed: Circle 0 at (0.0931134235485736,0.09335814342723714) r=0.09715917082676395 outside unit square\nValidation failed: Circle 0 at (0.0931134235485736,0.09335814342723714) r=0.09715917082676395 outside unit square\nValidation failed: Circle 0 at (0.0931134235485736,0.09335814342723714) r=0.09715917082676395 outside unit square\nValidation failed: Circle 0 at (0.0931134235485736,0.09335814342723714) r=0.09715917082676395 outside unit square\nValidation failed: Circle 0 at (0.0931134235485736,0.09335814342723714) r=0.09715917082676395 outside unit square\nValidation failed: Circle 0 at (0.0931134235485736,0.09335814342723714) r=0.09715917082676395 outside unit square\nValidation failed: Circle 0 at (0.0931134235485736,0.09335814342723714) r=0.09715917082676395 outside unit square\nValidation failed: Circle 0 at (0.0931134235485736,0.09335814342723714) r=0.09715917082676395 outside unit square\nValidation failed: Circle 0 at (0.0931134235485736,0.093358143",
  "parent_value": 2.3720882408679866,
  "parent_is_seed": false
}