{
  "step": 34,
  "group": 0,
  "rollout": 57,
  "reward": 2.423035107302483,
  "valid": true,
  "parsed": true,
  "ran": true,
  "msg": "ok",
  "advantage": -0.2692550563711902,
  "beta": 67.45379404774611,
  "n_response_tokens": 2653,
  "sandbox_stdout": "",
  "parent_value": 2.4471547058281016,
  "parent_is_seed": false
}