{
  "step": 10,
  "group": 4,
  "rollout": 39,
  "reward": 0.0,
  "valid": true,
  "parsed": true,
  "ran": true,
  "msg": "ok",
  "advantage": -0.9981438811767531,
  "beta": 2.9934391797269693,
  "n_response_tokens": 1786,
  "sandbox_stdout": "Validation failed: Circle 0 at (0.9999999999987508,0.9999999999987508) r=0.9999999999987508 outside unit square\nInitial layout also failed: Circles 20 and 25 overlap\n",
  "parent_value": 2.344639161775073,
  "parent_is_seed": false
}