{
  "step": 11,
  "group": 3,
  "rollout": 8,
  "reward": 0.9213804784394929,
  "valid": true,
  "parsed": true,
  "ran": true,
  "msg": "ok",
  "advantage": -0.4100487323836429,
  "beta": 1.1603597926637756,
  "n_response_tokens": 2093,
  "sandbox_stdout": "",
  "parent_value": 2.344639161775073,
  "parent_is_seed": false
}