{
  "step": 29,
  "group": 6,
  "rollout": 12,
  "reward": 2.3648518035135604,
  "valid": true,
  "parsed": true,
  "ran": true,
  "msg": "ok",
  "advantage": -0.1293161447549992,
  "beta": 58.02772676926796,
  "n_response_tokens": 1945,
  "sandbox_stdout": "Validation failed: Circle 0 at (0.09427744881263406,0.09427744881263406) r=0.9999999999993716 outside unit square\n",
  "parent_value": 2.3985221777051224,
  "parent_is_seed": false
}