{
  "step": 28,
  "group": 5,
  "rollout": 50,
  "reward": 0.0,
  "valid": true,
  "parsed": true,
  "ran": true,
  "msg": "ok",
  "advantage": -1.0,
  "beta": 47.97169499516786,
  "n_response_tokens": 2364,
  "sandbox_stdout": "Validation failed: Circle 0 at (0.09427744881263406,0.09427744881263406) r=0.9999999999999305 outside unit square\nInitial layout also failed: Circles 4 and 9 overlap\n",
  "parent_value": 2.3934249693942884,
  "parent_is_seed": false
}