{
  "step": 34,
  "group": 2,
  "rollout": 61,
  "reward": 2.437826413826877,
  "valid": true,
  "parsed": true,
  "ran": true,
  "msg": "ok",
  "advantage": -0.5676489266505214,
  "beta": 152.50479158414757,
  "n_response_tokens": 2608,
  "sandbox_stdout": "",
  "parent_value": 2.443236410465048,
  "parent_is_seed": false
}