{
  "step": 41,
  "group": 1,
  "rollout": 54,
  "reward": 2.5229392779687823,
  "valid": true,
  "parsed": true,
  "ran": true,
  "msg": "ok",
  "advantage": 2.2898094780285496,
  "beta": 375.67299616790206,
  "n_response_tokens": 2668,
  "sandbox_stdout": "",
  "parent_value": 2.52421897174333,
  "parent_is_seed": false
}