{
  "step": 5,
  "group": 0,
  "rollout": 16,
  "reward": 2.166666666666667,
  "valid": true,
  "parsed": true,
  "ran": true,
  "msg": "ok",
  "advantage": 1.5745504914609905,
  "beta": 1.4918744921420715,
  "n_response_tokens": 1486,
  "sandbox_stdout": "Validation failed: Circle 0 at (0.08738381337217442,0.08743995013583582) r=1.0 outside unit square\n",
  "parent_value": 2.166666666666667,
  "parent_is_seed": false
}