{
  "step": 30,
  "group": 1,
  "rollout": 9,
  "reward": 2.402317132960451,
  "valid": true,
  "parsed": true,
  "ran": true,
  "msg": "ok",
  "advantage": 0.20477488704722568,
  "beta": 67.40141159494628,
  "n_response_tokens": 2923,
  "sandbox_stdout": "",
  "parent_value": 2.407463087598001,
  "parent_is_seed": false
}