{
  "step": 5,
  "group": 4,
  "rollout": 12,
  "reward": 0.0,
  "valid": true,
  "parsed": true,
  "ran": true,
  "msg": "ok",
  "advantage": -0.9783214725408204,
  "beta": 2.2129054399787114,
  "n_response_tokens": 1889,
  "sandbox_stdout": "Validation failed: Circle 3 at (0.8728145126552808,0.09639903366986158) r=0.1311349926646662 outside unit square\nInitial layout also failed: Circle 3 at (0.8728145126552808,0.09639903366986158) r=0.1311349926646662 outside unit square\n",
  "parent_value": 2.1500210936053263,
  "parent_is_seed": false
}