{
  "step": 43,
  "group": 4,
  "rollout": 26,
  "reward": 2.5214427816727834,
  "valid": true,
  "parsed": true,
  "ran": true,
  "msg": "ok",
  "advantage": 0.5605069205183351,
  "beta": 385.7938897634326,
  "n_response_tokens": 2968,
  "sandbox_stdout": "",
  "parent_value": 2.5239117899186727,
  "parent_is_seed": false
}