{
  "step": 27,
  "group": 0,
  "rollout": 32,
  "reward": 2.3806045496998047,
  "valid": true,
  "parsed": true,
  "ran": true,
  "msg": "ok",
  "advantage": 0.8234748207524816,
  "beta": 66.96339010855222,
  "n_response_tokens": 1840,
  "sandbox_stdout": "Validation failed: Circle 0 at (0.09427744881263406,0.09427744881263406) r=1.0 outside unit square\n",
  "parent_value": 2.3959331394937955,
  "parent_is_seed": false
}