{
  "step": 3,
  "group": 3,
  "rollout": 35,
  "reward": 1.8200000000000003,
  "valid": true,
  "parsed": true,
  "ran": true,
  "msg": "ok",
  "advantage": 1.2731368308572177,
  "beta": 1.9051485216911168,
  "n_response_tokens": 1452,
  "sandbox_stdout": "Validation failed: Circle 0 at (0.16666666666666666,0.12371791482634838) r=1.0 outside unit square\n",
  "parent_value": 1.8200000000000003,
  "parent_is_seed": false
}