{
  "step": 41,
  "group": 3,
  "rollout": 39,
  "reward": 2.5201376497562946,
  "valid": true,
  "parsed": true,
  "ran": true,
  "msg": "ok",
  "advantage": 1.2020549283033897,
  "beta": 174.89046987429913,
  "n_response_tokens": 2505,
  "sandbox_stdout": "",
  "parent_value": 2.5240199272288697,
  "parent_is_seed": false
}