{
  "step": 10,
  "group": 5,
  "rollout": 51,
  "reward": 0.0,
  "valid": true,
  "parsed": true,
  "ran": true,
  "msg": "ok",
  "advantage": -0.9997767601795028,
  "beta": 3.90050716574918,
  "n_response_tokens": 1605,
  "sandbox_stdout": "Validation failed: Circle 0 at (0.1,0.09017842929904128) r=0.9999999999987508 outside unit square\nInitial layout also failed: Circles 0 and 5 overlap\n",
  "parent_value": 2.344639161775073,
  "parent_is_seed": false
}