{
  "step": 36,
  "group": 7,
  "rollout": 11,
  "reward": 2.4494067785823863,
  "valid": true,
  "parsed": true,
  "ran": true,
  "msg": "ok",
  "advantage": -0.20358947937858007,
  "beta": 162.45529414173203,
  "n_response_tokens": 2556,
  "sandbox_stdout": "",
  "parent_value": 2.454851833591337,
  "parent_is_seed": false
}