{
  "step": 34,
  "group": 7,
  "rollout": 41,
  "reward": 2.4314196107488915,
  "valid": true,
  "parsed": true,
  "ran": true,
  "msg": "ok",
  "advantage": 0.05841260166890905,
  "beta": 162.68059185270033,
  "n_response_tokens": 2845,
  "sandbox_stdout": "",
  "parent_value": 2.439110359796044,
  "parent_is_seed": false
}