{
  "step": 42,
  "group": 7,
  "rollout": 30,
  "reward": 2.5169677431064197,
  "valid": true,
  "parsed": true,
  "ran": true,
  "msg": "ok",
  "advantage": -0.45459662492794817,
  "beta": 274.4051629412084,
  "n_response_tokens": 2588,
  "sandbox_stdout": "",
  "parent_value": 2.5237126324803065,
  "parent_is_seed": false
}