{
  "step": 9,
  "group": 3,
  "rollout": 22,
  "reward": 0.0,
  "valid": true,
  "parsed": true,
  "ran": true,
  "msg": "ok",
  "advantage": -0.9056927045961639,
  "beta": 1.3806558115281813,
  "n_response_tokens": 1861,
  "sandbox_stdout": "Validation failed: Circle 0 at (0.9999999999966742,0.9999999999966742) r=0.9999999999966742 outside unit square\nInitial layout also failed: Circle 11 at (1.1,0.5) r=0.05 outside unit square\n",
  "parent_value": 2.344639161775073,
  "parent_is_seed": false
}