{
  "step": 43,
  "group": 3,
  "rollout": 34,
  "reward": 2.5229748720005296,
  "valid": true,
  "parsed": true,
  "ran": true,
  "msg": "ok",
  "advantage": 1.8171961192785884,
  "beta": 492.8593594987835,
  "n_response_tokens": 2513,
  "sandbox_stdout": "",
  "parent_value": 2.523997320060081,
  "parent_is_seed": false
}