{
  "step": 31,
  "group": 3,
  "rollout": 22,
  "reward": 2.4056459116359035,
  "valid": true,
  "parsed": true,
  "ran": true,
  "msg": "ok",
  "advantage": 1.1251118059155911,
  "beta": 181.02105402282885,
  "n_response_tokens": 2055,
  "sandbox_stdout": "",
  "parent_value": 2.406077529622345,
  "parent_is_seed": false
}