{
  "step": 7,
  "group": 1,
  "rollout": 63,
  "reward": 1.9499999999999997,
  "valid": true,
  "parsed": true,
  "ran": true,
  "msg": "ok",
  "advantage": -0.5040029593458835,
  "beta": 7.510846181717095,
  "n_response_tokens": 1843,
  "sandbox_stdout": "",
  "parent_value": 2.166666666666667,
  "parent_is_seed": false
}