{
  "step": 43,
  "group": 0,
  "rollout": 12,
  "reward": 2.520461226556024,
  "valid": true,
  "parsed": true,
  "ran": true,
  "msg": "ok",
  "advantage": -0.06887123384898364,
  "beta": 421.7262199114717,
  "n_response_tokens": 2615,
  "sandbox_stdout": "",
  "parent_value": 2.524152134844358,
  "parent_is_seed": false
}