{
  "step": 15,
  "group": 5,
  "rollout": 24,
  "reward": 2.344639161775073,
  "valid": true,
  "parsed": true,
  "ran": true,
  "msg": "ok",
  "advantage": 0.43181818181613174,
  "beta": 1048576.0,
  "n_response_tokens": 1881,
  "sandbox_stdout": "Validation failed: Circle 0 at (0.9999999999992835,0.9999999999992835) r=0.9999999999992835 outside unit square\n",
  "parent_value": 2.344639161775073,
  "parent_is_seed": false
}