{
  "step": 41,
  "group": 1,
  "rollout": 10,
  "reward": 2.5205732361180426,
  "valid": true,
  "parsed": true,
  "ran": true,
  "msg": "ok",
  "advantage": 0.3121727693744287,
  "beta": 375.67299616790206,
  "n_response_tokens": 2466,
  "sandbox_stdout": "",
  "parent_value": 2.52421897174333,
  "parent_is_seed": false
}