{
  "step": 38,
  "group": 3,
  "rollout": 57,
  "reward": 2.4830109080582816,
  "valid": true,
  "parsed": true,
  "ran": true,
  "msg": "ok",
  "advantage": -0.18869835508095112,
  "beta": 319.2673679001087,
  "n_response_tokens": 2662,
  "sandbox_stdout": "Genetic algorithm time: 28.2127 seconds\nRefinement time: 0.2104 seconds\n",
  "parent_value": 2.488982334221845,
  "parent_is_seed": false
}