{
  "step": 40,
  "group": 1,
  "rollout": 58,
  "reward": 2.515640263492592,
  "valid": true,
  "parsed": true,
  "ran": true,
  "msg": "ok",
  "advantage": -0.6613418012012713,
  "beta": 319.72530207938513,
  "n_response_tokens": 2765,
  "sandbox_stdout": "",
  "parent_value": 2.5239580244822952,
  "parent_is_seed": false
}