{
  "step": 15,
  "group": 7,
  "rollout": 29,
  "reward": 0.0,
  "valid": true,
  "parsed": true,
  "ran": true,
  "msg": "ok",
  "advantage": -0.8405877647607404,
  "beta": 1.2038172577966302,
  "n_response_tokens": 1858,
  "sandbox_stdout": "Validation failed: Circles 0 and 1 overlap\nInitial layout also failed: Circle 12 at (0.09017842929904128,1.0273401570552254) r=0.09017842929904128 outside unit square\n",
  "parent_value": 2.344639161775073,
  "parent_is_seed": false
}