{
  "step": 37,
  "group": 3,
  "rollout": 22,
  "reward": 2.4673522067166,
  "valid": true,
  "parsed": true,
  "ran": true,
  "msg": "ok",
  "advantage": -0.0766434941340407,
  "beta": 231.2679763796472,
  "n_response_tokens": 2421,
  "sandbox_stdout": "",
  "parent_value": 2.4675285817951207,
  "parent_is_seed": false
}