{
  "step": 31,
  "group": 1,
  "rollout": 3,
  "reward": 2.4035624084912586,
  "valid": true,
  "parsed": true,
  "ran": true,
  "msg": "ok",
  "advantage": 1.0852036917971177,
  "beta": 79.37787019275669,
  "n_response_tokens": 1951,
  "sandbox_stdout": "",
  "parent_value": 2.408021928232649,
  "parent_is_seed": false
}