{
  "step": 33,
  "group": 0,
  "rollout": 41,
  "reward": 2.4277881149622123,
  "valid": true,
  "parsed": true,
  "ran": true,
  "msg": "ok",
  "advantage": -0.47982048722842263,
  "beta": 164.30730108282066,
  "n_response_tokens": 2384,
  "sandbox_stdout": "",
  "parent_value": 2.4480187753059144,
  "parent_is_seed": false
}