{
  "step": 12,
  "group": 1,
  "rollout": 63,
  "reward": 2.1314901470682486,
  "valid": true,
  "parsed": true,
  "ran": true,
  "msg": "ok",
  "advantage": -0.763563238408233,
  "beta": 10.306573884868845,
  "n_response_tokens": 1740,
  "sandbox_stdout": "Validation failed: Circle 0 at (0.0819803902718557,0.0819803902718557) r=1.0 outside unit square\n",
  "parent_value": 2.344639161775073,
  "parent_is_seed": false
}