{
  "step": 35,
  "group": 4,
  "rollout": 20,
  "reward": 2.4290992250596735,
  "valid": true,
  "parsed": true,
  "ran": true,
  "msg": "ok",
  "advantage": -0.21316145530408193,
  "beta": 135.2202032808084,
  "n_response_tokens": 2384,
  "sandbox_stdout": "",
  "parent_value": 2.446787398863279,
  "parent_is_seed": false
}