{
  "step": 31,
  "group": 4,
  "rollout": 13,
  "reward": 2.3532023288237687,
  "valid": true,
  "parsed": true,
  "ran": true,
  "msg": "ok",
  "advantage": -0.5831475150453266,
  "beta": 52.25478434319666,
  "n_response_tokens": 2237,
  "sandbox_stdout": "Validation failed: Circle 0 at (0.09427744881263406,0.09427744881263406) r=0.9999999999993183 outside unit square\n",
  "parent_value": 2.404303731129218,
  "parent_is_seed": false
}