{
  "step": 36,
  "group": 6,
  "rollout": 40,
  "reward": 2.428151264619225,
  "valid": true,
  "parsed": true,
  "ran": true,
  "msg": "ok",
  "advantage": -0.9526761112846793,
  "beta": 187.02522203465082,
  "n_response_tokens": 2630,
  "sandbox_stdout": "",
  "parent_value": 2.4552048906625803,
  "parent_is_seed": false
}