{
  "step": 41,
  "group": 4,
  "rollout": 11,
  "reward": 2.515588726188529,
  "valid": true,
  "parsed": true,
  "ran": true,
  "msg": "ok",
  "advantage": -0.8269351863707092,
  "beta": 400.04051307957127,
  "n_response_tokens": 2536,
  "sandbox_stdout": "",
  "parent_value": 2.524005778865525,
  "parent_is_seed": false
}