{
  "step": 38,
  "group": 7,
  "rollout": 1,
  "reward": 2.4906226787912433,
  "valid": true,
  "parsed": true,
  "ran": true,
  "msg": "ok",
  "advantage": 0.6609904153198078,
  "beta": 102.76617659573841,
  "n_response_tokens": 3068,
  "sandbox_stdout": "",
  "parent_value": 2.4786766578037396,
  "parent_is_seed": false
}