{
  "step": 10,
  "group": 5,
  "rollout": 54,
  "reward": 0.0,
  "valid": true,
  "parsed": true,
  "ran": true,
  "msg": "ok",
  "advantage": -0.9997767601795028,
  "beta": 3.90050716574918,
  "n_response_tokens": 1679,
  "sandbox_stdout": "Validation failed: Circle 0 at (0.05,0.05) r=0.9999999999999584 outside unit square\nInitial layout also failed: Circle 8 at (1.175,0.23000000000000004) r=0.045 outside unit square\n",
  "parent_value": 2.344639161775073,
  "parent_is_seed": false
}