{
  "step": 42,
  "group": 1,
  "rollout": 13,
  "reward": 2.518811544152595,
  "valid": true,
  "parsed": true,
  "ran": true,
  "msg": "ok",
  "advantage": -0.37325509788117606,
  "beta": 422.8887557340278,
  "n_response_tokens": 2513,
  "sandbox_stdout": "",
  "parent_value": 2.5239718953942227,
  "parent_is_seed": false
}