{
  "step": 39,
  "group": 3,
  "rollout": 10,
  "reward": 2.5214929766899448,
  "valid": true,
  "parsed": true,
  "ran": true,
  "msg": "ok",
  "advantage": 0.7329956182970883,
  "beta": 426.38284748588586,
  "n_response_tokens": 2600,
  "sandbox_stdout": "",
  "parent_value": 2.52329559660863,
  "parent_is_seed": false
}