{
  "step": 14,
  "group": 6,
  "rollout": 4,
  "reward": 1.969989628492893,
  "valid": true,
  "parsed": true,
  "ran": true,
  "msg": "ok",
  "advantage": -0.9987363622506801,
  "beta": 19.685302134306824,
  "n_response_tokens": 1598,
  "sandbox_stdout": "Validation failed: Circle 0 at (0.07576883186511127,0.07576883186511127) r=1.0 outside unit square\n",
  "parent_value": 2.344639161775073,
  "parent_is_seed": false
}