{
  "step": 19,
  "group": 1,
  "rollout": 6,
  "reward": 2.3720882408679866,
  "valid": true,
  "parsed": true,
  "ran": true,
  "msg": "ok",
  "advantage": 0.08620689655054448,
  "beta": 1048576.0,
  "n_response_tokens": 1756,
  "sandbox_stdout": "Validation failed: Circle 0 at (5.3765919158144714e-08,0.9999999935712829) r=1.000000005576226 outside unit square\n",
  "parent_value": 2.3720882408679866,
  "parent_is_seed": false
}