{
  "step": 26,
  "group": 1,
  "rollout": 6,
  "reward": 2.37630509773156,
  "valid": true,
  "parsed": true,
  "ran": true,
  "msg": "ok",
  "advantage": 0.9814795395502733,
  "beta": 29.769776805059447,
  "n_response_tokens": 1721,
  "sandbox_stdout": "Validation failed: Circle 0 at (0.09427744881263406,0.09427744881263406) r=0.9999999999996958 outside unit square\n",
  "parent_value": 2.398796531594696,
  "parent_is_seed": false
}