{
  "step": 35,
  "group": 5,
  "rollout": 25,
  "reward": 2.4286404062701314,
  "valid": true,
  "parsed": true,
  "ran": true,
  "msg": "ok",
  "advantage": -0.33922396106901154,
  "beta": 170.15509041151668,
  "n_response_tokens": 2822,
  "sandbox_stdout": "",
  "parent_value": 2.4443887866092116,
  "parent_is_seed": false
}