{
  "step": 8,
  "group": 5,
  "rollout": 12,
  "reward": 1.9499999999999997,
  "valid": true,
  "parsed": true,
  "ran": true,
  "msg": "ok",
  "advantage": -0.7526629203645211,
  "beta": 9.91538525143318,
  "n_response_tokens": 1808,
  "sandbox_stdout": "Validation failed: Circle 0 at (0.08333333333333333,0.08333333333333333) r=1.0 outside unit square\n",
  "parent_value": 2.166666666666667,
  "parent_is_seed": false
}