{
  "step": 29,
  "group": 7,
  "rollout": 62,
  "reward": 2.3676128329748494,
  "valid": true,
  "parsed": true,
  "ran": true,
  "msg": "ok",
  "advantage": -0.23761091227714126,
  "beta": 55.33364544242901,
  "n_response_tokens": 2449,
  "sandbox_stdout": "Validation failed: Circle 0 at (0.09427744881263406,0.09427744881263406) r=0.9999999999997367 outside unit square\nValidation failed: Circle 0 at (0.012737167695824714,0.24152818056177427) r=1.0 outside unit square\nValidation failed: Circle 0 at (0.09427744881263406,0.09427744881263406) r=15858710.908765964 outside unit square\n",
  "parent_value": 2.397519152332408,
  "parent_is_seed": false
}