{
  "step": 34,
  "group": 6,
  "rollout": 17,
  "reward": 2.437882190010411,
  "valid": true,
  "parsed": true,
  "ran": true,
  "msg": "ok",
  "advantage": 2.7693705880572788,
  "beta": 72.0476360890125,
  "n_response_tokens": 2482,
  "sandbox_stdout": "",
  "parent_value": 2.4399669222617355,
  "parent_is_seed": false
}