{
  "step": 6,
  "group": 0,
  "rollout": 15,
  "reward": 2.166666666666667,
  "valid": true,
  "parsed": true,
  "ran": true,
  "msg": "ok",
  "advantage": 1.032258064511999,
  "beta": 1048576.0,
  "n_response_tokens": 1686,
  "sandbox_stdout": "Validation failed: Circle 0 at (0.0853109389416945,0.08250074002908125) r=1.0000000041472332 outside unit square\n",
  "parent_value": 2.166666666666667,
  "parent_is_seed": false
}