{
  "step": 43,
  "group": 0,
  "rollout": 7,
  "reward": 2.5205793853077596,
  "valid": true,
  "parsed": true,
  "ran": true,
  "msg": "ok",
  "advantage": -0.02055738201698043,
  "beta": 421.7262199114717,
  "n_response_tokens": 2578,
  "sandbox_stdout": "",
  "parent_value": 2.524152134844358,
  "parent_is_seed": false
}