{
  "step": 5,
  "group": 0,
  "rollout": 14,
  "reward": 1.857142857142857,
  "valid": true,
  "parsed": true,
  "ran": true,
  "msg": "ok",
  "advantage": 0.5982412249861362,
  "beta": 1.4918744921420715,
  "n_response_tokens": 1467,
  "sandbox_stdout": "Validation failed: Circle 0 at (0.07142857142857142,0.07142857142857142) r=1.0 outside unit square\n",
  "parent_value": 2.166666666666667,
  "parent_is_seed": false
}