{
  "step": 34,
  "group": 0,
  "rollout": 44,
  "reward": 2.4311950967963494,
  "valid": true,
  "parsed": true,
  "ran": true,
  "msg": "ok",
  "advantage": 0.2779810000604699,
  "beta": 67.45379404774611,
  "n_response_tokens": 2455,
  "sandbox_stdout": "",
  "parent_value": 2.4471547058281016,
  "parent_is_seed": false
}