{
  "step": 34,
  "group": 4,
  "rollout": 27,
  "reward": 2.4203677302509083,
  "valid": true,
  "parsed": true,
  "ran": true,
  "msg": "ok",
  "advantage": -0.5281746635307314,
  "beta": 124.95454972397415,
  "n_response_tokens": 2424,
  "sandbox_stdout": "",
  "parent_value": 2.44080212288812,
  "parent_is_seed": false
}