{
  "step": 27,
  "group": 7,
  "rollout": 1,
  "reward": 2.3720882408679875,
  "valid": true,
  "parsed": true,
  "ran": true,
  "msg": "ok",
  "advantage": 0.18867924615888598,
  "beta": 1048576.0,
  "n_response_tokens": 2470,
  "sandbox_stdout": "",
  "parent_value": 2.3720882408679875,
  "parent_is_seed": false
}