{
  "step": 10,
  "group": 4,
  "rollout": 63,
  "reward": 2.238064654421661,
  "valid": true,
  "parsed": true,
  "ran": true,
  "msg": "ok",
  "advantage": 0.5440780180546243,
  "beta": 2.9934391797269693,
  "n_response_tokens": 1783,
  "sandbox_stdout": "Validation failed: Circle 0 at (0.9999999999999098,0.9999999999999098) r=0.9999999999999098 outside unit square\n",
  "parent_value": 2.344639161775073,
  "parent_is_seed": false
}