{
  "step": 33,
  "group": 2,
  "rollout": 24,
  "reward": 2.4245894657923057,
  "valid": true,
  "parsed": true,
  "ran": true,
  "msg": "ok",
  "advantage": -0.41690153172090283,
  "beta": 101.43987472443779,
  "n_response_tokens": 2834,
  "sandbox_stdout": "",
  "parent_value": 2.4413857561100327,
  "parent_is_seed": false
}