{
  "step": 43,
  "group": 4,
  "rollout": 29,
  "reward": 2.521158319631852,
  "valid": true,
  "parsed": true,
  "ran": true,
  "msg": "ok",
  "advantage": 0.3947229770728655,
  "beta": 385.7938897634326,
  "n_response_tokens": 2911,
  "sandbox_stdout": "",
  "parent_value": 2.5239117899186727,
  "parent_is_seed": false
}