{
  "step": 35,
  "group": 7,
  "rollout": 45,
  "reward": 2.4241885578326836,
  "valid": true,
  "parsed": true,
  "ran": true,
  "msg": "ok",
  "advantage": -0.5199557351200157,
  "beta": 130.31025307108035,
  "n_response_tokens": 2594,
  "sandbox_stdout": "",
  "parent_value": 2.444018378963807,
  "parent_is_seed": false
}