{
  "step": 38,
  "group": 1,
  "rollout": 26,
  "reward": 2.5162111178429,
  "valid": true,
  "parsed": true,
  "ran": true,
  "msg": "ok",
  "advantage": -0.6013153804599112,
  "beta": 320.3893807517825,
  "n_response_tokens": 2448,
  "sandbox_stdout": "",
  "parent_value": 2.5242063708350924,
  "parent_is_seed": false
}