{
  "step": 21,
  "group": 0,
  "rollout": 12,
  "reward": 0.0,
  "valid": true,
  "parsed": true,
  "ran": true,
  "msg": "ok",
  "advantage": -1.0,
  "beta": 1048576.0,
  "n_response_tokens": 2091,
  "sandbox_stdout": "Validation failed: Circle 0 at (0.7396901207262362,0.7024655451563381) r=1.0 outside unit square\nInitial layout also failed: Circle 8 at (0.4864727470088728,0.9576160710996474) r=0.06897989549197729 outside unit square\nValidation failed: Circle 0 at (0.07678892305990037,0.9612062500310024) r=0.9999999999999258 outside unit square\nInitial layout also failed: Circle 2 at (0.028045680555157104,0.5740108814420194) r=0.09726544094130057 outside unit square\nValidation failed: Circle 0 at (0.46227745506675744,0.9231680739780325) r=0.9999999999999608 outside unit square\nInitial layout also failed: Circle 11 at (0.043819145135845394,0.6403367545099735) r=0.04385944816881852 outside unit square\nValidation failed: Circle 0 at (0.02827310233155178,0.7114904003796731) r=0.9999999999999177 outside unit square\nInitial layout also failed: Circle 0 at (0.02827310233155178,0.7114904003796731) r=0.04189102169704828 outside unit square\nValidation failed: Circle 0 at (0.7905581206468879,0.5533603710786783) r=0.9999999999999984 outside unit square\nInitial layout also failed: Circle 3 at (0.024947194797986016,0.013971643403540068) r=0.03400949295619793 outside unit square\n",
  "parent_value": 2.3720882408679866,
  "parent_is_seed": false
}