{
  "step": 36,
  "group": 6,
  "rollout": 14,
  "reward": 2.445950792300163,
  "valid": true,
  "parsed": true,
  "ran": true,
  "msg": "ok",
  "advantage": 0.3480258522635913,
  "beta": 187.02522203465082,
  "n_response_tokens": 2658,
  "sandbox_stdout": "",
  "parent_value": 2.4552048906625803,
  "parent_is_seed": false
}