{
  "step": 28,
  "group": 0,
  "rollout": 52,
  "reward": 2.3854589867649922,
  "valid": true,
  "parsed": true,
  "ran": true,
  "msg": "ok",
  "advantage": 2.3869592484109923,
  "beta": 55.22328552121206,
  "n_response_tokens": 1781,
  "sandbox_stdout": "Validation failed: Circle 0 at (0.09427744881263406,0.09427744881263406) r=0.9999999999991223 outside unit square\n",
  "parent_value": 2.403477911769514,
  "parent_is_seed": false
}