{
  "step": 38,
  "group": 0,
  "rollout": 61,
  "reward": 2.5176621735016407,
  "valid": true,
  "parsed": true,
  "ran": true,
  "msg": "ok",
  "advantage": -0.6134831735247865,
  "beta": 380.97043532781487,
  "n_response_tokens": 2543,
  "sandbox_stdout": "",
  "parent_value": 2.5246863732887537,
  "parent_is_seed": false
}