{
  "step": 22,
  "group": 1,
  "rollout": 45,
  "reward": 0.0,
  "valid": true,
  "parsed": true,
  "ran": true,
  "msg": "ok",
  "advantage": -1.0,
  "beta": 1048576.0,
  "n_response_tokens": 2006,
  "sandbox_stdout": "Validation failed: Circle 0 at (0.07733407793585326,0.1285084613655399) r=1.0 outside unit square\nInitial layout also failed: Circles 1 and 5 overlap\nValidation failed: Circle 0 at (0.09131855368849998,0.10112363181488723) r=1.0 outside unit square\nInitial layout also failed: Circles 0 and 5 overlap\nValidation failed: Circle 0 at (0.10236777754454716,0.1018475329205105) r=1.0 outside unit square\nInitial layout also failed: Circles 0 and 1 overlap\nValidation failed: Circle 0 at (0.10508835324082456,0.053994711267302514) r=0.9999999999993876 outside unit square\nInitial layout also failed: Circles 1 and 5 overlap\nValidation failed: Circle 0 at (0.1409865485370258,0.08748511132970847) r=0.9999999999991296 outside unit square\nInitial layout also failed: Circles 0 and 1 overlap\n",
  "parent_value": 2.3720882408679866,
  "parent_is_seed": false
}