{
  "step": 40,
  "group": 3,
  "rollout": 43,
  "reward": 2.5176149433812407,
  "valid": true,
  "parsed": true,
  "ran": true,
  "msg": "ok",
  "advantage": -0.2648758106816549,
  "beta": 273.5942843002625,
  "n_response_tokens": 2544,
  "sandbox_stdout": "",
  "parent_value": 2.523369515512039,
  "parent_is_seed": false
}