{
  "step": 43,
  "group": 6,
  "rollout": 28,
  "reward": 2.5154254578433806,
  "valid": true,
  "parsed": true,
  "ran": true,
  "msg": "ok",
  "advantage": -0.6705738128206369,
  "beta": 318.09534529313964,
  "n_response_tokens": 2924,
  "sandbox_stdout": "",
  "parent_value": 2.5238749787933243,
  "parent_is_seed": false
}