{
  "step": 6,
  "group": 4,
  "rollout": 24,
  "reward": 2.166666666666667,
  "valid": true,
  "parsed": true,
  "ran": true,
  "msg": "ok",
  "advantage": 2.062492322706505,
  "beta": 2.3153371975219126,
  "n_response_tokens": 1910,
  "sandbox_stdout": "Validation failed: Circle 0 at (0.08333333333333333,0.08333333333333333) r=1.0 outside unit square\n",
  "parent_value": 2.166666666666667,
  "parent_is_seed": false
}