{
  "step": 35,
  "group": 1,
  "rollout": 60,
  "reward": 2.459724141422653,
  "valid": true,
  "parsed": true,
  "ran": true,
  "msg": "ok",
  "advantage": 0.1164181368013486,
  "beta": 395.0859733204306,
  "n_response_tokens": 3146,
  "sandbox_stdout": "",
  "parent_value": 2.4594117081556712,
  "parent_is_seed": false
}