{
  "step": 6,
  "group": 2,
  "rollout": 25,
  "reward": 0.0,
  "valid": true,
  "parsed": true,
  "ran": true,
  "msg": "ok",
  "advantage": -0.860489535485025,
  "beta": 1.4946980550493423,
  "n_response_tokens": 2124,
  "sandbox_stdout": "Validation failed: Circle 0 at (0.08333333333333333,0.08333333333333333) r=1.0 outside unit square\nInitial layout also failed: Circle 25 at (0.05,0.05) r=0.08333333333333333 outside unit square\n",
  "parent_value": 2.166666666666667,
  "parent_is_seed": false
}