{
  "step": 43,
  "group": 0,
  "rollout": 24,
  "reward": 2.511923178011285,
  "valid": true,
  "parsed": true,
  "ran": true,
  "msg": "ok",
  "advantage": -0.9749366974725772,
  "beta": 421.7262199114717,
  "n_response_tokens": 2849,
  "sandbox_stdout": "",
  "parent_value": 2.524152134844358,
  "parent_is_seed": false
}