{
  "step": 37,
  "group": 5,
  "rollout": 12,
  "reward": 2.4657369296066336,
  "valid": true,
  "parsed": true,
  "ran": true,
  "msg": "ok",
  "advantage": 0.5361747503723764,
  "beta": 67.82233530695136,
  "n_response_tokens": 3458,
  "sandbox_stdout": "",
  "parent_value": 2.46419034567132,
  "parent_is_seed": false
}