{
  "step": 43,
  "group": 2,
  "rollout": 51,
  "reward": 2.521294919041124,
  "valid": true,
  "parsed": true,
  "ran": true,
  "msg": "ok",
  "advantage": 1.4857921187740675,
  "beta": 289.6180537368688,
  "n_response_tokens": 2533,
  "sandbox_stdout": "",
  "parent_value": 2.524092990041651,
  "parent_is_seed": false
}