{
  "step": 31,
  "group": 4,
  "rollout": 3,
  "reward": 2.374028947226378,
  "valid": true,
  "parsed": true,
  "ran": true,
  "msg": "ok",
  "advantage": 0.2540556086727337,
  "beta": 52.25478434319666,
  "n_response_tokens": 1989,
  "sandbox_stdout": "Validation failed: Circle 0 at (0.09427744881263406,0.09427744881263406) r=1.0 outside unit square\n",
  "parent_value": 2.404303731129218,
  "parent_is_seed": false
}