{
  "step": 35,
  "group": 3,
  "rollout": 28,
  "reward": 2.4513754885958354,
  "valid": true,
  "parsed": true,
  "ran": true,
  "msg": "ok",
  "advantage": 2.0925462900790306,
  "beta": 143.7215340298376,
  "n_response_tokens": 2731,
  "sandbox_stdout": "",
  "parent_value": 2.4542608554238403,
  "parent_is_seed": false
}