{
  "step": 19,
  "group": 0,
  "rollout": 17,
  "reward": 0.0,
  "valid": true,
  "parsed": true,
  "ran": true,
  "msg": "ok",
  "advantage": -1.0,
  "beta": 1048576.0,
  "n_response_tokens": 2085,
  "sandbox_stdout": "Validation failed: Circle 0 at (0.09427744881263406,0.09427744881263406) r=0.9999999999990193 outside unit square\nInitial layout also failed: Circle 0 has negative radius -0.09427744881263406\n",
  "parent_value": 2.3720882408679866,
  "parent_is_seed": false
}