{
  "step": 31,
  "group": 6,
  "rollout": 10,
  "reward": 0.0,
  "valid": true,
  "parsed": true,
  "ran": true,
  "msg": "ok",
  "advantage": -1.0,
  "beta": 70.67964761683018,
  "n_response_tokens": 2257,
  "sandbox_stdout": "Validation failed: Circle 0 at (0.09427744881263406,0.09427744881263406) r=1.0 outside unit square\n",
  "parent_value": 2.4012916931786332,
  "parent_is_seed": false
}