{
  "step": 12,
  "group": 5,
  "rollout": 20,
  "reward": 0.0,
  "valid": true,
  "parsed": true,
  "ran": true,
  "msg": "ok",
  "advantage": -0.8518014466838856,
  "beta": 1.2432217957318752,
  "n_response_tokens": 2369,
  "sandbox_stdout": "Validation failed: Circle 0 has negative radius -2.7537450597681177e-302\nInitial layout also failed: Circle 4 at (0.7614995056269849,0.9436089569473205) r=0.09017842929904128 outside unit square\n",
  "parent_value": 2.344639161775073,
  "parent_is_seed": false
}