{
  "step": 43,
  "group": 1,
  "rollout": 10,
  "reward": 2.517830828722095,
  "valid": true,
  "parsed": true,
  "ran": true,
  "msg": "ok",
  "advantage": -0.2690087504551757,
  "beta": 344.38339466378596,
  "n_response_tokens": 2556,
  "sandbox_stdout": "",
  "parent_value": 2.5241336752988364,
  "parent_is_seed": false
}