{
  "step": 35,
  "group": 7,
  "rollout": 26,
  "reward": 2.4249217098913225,
  "valid": true,
  "parsed": true,
  "ran": true,
  "msg": "ok",
  "advantage": -0.47142763633619533,
  "beta": 130.31025307108035,
  "n_response_tokens": 2607,
  "sandbox_stdout": "",
  "parent_value": 2.444018378963807,
  "parent_is_seed": false
}