{
  "step": 37,
  "group": 0,
  "rollout": 39,
  "reward": 2.5182830929205124,
  "valid": true,
  "parsed": true,
  "ran": true,
  "msg": "ok",
  "advantage": -0.08498996206501597,
  "beta": 296.832253782249,
  "n_response_tokens": 2678,
  "sandbox_stdout": "",
  "parent_value": 2.5200905075486832,
  "parent_is_seed": false
}