{
  "step": 34,
  "group": 1,
  "rollout": 42,
  "reward": 2.435250029512689,
  "valid": true,
  "parsed": true,
  "ran": true,
  "msg": "ok",
  "advantage": 1.3674325673018157,
  "beta": 21.67539400627494,
  "n_response_tokens": 2350,
  "sandbox_stdout": "",
  "parent_value": 2.4448545970536197,
  "parent_is_seed": false
}