{
  "step": 41,
  "group": 7,
  "rollout": 50,
  "reward": 2.519510673712203,
  "valid": true,
  "parsed": true,
  "ran": true,
  "msg": "ok",
  "advantage": -0.2670318607627261,
  "beta": 430.761047591019,
  "n_response_tokens": 2481,
  "sandbox_stdout": "",
  "parent_value": 2.523752582534882,
  "parent_is_seed": false
}