{
  "step": 11,
  "group": 7,
  "rollout": 30,
  "reward": 0.0,
  "valid": true,
  "parsed": true,
  "ran": true,
  "msg": "ok",
  "advantage": -1.0,
  "beta": 1048576.0,
  "n_response_tokens": 2050,
  "sandbox_stdout": "Validation failed: Circle 0 at (0.9999999999992446,0.9999999999992446) r=0.9999999999992446 outside unit square\nInitial layout also failed: Circle 0 at (0.0819803902718557,0.0819803902718557) r=0.10583588003438253 outside unit square\n",
  "parent_value": 2.344639161775073,
  "parent_is_seed": false
}