{
  "step": 31,
  "group": 5,
  "rollout": 1,
  "reward": 2.3746504695150628,
  "valid": true,
  "parsed": true,
  "ran": true,
  "msg": "ok",
  "advantage": -0.3725778444739659,
  "beta": 69.37823052272641,
  "n_response_tokens": 2029,
  "sandbox_stdout": "Validation failed: Circle 0 at (0.09427744881263406,0.09427744881263406) r=0.9999999999999969 outside unit square\nValidation failed: Circle 0 at (0.02299818704640872,0.9764239757337803) r=0.9999889300162792 outside unit square\nValidation failed: Circle 0 at (0.09427744881263406,0.09427744881263406) r=22297504.057493083 outside unit square\nValidation failed: Circle 0 at (6.663672266258161e-06,0.9999965044218051) r=1.0000000007722851 outside unit square\nValidation failed: Circle 0 at (0.09427744881263406,0.09427744881263406) r=1.0 outside unit square\n",
  "parent_value": 2.4025735793620857,
  "parent_is_seed": false
}