{
  "step": 35,
  "group": 7,
  "rollout": 18,
  "reward": 2.42786137523864,
  "valid": true,
  "parsed": true,
  "ran": true,
  "msg": "ok",
  "advantage": -0.22165316176475425,
  "beta": 130.31025307108035,
  "n_response_tokens": 2676,
  "sandbox_stdout": "",
  "parent_value": 2.444018378963807,
  "parent_is_seed": false
}