{
  "step": 38,
  "group": 6,
  "rollout": 22,
  "reward": 2.485611194013745,
  "valid": true,
  "parsed": true,
  "ran": true,
  "msg": "ok",
  "advantage": 2.265266004253476,
  "beta": 259.2686691462504,
  "n_response_tokens": 2646,
  "sandbox_stdout": "",
  "parent_value": 2.4799159374778297,
  "parent_is_seed": false
}