{
  "step": 35,
  "group": 0,
  "rollout": 30,
  "reward": 2.4658123888639896,
  "valid": true,
  "parsed": true,
  "ran": true,
  "msg": "ok",
  "advantage": -0.15921590032676203,
  "beta": 153.3765931840558,
  "n_response_tokens": 2394,
  "sandbox_stdout": "",
  "parent_value": 2.466152689236886,
  "parent_is_seed": false
}