{
  "step": 7,
  "group": 5,
  "rollout": 55,
  "reward": 2.166666666666667,
  "valid": true,
  "parsed": true,
  "ran": true,
  "msg": "ok",
  "advantage": 1.8963297520285773,
  "beta": 4.370991224412189,
  "n_response_tokens": 2323,
  "sandbox_stdout": "Validation failed: Circle 0 at (0.08333333333333333,0.08333333333333333) r=1.0 outside unit square\nValidation failed: Circle 0 at (0.19836363484117914,0.40482124389997814) r=1.0 outside unit square\nInitial layout also failed: Circles 0 and 1 overlap\nValidation failed: Circle 0 at (0.1,0.1) r=1.0 outside unit square\nInitial layout also failed: Circles 0 and 25 overlap\n",
  "parent_value": 2.166666666666667,
  "parent_is_seed": false
}