{
  "step": 35,
  "group": 5,
  "rollout": 42,
  "reward": 2.4229928359547452,
  "valid": true,
  "parsed": true,
  "ran": true,
  "msg": "ok",
  "advantage": -0.7488635022959171,
  "beta": 170.15509041151668,
  "n_response_tokens": 2532,
  "sandbox_stdout": "",
  "parent_value": 2.4443887866092116,
  "parent_is_seed": false
}