{
  "step": 30,
  "group": 1,
  "rollout": 49,
  "reward": 2.398307529994328,
  "valid": true,
  "parsed": true,
  "ran": true,
  "msg": "ok",
  "advantage": -0.08467732453464027,
  "beta": 67.40141159494628,
  "n_response_tokens": 2622,
  "sandbox_stdout": "",
  "parent_value": 2.407463087598001,
  "parent_is_seed": false
}