{
  "step": 15,
  "group": 7,
  "rollout": 5,
  "reward": 1.0555334384321213e-11,
  "valid": true,
  "parsed": true,
  "ran": true,
  "msg": "ok",
  "advantage": -0.8405877647587097,
  "beta": 1.2038172577966302,
  "n_response_tokens": 1926,
  "sandbox_stdout": "",
  "parent_value": 2.344639161775073,
  "parent_is_seed": false
}