{
  "step": 2,
  "group": 2,
  "rollout": 49,
  "reward": 0.0,
  "valid": true,
  "parsed": true,
  "ran": true,
  "msg": "ok",
  "advantage": -0.6199611097359639,
  "beta": 1.4459444359080957,
  "n_response_tokens": 1607,
  "sandbox_stdout": "Validation failed: Circle 0 at (0.7587567758457374,2.1111024521360354e-05) r=1.0 outside unit square\nInitial layout also failed: Circle 15 at (1.0714285714285714,0.5) r=0.05 outside unit square\n",
  "parent_value": 1.7333333333333334,
  "parent_is_seed": false
}