{
  "step": 21,
  "group": 3,
  "rollout": 52,
  "reward": 0.0,
  "valid": true,
  "parsed": true,
  "ran": true,
  "msg": "ok",
  "advantage": -1.0,
  "beta": 1048576.0,
  "n_response_tokens": 2272,
  "sandbox_stdout": "Validation failed: Circle 0 at (0.10232881112727803,0.08720159275266502) r=0.9999999999992697 outside unit square\nInitial layout also failed: Circle 0 at (0.10232881112727803,0.08720159275266502) r=0.09427744881263406 outside unit square\nValidation failed: Circle 0 at (0.09832308566374834,0.09235583155200476) r=0.9999999999992697 outside unit square\nInitial layout also failed: Circle 0 at (0.09832308566374834,0.09235583155200476) r=0.09427744881263406 outside unit square\nValidation failed: Circle 0 at (0.09948494320451962,0.09028790840409401) r=0.9999999999992697 outside unit square\nInitial layout also failed: Circle 0 at (0.09948494320451962,0.09028790840409401) r=0.09427744881263406 outside unit square\nValidation failed: Circle 0 at (0.09901182714467027,0.09182222714293214) r=0.9999999999992697 outside unit square\nInitial layout also failed: Circle 0 at (0.09901182714467027,0.09182222714293214) r=0.09427744881263406 outside unit square\nValidation failed: Circle 0 at (0.09633856040826994,0.08622687399781087) r=0.9999999999992697 outside unit square\nInitial layout also failed: Circle 0 at (0.09633856040826994,0.08622687399781087) r=0.09427744881263406 outside unit square\nValidation failed: Circle 0 at (0.08476068996739321,0.08608465408370757) r=0.9999999999992697 outside unit square\nInitial layout also failed: Circle 0 at (0.08476068996739321,0.08608465408370757) r=0.09427744881263406 outside unit square\nValidation failed: Circle 0 at (0.09542954564670889,0.08552998150306139) r=0.9999999999992697 outside unit square\nInitial layout also failed: Circle 0 at (0.09542954564670889,0.08552998150306139) r=0.09427744881263406 outside unit square\nValidation failed: Circle 0 at (0.10347412539587884,0.1033060412430236) r=0.9999999999992697 outside unit square\nInitial layout also failed: Circle 2 at (0.46670946278736136,0.08715043052950172) r=0.09427744881263406 outside unit square\nValidation failed: Circle 0 at (0.09906323088553645,0.09488922222160348) r=0.9999999999992697 out",
  "parent_value": 2.3720882408679866,
  "parent_is_seed": false
}