{
  "step": 28,
  "group": 0,
  "rollout": 28,
  "reward": 2.372994226928909,
  "valid": true,
  "parsed": true,
  "ran": true,
  "msg": "ok",
  "advantage": 0.6572968579007414,
  "beta": 55.22328552121206,
  "n_response_tokens": 2705,
  "sandbox_stdout": "Validation failed: Circle 0 at (0.09427744881263406,0.09427744881263406) r=1.0 outside unit square\nValidation failed: Circle 0 at (0.09427744881263406,0.09427744881263406) r=0.9999999999982536 outside unit square\nValidation failed: Circle 0 at (0.7172916565594074,0.4359847878318941) r=0.9999999999996395 outside unit square\n",
  "parent_value": 2.403477911769514,
  "parent_is_seed": false
}