{
  "step": 33,
  "group": 5,
  "rollout": 3,
  "reward": 2.389862790892723,
  "valid": true,
  "parsed": true,
  "ran": true,
  "msg": "ok",
  "advantage": -0.7698787438393687,
  "beta": 93.09888914207674,
  "n_response_tokens": 1955,
  "sandbox_stdout": "",
  "parent_value": 2.4094656132629684,
  "parent_is_seed": false
}