{
  "step": 28,
  "group": 1,
  "rollout": 23,
  "reward": 2.3526636338069467,
  "valid": true,
  "parsed": true,
  "ran": true,
  "msg": "ok",
  "advantage": -0.6595960056641896,
  "beta": 54.20618936775504,
  "n_response_tokens": 2057,
  "sandbox_stdout": "Validation failed: Circle 0 at (0.09427744881263406,0.09427744881263406) r=1.0 outside unit square\n",
  "parent_value": 2.3995444443461387,
  "parent_is_seed": false
}