{
  "step": 36,
  "group": 7,
  "rollout": 28,
  "reward": 2.4525888327388454,
  "valid": true,
  "parsed": true,
  "ran": true,
  "msg": "ok",
  "advantage": 0.3470199980267179,
  "beta": 162.45529414173203,
  "n_response_tokens": 2663,
  "sandbox_stdout": "",
  "parent_value": 2.454851833591337,
  "parent_is_seed": false
}