{
  "step": 38,
  "group": 1,
  "rollout": 20,
  "reward": 2.517226288356757,
  "valid": true,
  "parsed": true,
  "ran": true,
  "msg": "ok",
  "advantage": -0.4467245643182767,
  "beta": 320.3893807517825,
  "n_response_tokens": 2621,
  "sandbox_stdout": "",
  "parent_value": 2.5242063708350924,
  "parent_is_seed": false
}