{
  "step": 34,
  "group": 7,
  "rollout": 19,
  "reward": 2.411656437739192,
  "valid": true,
  "parsed": true,
  "ran": true,
  "msg": "ok",
  "advantage": -0.9581771084436942,
  "beta": 162.68059185270033,
  "n_response_tokens": 2555,
  "sandbox_stdout": "",
  "parent_value": 2.439110359796044,
  "parent_is_seed": false
}