{
  "step": 43,
  "group": 5,
  "rollout": 4,
  "reward": 2.52075435916779,
  "valid": true,
  "parsed": true,
  "ran": true,
  "msg": "ok",
  "advantage": 0.18668123089945143,
  "beta": 464.20488523623,
  "n_response_tokens": 2585,
  "sandbox_stdout": "",
  "parent_value": 2.523896094142219,
  "parent_is_seed": false
}