{
  "step": 10,
  "group": 2,
  "rollout": 24,
  "reward": 2.0143626838353104,
  "valid": true,
  "parsed": true,
  "ran": true,
  "msg": "ok",
  "advantage": -0.5223503856888981,
  "beta": 4.576626186629502,
  "n_response_tokens": 1469,
  "sandbox_stdout": "Validation failed: Circle 0 at (0.07281136165334576,0.07472605814293493) r=0.085100476313994 outside unit square\n",
  "parent_value": 2.344639161775073,
  "parent_is_seed": false
}