{
  "step": 33,
  "group": 4,
  "rollout": 13,
  "reward": 2.4118723510665765,
  "valid": true,
  "parsed": true,
  "ran": true,
  "msg": "ok",
  "advantage": -0.35356945927562555,
  "beta": 91.86277742483152,
  "n_response_tokens": 2637,
  "sandbox_stdout": "",
  "parent_value": 2.4125853851790726,
  "parent_is_seed": false
}