{
  "step": 34,
  "group": 6,
  "rollout": 37,
  "reward": 2.3708882216254104,
  "valid": true,
  "parsed": true,
  "ran": true,
  "msg": "ok",
  "advantage": -0.9714901691716955,
  "beta": 72.0476360890125,
  "n_response_tokens": 2496,
  "sandbox_stdout": "",
  "parent_value": 2.4399669222617355,
  "parent_is_seed": false
}