{
  "step": 40,
  "group": 4,
  "rollout": 59,
  "reward": 2.5214892999603875,
  "valid": true,
  "parsed": true,
  "ran": true,
  "msg": "ok",
  "advantage": 1.255415512426206,
  "beta": 276.9206129610181,
  "n_response_tokens": 2510,
  "sandbox_stdout": "",
  "parent_value": 2.523218311990641,
  "parent_is_seed": false
}