{
  "step": 6,
  "group": 3,
  "rollout": 47,
  "reward": 0.0,
  "valid": true,
  "parsed": true,
  "ran": true,
  "msg": "ok",
  "advantage": -0.9869220716967346,
  "beta": 2.4800643708241292,
  "n_response_tokens": 1951,
  "sandbox_stdout": "Validation failed: Circle 0 at (0.0819803902718557,0.0819803902718557) r=0.9999999999999997 outside unit square\nInitial layout also failed: Circles 0 and 25 overlap\n",
  "parent_value": 2.166666666666667,
  "parent_is_seed": false
}