{
  "step": 33,
  "group": 2,
  "rollout": 39,
  "reward": 2.4288646990443414,
  "valid": true,
  "parsed": true,
  "ran": true,
  "msg": "ok",
  "advantage": -0.0957798023700509,
  "beta": 101.43987472443779,
  "n_response_tokens": 2372,
  "sandbox_stdout": "",
  "parent_value": 2.4413857561100327,
  "parent_is_seed": false
}