{
  "step": 12,
  "group": 1,
  "rollout": 48,
  "reward": 2.3218350942410177,
  "valid": true,
  "parsed": true,
  "ran": true,
  "msg": "ok",
  "advantage": 0.7210518080297692,
  "beta": 10.306573884868845,
  "n_response_tokens": 1741,
  "sandbox_stdout": "Validation failed: Circle 0 at (0.08930134977850068,0.08930134977850068) r=1.0 outside unit square\n",
  "parent_value": 2.344639161775073,
  "parent_is_seed": false
}