{
  "step": 41,
  "group": 4,
  "rollout": 25,
  "reward": 2.5217777691658654,
  "valid": true,
  "parsed": true,
  "ran": true,
  "msg": "ok",
  "advantage": 1.1215705442773425,
  "beta": 400.04051307957127,
  "n_response_tokens": 2847,
  "sandbox_stdout": "",
  "parent_value": 2.524005778865525,
  "parent_is_seed": false
}