{
  "step": 41,
  "group": 1,
  "rollout": 9,
  "reward": 2.515697182243594,
  "valid": true,
  "parsed": true,
  "ran": true,
  "msg": "ok",
  "advantage": -0.7935008944974394,
  "beta": 375.67299616790206,
  "n_response_tokens": 2656,
  "sandbox_stdout": "",
  "parent_value": 2.52421897174333,
  "parent_is_seed": false
}