{
  "step": 41,
  "group": 7,
  "rollout": 52,
  "reward": 2.519406993694818,
  "valid": true,
  "parsed": true,
  "ran": true,
  "msg": "ok",
  "advantage": -0.29940296757878604,
  "beta": 430.761047591019,
  "n_response_tokens": 2630,
  "sandbox_stdout": "",
  "parent_value": 2.523752582534882,
  "parent_is_seed": false
}