{
  "step": 40,
  "group": 4,
  "rollout": 39,
  "reward": 2.520673307286494,
  "valid": true,
  "parsed": true,
  "ran": true,
  "msg": "ok",
  "advantage": 0.7863141591352845,
  "beta": 276.9206129610181,
  "n_response_tokens": 2514,
  "sandbox_stdout": "",
  "parent_value": 2.523218311990641,
  "parent_is_seed": false
}