{
  "step": 9,
  "group": 5,
  "rollout": 56,
  "reward": 2.166666666666667,
  "valid": true,
  "parsed": true,
  "ran": true,
  "msg": "ok",
  "advantage": 1.1422698420741617,
  "beta": 2.2297383801261663,
  "n_response_tokens": 1482,
  "sandbox_stdout": "Validation failed: Circle 0 at (0.08333333333333333,0.08333333333333333) r=0.999999999999564 outside unit square\n",
  "parent_value": 2.166666666666667,
  "parent_is_seed": false
}