{
  "step": 29,
  "group": 2,
  "rollout": 3,
  "reward": 2.3694778264974348,
  "valid": true,
  "parsed": true,
  "ran": true,
  "msg": "ok",
  "advantage": 0.257086299060552,
  "beta": 55.411414448475064,
  "n_response_tokens": 1868,
  "sandbox_stdout": "Validation failed: Circle 0 at (0.09427744881263406,0.09427744881263406) r=0.9999999999989421 outside unit square\n",
  "parent_value": 2.4028827854002914,
  "parent_is_seed": false
}