{
  "step": 41,
  "group": 6,
  "rollout": 12,
  "reward": 2.517435755104341,
  "valid": true,
  "parsed": true,
  "ran": true,
  "msg": "ok",
  "advantage": -0.6350509256332366,
  "beta": 366.94999745105827,
  "n_response_tokens": 2430,
  "sandbox_stdout": "",
  "parent_value": 2.5239070567447666,
  "parent_is_seed": false
}