{
  "step": 30,
  "group": 1,
  "rollout": 53,
  "reward": 2.251099315304515,
  "valid": true,
  "parsed": true,
  "ran": true,
  "msg": "ok",
  "advantage": -0.9999557185094339,
  "beta": 67.40141159494628,
  "n_response_tokens": 2698,
  "sandbox_stdout": "",
  "parent_value": 2.407463087598001,
  "parent_is_seed": false
}