{
  "step": 4,
  "group": 6,
  "rollout": 48,
  "reward": 0.0,
  "valid": true,
  "parsed": true,
  "ran": true,
  "msg": "ok",
  "advantage": -0.8035584054868024,
  "beta": 1.3941098011735826,
  "n_response_tokens": 1777,
  "sandbox_stdout": "Validation failed: Circle 0 at (0.08333333333333333,0.08333333333333333) r=1.0 outside unit square\nInitial layout also failed: Circles 0 and 25 overlap\n",
  "parent_value": 1.9499999999999997,
  "parent_is_seed": false
}