{
  "step": 17,
  "group": 4,
  "rollout": 23,
  "reward": 0.0,
  "valid": false,
  "parsed": true,
  "ran": true,
  "msg": "Circle 0 at (0.0950388332490571,0.0954913271767595) r=0.9999999999999784 outside unit square",
  "advantage": -1.0,
  "beta": 108.4203608583451,
  "n_response_tokens": 1860,
  "sandbox_stdout": "",
  "parent_value": 2.3447877296013773,
  "parent_is_seed": false
}