{
  "step": 40,
  "group": 1,
  "rollout": 60,
  "reward": 2.519930244104228,
  "valid": true,
  "parsed": true,
  "ran": true,
  "msg": "ok",
  "advantage": 0.3563415298498107,
  "beta": 319.72530207938513,
  "n_response_tokens": 2472,
  "sandbox_stdout": "",
  "parent_value": 2.5239580244822952,
  "parent_is_seed": false
}