{
  "step": 8,
  "group": 0,
  "rollout": 29,
  "reward": 0.0,
  "valid": true,
  "parsed": true,
  "ran": true,
  "msg": "ok",
  "advantage": -0.8710514145623276,
  "beta": 1.300163134756406,
  "n_response_tokens": 2305,
  "sandbox_stdout": "Validation failed: Circle 0 at (0.9777777777777777,0.02222222222222222) r=1.0 outside unit square\nInitial layout also failed: Circles 0 and 4 overlap\n",
  "parent_value": 2.344639161775073,
  "parent_is_seed": false
}