{
  "step": 13,
  "group": 7,
  "rollout": 9,
  "reward": 2.344639161775073,
  "valid": true,
  "parsed": true,
  "ran": true,
  "msg": "ok",
  "advantage": 0.9090909090872645,
  "beta": 1048576.0,
  "n_response_tokens": 2312,
  "sandbox_stdout": "Validation failed: Circle 0 has negative radius -5.0000000000024984e-301\n",
  "parent_value": 2.344639161775073,
  "parent_is_seed": false
}