{
  "step": 4,
  "group": 4,
  "rollout": 54,
  "reward": 1.20560474163074,
  "valid": true,
  "parsed": true,
  "ran": true,
  "msg": "ok",
  "advantage": -0.3018681707925782,
  "beta": 1.9495086662170011,
  "n_response_tokens": 2475,
  "sandbox_stdout": "",
  "parent_value": 1.954945333515407,
  "parent_is_seed": false
}