{
  "step": 28,
  "group": 6,
  "rollout": 43,
  "reward": 2.3804274672594743,
  "valid": true,
  "parsed": true,
  "ran": true,
  "msg": "ok",
  "advantage": 0.13887080175953526,
  "beta": 67.26381515783808,
  "n_response_tokens": 1915,
  "sandbox_stdout": "Validation failed: Circle 0 at (0.09427744881263406,0.09427744881263406) r=1.0 outside unit square\n",
  "parent_value": 2.3928335119262054,
  "parent_is_seed": false
}