{
  "step": 41,
  "group": 0,
  "rollout": 13,
  "reward": 2.5224470822079024,
  "valid": true,
  "parsed": true,
  "ran": true,
  "msg": "ok",
  "advantage": 2.267114840560057,
  "beta": 465.6355809687069,
  "n_response_tokens": 2505,
  "sandbox_stdout": "",
  "parent_value": 2.5246633502382383,
  "parent_is_seed": false
}