{
  "step": 11,
  "group": 1,
  "rollout": 22,
  "reward": 0.0,
  "valid": true,
  "parsed": true,
  "ran": true,
  "msg": "ok",
  "advantage": -1.0,
  "beta": 1048576.0,
  "n_response_tokens": 1671,
  "sandbox_stdout": "Validation failed: Circle 0 at (0.10412908086179826,0.10412908086179826) r=1.0 outside unit square\nInitial layout also failed: Circle 4 at (0.9371617277561843,0.10412908086179826) r=0.10412908086179826 outside unit square\n",
  "parent_value": 2.344639161775073,
  "parent_is_seed": false
}