{
  "step": 6,
  "group": 0,
  "rollout": 34,
  "reward": 0.0,
  "valid": true,
  "parsed": true,
  "ran": true,
  "msg": "ok",
  "advantage": -1.0,
  "beta": 1048576.0,
  "n_response_tokens": 1656,
  "sandbox_stdout": "Validation failed: Circle 0 at (0.14285714285714285,0.14285714285714285) r=0.9999999999994842 outside unit square\nInitial layout also failed: Circle 3 at (1.0,0.14285714285714285) r=0.14285714285714285 outside unit square\n",
  "parent_value": 2.166666666666667,
  "parent_is_seed": false
}