{
  "step": 37,
  "group": 3,
  "rollout": 39,
  "reward": 2.4671126226412654,
  "valid": true,
  "parsed": true,
  "ran": true,
  "msg": "ok",
  "advantage": -0.12710297274792837,
  "beta": 231.2679763796472,
  "n_response_tokens": 2532,
  "sandbox_stdout": "",
  "parent_value": 2.4675285817951207,
  "parent_is_seed": false
}