{
  "step": 44,
  "group": 2,
  "rollout": 9,
  "reward": 2.5224170166819193,
  "valid": true,
  "parsed": true,
  "ran": true,
  "msg": "ok",
  "advantage": -0.5353784533786969,
  "beta": 980.6299855428642,
  "n_response_tokens": 2722,
  "sandbox_stdout": "",
  "parent_value": 2.524041847989503,
  "parent_is_seed": false
}