{
  "step": 34,
  "group": 6,
  "rollout": 30,
  "reward": 2.425116022075853,
  "valid": true,
  "parsed": true,
  "ran": true,
  "msg": "ok",
  "advantage": 0.4503227220380399,
  "beta": 72.0476360890125,
  "n_response_tokens": 2541,
  "sandbox_stdout": "",
  "parent_value": 2.4399669222617355,
  "parent_is_seed": false
}