{
  "step": 36,
  "group": 1,
  "rollout": 23,
  "reward": 2.467335258184671,
  "valid": true,
  "parsed": true,
  "ran": true,
  "msg": "ok",
  "advantage": 1.0134856440067348,
  "beta": 3010.227299270278,
  "n_response_tokens": 2449,
  "sandbox_stdout": "",
  "parent_value": 2.4675276245824294,
  "parent_is_seed": false
}