{
  "step": 34,
  "group": 1,
  "rollout": 33,
  "reward": 0.0,
  "valid": true,
  "parsed": true,
  "ran": true,
  "msg": "ok",
  "advantage": -1.0,
  "beta": 21.67539400627494,
  "n_response_tokens": 2161,
  "sandbox_stdout": "Refined layout failed: Circle 0 at (0.04267540104469173,0.07686641261097728) r=0.10317414315612702 outside unit square\n",
  "parent_value": 2.4448545970536197,
  "parent_is_seed": false
}