{
  "step": 43,
  "group": 1,
  "rollout": 51,
  "reward": 2.523097335399373,
  "valid": true,
  "parsed": true,
  "ran": true,
  "msg": "ok",
  "advantage": 3.7671582908141836,
  "beta": 344.38339466378596,
  "n_response_tokens": 2916,
  "sandbox_stdout": "",
  "parent_value": 2.5241336752988364,
  "parent_is_seed": false
}