{
  "step": 44,
  "group": 2,
  "rollout": 17,
  "reward": 2.523720461149506,
  "valid": true,
  "parsed": true,
  "ran": true,
  "msg": "ok",
  "advantage": 0.7005500189532388,
  "beta": 980.6299855428642,
  "n_response_tokens": 2591,
  "sandbox_stdout": "",
  "parent_value": 2.524041847989503,
  "parent_is_seed": false
}