{
  "step": 7,
  "group": 1,
  "rollout": 35,
  "reward": 1.4857142857142858,
  "valid": true,
  "parsed": true,
  "ran": true,
  "msg": "ok",
  "advantage": -0.9849438251592052,
  "beta": 7.510846181717095,
  "n_response_tokens": 1808,
  "sandbox_stdout": "Validation failed: Circle 0 at (0.07142857142857142,0.07142857142857142) r=0.9999999999977945 outside unit square\n",
  "parent_value": 2.166666666666667,
  "parent_is_seed": false
}