{
  "step": 31,
  "group": 2,
  "rollout": 8,
  "reward": 2.3997430116816716,
  "valid": true,
  "parsed": true,
  "ran": true,
  "msg": "ok",
  "advantage": -0.5416908473358488,
  "beta": 241.69467261557583,
  "n_response_tokens": 2692,
  "sandbox_stdout": "",
  "parent_value": 2.4079844195600115,
  "parent_is_seed": false
}