{
  "step": 5,
  "group": 4,
  "rollout": 55,
  "reward": 1.3713136370229464,
  "valid": true,
  "parsed": true,
  "ran": true,
  "msg": "ok",
  "advantage": -0.5461605080682678,
  "beta": 2.2129054399787114,
  "n_response_tokens": 1712,
  "sandbox_stdout": "Validation failed: Circle 0 at (0.16666666666666666,0.14285714285714285) r=0.9999999999999195 outside unit square\n",
  "parent_value": 2.1500210936053263,
  "parent_is_seed": false
}