{
  "step": 29,
  "group": 2,
  "rollout": 30,
  "reward": 2.3804702457232003,
  "valid": true,
  "parsed": true,
  "ran": true,
  "msg": "ok",
  "advantage": 1.3508586599808936,
  "beta": 55.411414448475064,
  "n_response_tokens": 1939,
  "sandbox_stdout": "Validation failed: Circle 0 at (0.09427744881263406,0.09427744881263406) r=0.9999999999994011 outside unit square\n",
  "parent_value": 2.4028827854002914,
  "parent_is_seed": false
}