{
  "step": 4,
  "group": 6,
  "rollout": 29,
  "reward": 2.166666666666667,
  "valid": true,
  "parsed": true,
  "ran": true,
  "msg": "ok",
  "advantage": 3.2884333248158164,
  "beta": 1.3941098011735826,
  "n_response_tokens": 1544,
  "sandbox_stdout": "Validation failed: Circle 0 at (0.08333333333333333,0.08333333333333333) r=0.999999999999564 outside unit square\n",
  "parent_value": 1.9499999999999997,
  "parent_is_seed": false
}