{
  "step": 3,
  "group": 5,
  "rollout": 40,
  "reward": 0.2194193243090798,
  "valid": true,
  "parsed": true,
  "ran": true,
  "msg": "ok",
  "advantage": -0.7420814685842674,
  "beta": 1.784461241899415,
  "n_response_tokens": 1400,
  "sandbox_stdout": "",
  "parent_value": 1.8000000000000003,
  "parent_is_seed": false
}