{
  "step": 17,
  "group": 5,
  "rollout": 1,
  "reward": 0.7769653750299248,
  "valid": true,
  "parsed": true,
  "ran": true,
  "msg": "ok",
  "advantage": -1.0,
  "beta": 1048576.0,
  "n_response_tokens": 1633,
  "sandbox_stdout": "Validation failed: Circle 0 at (0.009137041808768809,0.005836733852669541) r=1.0 outside unit square\n",
  "parent_value": 2.3447877296013773,
  "parent_is_seed": false
}