{
  "step": 8,
  "group": 2,
  "rollout": 55,
  "reward": 1.857142857142857,
  "valid": true,
  "parsed": true,
  "ran": true,
  "msg": "ok",
  "advantage": -1.0,
  "beta": 1048576.0,
  "n_response_tokens": 1833,
  "sandbox_stdout": "Validation failed: Circle 0 at (0.07142857142857142,0.07142857142857142) r=1.0 outside unit square\n",
  "parent_value": 2.166666666666667,
  "parent_is_seed": false
}