{
  "step": 40,
  "group": 6,
  "rollout": 61,
  "reward": 2.517356928335461,
  "valid": true,
  "parsed": true,
  "ran": true,
  "msg": "ok",
  "advantage": -0.4744259344877043,
  "beta": 314.25280416101583,
  "n_response_tokens": 2411,
  "sandbox_stdout": "",
  "parent_value": 2.5231155112640264,
  "parent_is_seed": false
}