{
  "step": 33,
  "group": 6,
  "rollout": 20,
  "reward": 2.4055741878422037,
  "valid": true,
  "parsed": true,
  "ran": true,
  "msg": "ok",
  "advantage": -0.15549355424865474,
  "beta": 423.47565421723044,
  "n_response_tokens": 2662,
  "sandbox_stdout": "",
  "parent_value": 2.409029065779771,
  "parent_is_seed": false
}