{
  "step": 35,
  "group": 0,
  "rollout": 2,
  "reward": 2.4666513508199173,
  "valid": true,
  "parsed": true,
  "ran": true,
  "msg": "ok",
  "advantage": -0.042001323003807545,
  "beta": 153.3765931840558,
  "n_response_tokens": 2475,
  "sandbox_stdout": "",
  "parent_value": 2.466152689236886,
  "parent_is_seed": false
}