{
  "step": 8,
  "group": 5,
  "rollout": 22,
  "reward": 1.7333333333333334,
  "valid": true,
  "parsed": true,
  "ran": true,
  "msg": "ok",
  "advantage": -0.971240828593512,
  "beta": 9.91538525143318,
  "n_response_tokens": 1822,
  "sandbox_stdout": "Validation failed: Circle 0 at (0.08333333333333333,0.08333333333333333) r=1.0 outside unit square\n",
  "parent_value": 2.166666666666667,
  "parent_is_seed": false
}