{
  "step": 44,
  "group": 0,
  "rollout": 25,
  "reward": 2.521182163054112,
  "valid": true,
  "parsed": true,
  "ran": true,
  "msg": "ok",
  "advantage": 0.7496361627373664,
  "beta": 220.21697401827097,
  "n_response_tokens": 2796,
  "sandbox_stdout": "",
  "parent_value": 2.5246120224575677,
  "parent_is_seed": false
}