{
  "step": 38,
  "group": 3,
  "rollout": 55,
  "reward": 2.4834632516630064,
  "valid": true,
  "parsed": true,
  "ran": true,
  "msg": "ok",
  "advantage": -0.060769167903514165,
  "beta": 319.2673679001087,
  "n_response_tokens": 2641,
  "sandbox_stdout": "Genetic algorithm time: 28.2911 seconds\nRefinement time: 0.0231 seconds\n",
  "parent_value": 2.488982334221845,
  "parent_is_seed": false
}