{
  "step": 32,
  "group": 0,
  "rollout": 55,
  "reward": 2.432428556560086,
  "valid": true,
  "parsed": true,
  "ran": true,
  "msg": "ok",
  "advantage": 0.48452446310103325,
  "beta": 111.51352701386892,
  "n_response_tokens": 2369,
  "sandbox_stdout": "",
  "parent_value": 2.4430108443828384,
  "parent_is_seed": false
}