{
  "step": 5,
  "group": 6,
  "rollout": 1,
  "reward": 0.0,
  "valid": true,
  "parsed": true,
  "ran": true,
  "msg": "ok",
  "advantage": -1.0,
  "beta": 1048576.0,
  "n_response_tokens": 1414,
  "sandbox_stdout": "Validation failed: Circle 0 at (0.7953241276681753,0.9134286700647571) r=1.0 outside unit square\nInitial layout also failed: Circle 22 at (0.8210608460660523,0.9902409047184879) r=0.010175018362274395 outside unit square\n",
  "parent_value": 2.1500210936053255,
  "parent_is_seed": false
}