{
  "step": 29,
  "group": 7,
  "rollout": 25,
  "reward": 2.370999929028114,
  "valid": true,
  "parsed": true,
  "ran": true,
  "msg": "ok",
  "advantage": -0.07815689301944662,
  "beta": 55.33364544242901,
  "n_response_tokens": 2121,
  "sandbox_stdout": "Validation failed: Circle 0 at (0.09427744881263406,0.09427744881263406) r=0.9999999999997105 outside unit square\nValidation failed: Circle 0 at (0.004616094891513973,0.03393679976984255) r=1.0 outside unit square\nValidation failed: Circle 0 at (0.09427744881263406,0.09427744881263406) r=26749592.61151644 outside unit square\n",
  "parent_value": 2.397519152332408,
  "parent_is_seed": false
}