{
  "step": 41,
  "group": 6,
  "rollout": 61,
  "reward": 2.522398138933659,
  "valid": true,
  "parsed": true,
  "ran": true,
  "msg": "ok",
  "advantage": 1.3242604719170736,
  "beta": 366.94999745105827,
  "n_response_tokens": 2520,
  "sandbox_stdout": "",
  "parent_value": 2.5239070567447666,
  "parent_is_seed": false
}