{
  "step": 24,
  "group": 0,
  "rollout": 29,
  "reward": 0.0,
  "valid": true,
  "parsed": true,
  "ran": true,
  "msg": "ok",
  "advantage": -1.0,
  "beta": 1048576.0,
  "n_response_tokens": 2212,
  "sandbox_stdout": "Validation failed: Circle 0 at (0.421888823573751,0.5986795790533493) r=1.0 outside unit square\nInitial layout also failed: Circle 1 at (0.5132283322755689,0.07458348869573683) r=0.09427744881263406 outside unit square\nValidation failed: Circle 0 at (0.38793161946091703,0.7932909136252115) r=1.0 outside unit square\nInitial layout also failed: Circle 1 at (0.07576410452651872,0.07149090981934492) r=0.09427744881263406 outside unit square\nValidation failed: Circle 0 at (0.049183723646254784,0.5170383158945282) r=1.0 outside unit square\nInitial layout also failed: Circle 0 at (0.049183723646254784,0.5170383158945282) r=0.09427744881263406 outside unit square\nValidation failed: Circle 0 at (0.31264745490416757,0.07046842277852161) r=1.0 outside unit square\nInitial layout also failed: Circle 0 at (0.31264745490416757,0.07046842277852161) r=0.09427744881263406 outside unit square\nValidation failed: Circle 0 at (0.38382976640912025,0.6520189604093968) r=1.0 outside unit square\nInitial layout also failed: Circle 3 at (0.08968641278432599,0.2948571695128972) r=0.09427744881263406 outside unit square\n",
  "parent_value": 2.3720882408679866,
  "parent_is_seed": false
}