{
  "step": 40,
  "group": 2,
  "rollout": 14,
  "reward": 2.518869880434835,
  "valid": true,
  "parsed": true,
  "ran": true,
  "msg": "ok",
  "advantage": -0.06720267342357589,
  "beta": 326.88176199578004,
  "n_response_tokens": 2584,
  "sandbox_stdout": "",
  "parent_value": 2.523811099681761,
  "parent_is_seed": false
}