{
  "step": 41,
  "group": 3,
  "rollout": 27,
  "reward": 2.5195433245713517,
  "valid": true,
  "parsed": true,
  "ran": true,
  "msg": "ok",
  "advantage": 0.9778382348042334,
  "beta": 174.89046987429913,
  "n_response_tokens": 2564,
  "sandbox_stdout": "",
  "parent_value": 2.5240199272288697,
  "parent_is_seed": false
}