{
  "step": 31,
  "group": 2,
  "rollout": 25,
  "reward": 2.4041582546776876,
  "valid": true,
  "parsed": true,
  "ran": true,
  "msg": "ok",
  "advantage": 0.3510740611863725,
  "beta": 241.69467261557583,
  "n_response_tokens": 2630,
  "sandbox_stdout": "",
  "parent_value": 2.4079844195600115,
  "parent_is_seed": false
}