{
  "step": 39,
  "group": 3,
  "rollout": 39,
  "reward": 2.520874344099877,
  "valid": true,
  "parsed": true,
  "ran": true,
  "msg": "ok",
  "advantage": 0.3227588905353105,
  "beta": 426.38284748588586,
  "n_response_tokens": 2499,
  "sandbox_stdout": "",
  "parent_value": 2.52329559660863,
  "parent_is_seed": false
}