{
  "step": 27,
  "group": 3,
  "rollout": 40,
  "reward": 2.3720882408679866,
  "valid": true,
  "parsed": true,
  "ran": true,
  "msg": "ok",
  "advantage": 0.2854726595791459,
  "beta": 73.13282559833468,
  "n_response_tokens": 1918,
  "sandbox_stdout": "Validation failed: Circle 0 at (0.09427744881263406,0.09427744881263406) r=0.9999999999992697 outside unit square\n",
  "parent_value": 2.391734693758117,
  "parent_is_seed": false
}