{
  "step": 35,
  "group": 0,
  "rollout": 7,
  "reward": 2.466337709448038,
  "valid": true,
  "parsed": true,
  "ran": true,
  "msg": "ok",
  "advantage": -0.08764677933539222,
  "beta": 153.3765931840558,
  "n_response_tokens": 2436,
  "sandbox_stdout": "",
  "parent_value": 2.466152689236886,
  "parent_is_seed": false
}