{
  "step": 26,
  "group": 2,
  "rollout": 12,
  "reward": 0.0,
  "valid": true,
  "parsed": true,
  "ran": true,
  "msg": "ok",
  "advantage": -1.0,
  "beta": 1048576.0,
  "n_response_tokens": 2848,
  "sandbox_stdout": "Validation failed: Circle 0 at (0.09427744881263406,0.09427744881263406) r=0.9999999999993763 outside unit square\nInitial layout also failed: Circle 9 at (0.9427744881263407,0.25757078016409035) r=0.09427744881263406 outside unit square\nLocal refinement validation failed: Circle 0 at (0.09427744881263406,0.09427744881263406) r=0.9999999999993763 outside unit square\nLocal refinement initial layout also failed: Circle 9 at (0.9427744881263407,0.25757078016409035) r=0.09427744881263406 outside unit square\nValidation failed: Circle 0 at (0.09427744881263406,0.09427744881263406) r=0.9999999999993763 outside unit square\nInitial layout also failed: Circle 9 at (0.9427744881263407,0.25757078016409035) r=0.09427744881263406 outside unit square\nLocal refinement validation failed: Circle 0 at (0.09427744881263406,0.09427744881263406) r=0.9999999999993763 outside unit square\nLocal refinement initial layout also failed: Circle 9 at (0.9427744881263407,0.25757078016409035) r=0.09427744881263406 outside unit square\nValidation failed: Circle 0 at (0.09427744881263406,0.09427744881263406) r=0.9999999999993763 outside unit square\nInitial layout also failed: Circle 9 at (0.9427744881263407,0.25757078016409035) r=0.09427744881263406 outside unit square\nLocal refinement validation failed: Circle 0 at (0.09427744881263406,0.09427744881263406) r=0.9999999999993763 outside unit square\nLocal refinement initial layout also failed: Circle 9 at (0.9427744881263407,0.25757078016409035) r=0.09427744881263406 outside unit square\nValidation failed: Circle 0 at (0.09427744881263406,0.09427744881263406) r=0.9999999999993763 outside unit square\nInitial layout also failed: Circle 9 at (0.9427744881263407,0.25757078016409035) r=0.09427744881263406 outside unit square\nLocal refinement validation failed: Circle 0 at (0.09427744881263406,0.09427744881263406) r=0.9999999999993763 outside unit square\nLocal refinement initial layout also failed: Circle 9 at (0.9427744881263407,0.25757078016409035) r=0.094277",
  "parent_value": 2.3720882408679875,
  "parent_is_seed": false
}