{
  "step": 38,
  "group": 7,
  "rollout": 56,
  "reward": 2.491229410719057,
  "valid": true,
  "parsed": true,
  "ran": true,
  "msg": "ok",
  "advantage": 0.7708563546029745,
  "beta": 102.76617659573841,
  "n_response_tokens": 3537,
  "sandbox_stdout": "",
  "parent_value": 2.4786766578037396,
  "parent_is_seed": false
}