{
  "step": 4,
  "group": 0,
  "rollout": 58,
  "reward": 2.166666666666667,
  "valid": true,
  "parsed": true,
  "ran": true,
  "msg": "ok",
  "advantage": 2.891292624238668,
  "beta": 1.3109810285927814,
  "n_response_tokens": 1912,
  "sandbox_stdout": "Validation failed: Circle 0 at (0.8532875415125071,0.16102902338709013) r=1.0 outside unit square\n",
  "parent_value": 2.166666666666667,
  "parent_is_seed": false
}