{
  "step": 14,
  "group": 6,
  "rollout": 29,
  "reward": 0.0,
  "valid": true,
  "parsed": true,
  "ran": true,
  "msg": "ok",
  "advantage": -1.0,
  "beta": 19.685302134306824,
  "n_response_tokens": 1690,
  "sandbox_stdout": "Validation failed: Circle 0 at (0.08930060006358607,0.0839095879499) r=0.9999999999987508 outside unit square\nInitial layout also failed: Circle 0 at (0.08930060006358607,0.0839095879499) r=0.09017842929904128 outside unit square\n",
  "parent_value": 2.344639161775073,
  "parent_is_seed": false
}