{
  "step": 28,
  "group": 5,
  "rollout": 55,
  "reward": 2.387122013863915,
  "valid": true,
  "parsed": true,
  "ran": true,
  "msg": "ok",
  "advantage": 1.1704284747908202,
  "beta": 47.97169499516786,
  "n_response_tokens": 2256,
  "sandbox_stdout": "Validation failed: Circle 0 at (0.09427744881263406,0.09427744881263406) r=0.9999999999990691 outside unit square\n",
  "parent_value": 2.3934249693942884,
  "parent_is_seed": false
}