{
  "step": 44,
  "group": 2,
  "rollout": 63,
  "reward": 2.5201957212530943,
  "valid": true,
  "parsed": true,
  "ran": true,
  "msg": "ok",
  "advantage": -0.947729311850256,
  "beta": 980.6299855428642,
  "n_response_tokens": 2494,
  "sandbox_stdout": "",
  "parent_value": 2.524041847989503,
  "parent_is_seed": false
}