{
  "step": 7,
  "group": 3,
  "rollout": 38,
  "reward": 2.166666666666667,
  "valid": true,
  "parsed": true,
  "ran": true,
  "msg": "ok",
  "advantage": 1.635010728585744,
  "beta": 1.9608868103635613,
  "n_response_tokens": 1830,
  "sandbox_stdout": "Validation failed: Circle 0 at (0.44275426959837144,0.3045265833980977) r=1.0 outside unit square\n",
  "parent_value": 2.166666666666667,
  "parent_is_seed": false
}