{
  "step": 31,
  "group": 5,
  "rollout": 31,
  "reward": 2.389719342472973,
  "valid": true,
  "parsed": true,
  "ran": true,
  "msg": "ok",
  "advantage": 0.8182204937403452,
  "beta": 69.37823052272641,
  "n_response_tokens": 2242,
  "sandbox_stdout": "Validation failed: Circle 0 at (0.09427744881263406,0.09427744881263406) r=0.9999999999989453 outside unit square\nValidation failed: Circle 0 at (0.03348548444900032,0.023104169411008874) r=1.0 outside unit square\nValidation failed: Circle 0 at (0.09427744881263406,0.09427744881263406) r=70894625.9053755 outside unit square\nValidation failed: Circle 0 at (0.0024280198966819626,0.9836850823868463) r=1.0000000001061446 outside unit square\nValidation failed: Circle 0 at (0.09427744881263406,0.09427744881263406) r=1.0 outside unit square\n",
  "parent_value": 2.4025735793620857,
  "parent_is_seed": false
}