{
  "step": 24,
  "group": 6,
  "rollout": 20,
  "reward": 2.3720882408679866,
  "valid": true,
  "parsed": true,
  "ran": true,
  "msg": "ok",
  "advantage": 0.08620689655054448,
  "beta": 1048576.0,
  "n_response_tokens": 2349,
  "sandbox_stdout": "Validation failed: Circle 0 at (0.09427744881263406,0.09427744881260094) r=0.9999999999994815 outside unit square\nValidation failed: Circle 0 at (0.09427744881263406,0.09427744881260094) r=0.9999999999994815 outside unit square\nValidation failed: Circle 0 at (0.09427744881263406,0.09427744881260094) r=0.9999999999994815 outside unit square\nValidation failed: Circle 0 at (0.09427744881263406,0.09427744881260094) r=0.9999999999994815 outside unit square\nValidation failed: Circle 0 at (0.09427744881263406,0.09427744881260094) r=0.9999999999994815 outside unit square\n",
  "parent_value": 2.3720882408679866,
  "parent_is_seed": false
}