{
  "step": 41,
  "group": 0,
  "rollout": 1,
  "reward": 2.5212536233881817,
  "valid": true,
  "parsed": true,
  "ran": true,
  "msg": "ok",
  "advantage": 0.8336742801715589,
  "beta": 465.6355809687069,
  "n_response_tokens": 2473,
  "sandbox_stdout": "",
  "parent_value": 2.5246633502382383,
  "parent_is_seed": false
}