{
  "step": 42,
  "group": 1,
  "rollout": 53,
  "reward": 2.500203111740909,
  "valid": true,
  "parsed": true,
  "ran": true,
  "msg": "ok",
  "advantage": -0.9997627527974328,
  "beta": 422.8887557340278,
  "n_response_tokens": 2620,
  "sandbox_stdout": "",
  "parent_value": 2.5239718953942227,
  "parent_is_seed": false
}