{
  "step": 20,
  "group": 7,
  "rollout": 24,
  "reward": 0.0,
  "valid": true,
  "parsed": true,
  "ran": true,
  "msg": "ok",
  "advantage": -1.0,
  "beta": 1048576.0,
  "n_response_tokens": 2056,
  "sandbox_stdout": "Validation failed: Circle 0 at (0.5974398835949857,0.9515469839817636) r=1.0 outside unit square\nInitial layout also failed: Circle 0 at (0.5974398835949857,0.9515469839817636) r=0.09805806756909202 outside unit square\nValidation failed: Circle 0 at (0.8041404999951046,0.4182721468054109) r=1.0 outside unit square\nInitial layout also failed: Circle 2 at (0.09130868026329575,0.6334613469868285) r=0.09805806756909202 outside unit square\nValidation failed: Circle 0 at (0.10787917372388989,0.6424000816049765) r=1.0 outside unit square\nInitial layout also failed: Circle 2 at (0.06621430593016753,0.7018133735428992) r=0.09805806756909202 outside unit square\nValidation failed: Circle 0 at (0.5956110515383908,0.9490389144978064) r=1.0 outside unit square\nInitial layout also failed: Circle 0 at (0.5956110515383908,0.9490389144978064) r=0.09805806756909202 outside unit square\nValidation failed: Circle 0 at (0.7907007211894079,0.8394055824134373) r=1.0 outside unit square\nInitial layout also failed: Circle 1 at (0.04412679757086302,0.9552905051425603) r=0.09805806756909202 outside unit square\n",
  "parent_value": 2.3720882408679866,
  "parent_is_seed": false
}