{
  "step": 36,
  "group": 0,
  "rollout": 5,
  "reward": 2.4682102472134937,
  "valid": true,
  "parsed": true,
  "ran": true,
  "msg": "ok",
  "advantage": -0.6357933020351743,
  "beta": 70.4172716921699,
  "n_response_tokens": 2583,
  "sandbox_stdout": "",
  "parent_value": 2.4852146042970906,
  "parent_is_seed": false
}