{
  "step": 31,
  "group": 6,
  "rollout": 16,
  "reward": 2.3942765250289972,
  "valid": true,
  "parsed": true,
  "ran": true,
  "msg": "ok",
  "advantage": 1.1334003956264365,
  "beta": 70.67964761683018,
  "n_response_tokens": 2419,
  "sandbox_stdout": "Validation failed: Circle 0 at (0.09427744881263406,0.09427744881263406) r=0.9999999999994145 outside unit square\nValidation failed: Circle 0 at (0.2565922807307491,0.9999355749313628) r=0.9969143499993751 outside unit square\nValidation failed: Circle 0 at (0.09427744881263406,0.09427744881263406) r=17723656.133788027 outside unit square\nValidation failed: Circle 0 at (0.9999982410534347,1.000000000934345) r=1.0000000122552226 outside unit square\nValidation failed: Circle 0 at (0.09427744881263406,0.09427744881263406) r=1.0 outside unit square\n",
  "parent_value": 2.4012916931786332,
  "parent_is_seed": false
}