{
  "step": 41,
  "group": 1,
  "rollout": 44,
  "reward": 2.5162478186112356,
  "valid": true,
  "parsed": true,
  "ran": true,
  "msg": "ok",
  "advantage": -0.745854016653302,
  "beta": 375.67299616790206,
  "n_response_tokens": 2589,
  "sandbox_stdout": "",
  "parent_value": 2.52421897174333,
  "parent_is_seed": false
}