{
  "step": 22,
  "group": 2,
  "rollout": 59,
  "reward": 2.3447877296013773,
  "valid": true,
  "parsed": true,
  "ran": true,
  "msg": "ok",
  "advantage": -1.0,
  "beta": 1048576.0,
  "n_response_tokens": 1880,
  "sandbox_stdout": "Validation failed: Circle 0 at (0.0993701981174874,4.051407919345235e-07) r=1.0000000000546345 outside unit square\n",
  "parent_value": 2.3720882408679866,
  "parent_is_seed": false
}