{
  "step": 42,
  "group": 6,
  "rollout": 11,
  "reward": 2.521126806965372,
  "valid": true,
  "parsed": true,
  "ran": true,
  "msg": "ok",
  "advantage": 0.7745615133214465,
  "beta": 356.4581267513661,
  "n_response_tokens": 2430,
  "sandbox_stdout": "",
  "parent_value": 2.5237509837340886,
  "parent_is_seed": false
}