{
  "step": 29,
  "group": 4,
  "rollout": 12,
  "reward": 2.3674138979983725,
  "valid": true,
  "parsed": true,
  "ran": true,
  "msg": "ok",
  "advantage": 0.2522865449656577,
  "beta": 41.21983194713025,
  "n_response_tokens": 1798,
  "sandbox_stdout": "Validation failed: Circle 0 at (0.09427744881263406,0.09427744881263406) r=0.9999999999996344 outside unit square\n",
  "parent_value": 2.400734826940068,
  "parent_is_seed": false
}