{
  "step": 34,
  "group": 5,
  "rollout": 60,
  "reward": 2.3014731791205283,
  "valid": true,
  "parsed": true,
  "ran": true,
  "msg": "ok",
  "advantage": -0.9999833639667576,
  "beta": 85.19461535170244,
  "n_response_tokens": 1759,
  "sandbox_stdout": "",
  "parent_value": 2.4406261751436102,
  "parent_is_seed": false
}