{
  "step": 3,
  "group": 1,
  "rollout": 17,
  "reward": 0.9636969538039475,
  "valid": true,
  "parsed": true,
  "ran": true,
  "msg": "ok",
  "advantage": -0.14848589583013394,
  "beta": 1.6678495759542917,
  "n_response_tokens": 2142,
  "sandbox_stdout": "",
  "parent_value": 1.954945333515407,
  "parent_is_seed": false
}