{
  "step": 43,
  "group": 0,
  "rollout": 5,
  "reward": 2.513348279720779,
  "valid": true,
  "parsed": true,
  "ran": true,
  "msg": "ok",
  "advantage": -0.954270878485866,
  "beta": 421.7262199114717,
  "n_response_tokens": 2690,
  "sandbox_stdout": "",
  "parent_value": 2.524152134844358,
  "parent_is_seed": false
}