{
  "step": 32,
  "group": 0,
  "rollout": 21,
  "reward": 2.4317203449729394,
  "valid": true,
  "parsed": true,
  "ran": true,
  "msg": "ok",
  "advantage": 0.3693436639658596,
  "beta": 111.51352701386892,
  "n_response_tokens": 2661,
  "sandbox_stdout": "",
  "parent_value": 2.4430108443828384,
  "parent_is_seed": false
}