{
  "step": 8,
  "group": 3,
  "rollout": 8,
  "reward": 2.166666666666667,
  "valid": true,
  "parsed": true,
  "ran": true,
  "msg": "ok",
  "advantage": 1.3116466103422093,
  "beta": 1.885936117276728,
  "n_response_tokens": 1612,
  "sandbox_stdout": "Validation failed: Circle 0 at (0.07758590427827296,0.08872329263802321) r=0.999999999999564 outside unit square\nValidation failed: Circle 0 at (0.08414257073799997,0.08400326698819284) r=0.999999999999564 outside unit square\nValidation failed: Circle 0 at (0.07371080406855521,0.08199912714396093) r=0.999999999999564 outside unit square\nValidation failed: Circle 0 at (0.07394970084344059,0.09116154725134352) r=0.999999999999564 outside unit square\nValidation failed: Circle 0 at (0.08029764286382732,0.08729402263610267) r=0.999999999999564 outside unit square\n",
  "parent_value": 2.166666666666667,
  "parent_is_seed": false
}