{
  "step": 5,
  "group": 2,
  "rollout": 11,
  "reward": 0.0,
  "valid": true,
  "parsed": true,
  "ran": true,
  "msg": "ok",
  "advantage": -0.9711333691822421,
  "beta": 2.0795806478983967,
  "n_response_tokens": 1305,
  "sandbox_stdout": "Validation failed: Circle 0 at (0.6266555004478312,0.9134438074850787) r=1.0 outside unit square\nInitial layout also failed: Circle 5 at (0.05505622623245822,0.5655489599641668) r=0.08333333333333333 outside unit square\n",
  "parent_value": 2.166666666666667,
  "parent_is_seed": false
}