{
  "step": 26,
  "group": 5,
  "rollout": 48,
  "reward": 0.0,
  "valid": true,
  "parsed": true,
  "ran": true,
  "msg": "ok",
  "advantage": -1.0,
  "beta": 3865.002803318575,
  "n_response_tokens": 3063,
  "sandbox_stdout": "Validation failed: Circle 0 at (0.09427744881263406,0.09427744881263406) r=1.0 outside unit square\nPrevious layout also failed: Circle 0 at (0.09427744881263406,0.09427744881263406) r=1.0 outside unit square\nValidation failed: Circle 0 at (0.09427744881263406,0.09427744881263406) r=1.0 outside unit square\nPrevious layout also failed: Circle 0 at (0.09427744881263406,0.09427744881263406) r=1.0 outside unit square\nValidation failed: Circle 0 at (0.09427744881263406,0.09427744881263406) r=1.0 outside unit square\nPrevious layout also failed: Circle 0 at (0.09427744881263406,0.09427744881263406) r=1.0 outside unit square\nValidation failed: Circle 0 at (0.09427744881263406,0.09427744881263406) r=1.0 outside unit square\nPrevious layout also failed: Circle 0 at (0.09427744881263406,0.09427744881263406) r=1.0 outside unit square\nValidation failed: Circle 0 at (0.09427744881263406,0.09427744881263406) r=1.0 outside unit square\nPrevious layout also failed: Circle 0 at (0.09427744881263406,0.09427744881263406) r=1.0 outside unit square\n",
  "parent_value": 2.3720882408679866,
  "parent_is_seed": false
}