{
  "step": 30,
  "group": 4,
  "rollout": 51,
  "reward": 2.3739635688426115,
  "valid": true,
  "parsed": true,
  "ran": true,
  "msg": "ok",
  "advantage": -0.4308803194929619,
  "beta": 62.90415682442961,
  "n_response_tokens": 2062,
  "sandbox_stdout": "Validation failed: Circle 0 at (0.09427744881263406,0.09427744881263406) r=0.9999999999995433 outside unit square\nValidation failed: Circle 0 at (0.0402871102422275,0.9999788116065189) r=1.0 outside unit square\nValidation failed: Circle 0 at (0.09427744881263406,0.09427744881263406) r=22297504.057493083 outside unit square\nValidation failed: Circle 0 at (0.00036456116840467265,0.999804431748237) r=1.0000000001135094 outside unit square\n",
  "parent_value": 2.402602009236336,
  "parent_is_seed": false
}