{
  "step": 38,
  "group": 6,
  "rollout": 34,
  "reward": 2.4829983599613104,
  "valid": true,
  "parsed": true,
  "ran": true,
  "msg": "ok",
  "advantage": 0.6172559414883538,
  "beta": 259.2686691462504,
  "n_response_tokens": 2469,
  "sandbox_stdout": "",
  "parent_value": 2.4799159374778297,
  "parent_is_seed": false
}