{
  "step": 43,
  "group": 2,
  "rollout": 19,
  "reward": 2.5174461745053947,
  "valid": true,
  "parsed": true,
  "ran": true,
  "msg": "ok",
  "advantage": -0.20565965280086607,
  "beta": 289.6180537368688,
  "n_response_tokens": 2665,
  "sandbox_stdout": "",
  "parent_value": 2.524092990041651,
  "parent_is_seed": false
}