{
  "step": 26,
  "group": 1,
  "rollout": 14,
  "reward": 0.0,
  "valid": true,
  "parsed": true,
  "ran": true,
  "msg": "ok",
  "advantage": -1.0,
  "beta": 29.769776805059447,
  "n_response_tokens": 2361,
  "sandbox_stdout": "Validation failed: Circle 0 at (0.06666422336838115,0.06666422336838115) r=0.999999999996342 outside unit square\nInitial layout also failed: Circles 0 and 4 overlap\n",
  "parent_value": 2.398796531594696,
  "parent_is_seed": false
}