{
  "step": 27,
  "group": 4,
  "rollout": 27,
  "reward": 1.508439181002145,
  "valid": true,
  "parsed": true,
  "ran": true,
  "msg": "ok",
  "advantage": -1.0,
  "beta": 1048576.0,
  "n_response_tokens": 2546,
  "sandbox_stdout": "Validation failed: Circle 0 at (5.268106060691081e-14,0.09427744881263406) r=0.9999999999959039 outside unit square\nValidation failed: Circle 0 at (5.268106060691081e-14,0.09427744881263406) r=0.9999999999959039 outside unit square\nValidation failed: Circle 0 at (5.268106060691081e-14,0.09427744881263406) r=0.9999999999959039 outside unit square\nValidation failed: Circle 0 at (5.268106060691081e-14,0.09427744881263406) r=0.9999999999959039 outside unit square\nValidation failed: Circle 0 at (5.268106060691081e-14,0.09427744881263406) r=0.9999999999959039 outside unit square\n",
  "parent_value": 2.372778112070732,
  "parent_is_seed": false
}