{
  "step": 39,
  "group": 3,
  "rollout": 13,
  "reward": 2.522979402331421,
  "valid": true,
  "parsed": true,
  "ran": true,
  "msg": "ok",
  "advantage": 2.3477083994248265,
  "beta": 426.38284748588586,
  "n_response_tokens": 2477,
  "sandbox_stdout": "",
  "parent_value": 2.52329559660863,
  "parent_is_seed": false
}