{
  "step": 40,
  "group": 6,
  "rollout": 54,
  "reward": 2.518683762256434,
  "valid": true,
  "parsed": true,
  "ran": true,
  "msg": "ok",
  "advantage": -0.19906671321025582,
  "beta": 314.25280416101583,
  "n_response_tokens": 2503,
  "sandbox_stdout": "",
  "parent_value": 2.5231155112640264,
  "parent_is_seed": false
}