{
  "step": 5,
  "group": 6,
  "rollout": 19,
  "reward": 1.0657450735341245,
  "valid": true,
  "parsed": true,
  "ran": true,
  "msg": "ok",
  "advantage": -1.0,
  "beta": 1048576.0,
  "n_response_tokens": 1705,
  "sandbox_stdout": "Validation failed: Circle 0 at (0.1639607805437114,0.1639607805437114) r=1.0 outside unit square\n",
  "parent_value": 2.1500210936053255,
  "parent_is_seed": false
}