{
  "step": 29,
  "group": 4,
  "rollout": 49,
  "reward": 0.0,
  "valid": true,
  "parsed": true,
  "ran": true,
  "msg": "ok",
  "advantage": -1.0,
  "beta": 41.21983194713025,
  "n_response_tokens": 2177,
  "sandbox_stdout": "Validation failed: Circle 0 at (0.13426737798159913,0.1328256861386044) r=0.9999999999995561 outside unit square\nInitial layout also failed: Circle 1 at (0.298148929299754,0.0635538489573051) r=0.09427744881263406 outside unit square\n",
  "parent_value": 2.400734826940068,
  "parent_is_seed": false
}