{
  "step": 34,
  "group": 0,
  "rollout": 21,
  "reward": 2.424505612547856,
  "valid": true,
  "parsed": true,
  "ran": true,
  "msg": "ok",
  "advantage": -0.19207769158397447,
  "beta": 67.45379404774611,
  "n_response_tokens": 2488,
  "sandbox_stdout": "",
  "parent_value": 2.4471547058281016,
  "parent_is_seed": false
}