{
  "step": 32,
  "group": 4,
  "rollout": 49,
  "reward": 2.405124881419348,
  "valid": true,
  "parsed": true,
  "ran": true,
  "msg": "ok",
  "advantage": 0.9611415361911477,
  "beta": 229.91163250794577,
  "n_response_tokens": 2181,
  "sandbox_stdout": "",
  "parent_value": 2.4090000412543757,
  "parent_is_seed": false
}