{
  "step": 25,
  "group": 0,
  "rollout": 53,
  "reward": 2.3747252668421037,
  "valid": true,
  "parsed": true,
  "ran": true,
  "msg": "ok",
  "advantage": 0.6712943126345372,
  "beta": 32.996340543552215,
  "n_response_tokens": 1734,
  "sandbox_stdout": "Validation failed: Circle 0 at (0.09427744881263406,0.09427744881263406) r=0.99999999999885 outside unit square\n",
  "parent_value": 2.3760704662020573,
  "parent_is_seed": false
}