{
  "step": 41,
  "group": 2,
  "rollout": 62,
  "reward": 2.51692837595558,
  "valid": true,
  "parsed": true,
  "ran": true,
  "msg": "ok",
  "advantage": -0.6235443251978827,
  "beta": 362.5792625418703,
  "n_response_tokens": 2577,
  "sandbox_stdout": "",
  "parent_value": 2.5241510853647955,
  "parent_is_seed": false
}