{
  "step": 25,
  "group": 0,
  "rollout": 1,
  "reward": 2.3908171324351635,
  "valid": true,
  "parsed": true,
  "ran": true,
  "msg": "ok",
  "advantage": 1.8960026613371208,
  "beta": 32.996340543552215,
  "n_response_tokens": 2443,
  "sandbox_stdout": "Validation failed: Circle 0 at (6.874342867609725e-14,4.8098452706616153e-14) r=1.0 outside unit square\nInitial layout also failed: Circle 0 at (0.0,0.0) r=0.08333333333333333 outside unit square\nValidation failed: Circle 0 at (0.09427744881263406,0.09427744881263406) r=0.999999999998981 outside unit square\nValidation failed: Circle 0 at (0.09427744881263406,0.09427744881263406) r=0.9999999999992664 outside unit square\n",
  "parent_value": 2.3760704662020573,
  "parent_is_seed": false
}