{
  "step": 33,
  "group": 5,
  "rollout": 32,
  "reward": 2.4048627951301262,
  "valid": true,
  "parsed": true,
  "ran": true,
  "msg": "ok",
  "advantage": -0.059642571345097206,
  "beta": 93.09888914207674,
  "n_response_tokens": 3344,
  "sandbox_stdout": "",
  "parent_value": 2.4094656132629684,
  "parent_is_seed": false
}