{
  "step": 6,
  "group": 5,
  "rollout": 59,
  "reward": 0.0,
  "valid": true,
  "parsed": true,
  "ran": true,
  "msg": "ok",
  "advantage": -0.9999998662983356,
  "beta": 7.628097302910225,
  "n_response_tokens": 1905,
  "sandbox_stdout": "Validation failed: Circle 0 at (0.08333333333333333,0.12371791482634838) r=0.999999999999564 outside unit square\nInitial layout also failed: Circle 20 at (0.08333333333333333,0.999999999999) r=0.08333333333333333 outside unit square\n",
  "parent_value": 2.166666666666667,
  "parent_is_seed": false
}