{
  "step": 41,
  "group": 6,
  "rollout": 4,
  "reward": 2.52246730464997,
  "valid": true,
  "parsed": true,
  "ran": true,
  "msg": "ok",
  "advantage": 1.3862690115445515,
  "beta": 366.94999745105827,
  "n_response_tokens": 2696,
  "sandbox_stdout": "",
  "parent_value": 2.5239070567447666,
  "parent_is_seed": false
}