{
  "step": 32,
  "group": 1,
  "rollout": 29,
  "reward": 2.4467914613662076,
  "valid": true,
  "parsed": true,
  "ran": true,
  "msg": "ok",
  "advantage": 4.751154545846246,
  "beta": 70.03533762749522,
  "n_response_tokens": 2632,
  "sandbox_stdout": "",
  "parent_value": 2.4398732552435183,
  "parent_is_seed": false
}