{
  "step": 42,
  "group": 4,
  "rollout": 59,
  "reward": 2.522194013540708,
  "valid": true,
  "parsed": true,
  "ran": true,
  "msg": "ok",
  "advantage": 1.7761384899171495,
  "beta": 303.5970272270128,
  "n_response_tokens": 2525,
  "sandbox_stdout": "",
  "parent_value": 2.523877628663616,
  "parent_is_seed": false
}