{
  "step": 32,
  "group": 5,
  "rollout": 40,
  "reward": 2.371689969482929,
  "valid": true,
  "parsed": true,
  "ran": true,
  "msg": "ok",
  "advantage": -0.8204406917421259,
  "beta": 74.48559677386788,
  "n_response_tokens": 2147,
  "sandbox_stdout": "",
  "parent_value": 2.4085945115224545,
  "parent_is_seed": false
}