{
  "step": 37,
  "group": 3,
  "rollout": 14,
  "reward": 2.4594117081556712,
  "valid": true,
  "parsed": true,
  "ran": true,
  "msg": "ok",
  "advantage": -0.854614718450704,
  "beta": 231.2679763796472,
  "n_response_tokens": 1698,
  "sandbox_stdout": "",
  "parent_value": 2.4675285817951207,
  "parent_is_seed": false
}