{
  "step": 36,
  "group": 6,
  "rollout": 27,
  "reward": 2.447359873288083,
  "valid": true,
  "parsed": true,
  "ran": true,
  "msg": "ok",
  "advantage": 0.7658770802609689,
  "beta": 187.02522203465082,
  "n_response_tokens": 2645,
  "sandbox_stdout": "",
  "parent_value": 2.4552048906625803,
  "parent_is_seed": false
}