{
  "step": 15,
  "group": 0,
  "rollout": 60,
  "reward": 0.0,
  "valid": true,
  "parsed": true,
  "ran": true,
  "msg": "ok",
  "advantage": -1.0,
  "beta": 99.67360511086791,
  "n_response_tokens": 1781,
  "sandbox_stdout": "Validation failed: Circle 22 at (0.9942246297562298,1.0) r=0.0007624030574184724 outside unit square\nInitial layout also failed: Circle 11 has negative radius -0.6339745962155612\n",
  "parent_value": 2.3447877296013773,
  "parent_is_seed": false
}