{
  "step": 37,
  "group": 7,
  "rollout": 20,
  "reward": 2.4669804514012963,
  "valid": true,
  "parsed": true,
  "ran": true,
  "msg": "ok",
  "advantage": 4.2236334874733865,
  "beta": 200.9646541332198,
  "n_response_tokens": 2816,
  "sandbox_stdout": "",
  "parent_value": 2.4627348159864586,
  "parent_is_seed": false
}