{
  "step": 30,
  "group": 3,
  "rollout": 24,
  "reward": 2.3510996964274997,
  "valid": true,
  "parsed": true,
  "ran": true,
  "msg": "ok",
  "advantage": -0.6440312410394526,
  "beta": 52.97382015238213,
  "n_response_tokens": 1687,
  "sandbox_stdout": "Validation failed: Circle 0 at (0.09427744881263406,0.09427744881263406) r=0.9999999999987095 outside unit square\n",
  "parent_value": 2.4026321017064376,
  "parent_is_seed": false
}