{
  "step": 10,
  "group": 6,
  "rollout": 32,
  "reward": 0.0,
  "valid": true,
  "parsed": true,
  "ran": true,
  "msg": "ok",
  "advantage": -0.9999982805556591,
  "beta": 5.990287189984818,
  "n_response_tokens": 1825,
  "sandbox_stdout": "Validation failed: Circle 0 at (0.09017842929904128,0.09017842929904128) r=0.9999999999987508 outside unit square\nInitial layout also failed: Circles 0 and 5 overlap\n",
  "parent_value": 2.344639161775073,
  "parent_is_seed": false
}