{
  "step": 28,
  "group": 3,
  "rollout": 52,
  "reward": 0.0,
  "valid": true,
  "parsed": true,
  "ran": true,
  "msg": "ok",
  "advantage": -1.0,
  "beta": 74.96006675868387,
  "n_response_tokens": 1776,
  "sandbox_stdout": "Validation failed: Circle 0 at (0.1295331099591844,0.00835320641061489) r=0.9999999999961617 outside unit square\nInitial layout also failed: Circles 1 and 8 overlap\n",
  "parent_value": 2.3940700736786615,
  "parent_is_seed": false
}