{
  "step": 18,
  "group": 4,
  "rollout": 60,
  "reward": 2.3720882408679866,
  "valid": true,
  "parsed": true,
  "ran": true,
  "msg": "ok",
  "advantage": 0.3695652173894288,
  "beta": 1048576.0,
  "n_response_tokens": 2273,
  "sandbox_stdout": "Validation failed: Circle 0 at (0.5160432175363755,0.8244383585145918) r=0.9999999999999782 outside unit square\nInitial layout also failed: Circles 2 and 6 overlap\nValidation failed: Circle 0 at (0.09427744881263406,0.09427744881263406) r=0.9999999999992697 outside unit square\nValidation failed: Circle 0 at (0.7168754762686729,0.032454332693280685) r=0.999999999999899 outside unit square\nInitial layout also failed: Circles 4 and 12 overlap\nValidation failed: Circle 0 at (0.9633862681072272,0.29148674076092107) r=1.0 outside unit square\nInitial layout also failed: Circles 0 and 11 overlap\nValidation failed: Circle 0 at (0.09427744881263406,0.09427744881263406) r=0.9999999999992697 outside unit square\n",
  "parent_value": 2.3720882408679866,
  "parent_is_seed": false
}