{
  "step": 40,
  "group": 4,
  "rollout": 22,
  "reward": 2.518822382534113,
  "valid": true,
  "parsed": true,
  "ran": true,
  "msg": "ok",
  "advantage": 0.057902497743829384,
  "beta": 276.9206129610181,
  "n_response_tokens": 2567,
  "sandbox_stdout": "",
  "parent_value": 2.523218311990641,
  "parent_is_seed": false
}