{
  "step": 20,
  "group": 2,
  "rollout": 41,
  "reward": 2.344639161775073,
  "valid": true,
  "parsed": true,
  "ran": true,
  "msg": "ok",
  "advantage": -1.0,
  "beta": 1048576.0,
  "n_response_tokens": 2222,
  "sandbox_stdout": "Validation failed: Circle 0 at (0.09017842929904128,0.09017842929904128) r=0.9999999999987508 outside unit square\nValidation failed: Circle 0 at (0.09017842929904128,0.09017842929904128) r=0.9999999999987508 outside unit square\nValidation failed: Circle 0 at (0.09017842929904128,0.09017842929904128) r=0.9999999999987508 outside unit square\nValidation failed: Circle 0 at (0.09017842929904128,0.09017842929904128) r=0.9999999999987508 outside unit square\nValidation failed: Circle 0 at (0.09017842929904128,0.09017842929904128) r=0.9999999999987508 outside unit square\n",
  "parent_value": 2.3720882408679866,
  "parent_is_seed": false
}