{
  "step": 39,
  "group": 5,
  "rollout": 39,
  "reward": 2.480728534560916,
  "valid": true,
  "parsed": true,
  "ran": true,
  "msg": "ok",
  "advantage": -0.6457903905867569,
  "beta": 134.63200230371572,
  "n_response_tokens": 3100,
  "sandbox_stdout": "",
  "parent_value": 2.500820281852586,
  "parent_is_seed": false
}