{
  "step": 43,
  "group": 2,
  "rollout": 41,
  "reward": 2.5222024143093567,
  "valid": true,
  "parsed": true,
  "ran": true,
  "msg": "ok",
  "advantage": 2.271832188661006,
  "beta": 289.6180537368688,
  "n_response_tokens": 2665,
  "sandbox_stdout": "",
  "parent_value": 2.524092990041651,
  "parent_is_seed": false
}