{
  "step": 31,
  "group": 5,
  "rollout": 25,
  "reward": 2.38437433715026,
  "valid": true,
  "parsed": true,
  "ran": true,
  "msg": "ok",
  "advantage": 0.24374739954446278,
  "beta": 69.37823052272641,
  "n_response_tokens": 2318,
  "sandbox_stdout": "Validation failed: Circle 0 at (0.09427744881263406,0.09427744881263406) r=0.9999999999992435 outside unit square\nValidation failed: Circle 0 at (0.027932378965606547,0.003553386892082405) r=1.0 outside unit square\nValidation failed: Circle 0 at (0.09427744881263406,0.09427744881263406) r=48006460.826842815 outside unit square\nValidation failed: Circle 0 at (0.0013744263450205386,1.6862295387947835e-05) r=0.9999999976828555 outside unit square\nValidation failed: Circle 0 at (0.09427744881263406,0.09427744881263406) r=1.0 outside unit square\n",
  "parent_value": 2.4025735793620857,
  "parent_is_seed": false
}