{
  "step": 35,
  "group": 0,
  "rollout": 26,
  "reward": 2.466669739019728,
  "valid": true,
  "parsed": true,
  "ran": true,
  "msg": "ok",
  "advantage": -0.039254385698454186,
  "beta": 153.3765931840558,
  "n_response_tokens": 2337,
  "sandbox_stdout": "",
  "parent_value": 2.466152689236886,
  "parent_is_seed": false
}