{
  "step": 3,
  "group": 4,
  "rollout": 39,
  "reward": 1.6000000000000005,
  "valid": true,
  "parsed": true,
  "ran": true,
  "msg": "ok",
  "advantage": 1.9413830614380063,
  "beta": 1.530667053360624,
  "n_response_tokens": 1502,
  "sandbox_stdout": "",
  "parent_value": 1.8000000000000003,
  "parent_is_seed": false
}