{
  "step": 3,
  "group": 5,
  "rollout": 20,
  "reward": 1.2500000000000002,
  "valid": true,
  "parsed": true,
  "ran": true,
  "msg": "ok",
  "advantage": 0.658339050334984,
  "beta": 1.784461241899415,
  "n_response_tokens": 1507,
  "sandbox_stdout": "",
  "parent_value": 1.8000000000000003,
  "parent_is_seed": false
}