{
  "step": 37,
  "group": 1,
  "rollout": 40,
  "reward": 2.486988171183114,
  "valid": true,
  "parsed": true,
  "ran": true,
  "msg": "ok",
  "advantage": 1.5856721508272482,
  "beta": 297.67710804837367,
  "n_response_tokens": 2667,
  "sandbox_stdout": "Genetic algorithm time: 28.3746 seconds\nRefinement time: 0.0072 seconds\n",
  "parent_value": 2.4888593497646676,
  "parent_is_seed": false
}