{
  "step": 36,
  "group": 4,
  "rollout": 29,
  "reward": 2.4558804630900077,
  "valid": true,
  "parsed": true,
  "ran": true,
  "msg": "ok",
  "advantage": 1.3618339083146012,
  "beta": 89.22551674917449,
  "n_response_tokens": 2623,
  "sandbox_stdout": "",
  "parent_value": 2.457279085221333,
  "parent_is_seed": false
}