{
  "step": 35,
  "group": 3,
  "rollout": 42,
  "reward": 2.3654132977219833,
  "valid": true,
  "parsed": true,
  "ran": true,
  "msg": "ok",
  "advantage": -0.9999872953716716,
  "beta": 143.7215340298376,
  "n_response_tokens": 2034,
  "sandbox_stdout": "",
  "parent_value": 2.4542608554238403,
  "parent_is_seed": false
}