{
  "step": 16,
  "group": 3,
  "rollout": 61,
  "reward": 1.2500000000000004,
  "valid": true,
  "parsed": true,
  "ran": true,
  "msg": "ok",
  "advantage": -1.0,
  "beta": 1048576.0,
  "n_response_tokens": 1871,
  "sandbox_stdout": "Validation failed: Circle 0 at (0.08333333333333333,0.16666666666666666) r=1.0 outside unit square\n",
  "parent_value": 2.3447877296013773,
  "parent_is_seed": false
}