{
  "step": 28,
  "group": 6,
  "rollout": 23,
  "reward": 2.393675335686695,
  "valid": true,
  "parsed": true,
  "ran": true,
  "msg": "ok",
  "advantage": 1.8504446855875676,
  "beta": 67.26381515783808,
  "n_response_tokens": 1832,
  "sandbox_stdout": "Validation failed: Circle 0 at (0.09427744881263406,0.09427744881263406) r=0.9999999999993626 outside unit square\n",
  "parent_value": 2.3928335119262054,
  "parent_is_seed": false
}