{
  "step": 44,
  "group": 2,
  "rollout": 43,
  "reward": 2.522205816135858,
  "valid": true,
  "parsed": true,
  "ran": true,
  "msg": "ok",
  "advantage": -0.6228153212849391,
  "beta": 980.6299855428642,
  "n_response_tokens": 2589,
  "sandbox_stdout": "",
  "parent_value": 2.524041847989503,
  "parent_is_seed": false
}