{
  "step": 34,
  "group": 1,
  "rollout": 51,
  "reward": 2.4341788428263738,
  "valid": true,
  "parsed": true,
  "ran": true,
  "msg": "ok",
  "advantage": 1.3111045831594628,
  "beta": 21.67539400627494,
  "n_response_tokens": 2474,
  "sandbox_stdout": "",
  "parent_value": 2.4448545970536197,
  "parent_is_seed": false
}