{
  "step": 31,
  "group": 6,
  "rollout": 18,
  "reward": 0.0,
  "valid": true,
  "parsed": true,
  "ran": true,
  "msg": "ok",
  "advantage": -1.0,
  "beta": 70.67964761683018,
  "n_response_tokens": 2059,
  "sandbox_stdout": "Validation failed: Circle 0 at (0.09427744881263406,0.09427744881263406) r=0.9999999999996184 outside unit square\nInitial layout also failed: Circles 14 and 19 overlap\nValidation failed: Circle 0 at (0.006527779494820255,0.0032760542553958378) r=1.0 outside unit square\nInitial layout also failed: Circles 14 and 19 overlap\nValidation failed: Circle 0 at (0.09427744881263406,0.09427744881263406) r=7222041.170174578 outside unit square\nInitial layout also failed: Circles 14 and 19 overlap\nValidation failed: Circle 25 has negative radius -1.852768037394825e-12\nInitial layout also failed: Circles 14 and 19 overlap\n",
  "parent_value": 2.4012916931786332,
  "parent_is_seed": false
}