{
  "step": 38,
  "group": 4,
  "rollout": 4,
  "reward": 2.4791442887825665,
  "valid": true,
  "parsed": true,
  "ran": true,
  "msg": "ok",
  "advantage": -0.7544425304754541,
  "beta": 319.9463200010128,
  "n_response_tokens": 2587,
  "sandbox_stdout": "Genetic algorithm time: 28.1306 seconds\nRefinement time: 0.2080 seconds\n",
  "parent_value": 2.487361741061314,
  "parent_is_seed": false
}