{
  "step": 35,
  "group": 7,
  "rollout": 41,
  "reward": 2.4301797533366774,
  "valid": true,
  "parsed": true,
  "ran": true,
  "msg": "ok",
  "advantage": 0.057484015547661915,
  "beta": 130.31025307108035,
  "n_response_tokens": 2693,
  "sandbox_stdout": "",
  "parent_value": 2.444018378963807,
  "parent_is_seed": false
}