{
  "step": 26,
  "group": 3,
  "rollout": 34,
  "reward": 2.3447877296013773,
  "valid": true,
  "parsed": true,
  "ran": true,
  "msg": "ok",
  "advantage": -1.0,
  "beta": 1048576.0,
  "n_response_tokens": 2272,
  "sandbox_stdout": "Validation failed: Circle 0 at (7.916114130558773e-10,0.0) r=1.0 outside unit square\nValidation failed: Circle 0 at (7.916114130558773e-10,0.0) r=1.0 outside unit square\nValidation failed: Circle 0 at (7.916114130558773e-10,0.0) r=1.0 outside unit square\nValidation failed: Circle 0 at (7.916114130558773e-10,0.0) r=1.0 outside unit square\nValidation failed: Circle 0 at (7.916114130558773e-10,0.0) r=1.0 outside unit square\n",
  "parent_value": 2.3720882408679875,
  "parent_is_seed": false
}