{
  "step": 29,
  "group": 3,
  "rollout": 35,
  "reward": 1.2425184100754747,
  "valid": true,
  "parsed": true,
  "ran": true,
  "msg": "ok",
  "advantage": -1.0,
  "beta": 49.76737662183935,
  "n_response_tokens": 1806,
  "sandbox_stdout": "Validation failed: Circle 0 at (1.6892527106910122e-11,1.685840311744684e-11) r=0.9999999999872322 outside unit square\n",
  "parent_value": 2.4020765974234912,
  "parent_is_seed": false
}