{
  "step": 32,
  "group": 2,
  "rollout": 19,
  "reward": 2.4037591016716036,
  "valid": true,
  "parsed": true,
  "ran": true,
  "msg": "ok",
  "advantage": 1.3438344682722079,
  "beta": 48.780520602112695,
  "n_response_tokens": 2306,
  "sandbox_stdout": "",
  "parent_value": 2.40942403179486,
  "parent_is_seed": false
}