{
  "step": 35,
  "group": 4,
  "rollout": 63,
  "reward": 2.4160161424463267,
  "valid": true,
  "parsed": true,
  "ran": true,
  "msg": "ok",
  "advantage": -0.8672298977451568,
  "beta": 135.2202032808084,
  "n_response_tokens": 2398,
  "sandbox_stdout": "",
  "parent_value": 2.446787398863279,
  "parent_is_seed": false
}