{
  "step": 31,
  "group": 1,
  "rollout": 36,
  "reward": 2.4037940952320755,
  "valid": true,
  "parsed": true,
  "ran": true,
  "msg": "ok",
  "advantage": 1.1252126593434424,
  "beta": 79.37787019275669,
  "n_response_tokens": 1966,
  "sandbox_stdout": "",
  "parent_value": 2.408021928232649,
  "parent_is_seed": false
}