{
  "step": 36,
  "group": 5,
  "rollout": 35,
  "reward": 2.4574861633929705,
  "valid": true,
  "parsed": true,
  "ran": true,
  "msg": "ok",
  "advantage": 2.202963742371074,
  "beta": 126.17859470036484,
  "n_response_tokens": 2602,
  "sandbox_stdout": "",
  "parent_value": 2.4572112839785953,
  "parent_is_seed": false
}