{
  "step": 33,
  "group": 0,
  "rollout": 32,
  "reward": 2.431292495316236,
  "valid": true,
  "parsed": true,
  "ran": true,
  "msg": "ok",
  "advantage": -0.06885194136407224,
  "beta": 164.30730108282066,
  "n_response_tokens": 2373,
  "sandbox_stdout": "",
  "parent_value": 2.4480187753059144,
  "parent_is_seed": false
}