{
  "step": 43,
  "group": 2,
  "rollout": 2,
  "reward": 2.5168155668445737,
  "valid": true,
  "parsed": true,
  "ran": true,
  "msg": "ok",
  "advantage": -0.33964726414527413,
  "beta": 289.6180537368688,
  "n_response_tokens": 2594,
  "sandbox_stdout": "",
  "parent_value": 2.524092990041651,
  "parent_is_seed": false
}