{
  "step": 23,
  "group": 7,
  "rollout": 14,
  "reward": 2.3720882408679866,
  "valid": true,
  "parsed": true,
  "ran": true,
  "msg": "ok",
  "advantage": 0.12499086171164042,
  "beta": 1048576.0,
  "n_response_tokens": 1933,
  "sandbox_stdout": "Validation failed: Circle 0 at (0.09427744881263406,0.09427744881263406) r=0.9999999999992697 outside unit square\n",
  "parent_value": 2.3720882408679866,
  "parent_is_seed": false
}