{
  "step": 40,
  "group": 2,
  "rollout": 55,
  "reward": 2.5172062320882223,
  "valid": true,
  "parsed": true,
  "ran": true,
  "msg": "ok",
  "advantage": -0.4618270207017169,
  "beta": 326.88176199578004,
  "n_response_tokens": 2513,
  "sandbox_stdout": "",
  "parent_value": 2.523811099681761,
  "parent_is_seed": false
}