{
  "step": 27,
  "group": 3,
  "rollout": 11,
  "reward": 2.3934249693942884,
  "valid": true,
  "parsed": true,
  "ran": true,
  "msg": "ok",
  "advantage": 5.628525510992319,
  "beta": 73.13282559833468,
  "n_response_tokens": 2121,
  "sandbox_stdout": "Validation failed: Circle 0 at (0.09427744881263406,0.09427744881263406) r=1.0 outside unit square\n",
  "parent_value": 2.391734693758117,
  "parent_is_seed": false
}