{
  "step": 33,
  "group": 1,
  "rollout": 54,
  "reward": 2.4351050716200953,
  "valid": true,
  "parsed": true,
  "ran": true,
  "msg": "ok",
  "advantage": 2.1033632513080955,
  "beta": 105.68895740355242,
  "n_response_tokens": 2580,
  "sandbox_stdout": "",
  "parent_value": 2.4467914613662076,
  "parent_is_seed": false
}