{
  "step": 32,
  "group": 1,
  "rollout": 19,
  "reward": 2.427652997289346,
  "valid": true,
  "parsed": true,
  "ran": true,
  "msg": "ok",
  "advantage": 0.4103135718677693,
  "beta": 70.03533762749522,
  "n_response_tokens": 2778,
  "sandbox_stdout": "",
  "parent_value": 2.4398732552435183,
  "parent_is_seed": false
}