{
  "step": 28,
  "group": 0,
  "rollout": 36,
  "reward": 2.307733560660095,
  "valid": true,
  "parsed": true,
  "ran": true,
  "msg": "ok",
  "advantage": -0.9560186191184658,
  "beta": 55.22328552121206,
  "n_response_tokens": 2124,
  "sandbox_stdout": "Validation failed: Circle 0 at (0.09427744881263406,0.09427744881263406) r=1.0 outside unit square\n",
  "parent_value": 2.403477911769514,
  "parent_is_seed": false
}