{
  "step": 5,
  "group": 5,
  "rollout": 52,
  "reward": 2.1500210936053263,
  "valid": true,
  "parsed": true,
  "ran": true,
  "msg": "ok",
  "advantage": 1.0719447364189527,
  "beta": 90073.17400282042,
  "n_response_tokens": 2026,
  "sandbox_stdout": "Validation failed: Circles 0 and 1 overlap\n",
  "parent_value": 2.1500210936053263,
  "parent_is_seed": false
}