{
  "step": 28,
  "group": 0,
  "rollout": 2,
  "reward": 0.0,
  "valid": true,
  "parsed": true,
  "ran": true,
  "msg": "ok",
  "advantage": -1.0,
  "beta": 55.22328552121206,
  "n_response_tokens": 2208,
  "sandbox_stdout": "Validation failed: Circle 0 at (0.011811229261675181,0.7411908578935333) r=1.0000000142645655 outside unit square\nInitial layout also failed: Circles 14 and 19 overlap\n",
  "parent_value": 2.403477911769514,
  "parent_is_seed": false
}