{
  "step": 33,
  "group": 5,
  "rollout": 1,
  "reward": 2.4032544846396067,
  "valid": true,
  "parsed": true,
  "ran": true,
  "msg": "ok",
  "advantage": -0.19208681677716322,
  "beta": 93.09888914207674,
  "n_response_tokens": 2640,
  "sandbox_stdout": "",
  "parent_value": 2.4094656132629684,
  "parent_is_seed": false
}