{
  "step": 37,
  "group": 3,
  "rollout": 4,
  "reward": 2.467329211728939,
  "valid": true,
  "parsed": true,
  "ran": true,
  "msg": "ok",
  "advantage": -0.08161226624839857,
  "beta": 231.2679763796472,
  "n_response_tokens": 2392,
  "sandbox_stdout": "",
  "parent_value": 2.4675285817951207,
  "parent_is_seed": false
}