{
  "step": 35,
  "group": 2,
  "rollout": 49,
  "reward": 2.4553532735468755,
  "valid": true,
  "parsed": true,
  "ran": true,
  "msg": "ok",
  "advantage": 1.4049197277071093,
  "beta": 236.45655487193744,
  "n_response_tokens": 2582,
  "sandbox_stdout": "",
  "parent_value": 2.4570864193979998,
  "parent_is_seed": false
}