{
  "step": 27,
  "group": 1,
  "rollout": 6,
  "reward": 2.368250729632982,
  "valid": true,
  "parsed": true,
  "ran": true,
  "msg": "ok",
  "advantage": 0.10550577864758859,
  "beta": 39.44664001953181,
  "n_response_tokens": 1784,
  "sandbox_stdout": "Validation failed: Circle 0 at (0.09427744881263406,0.09427744881263406) r=0.999999999999468 outside unit square\n",
  "parent_value": 2.394801888020679,
  "parent_is_seed": false
}