{
  "step": 18,
  "group": 5,
  "rollout": 4,
  "reward": 2.333974596215562,
  "valid": true,
  "parsed": true,
  "ran": true,
  "msg": "ok",
  "advantage": -1.0,
  "beta": 1048576.0,
  "n_response_tokens": 2076,
  "sandbox_stdout": "Validation failed: Circle 0 at (0.1,0.1) r=0.9999999999983586 outside unit square\nValidation failed: Circle 0 at (0.1,0.1) r=0.9999999999983586 outside unit square\nValidation failed: Circle 0 at (0.1,0.1) r=0.9999999999983586 outside unit square\nValidation failed: Circle 0 at (0.1,0.1) r=0.9999999999983586 outside unit square\nValidation failed: Circle 0 at (0.1,0.1) r=0.9999999999983586 outside unit square\nValidation failed: Circle 0 at (0.1,0.1) r=0.9999999999983586 outside unit square\nValidation failed: Circle 0 at (0.1,0.1) r=0.9999999999983586 outside unit square\nValidation failed: Circle 0 at (0.1,0.1) r=0.9999999999983586 outside unit square\nValidation failed: Circle 0 at (0.1,0.1) r=0.9999999999983586 outside unit square\nValidation failed: Circle 0 at (0.1,0.1) r=0.9999999999983586 outside unit square\n",
  "parent_value": 2.3720882408679866,
  "parent_is_seed": false
}