{
  "step": 14,
  "group": 1,
  "rollout": 37,
  "reward": 0.0,
  "valid": true,
  "parsed": true,
  "ran": true,
  "msg": "ok",
  "advantage": -1.0,
  "beta": 1048576.0,
  "n_response_tokens": 1830,
  "sandbox_stdout": "Validation failed: Circle 0 at (0.18035685859808256,0.18035685859808256) r=1.0 outside unit square\nInitial layout also failed: Circle 17 at (0.8196431414019174,1.1175185863542667) r=0.18035685859808256 outside unit square\n",
  "parent_value": 2.344639161775073,
  "parent_is_seed": false
}