{
  "step": 29,
  "group": 7,
  "rollout": 13,
  "reward": 0.0,
  "valid": true,
  "parsed": true,
  "ran": true,
  "msg": "ok",
  "advantage": -1.0,
  "beta": 55.33364544242901,
  "n_response_tokens": 2521,
  "sandbox_stdout": "Validation failed: Circle 0 at (0.999999999999975,0.5) r=0.9999999999998254 outside unit square\nInitial layout also failed: Circle 0 has negative radius -1.1102230246251565e-16\nValidation failed: Circle 0 at (0.09436296472884981,0.9555315318577038) r=0.1482146539907389 outside unit square\nInitial layout also failed: Circle 0 has negative radius -1.1102230246251565e-16\nValidation failed: Circle 0 at (1.0,0.5) r=1.0 outside unit square\nInitial layout also failed: Circle 0 has negative radius -1.1102230246251565e-16\n",
  "parent_value": 2.397519152332408,
  "parent_is_seed": false
}