{
  "step": 41,
  "group": 0,
  "rollout": 41,
  "reward": 2.515362344408853,
  "valid": true,
  "parsed": true,
  "ran": true,
  "msg": "ok",
  "advantage": -0.8851048940293943,
  "beta": 465.6355809687069,
  "n_response_tokens": 2534,
  "sandbox_stdout": "",
  "parent_value": 2.5246633502382383,
  "parent_is_seed": false
}