{
  "step": 35,
  "group": 4,
  "rollout": 14,
  "reward": 2.4323897114192743,
  "valid": true,
  "parsed": true,
  "ran": true,
  "msg": "ok",
  "advantage": 0.2364343539027891,
  "beta": 135.2202032808084,
  "n_response_tokens": 2257,
  "sandbox_stdout": "",
  "parent_value": 2.446787398863279,
  "parent_is_seed": false
}