{
  "step": 5,
  "group": 3,
  "rollout": 10,
  "reward": 0.0,
  "valid": true,
  "parsed": true,
  "ran": true,
  "msg": "ok",
  "advantage": -0.8756600027562824,
  "beta": 1.420072479034654,
  "n_response_tokens": 1720,
  "sandbox_stdout": "Validation failed: Circle 0 at (0.1,0.1) r=0.9999999999990055 outside unit square\nInitial layout also failed: Circle 6 at (1.0,0.2) r=0.18000000000000002 outside unit square\n",
  "parent_value": 2.166666666666667,
  "parent_is_seed": false
}