{
  "step": 30,
  "group": 2,
  "rollout": 26,
  "reward": 2.4043700394674152,
  "valid": true,
  "parsed": true,
  "ran": true,
  "msg": "ok",
  "advantage": 1.8173186098105139,
  "beta": 51.69044548831972,
  "n_response_tokens": 2046,
  "sandbox_stdout": "",
  "parent_value": 2.4056249025901866,
  "parent_is_seed": false
}