{
  "step": 34,
  "group": 2,
  "rollout": 34,
  "reward": 2.4369887430698642,
  "valid": true,
  "parsed": true,
  "ran": true,
  "msg": "ok",
  "advantage": -0.6198117795140714,
  "beta": 152.50479158414757,
  "n_response_tokens": 2697,
  "sandbox_stdout": "",
  "parent_value": 2.443236410465048,
  "parent_is_seed": false
}