{
  "step": 5,
  "group": 2,
  "rollout": 45,
  "reward": 0.9100000000000001,
  "valid": true,
  "parsed": true,
  "ran": true,
  "msg": "ok",
  "advantage": -0.807962597947975,
  "beta": 2.0795806478983967,
  "n_response_tokens": 1841,
  "sandbox_stdout": "Validation failed: Circle 0 at (0.08333333333333333,0.08333333333333333) r=1.0 outside unit square\n",
  "parent_value": 2.166666666666667,
  "parent_is_seed": false
}