{
  "step": 39,
  "group": 3,
  "rollout": 5,
  "reward": 2.52108759630343,
  "valid": true,
  "parsed": true,
  "ran": true,
  "msg": "ok",
  "advantage": 0.451572299443489,
  "beta": 426.38284748588586,
  "n_response_tokens": 2682,
  "sandbox_stdout": "",
  "parent_value": 2.52329559660863,
  "parent_is_seed": false
}