{
  "step": 32,
  "group": 4,
  "rollout": 23,
  "reward": 2.407520835636876,
  "valid": true,
  "parsed": true,
  "ran": true,
  "msg": "ok",
  "advantage": 2.4817045509583355,
  "beta": 229.91163250794577,
  "n_response_tokens": 2094,
  "sandbox_stdout": "",
  "parent_value": 2.4090000412543757,
  "parent_is_seed": false
}