{
  "step": 39,
  "group": 2,
  "rollout": 50,
  "reward": 2.520367975375069,
  "valid": true,
  "parsed": true,
  "ran": true,
  "msg": "ok",
  "advantage": 0.5563798571940779,
  "beta": 325.0414141463913,
  "n_response_tokens": 2707,
  "sandbox_stdout": "",
  "parent_value": 2.523304222083282,
  "parent_is_seed": false
}