{
  "step": 30,
  "group": 0,
  "rollout": 49,
  "reward": 1.1953440932911605,
  "valid": true,
  "parsed": true,
  "ran": true,
  "msg": "ok",
  "advantage": -1.0,
  "beta": 79.14906656164504,
  "n_response_tokens": 1749,
  "sandbox_stdout": "Validation failed: Circle 0 at (0.18855489762526811,0.18855489762526811) r=0.9999999999999819 outside unit square\n",
  "parent_value": 2.4090704916247114,
  "parent_is_seed": false
}