{
  "step": 35,
  "group": 2,
  "rollout": 54,
  "reward": 2.451000759924862,
  "valid": true,
  "parsed": true,
  "ran": true,
  "msg": "ok",
  "advantage": -0.16129960622092687,
  "beta": 236.45655487193744,
  "n_response_tokens": 2757,
  "sandbox_stdout": "",
  "parent_value": 2.4570864193979998,
  "parent_is_seed": false
}