{
  "step": 39,
  "group": 5,
  "rollout": 27,
  "reward": 2.4637602186818697,
  "valid": true,
  "parsed": true,
  "ran": true,
  "msg": "ok",
  "advantage": -0.9641130630537713,
  "beta": 134.63200230371572,
  "n_response_tokens": 2928,
  "sandbox_stdout": "",
  "parent_value": 2.500820281852586,
  "parent_is_seed": false
}