{
  "step": 10,
  "group": 0,
  "rollout": 42,
  "reward": 2.2225947391334135,
  "valid": true,
  "parsed": true,
  "ran": true,
  "msg": "ok",
  "advantage": -0.5819562733224868,
  "beta": 13.539456629946645,
  "n_response_tokens": 1943,
  "sandbox_stdout": "",
  "parent_value": 2.344639161775073,
  "parent_is_seed": false
}