{
  "step": 30,
  "group": 0,
  "rollout": 8,
  "reward": 2.3534210158677284,
  "valid": true,
  "parsed": true,
  "ran": true,
  "msg": "ok",
  "advantage": -0.8436830572659837,
  "beta": 79.14906656164504,
  "n_response_tokens": 2041,
  "sandbox_stdout": "Validation failed: Circle 0 at (0.09427744881263406,0.09427744881263406) r=0.9999999999993094 outside unit square\n",
  "parent_value": 2.4090704916247114,
  "parent_is_seed": false
}