{
  "step": 35,
  "group": 7,
  "rollout": 39,
  "reward": 2.4392302525752925,
  "valid": true,
  "parsed": true,
  "ran": true,
  "msg": "ok",
  "advantage": 2.574427513634912,
  "beta": 130.31025307108035,
  "n_response_tokens": 2568,
  "sandbox_stdout": "",
  "parent_value": 2.444018378963807,
  "parent_is_seed": false
}