{
  "step": 15,
  "group": 4,
  "rollout": 62,
  "reward": 2.344639161775073,
  "valid": true,
  "parsed": true,
  "ran": true,
  "msg": "ok",
  "advantage": 0.23529411764553299,
  "beta": 1048576.0,
  "n_response_tokens": 1926,
  "sandbox_stdout": "Validation failed: Circle 0 at (0.9999999999994056,0.9999999999994056) r=0.9999999999994056 outside unit square\n",
  "parent_value": 2.344639161775073,
  "parent_is_seed": false
}