{
  "step": 39,
  "group": 5,
  "rollout": 46,
  "reward": 2.232784724758041,
  "valid": true,
  "parsed": true,
  "ran": true,
  "msg": "ok",
  "advantage": -0.9999999999999989,
  "beta": 134.63200230371572,
  "n_response_tokens": 2853,
  "sandbox_stdout": "",
  "parent_value": 2.500820281852586,
  "parent_is_seed": false
}