{
  "step": 42,
  "group": 5,
  "rollout": 57,
  "reward": 2.523210914939679,
  "valid": true,
  "parsed": true,
  "ran": true,
  "msg": "ok",
  "advantage": 3.024753887127785,
  "beta": 468.69882870705135,
  "n_response_tokens": 2479,
  "sandbox_stdout": "",
  "parent_value": 2.523844757601604,
  "parent_is_seed": false
}