{
  "step": 26,
  "group": 0,
  "rollout": 2,
  "reward": 2.358248193482151,
  "valid": true,
  "parsed": true,
  "ran": true,
  "msg": "ok",
  "advantage": -0.1477136192131736,
  "beta": 45.27851299194755,
  "n_response_tokens": 1899,
  "sandbox_stdout": "Validation failed: Circle 0 at (0.09427744881263406,0.09427744881263406) r=1.0 outside unit square\n",
  "parent_value": 2.405841351161923,
  "parent_is_seed": false
}