{
  "step": 43,
  "group": 3,
  "rollout": 24,
  "reward": 2.5237429216116727,
  "valid": true,
  "parsed": true,
  "ran": true,
  "msg": "ok",
  "advantage": 3.199955758644795,
  "beta": 492.8593594987835,
  "n_response_tokens": 2725,
  "sandbox_stdout": "",
  "parent_value": 2.523997320060081,
  "parent_is_seed": false
}