{
  "step": 28,
  "group": 5,
  "rollout": 25,
  "reward": 2.3948599157320483,
  "valid": true,
  "parsed": true,
  "ran": true,
  "msg": "ok",
  "advantage": 2.195459608037422,
  "beta": 47.97169499516786,
  "n_response_tokens": 2234,
  "sandbox_stdout": "Validation failed: Circle 0 at (0.09427744881263406,0.09427744881263406) r=0.9999999999989508 outside unit square\n",
  "parent_value": 2.3934249693942884,
  "parent_is_seed": false
}