{
  "step": 29,
  "group": 0,
  "rollout": 1,
  "reward": 0.0,
  "valid": true,
  "parsed": true,
  "ran": true,
  "msg": "ok",
  "advantage": -1.0,
  "beta": 55.89383122493655,
  "n_response_tokens": 2012,
  "sandbox_stdout": "Validation failed: Circle 0 at (0.9250982760233909,0.9079447068656481) r=0.9999999999999768 outside unit square\nInitial layout also failed: Circles 0 and 1 overlap\n",
  "parent_value": 2.407314262228873,
  "parent_is_seed": false
}