{
  "step": 30,
  "group": 2,
  "rollout": 47,
  "reward": 2.3389511598091826,
  "valid": true,
  "parsed": true,
  "ran": true,
  "msg": "ok",
  "advantage": -0.9081903153982257,
  "beta": 51.69044548831972,
  "n_response_tokens": 2011,
  "sandbox_stdout": "Validation failed: Circle 0 at (0.09427744881263406,0.09427744881263406) r=21308893.588001017 outside unit square\n",
  "parent_value": 2.4056249025901866,
  "parent_is_seed": false
}