{
  "step": 32,
  "group": 1,
  "rollout": 23,
  "reward": 2.420510269690828,
  "valid": true,
  "parsed": true,
  "ran": true,
  "msg": "ok",
  "advantage": -0.15227937907441147,
  "beta": 70.03533762749522,
  "n_response_tokens": 2766,
  "sandbox_stdout": "",
  "parent_value": 2.4398732552435183,
  "parent_is_seed": false
}