{
  "step": 40,
  "group": 6,
  "rollout": 5,
  "reward": 2.5220907933432697,
  "valid": true,
  "parsed": true,
  "ran": true,
  "msg": "ok",
  "advantage": 1.3949657018182373,
  "beta": 314.25280416101583,
  "n_response_tokens": 2530,
  "sandbox_stdout": "",
  "parent_value": 2.5231155112640264,
  "parent_is_seed": false
}