{
  "step": 30,
  "group": 4,
  "rollout": 37,
  "reward": 2.4052377099109776,
  "valid": true,
  "parsed": true,
  "ran": true,
  "msg": "ok",
  "advantage": 3.30931871889738,
  "beta": 62.90415682442961,
  "n_response_tokens": 2468,
  "sandbox_stdout": "Validation failed: Circle 0 at (0.09427744881263406,0.09427744881263406) r=0.9999999999995799 outside unit square\nValidation failed: Circle 0 at (0.016634319092690746,0.017688543301099043) r=0.9994204503160713 outside unit square\nValidation failed: Circle 0 at (0.09427744881263406,0.09427744881263406) r=17723655.95215224 outside unit square\nValidation failed: Circle 0 at (0.9981023093643521,0.9988116485442188) r=1.0000000026850369 outside unit square\n",
  "parent_value": 2.402602009236336,
  "parent_is_seed": false
}