{
  "step": 44,
  "group": 1,
  "rollout": 11,
  "reward": 2.520888519572511,
  "valid": true,
  "parsed": true,
  "ran": true,
  "msg": "ok",
  "advantage": 0.951367956470959,
  "beta": 300.27460318313985,
  "n_response_tokens": 2548,
  "sandbox_stdout": "",
  "parent_value": 2.524098168468562,
  "parent_is_seed": false
}