{
  "step": 6,
  "group": 5,
  "rollout": 24,
  "reward": 0.0,
  "valid": true,
  "parsed": true,
  "ran": true,
  "msg": "ok",
  "advantage": -0.9999998662983356,
  "beta": 7.628097302910225,
  "n_response_tokens": 1751,
  "sandbox_stdout": "Validation failed: Circle 0 at (0.13333333333333333,0.13333333333333333) r=1.0 outside unit square\nInitial layout also failed: Circles 0 and 1 overlap\n",
  "parent_value": 2.166666666666667,
  "parent_is_seed": false
}