{
  "step": 40,
  "group": 1,
  "rollout": 25,
  "reward": 2.5173982301495537,
  "valid": true,
  "parsed": true,
  "ran": true,
  "msg": "ok",
  "advantage": -0.40347525414572505,
  "beta": 319.72530207938513,
  "n_response_tokens": 2704,
  "sandbox_stdout": "",
  "parent_value": 2.5239580244822952,
  "parent_is_seed": false
}