{
  "step": 8,
  "group": 3,
  "rollout": 0,
  "reward": 0.0,
  "valid": true,
  "parsed": true,
  "ran": true,
  "msg": "ok",
  "advantage": -0.9625097948317177,
  "beta": 1.885936117276728,
  "n_response_tokens": 1552,
  "sandbox_stdout": "Validation failed: Circle 0 at (0.16666666666666666,0.16666666666666666) r=0.999999999999564 outside unit square\nInitial layout also failed: Circles 0 and 1 overlap\n",
  "parent_value": 2.166666666666667,
  "parent_is_seed": false
}