{
  "step": 9,
  "group": 5,
  "rollout": 46,
  "reward": 2.166666666666667,
  "valid": true,
  "parsed": true,
  "ran": true,
  "msg": "ok",
  "advantage": 1.1422698420741617,
  "beta": 2.2297383801261663,
  "n_response_tokens": 1468,
  "sandbox_stdout": "Validation failed: Circle 0 at (0.0853109389416945,0.08250074002908125) r=1.0000000041472332 outside unit square\n",
  "parent_value": 2.166666666666667,
  "parent_is_seed": false
}