{
  "step": 9,
  "group": 2,
  "rollout": 48,
  "reward": 2.1669885913421822,
  "valid": true,
  "parsed": true,
  "ran": true,
  "msg": "ok",
  "advantage": 0.9644992673373254,
  "beta": 1.4968702338268125,
  "n_response_tokens": 1619,
  "sandbox_stdout": "Validation failed: Circle 0 at (0.0833457150516224,0.0833457150516224) r=1.0 outside unit square\n",
  "parent_value": 2.344639161775073,
  "parent_is_seed": false
}