{
  "step": 24,
  "group": 0,
  "rollout": 63,
  "reward": 1.7912715274400473,
  "valid": true,
  "parsed": true,
  "ran": true,
  "msg": "ok",
  "advantage": -1.0,
  "beta": 1048576.0,
  "n_response_tokens": 2193,
  "sandbox_stdout": "Validation failed: Circle 0 at (0.0,1.2836436908593036e-14) r=1.0 outside unit square\nValidation failed: Circle 0 at (0.0,1.2836436908593036e-14) r=1.0 outside unit square\nValidation failed: Circle 0 at (0.0,1.2836436908593036e-14) r=1.0 outside unit square\nValidation failed: Circle 0 at (0.0,1.2836436908593036e-14) r=1.0 outside unit square\nValidation failed: Circle 0 at (0.0,1.2836436908593036e-14) r=1.0 outside unit square\n",
  "parent_value": 2.3720882408679866,
  "parent_is_seed": false
}