{
  "step": 5,
  "group": 4,
  "rollout": 44,
  "reward": 1.8845343563264723,
  "valid": true,
  "parsed": true,
  "ran": true,
  "msg": "ok",
  "advantage": 0.43481896718630875,
  "beta": 2.2129054399787114,
  "n_response_tokens": 1841,
  "sandbox_stdout": "Validation failed: Circles 0 and 5 overlap\n",
  "parent_value": 2.1500210936053263,
  "parent_is_seed": false
}