{
  "step": 15,
  "group": 1,
  "rollout": 28,
  "reward": 0.0,
  "valid": true,
  "parsed": true,
  "ran": true,
  "msg": "ok",
  "advantage": -1.0,
  "beta": 82.90973925631,
  "n_response_tokens": 2057,
  "sandbox_stdout": "Validation failed: Circle 0 at (0.2,0.2) r=0.9999999999999176 outside unit square\nInitial layout also failed: Circle 17 has negative radius -0.23923048454132645\nValidation failed: Circle 0 at (0.2,0.2) r=0.9999999999999176 outside unit square\nInitial layout also failed: Circle 17 has negative radius -0.23923048454132645\nValidation failed: Circle 0 at (0.2,0.2) r=0.9999999999999176 outside unit square\nInitial layout also failed: Circle 17 has negative radius -0.23923048454132645\nValidation failed: Circle 0 at (0.2,0.2) r=0.9999999999999176 outside unit square\nInitial layout also failed: Circle 17 has negative radius -0.23923048454132645\nValidation failed: Circle 0 at (0.2,0.2) r=0.9999999999999176 outside unit square\nInitial layout also failed: Circle 17 has negative radius -0.23923048454132645\n",
  "parent_value": 2.3447877296013773,
  "parent_is_seed": false
}