{
  "step": 26,
  "group": 1,
  "rollout": 20,
  "reward": 2.3697754401593993,
  "valid": true,
  "parsed": true,
  "ran": true,
  "msg": "ok",
  "advantage": 0.6224160189550283,
  "beta": 29.769776805059447,
  "n_response_tokens": 1715,
  "sandbox_stdout": "Validation failed: Circle 0 at (0.09427744881263406,0.09427744881263406) r=0.9999999999992413 outside unit square\n",
  "parent_value": 2.398796531594696,
  "parent_is_seed": false
}