{
  "step": 4,
  "group": 4,
  "rollout": 7,
  "reward": 1.2723857664870404,
  "valid": true,
  "parsed": true,
  "ran": true,
  "msg": "ok",
  "advantage": -0.20356927749205955,
  "beta": 1.9495086662170011,
  "n_response_tokens": 2154,
  "sandbox_stdout": "",
  "parent_value": 1.954945333515407,
  "parent_is_seed": false
}