{
  "step": 35,
  "group": 5,
  "rollout": 40,
  "reward": 2.4315504570461988,
  "valid": true,
  "parsed": true,
  "ran": true,
  "msg": "ok",
  "advantage": 0.09151096585640306,
  "beta": 170.15509041151668,
  "n_response_tokens": 2557,
  "sandbox_stdout": "",
  "parent_value": 2.4443887866092116,
  "parent_is_seed": false
}