{
  "step": 30,
  "group": 6,
  "rollout": 1,
  "reward": 2.383470334084916,
  "valid": true,
  "parsed": true,
  "ran": true,
  "msg": "ok",
  "advantage": 0.6256335657171213,
  "beta": 76.04266122298156,
  "n_response_tokens": 2335,
  "sandbox_stdout": "Validation failed: Circle 0 at (0.09427744881263406,0.09427744881263406) r=1.0 outside unit square\n",
  "parent_value": 2.4008613358661717,
  "parent_is_seed": false
}