{
  "step": 34,
  "group": 2,
  "rollout": 1,
  "reward": 2.4350241882776613,
  "valid": true,
  "parsed": true,
  "ran": true,
  "msg": "ok",
  "advantage": -0.7186776050095156,
  "beta": 152.50479158414757,
  "n_response_tokens": 2770,
  "sandbox_stdout": "",
  "parent_value": 2.443236410465048,
  "parent_is_seed": false
}