{
  "step": 32,
  "group": 4,
  "rollout": 36,
  "reward": 2.4045592224955987,
  "valid": true,
  "parsed": true,
  "ran": true,
  "msg": "ok",
  "advantage": 0.7154683538554574,
  "beta": 229.91163250794577,
  "n_response_tokens": 2164,
  "sandbox_stdout": "",
  "parent_value": 2.4090000412543757,
  "parent_is_seed": false
}