{
  "step": 2,
  "group": 4,
  "rollout": 7,
  "reward": 0.0,
  "valid": false,
  "parsed": true,
  "ran": true,
  "msg": "Circle 0 at (0.3745401188473625,0.9507143064099162) r=0.05 outside unit square",
  "advantage": -0.45774862713767495,
  "beta": 2.046115132464651,
  "n_response_tokens": 1126,
  "sandbox_stdout": "Error: Circle 0 at (0.3745401188473625,0.9507143064099162) r=0.05 outside unit square\n",
  "parent_value": 1.3000000000000003,
  "parent_is_seed": false
}