{
  "step": 13,
  "group": 1,
  "rollout": 38,
  "reward": 0.0,
  "valid": true,
  "parsed": true,
  "ran": true,
  "msg": "ok",
  "advantage": -1.0,
  "beta": 1048576.0,
  "n_response_tokens": 2077,
  "sandbox_stdout": "Validation failed: Circle 0 at (0.5888847939978745,0.6131720914125378) r=0.9999999999997712 outside unit square\nInitial layout also failed: Circle 10 at (0.2318145521614285,1.034843716716268) r=0.2318145521614285 outside unit square\n",
  "parent_value": 2.344639161775073,
  "parent_is_seed": false
}