{
  "step": 43,
  "group": 6,
  "rollout": 18,
  "reward": 2.5214263144113964,
  "valid": true,
  "parsed": true,
  "ran": true,
  "msg": "ok",
  "advantage": 1.2908985844621412,
  "beta": 318.09534529313964,
  "n_response_tokens": 2544,
  "sandbox_stdout": "",
  "parent_value": 2.5238749787933243,
  "parent_is_seed": false
}