{
  "step": 7,
  "group": 1,
  "rollout": 39,
  "reward": 0.0,
  "valid": true,
  "parsed": true,
  "ran": true,
  "msg": "ok",
  "advantage": -0.9999997855474871,
  "beta": 7.510846181717095,
  "n_response_tokens": 1585,
  "sandbox_stdout": "Validation failed: Circle 0 at (0.0819803902718557,0.0819803902718557) r=0.9999999999993187 outside unit square\nInitial layout also failed: Circle 25 at (0.05,0.05) r=0.07378235124467014 outside unit square\n",
  "parent_value": 2.166666666666667,
  "parent_is_seed": false
}