{
  "step": 5,
  "group": 7,
  "rollout": 1,
  "reward": 0.0,
  "valid": true,
  "parsed": true,
  "ran": true,
  "msg": "ok",
  "advantage": -0.9626806790168874,
  "beta": 1.923618324618169,
  "n_response_tokens": 1646,
  "sandbox_stdout": "Validation failed: Circle 0 at (0.14285714285714285,0.14285714285714285) r=0.9999999999994312 outside unit square\nInitial layout also failed: Circles 0 and 1 overlap\n",
  "parent_value": 2.1314901470682486,
  "parent_is_seed": false
}