{
  "step": 37,
  "group": 0,
  "rollout": 38,
  "reward": 2.5186502342367416,
  "valid": true,
  "parsed": true,
  "ran": true,
  "msg": "ok",
  "advantage": 0.022072901387117483,
  "beta": 296.832253782249,
  "n_response_tokens": 2696,
  "sandbox_stdout": "",
  "parent_value": 2.5200905075486832,
  "parent_is_seed": false
}