{
  "step": 33,
  "group": 7,
  "rollout": 17,
  "reward": 2.408538767244195,
  "valid": true,
  "parsed": true,
  "ran": true,
  "msg": "ok",
  "advantage": 0.1052631578393386,
  "beta": 1048576.0,
  "n_response_tokens": 2329,
  "sandbox_stdout": "Validation failed: Circle 0 at (0.09075246564289824,0.07817641552536964) r=0.10011340109873845 outside unit square\nValidation failed: Circle 11 at (0.21352813145610272,0.9456356733437994) r=0.1101523178955455 outside unit square\nValidation failed: Circle 0 at (0.09038035178651632,0.09189719058874601) r=0.10418055050965186 outside unit square\nValidation failed: Circle 0 at (0.09074098569294176,0.09446675920086217) r=0.10148801996457191 outside unit square\n",
  "parent_value": 2.408538767244195,
  "parent_is_seed": false
}