{
  "step": 7,
  "group": 2,
  "rollout": 13,
  "reward": 0.0,
  "valid": true,
  "parsed": true,
  "ran": true,
  "msg": "ok",
  "advantage": -0.9336331586867279,
  "beta": 1.659525370501124,
  "n_response_tokens": 1892,
  "sandbox_stdout": "Validation failed: Circle 0 at (0.1319552071772276,0.11207765322758467) r=1.0 outside unit square\nInitial layout also failed: Circle 0 at (0.1319552071772276,0.11207765322758467) r=0.15 outside unit square\n",
  "parent_value": 2.166666666666667,
  "parent_is_seed": false
}