{
  "step": 31,
  "group": 6,
  "rollout": 15,
  "reward": 2.3781364199551858,
  "valid": true,
  "parsed": true,
  "ran": true,
  "msg": "ok",
  "advantage": -0.33358326053864795,
  "beta": 70.67964761683018,
  "n_response_tokens": 2144,
  "sandbox_stdout": "Validation failed: Circle 0 at (0.09427744881263406,0.09427744881263406) r=0.9999999999997311 outside unit square\nValidation failed: Circle 0 at (0.022995411366407488,0.021798915106311767) r=1.0 outside unit square\nValidation failed: Circle 0 at (0.09427744881263406,0.09427744881263406) r=51896356.901524946 outside unit square\nValidation failed: Circle 0 at (0.00394855933152359,0.999991131892157) r=1.0000000003852365 outside unit square\n",
  "parent_value": 2.4012916931786332,
  "parent_is_seed": false
}