{
  "step": 29,
  "group": 7,
  "rollout": 20,
  "reward": 2.382347156953588,
  "valid": true,
  "parsed": true,
  "ran": true,
  "msg": "ok",
  "advantage": 0.7495684382190706,
  "beta": 55.33364544242901,
  "n_response_tokens": 2143,
  "sandbox_stdout": "Validation failed: Circle 0 at (0.09427744881263406,0.09427744881263406) r=1.0 outside unit square\nValidation failed: Circle 0 at (0.004984325083453995,0.012464633136923961) r=0.9992258809231194 outside unit square\nValidation failed: Circle 0 at (0.09427744881263406,0.09427744881263406) r=25055781.512122586 outside unit square\n",
  "parent_value": 2.397519152332408,
  "parent_is_seed": false
}