{
  "step": 32,
  "group": 3,
  "rollout": 26,
  "reward": 2.4063049766152673,
  "valid": true,
  "parsed": true,
  "ran": true,
  "msg": "ok",
  "advantage": 0.7225826646243021,
  "beta": 283.9057672309931,
  "n_response_tokens": 2586,
  "sandbox_stdout": "",
  "parent_value": 2.409399914695089,
  "parent_is_seed": false
}