{
  "step": 27,
  "group": 1,
  "rollout": 45,
  "reward": 2.375043733230768,
  "valid": true,
  "parsed": true,
  "ran": true,
  "msg": "ok",
  "advantage": 0.45305909549110335,
  "beta": 39.44664001953181,
  "n_response_tokens": 1932,
  "sandbox_stdout": "Validation failed: Circle 0 at (0.09427744881263406,0.09427744881263406) r=0.999999999999968 outside unit square\n",
  "parent_value": 2.394801888020679,
  "parent_is_seed": false
}