{
  "step": 43,
  "group": 6,
  "rollout": 51,
  "reward": 2.522927987824593,
  "valid": true,
  "parsed": true,
  "ran": true,
  "msg": "ok",
  "advantage": 2.7777826642107795,
  "beta": 318.09534529313964,
  "n_response_tokens": 2543,
  "sandbox_stdout": "",
  "parent_value": 2.5238749787933243,
  "parent_is_seed": false
}