{
  "step": 43,
  "group": 7,
  "rollout": 34,
  "reward": 2.517522041550327,
  "valid": true,
  "parsed": true,
  "ran": true,
  "msg": "ok",
  "advantage": -0.5359504426635697,
  "beta": 378.51711065645515,
  "n_response_tokens": 2694,
  "sandbox_stdout": "",
  "parent_value": 2.523781176935609,
  "parent_is_seed": false
}