{
  "step": 32,
  "group": 7,
  "rollout": 32,
  "reward": 2.4046363257680827,
  "valid": true,
  "parsed": true,
  "ran": true,
  "msg": "ok",
  "advantage": 0.6143100758087987,
  "beta": 165.9784183008046,
  "n_response_tokens": 2935,
  "sandbox_stdout": "",
  "parent_value": 2.4082030739836022,
  "parent_is_seed": false
}