{
  "step": 25,
  "group": 6,
  "rollout": 34,
  "reward": 2.3720882408679866,
  "valid": true,
  "parsed": true,
  "ran": true,
  "msg": "ok",
  "advantage": 0.1666666666653056,
  "beta": 1048576.0,
  "n_response_tokens": 2288,
  "sandbox_stdout": "Validation failed: Circle 0 at (0.09427744881263406,0.09427744881263406) r=0.9999999999992697 outside unit square\nValidation failed: Circle 0 at (0.9118844041293519,0.055041925959168014) r=0.9999999999966742 outside unit square\nInitial layout also failed: Circle 2 at (0.25417505876682933,0.014418986496857467) r=0.05 outside unit square\nValidation failed: Circle 0 at (0.25,0.25) r=0.9999999999966742 outside unit square\nInitial layout also failed: Circles 0 and 25 overlap\n",
  "parent_value": 2.3720882408679866,
  "parent_is_seed": false
}