{
  "step": 33,
  "group": 1,
  "rollout": 57,
  "reward": 2.427848623632192,
  "valid": true,
  "parsed": true,
  "ran": true,
  "msg": "ok",
  "advantage": 0.40427392557863273,
  "beta": 105.68895740355242,
  "n_response_tokens": 2719,
  "sandbox_stdout": "",
  "parent_value": 2.4467914613662076,
  "parent_is_seed": false
}