{
  "step": 20,
  "group": 7,
  "rollout": 57,
  "reward": 0.0,
  "valid": true,
  "parsed": true,
  "ran": true,
  "msg": "ok",
  "advantage": -1.0,
  "beta": 1048576.0,
  "n_response_tokens": 2141,
  "sandbox_stdout": "Validation failed: Circle 0 at (0.11411398014931394,0.10121382220084453) r=0.9999999999997806 outside unit square\nInitial layout also failed: Circle 0 at (0.11411398014931394,0.10121382220084453) r=0.12338649482640444 outside unit square\nValidation failed: Circle 0 at (0.07538393880609683,0.08920607111207134) r=1.0 outside unit square\nInitial layout also failed: Circle 0 at (0.07538393880609683,0.08920607111207134) r=0.11052038300323885 outside unit square\nValidation failed: Circle 0 at (0.14203910687792626,0.08462263378616576) r=0.9999999999999445 outside unit square\nInitial layout also failed: Circle 0 at (0.14203910687792626,0.08462263378616576) r=0.10514777816968654 outside unit square\nValidation failed: Circle 0 at (0.0494185448093188,0.05526958025647391) r=0.999999999999909 outside unit square\nInitial layout also failed: Circle 0 at (0.0494185448093188,0.05526958025647391) r=0.09903389549065791 outside unit square\nValidation failed: Circle 0 at (0.07420041976339393,0.1238944320439208) r=0.9999999999999662 outside unit square\nInitial layout also failed: Circle 0 at (0.07420041976339393,0.1238944320439208) r=0.09737777391915593 outside unit square\n",
  "parent_value": 2.3720882408679866,
  "parent_is_seed": false
}