{
  "step": 37,
  "group": 4,
  "rollout": 6,
  "reward": 2.4631510042596494,
  "valid": true,
  "parsed": true,
  "ran": true,
  "msg": "ok",
  "advantage": 3.5927663897819055,
  "beta": 366.33931907609184,
  "n_response_tokens": 2615,
  "sandbox_stdout": "",
  "parent_value": 2.4647738916424986,
  "parent_is_seed": false
}