{
  "step": 35,
  "group": 3,
  "rollout": 39,
  "reward": 2.450854844144071,
  "valid": true,
  "parsed": true,
  "ran": true,
  "msg": "ok",
  "advantage": 1.8594638259728682,
  "beta": 143.7215340298376,
  "n_response_tokens": 2694,
  "sandbox_stdout": "",
  "parent_value": 2.4542608554238403,
  "parent_is_seed": false
}