{
  "step": 41,
  "group": 0,
  "rollout": 57,
  "reward": 2.5174026890713437,
  "valid": true,
  "parsed": true,
  "ran": true,
  "msg": "ok",
  "advantage": -0.7020358935213322,
  "beta": 465.6355809687069,
  "n_response_tokens": 2688,
  "sandbox_stdout": "",
  "parent_value": 2.5246633502382383,
  "parent_is_seed": false
}