{
  "step": 28,
  "group": 5,
  "rollout": 15,
  "reward": 2.3572371517812174,
  "valid": true,
  "parsed": true,
  "ran": true,
  "msg": "ok",
  "advantage": -0.4957087087139298,
  "beta": 47.97169499516786,
  "n_response_tokens": 2010,
  "sandbox_stdout": "Validation failed: Circle 0 at (0.09427744881263406,0.09427744881263406) r=0.9999999999996811 outside unit square\n",
  "parent_value": 2.3934249693942884,
  "parent_is_seed": false
}