{
  "step": 25,
  "group": 5,
  "rollout": 13,
  "reward": 2.3720882408679866,
  "valid": true,
  "parsed": true,
  "ran": true,
  "msg": "ok",
  "advantage": 0.21153846153699374,
  "beta": 1048576.0,
  "n_response_tokens": 2529,
  "sandbox_stdout": "Validation failed: Circle 0 at (0.9952376999334135,0.04554089588739196) r=1.0 outside unit square\nInitial layout also failed: Circles 2 and 6 overlap\nValidation failed: Circle 0 at (0.5,0.5) r=1.0 outside unit square\nInitial layout also failed: Circle 5 at (0.6671562204343128,0.940754729793778) r=0.09427744881263406 outside unit square\nValidation failed: Circle 0 at (0.09427744881263406,0.09427744881263406) r=0.9999999999992697 outside unit square\nValidation failed: Circle 0 at (0.7811804559266063,0.4816673774659176) r=0.9999999999991092 outside unit square\nInitial layout also failed: Circles 1 and 2 overlap\nValidation failed: Circle 0 at (0.5,0.5) r=1.0 outside unit square\nInitial layout also failed: Circle 5 at (0.6671562204343128,0.940754729793778) r=0.09427744881263406 outside unit square\nValidation failed: Circle 0 at (0.5,0.5) r=1.0 outside unit square\nInitial layout also failed: Circle 5 at (0.6671562204343128,0.940754729793778) r=0.09427744881263406 outside unit square\nValidation failed: Circle 0 at (0.09427744881263406,0.09427744881263406) r=0.9999999999992697 outside unit square\nValidation failed: Circle 0 at (0.09427744881263406,0.09427744881263406) r=0.9999999999992697 outside unit square\nValidation failed: Circle 0 at (0.09427744881263406,0.09427744881263406) r=0.9999999999992697 outside unit square\nValidation failed: Circle 0 at (0.6140561730914031,0.2623104169566908) r=0.999999999999938 outside unit square\nInitial layout also failed: Circles 0 and 2 overlap\nValidation failed: Circle 0 at (0.09427744881263406,0.09427744881263406) r=0.9999999999992697 outside unit square\nValidation failed: Circle 0 at (0.09427744881263406,0.09427744881263406) r=0.9999999999992697 outside unit square\nValidation failed: Circle 0 at (0.09427744881263406,0.09427744881263406) r=0.9999999999992697 outside unit square\nValidation failed: Circle 0 at (0.5325958389149258,0.802529550672212) r=1.0 outside unit square\nInitial layout also failed: Circles 0 and 2 overlap\nValidation fa",
  "parent_value": 2.3720882408679866,
  "parent_is_seed": false
}