{
  "step": 8,
  "group": 3,
  "rollout": 50,
  "reward": 1.7642857142857142,
  "valid": true,
  "parsed": true,
  "ran": true,
  "msg": "ok",
  "advantage": 0.061592290888272894,
  "beta": 1.885936117276728,
  "n_response_tokens": 1567,
  "sandbox_stdout": "Validation failed: Circle 0 at (0.06785714285714285,0.06785714285714285) r=1.0 outside unit square\n",
  "parent_value": 2.166666666666667,
  "parent_is_seed": false
}