{
  "step": 1,
  "group": 4,
  "rollout": 37,
  "reward": 1.7333333333333334,
  "valid": true,
  "parsed": true,
  "ran": true,
  "msg": "ok",
  "advantage": 21.298882014938528,
  "beta": 1.880182635295622,
  "n_response_tokens": 1431,
  "sandbox_stdout": "Validation failed: Circle 0 at (0.08333333333333333,0.08333333333333333) r=1.0 outside unit square\n",
  "parent_value": 0.0,
  "parent_is_seed": false
}