{
  "step": 38,
  "group": 3,
  "rollout": 24,
  "reward": 2.4674672699189393,
  "valid": true,
  "parsed": true,
  "ran": true,
  "msg": "ok",
  "advantage": -0.9943966936792015,
  "beta": 319.2673679001087,
  "n_response_tokens": 2674,
  "sandbox_stdout": "Genetic algorithm time: 28.4120 seconds\nRefinement time: 0.0235 seconds\n",
  "parent_value": 2.488982334221845,
  "parent_is_seed": false
}