{
  "step": 40,
  "group": 1,
  "rollout": 26,
  "reward": 2.520169511644939,
  "valid": true,
  "parsed": true,
  "ran": true,
  "msg": "ok",
  "advantage": 0.4666838895459209,
  "beta": 319.72530207938513,
  "n_response_tokens": 2427,
  "sandbox_stdout": "",
  "parent_value": 2.5239580244822952,
  "parent_is_seed": false
}