{
  "step": 4,
  "group": 6,
  "rollout": 41,
  "reward": 1.3000000000000003,
  "valid": true,
  "parsed": true,
  "ran": true,
  "msg": "ok",
  "advantage": 0.22269978515851419,
  "beta": 1.3941098011735826,
  "n_response_tokens": 1626,
  "sandbox_stdout": "Validation failed: Circle 0 at (0.0904200674754754,0.06750783753177997) r=0.9999999999966742 outside unit square\n",
  "parent_value": 1.9499999999999997,
  "parent_is_seed": false
}