{
  "step": 27,
  "group": 2,
  "rollout": 24,
  "reward": 2.349985351725876,
  "valid": true,
  "parsed": true,
  "ran": true,
  "msg": "ok",
  "advantage": -0.5031573190706446,
  "beta": 51.946147534671084,
  "n_response_tokens": 1777,
  "sandbox_stdout": "Validation failed: Circle 0 at (0.09427744881263406,0.09427744881263406) r=1.0 outside unit square\n",
  "parent_value": 2.3936475354359117,
  "parent_is_seed": false
}