{
  "step": 41,
  "group": 6,
  "rollout": 33,
  "reward": 2.520325060753397,
  "valid": true,
  "parsed": true,
  "ran": true,
  "msg": "ok",
  "advantage": 0.06526621670529642,
  "beta": 366.94999745105827,
  "n_response_tokens": 2644,
  "sandbox_stdout": "",
  "parent_value": 2.5239070567447666,
  "parent_is_seed": false
}