{
  "step": 44,
  "group": 2,
  "rollout": 25,
  "reward": 2.522783695896315,
  "valid": true,
  "parsed": true,
  "ran": true,
  "msg": "ok",
  "advantage": -0.3321949844147475,
  "beta": 980.6299855428642,
  "n_response_tokens": 2657,
  "sandbox_stdout": "",
  "parent_value": 2.524041847989503,
  "parent_is_seed": false
}