{
  "step": 35,
  "group": 2,
  "rollout": 59,
  "reward": 2.4572112839785953,
  "valid": true,
  "parsed": true,
  "ran": true,
  "msg": "ok",
  "advantage": 2.8119454643977333,
  "beta": 236.45655487193744,
  "n_response_tokens": 2666,
  "sandbox_stdout": "",
  "parent_value": 2.4570864193979998,
  "parent_is_seed": false
}