{
  "step": 31,
  "group": 5,
  "rollout": 20,
  "reward": 2.384533798127015,
  "valid": true,
  "parsed": true,
  "ran": true,
  "msg": "ok",
  "advantage": 0.25785977338818045,
  "beta": 69.37823052272641,
  "n_response_tokens": 2236,
  "sandbox_stdout": "Validation failed: Circle 0 at (0.09427744881263406,0.09427744881263406) r=0.9999999999994997 outside unit square\nValidation failed: Circle 0 at (0.009584375020106242,0.00654861539566335) r=0.9999349113300746 outside unit square\nValidation failed: Circle 0 at (0.09427744881263406,0.09427744881263406) r=6591585.936784256 outside unit square\nValidation failed: Circle 0 at (0.0002877428257709333,0.004824604574981461) r=0.9999999997692869 outside unit square\nValidation failed: Circle 0 at (0.09427744881263406,0.09427744881263406) r=1.0 outside unit square\nOptimization with method Newton-CG failed.\n",
  "parent_value": 2.4025735793620857,
  "parent_is_seed": false
}