{
  "step": 2,
  "group": 7,
  "rollout": 38,
  "reward": 0.0,
  "valid": true,
  "parsed": true,
  "ran": true,
  "msg": "ok",
  "advantage": -0.7637687214742244,
  "beta": 1.897426216155886,
  "n_response_tokens": 1397,
  "sandbox_stdout": "Validation failed: Circle 0 at (2.516498245822317e-13,2.6522722555036697e-12) r=0.9999999999966742 outside unit square\nInitial layout also failed: Circle 0 at (0.0,0.0) r=0.05 outside unit square\n",
  "parent_value": 1.3000000000000003,
  "parent_is_seed": false
}