{
  "step": 43,
  "group": 6,
  "rollout": 25,
  "reward": 2.515766305342117,
  "valid": true,
  "parsed": true,
  "ran": true,
  "msg": "ok",
  "advantage": -0.6326286058929678,
  "beta": 318.09534529313964,
  "n_response_tokens": 2555,
  "sandbox_stdout": "",
  "parent_value": 2.5238749787933243,
  "parent_is_seed": false
}