{
  "step": 26,
  "group": 3,
  "rollout": 0,
  "reward": 2.3720882408679875,
  "valid": true,
  "parsed": true,
  "ran": true,
  "msg": "ok",
  "advantage": 0.1454545464036443,
  "beta": 1048576.0,
  "n_response_tokens": 2017,
  "sandbox_stdout": "",
  "parent_value": 2.3720882408679875,
  "parent_is_seed": false
}