{
  "step": 17,
  "group": 6,
  "rollout": 62,
  "reward": 2.1314901470682486,
  "valid": true,
  "parsed": true,
  "ran": true,
  "msg": "ok",
  "advantage": -0.9999999974810502,
  "beta": 93.31421311821188,
  "n_response_tokens": 1959,
  "sandbox_stdout": "Validation failed: Circle 0 at (0.0819803902718557,0.0819803902718557) r=1.0 outside unit square\nValidation failed: Circle 0 at (0.0819803902718557,0.0819803902718557) r=1.0 outside unit square\nValidation failed: Circle 0 at (0.0819803902718557,0.0819803902718557) r=1.0 outside unit square\nValidation failed: Circle 0 at (0.0819803902718557,0.0819803902718557) r=1.0 outside unit square\nValidation failed: Circle 0 at (0.0819803902718557,0.0819803902718557) r=1.0 outside unit square\n",
  "parent_value": 2.3447877296013773,
  "parent_is_seed": false
}