{
  "step": 32,
  "group": 0,
  "rollout": 39,
  "reward": 2.4404182487738204,
  "valid": true,
  "parsed": true,
  "ran": true,
  "msg": "ok",
  "advantage": 2.745340277549176,
  "beta": 111.51352701386892,
  "n_response_tokens": 3419,
  "sandbox_stdout": "",
  "parent_value": 2.4430108443828384,
  "parent_is_seed": false
}