{
  "step": 35,
  "group": 3,
  "rollout": 21,
  "reward": 2.4482724882868556,
  "valid": true,
  "parsed": true,
  "ran": true,
  "msg": "ok",
  "advantage": 0.9455005936965288,
  "beta": 143.7215340298376,
  "n_response_tokens": 2647,
  "sandbox_stdout": "",
  "parent_value": 2.4542608554238403,
  "parent_is_seed": false
}