{
  "step": 30,
  "group": 6,
  "rollout": 44,
  "reward": 2.380643789677156,
  "valid": true,
  "parsed": true,
  "ran": true,
  "msg": "ok",
  "advantage": 0.3047108205414304,
  "beta": 76.04266122298156,
  "n_response_tokens": 2215,
  "sandbox_stdout": "Validation failed: Circle 0 at (0.09427744881263406,0.09427744881263406) r=0.9999999999994748 outside unit square\n",
  "parent_value": 2.4008613358661717,
  "parent_is_seed": false
}