{
  "step": 12,
  "group": 5,
  "rollout": 51,
  "reward": 0.0,
  "valid": false,
  "parsed": true,
  "ran": true,
  "msg": "Circle 0 has negative radius -5.0000000000024984e-301",
  "advantage": -0.8518014466838856,
  "beta": 1.2432217957318752,
  "n_response_tokens": 1938,
  "sandbox_stdout": "",
  "parent_value": 2.344639161775073,
  "parent_is_seed": false
}