{
  "step": 30,
  "group": 6,
  "rollout": 62,
  "reward": 2.359588119480387,
  "valid": true,
  "parsed": true,
  "ran": true,
  "msg": "ok",
  "advantage": -0.7411601598563473,
  "beta": 76.04266122298156,
  "n_response_tokens": 2208,
  "sandbox_stdout": "Validation failed: Circle 0 at (0.09427744881263406,0.09427744881263406) r=0.9999999999988057 outside unit square\n",
  "parent_value": 2.4008613358661717,
  "parent_is_seed": false
}