{
  "step": 43,
  "group": 0,
  "rollout": 41,
  "reward": 2.5233555943856674,
  "valid": true,
  "parsed": true,
  "ran": true,
  "msg": "ok",
  "advantage": 2.2714244843960536,
  "beta": 421.7262199114717,
  "n_response_tokens": 2630,
  "sandbox_stdout": "",
  "parent_value": 2.524152134844358,
  "parent_is_seed": false
}