{
  "step": 28,
  "group": 5,
  "rollout": 28,
  "reward": 2.346862616116089,
  "valid": true,
  "parsed": true,
  "ran": true,
  "msg": "ok",
  "advantage": -0.6943818042312939,
  "beta": 47.97169499516786,
  "n_response_tokens": 1895,
  "sandbox_stdout": "Validation failed: Circle 0 at (0.09427744881263406,0.09427744881263406) r=0.9999999999999003 outside unit square\n",
  "parent_value": 2.3934249693942884,
  "parent_is_seed": false
}