{
  "step": 9,
  "group": 5,
  "rollout": 63,
  "reward": 0.0,
  "valid": true,
  "parsed": true,
  "ran": true,
  "msg": "ok",
  "advantage": -0.9834672234462525,
  "beta": 2.2297383801261663,
  "n_response_tokens": 1693,
  "sandbox_stdout": "Validation failed: Circle 0 at (0.08333333333333333,0.08333333333333333) r=1.0 outside unit square\nInitial layout also failed: Circle 0 at (0.08333333333333333,0.08333333333333333) r=0.1 outside unit square\n",
  "parent_value": 2.166666666666667,
  "parent_is_seed": false
}