{
  "step": 43,
  "group": 6,
  "rollout": 58,
  "reward": 2.5227832460420148,
  "valid": true,
  "parsed": true,
  "ran": true,
  "msg": "ok",
  "advantage": 2.598081907537584,
  "beta": 318.09534529313964,
  "n_response_tokens": 2569,
  "sandbox_stdout": "",
  "parent_value": 2.5238749787933243,
  "parent_is_seed": false
}