{
  "step": 7,
  "group": 0,
  "rollout": 6,
  "reward": 0.0,
  "valid": true,
  "parsed": true,
  "ran": true,
  "msg": "ok",
  "advantage": -0.8313891844923846,
  "beta": 1.215693018698387,
  "n_response_tokens": 1709,
  "sandbox_stdout": "Validation failed: Circle 0 at (0.9999999999999755,2.2748262877691163e-14) r=1.0 outside unit square\nInitial layout also failed: Circle 0 at (1.0,0.0) r=0.1 outside unit square\n",
  "parent_value": 2.344639161775073,
  "parent_is_seed": false
}