{
  "step": 18,
  "group": 3,
  "rollout": 12,
  "reward": 2.3720882408679866,
  "valid": true,
  "parsed": true,
  "ran": true,
  "msg": "ok",
  "advantage": 0.16666666668542685,
  "beta": 1048576.0,
  "n_response_tokens": 2087,
  "sandbox_stdout": "Validation failed: Circle 0 at (0.1817986078937568,0.3765414672834543) r=0.9999999999998573 outside unit square\nInitial layout also failed: Circle 7 at (0.9461332799234614,0.9522258451893483) r=0.08076835724159186 outside unit square\nValidation failed: Circle 0 at (0.03534777446322568,0.033982434245091064) r=0.9999999999997352 outside unit square\nInitial layout also failed: Circle 0 at (0.03534777446322568,0.033982434245091064) r=0.07845254652365397 outside unit square\nValidation failed: Circle 0 at (0.09427744881263406,0.09427744881263406) r=0.9999999999992697 outside unit square\n",
  "parent_value": 2.3720882408679866,
  "parent_is_seed": false
}