{
  "step": 6,
  "group": 3,
  "rollout": 40,
  "reward": 1.5166666666666666,
  "valid": true,
  "parsed": true,
  "ran": true,
  "msg": "ok",
  "advantage": -0.4325708835356089,
  "beta": 2.4800643708241292,
  "n_response_tokens": 2164,
  "sandbox_stdout": "Validation failed: Circle 0 at (0.08333333333333333,0.08333333333333333) r=1.0 outside unit square\n",
  "parent_value": 2.166666666666667,
  "parent_is_seed": false
}