{
  "step": 34,
  "group": 5,
  "rollout": 29,
  "reward": 2.4247377041554388,
  "valid": true,
  "parsed": true,
  "ran": true,
  "msg": "ok",
  "advantage": -0.3890962329362617,
  "beta": 85.19461535170244,
  "n_response_tokens": 2558,
  "sandbox_stdout": "",
  "parent_value": 2.4406261751436102,
  "parent_is_seed": false
}