{
  "step": 31,
  "group": 5,
  "rollout": 61,
  "reward": 2.3859043169954885,
  "valid": true,
  "parsed": true,
  "ran": true,
  "msg": "ok",
  "advantage": 0.386093673259436,
  "beta": 69.37823052272641,
  "n_response_tokens": 2092,
  "sandbox_stdout": "Validation failed: Circle 0 at (0.09427744881263406,0.09427744881263406) r=0.9999999999995208 outside unit square\nValidation failed: Circle 0 at (0.08477280251526009,0.09397537838395631) r=0.10098791006334051 outside unit square\nValidation failed: Circle 0 at (0.09427744881263406,0.09427744881263406) r=51880079.18134275 outside unit square\nValidation failed: Circle 0 at (6.275152003818914e-08,0.999987129247473) r=1.0 outside unit square\nValidation failed: Circle 0 at (0.09427744881263406,0.09427744881263406) r=1.0 outside unit square\n",
  "parent_value": 2.4025735793620857,
  "parent_is_seed": false
}