{
  "step": 29,
  "group": 5,
  "rollout": 57,
  "reward": 2.338857239368994,
  "valid": true,
  "parsed": true,
  "ran": true,
  "msg": "ok",
  "advantage": -0.7407634138187895,
  "beta": 46.07288637742067,
  "n_response_tokens": 1884,
  "sandbox_stdout": "Validation failed: Circle 0 at (0.09427744881263406,0.09427744881263406) r=1.0 outside unit square\n",
  "parent_value": 2.400539900619024,
  "parent_is_seed": false
}