{
  "step": 4,
  "group": 5,
  "rollout": 30,
  "reward": 1.877450062998889,
  "valid": true,
  "parsed": true,
  "ran": true,
  "msg": "ok",
  "advantage": 2.0334800894844967,
  "beta": 1.6370943001318043,
  "n_response_tokens": 1804,
  "sandbox_stdout": "",
  "parent_value": 1.954945333515407,
  "parent_is_seed": false
}