{
  "step": 30,
  "group": 5,
  "rollout": 36,
  "reward": 0.8789626361982685,
  "valid": true,
  "parsed": true,
  "ran": true,
  "msg": "ok",
  "advantage": -1.0,
  "beta": 68.12300387813981,
  "n_response_tokens": 1960,
  "sandbox_stdout": "Validation failed: Circle 0 at (0.18301270189221933,0.18301270189221933) r=0.9999999999998888 outside unit square\n",
  "parent_value": 2.401442661079225,
  "parent_is_seed": false
}