{
  "step": 8,
  "group": 1,
  "rollout": 2,
  "reward": 2.344639161775073,
  "valid": true,
  "parsed": true,
  "ran": true,
  "msg": "ok",
  "advantage": 1.1600890177719991,
  "beta": 1.9481794770313703,
  "n_response_tokens": 1778,
  "sandbox_stdout": "",
  "parent_value": 2.344639161775073,
  "parent_is_seed": false
}