{
  "step": 36,
  "group": 1,
  "rollout": 39,
  "reward": 2.4669565280007846,
  "valid": true,
  "parsed": true,
  "ran": true,
  "msg": "ok",
  "advantage": -0.36979047587374303,
  "beta": 3010.227299270278,
  "n_response_tokens": 2420,
  "sandbox_stdout": "",
  "parent_value": 2.4675276245824294,
  "parent_is_seed": false
}