{
  "step": 16,
  "group": 5,
  "rollout": 19,
  "reward": 2.344639161775073,
  "valid": true,
  "parsed": true,
  "ran": true,
  "msg": "ok",
  "advantage": 0.18867924528160596,
  "beta": 1048576.0,
  "n_response_tokens": 2006,
  "sandbox_stdout": "Validation failed: Circle 1 at (0.27053528789712383,0.09017842929904128) r=0.27053528789712383 outside unit square\n",
  "parent_value": 2.344639161775073,
  "parent_is_seed": false
}