{
  "step": 38,
  "group": 3,
  "rollout": 47,
  "reward": 2.482061812857635,
  "valid": true,
  "parsed": true,
  "ran": true,
  "msg": "ok",
  "advantage": -0.40279284855713116,
  "beta": 319.2673679001087,
  "n_response_tokens": 2577,
  "sandbox_stdout": "Genetic algorithm time: 28.1707 seconds\nRefinement time: 0.0199 seconds\n",
  "parent_value": 2.488982334221845,
  "parent_is_seed": false
}