{
  "step": 35,
  "group": 0,
  "rollout": 6,
  "reward": 2.467131232070715,
  "valid": true,
  "parsed": true,
  "ran": true,
  "msg": "ok",
  "advantage": 0.03236861381256606,
  "beta": 153.3765931840558,
  "n_response_tokens": 2440,
  "sandbox_stdout": "",
  "parent_value": 2.466152689236886,
  "parent_is_seed": false
}