{
  "step": 39,
  "group": 1,
  "rollout": 59,
  "reward": 2.5133716930770156,
  "valid": true,
  "parsed": true,
  "ran": true,
  "msg": "ok",
  "advantage": -0.5170897962172601,
  "beta": 196.37893576114558,
  "n_response_tokens": 2544,
  "sandbox_stdout": "",
  "parent_value": 2.523833038998325,
  "parent_is_seed": false
}