{
  "step": 14,
  "group": 6,
  "rollout": 34,
  "reward": 2.344639161775073,
  "valid": true,
  "parsed": true,
  "ran": true,
  "msg": "ok",
  "advantage": 1.083060413107468,
  "beta": 19.685302134306824,
  "n_response_tokens": 1792,
  "sandbox_stdout": "Validation failed: Circle 0 at (0.08474956934245734,0.08697820096297812) r=0.09905361683505207 outside unit square\n",
  "parent_value": 2.344639161775073,
  "parent_is_seed": false
}