{
  "step": 4,
  "group": 7,
  "rollout": 51,
  "reward": 1.6153846153846154,
  "valid": true,
  "parsed": true,
  "ran": true,
  "msg": "ok",
  "advantage": 1.2098360106943646,
  "beta": 1.5415866566334988,
  "n_response_tokens": 1379,
  "sandbox_stdout": "",
  "parent_value": 1.909090909090909,
  "parent_is_seed": false
}