{
  "step": 28,
  "group": 6,
  "rollout": 11,
  "reward": 2.3466662439027446,
  "valid": true,
  "parsed": true,
  "ran": true,
  "msg": "ok",
  "advantage": -0.8843229292392238,
  "beta": 67.26381515783808,
  "n_response_tokens": 1771,
  "sandbox_stdout": "Validation failed: Circle 0 at (0.09427744881263406,0.09427744881263406) r=0.9999999999997197 outside unit square\n",
  "parent_value": 2.3928335119262054,
  "parent_is_seed": false
}