{
  "step": 42,
  "group": 7,
  "rollout": 46,
  "reward": 2.52038341889289,
  "valid": true,
  "parsed": true,
  "ran": true,
  "msg": "ok",
  "advantage": 0.4114047658935309,
  "beta": 274.4051629412084,
  "n_response_tokens": 2635,
  "sandbox_stdout": "",
  "parent_value": 2.5237126324803065,
  "parent_is_seed": false
}