{
  "step": 42,
  "group": 6,
  "rollout": 14,
  "reward": 2.5165852613081947,
  "valid": true,
  "parsed": true,
  "ran": true,
  "msg": "ok",
  "advantage": -0.6561855635213001,
  "beta": 356.4581267513661,
  "n_response_tokens": 2503,
  "sandbox_stdout": "",
  "parent_value": 2.5237509837340886,
  "parent_is_seed": false
}