{
  "step": 33,
  "group": 3,
  "rollout": 49,
  "reward": 2.4399669222617355,
  "valid": true,
  "parsed": true,
  "ran": true,
  "msg": "ok",
  "advantage": 2.5871458200607376,
  "beta": 77.5778710892348,
  "n_response_tokens": 2528,
  "sandbox_stdout": "",
  "parent_value": 2.4393664032208555,
  "parent_is_seed": false
}