{
  "step": 40,
  "group": 4,
  "rollout": 33,
  "reward": 2.516303495791785,
  "valid": true,
  "parsed": true,
  "ran": true,
  "msg": "ok",
  "advantage": -0.477766730583172,
  "beta": 276.9206129610181,
  "n_response_tokens": 2489,
  "sandbox_stdout": "",
  "parent_value": 2.523218311990641,
  "parent_is_seed": false
}