{
  "step": 41,
  "group": 0,
  "rollout": 60,
  "reward": 2.5206822930740547,
  "valid": true,
  "parsed": true,
  "ran": true,
  "msg": "ok",
  "advantage": 0.3958650421241927,
  "beta": 465.6355809687069,
  "n_response_tokens": 2643,
  "sandbox_stdout": "",
  "parent_value": 2.5246633502382383,
  "parent_is_seed": false
}