{
  "step": 21,
  "group": 1,
  "rollout": 59,
  "reward": 2.3720882408679866,
  "valid": true,
  "parsed": true,
  "ran": true,
  "msg": "ok",
  "advantage": 0.21153846153699374,
  "beta": 1048576.0,
  "n_response_tokens": 2274,
  "sandbox_stdout": "Validation failed: Circle 0 at (0.22756010533503046,0.37866435059853254) r=1.0 outside unit square\nInitial layout also failed: Circles 0 and 11 overlap\nValidation failed: Circle 0 at (0.09427744881263406,0.09427744881263406) r=0.9999999999992697 outside unit square\nValidation failed: Circle 0 at (0.6607009119873998,0.23561836733651276) r=0.9999999999999495 outside unit square\nInitial layout also failed: Circles 1 and 13 overlap\nValidation failed: Circle 0 at (0.09293141414786683,0.0411478350258726) r=0.9999999999995282 outside unit square\nInitial layout also failed: Circle 0 at (0.09293141414786683,0.0411478350258726) r=0.09293141414786683 outside unit square\nValidation failed: Circle 0 at (0.734482353620953,0.7811908271340179) r=0.9999999999999248 outside unit square\nInitial layout also failed: Circles 0 and 8 overlap\n",
  "parent_value": 2.3720882408679866,
  "parent_is_seed": false
}