{
  "step": 11,
  "group": 1,
  "rollout": 6,
  "reward": 0.0,
  "valid": true,
  "parsed": true,
  "ran": true,
  "msg": "ok",
  "advantage": -1.0,
  "beta": 1048576.0,
  "n_response_tokens": 1643,
  "sandbox_stdout": "Validation failed: Circle 0 at (0.0860794097854485,0.0860794097854485) r=0.9999999999999098 outside unit square\nInitial layout also failed: Circle 25 at (0.172158819570897,0.9468735076399334) r=0.0860794097854485 outside unit square\n",
  "parent_value": 2.344639161775073,
  "parent_is_seed": false
}