{
  "step": 38,
  "group": 1,
  "rollout": 18,
  "reward": 2.521516383587967,
  "valid": true,
  "parsed": true,
  "ran": true,
  "msg": "ok",
  "advantage": 1.2453882743167406,
  "beta": 320.3893807517825,
  "n_response_tokens": 2649,
  "sandbox_stdout": "",
  "parent_value": 2.5242063708350924,
  "parent_is_seed": false
}