{
  "step": 31,
  "group": 7,
  "rollout": 57,
  "reward": 2.367149323526353,
  "valid": true,
  "parsed": true,
  "ran": true,
  "msg": "ok",
  "advantage": -0.15553041841606052,
  "beta": 61.96453885537716,
  "n_response_tokens": 1986,
  "sandbox_stdout": "Validation failed: Circle 0 at (0.09427744881263406,0.09427744881263406) r=1.0 outside unit square\n",
  "parent_value": 2.4005731732861455,
  "parent_is_seed": false
}