{
  "step": 13,
  "group": 4,
  "rollout": 54,
  "reward": 2.166666666666667,
  "valid": true,
  "parsed": true,
  "ran": true,
  "msg": "ok",
  "advantage": 1.5664577067382521,
  "beta": 1.167236901369722,
  "n_response_tokens": 2244,
  "sandbox_stdout": "",
  "parent_value": 2.344639161775073,
  "parent_is_seed": false
}