{
  "step": 38,
  "group": 6,
  "rollout": 47,
  "reward": 2.4855636954800593,
  "valid": true,
  "parsed": true,
  "ran": true,
  "msg": "ok",
  "advantage": 2.2232565157611495,
  "beta": 259.2686691462504,
  "n_response_tokens": 2486,
  "sandbox_stdout": "",
  "parent_value": 2.4799159374778297,
  "parent_is_seed": false
}