{
  "step": 34,
  "group": 3,
  "rollout": 38,
  "reward": 2.43757744621148,
  "valid": true,
  "parsed": true,
  "ran": true,
  "msg": "ok",
  "advantage": 1.7426275036538956,
  "beta": 123.81122692443421,
  "n_response_tokens": 2554,
  "sandbox_stdout": "",
  "parent_value": 2.441239966148949,
  "parent_is_seed": false
}