{
  "step": 34,
  "group": 3,
  "rollout": 12,
  "reward": 2.4212742577771045,
  "valid": true,
  "parsed": true,
  "ran": true,
  "msg": "ok",
  "advantage": -0.648890265479319,
  "beta": 123.81122692443421,
  "n_response_tokens": 2597,
  "sandbox_stdout": "",
  "parent_value": 2.441239966148949,
  "parent_is_seed": false
}