{
  "step": 31,
  "group": 3,
  "rollout": 14,
  "reward": 2.404358719307924,
  "valid": true,
  "parsed": true,
  "ran": true,
  "msg": "ok",
  "advantage": 0.6716792640192109,
  "beta": 181.02105402282885,
  "n_response_tokens": 2158,
  "sandbox_stdout": "",
  "parent_value": 2.406077529622345,
  "parent_is_seed": false
}