{
  "step": 43,
  "group": 2,
  "rollout": 57,
  "reward": 2.5178358950194233,
  "valid": true,
  "parsed": true,
  "ran": true,
  "msg": "ok",
  "advantage": -0.10940497589208587,
  "beta": 289.6180537368688,
  "n_response_tokens": 2996,
  "sandbox_stdout": "",
  "parent_value": 2.524092990041651,
  "parent_is_seed": false
}