{
  "step": 22,
  "group": 5,
  "rollout": 39,
  "reward": 0.0,
  "valid": true,
  "parsed": true,
  "ran": true,
  "msg": "ok",
  "advantage": -1.0,
  "beta": 1048576.0,
  "n_response_tokens": 1857,
  "sandbox_stdout": "Validation failed: Circle 0 at (0.06418853704375715,0.5206568176933175) r=1.0 outside unit square\nInitial layout also failed: Circle 2 at (0.5288170356705597,0.03018087385058077) r=0.1 outside unit square\n",
  "parent_value": 2.3720882408679866,
  "parent_is_seed": false
}