{
  "step": 42,
  "group": 6,
  "rollout": 59,
  "reward": 2.524152134844358,
  "valid": true,
  "parsed": true,
  "ran": true,
  "msg": "ok",
  "advantage": 4.518744923588551,
  "beta": 356.4581267513661,
  "n_response_tokens": 2493,
  "sandbox_stdout": "",
  "parent_value": 2.5237509837340886,
  "parent_is_seed": false
}