{
  "step": 12,
  "group": 4,
  "rollout": 34,
  "reward": 2.344639161775073,
  "valid": true,
  "parsed": true,
  "ran": true,
  "msg": "ok",
  "advantage": 0.4651162790676209,
  "beta": 1048576.0,
  "n_response_tokens": 2220,
  "sandbox_stdout": "Validation failed: Circle 1 at (0.1370016103536722,0.17665774315606558) r=0.33484529691768294 outside unit square\n",
  "parent_value": 2.344639161775073,
  "parent_is_seed": false
}