{
  "step": 42,
  "group": 2,
  "rollout": 59,
  "reward": 2.515224125089262,
  "valid": true,
  "parsed": true,
  "ran": true,
  "msg": "ok",
  "advantage": -0.9386115298842332,
  "beta": 473.98180363955186,
  "n_response_tokens": 2516,
  "sandbox_stdout": "",
  "parent_value": 2.523921912903063,
  "parent_is_seed": false
}