{
  "step": 33,
  "group": 6,
  "rollout": 50,
  "reward": 2.402105381773879,
  "valid": true,
  "parsed": true,
  "ran": true,
  "msg": "ok",
  "advantage": -0.8076087977368456,
  "beta": 423.47565421723044,
  "n_response_tokens": 2505,
  "sandbox_stdout": "",
  "parent_value": 2.409029065779771,
  "parent_is_seed": false
}