{
  "step": 34,
  "group": 0,
  "rollout": 56,
  "reward": 2.4221879068068874,
  "valid": true,
  "parsed": true,
  "ran": true,
  "msg": "ok",
  "advantage": -0.3102884031619124,
  "beta": 67.45379404774611,
  "n_response_tokens": 2449,
  "sandbox_stdout": "",
  "parent_value": 2.4471547058281016,
  "parent_is_seed": false
}