{
  "step": 31,
  "group": 0,
  "rollout": 59,
  "reward": 2.414923787749437,
  "valid": true,
  "parsed": true,
  "ran": true,
  "msg": "ok",
  "advantage": -0.7417754912660617,
  "beta": 110.24961865585313,
  "n_response_tokens": 2584,
  "sandbox_stdout": "",
  "parent_value": 2.4385612464746482,
  "parent_is_seed": false
}