{
  "step": 34,
  "group": 4,
  "rollout": 55,
  "reward": 2.425584597119429,
  "valid": true,
  "parsed": true,
  "ran": true,
  "msg": "ok",
  "advantage": -0.08823020440435247,
  "beta": 124.95454972397415,
  "n_response_tokens": 2549,
  "sandbox_stdout": "",
  "parent_value": 2.44080212288812,
  "parent_is_seed": false
}