{
  "step": 33,
  "group": 0,
  "rollout": 18,
  "reward": 2.430195488374799,
  "valid": true,
  "parsed": true,
  "ran": true,
  "msg": "ok",
  "advantage": -0.2243221857417359,
  "beta": 164.30730108282066,
  "n_response_tokens": 2374,
  "sandbox_stdout": "",
  "parent_value": 2.4480187753059144,
  "parent_is_seed": false
}