{
  "step": 41,
  "group": 6,
  "rollout": 57,
  "reward": 2.522760898520761,
  "valid": true,
  "parsed": true,
  "ran": true,
  "msg": "ok",
  "advantage": 1.6692118714359658,
  "beta": 366.94999745105827,
  "n_response_tokens": 2543,
  "sandbox_stdout": "",
  "parent_value": 2.5239070567447666,
  "parent_is_seed": false
}