{
  "step": 30,
  "group": 1,
  "rollout": 58,
  "reward": 2.395293767418807,
  "valid": true,
  "parsed": true,
  "ran": true,
  "msg": "ok",
  "advantage": -0.2549304885228323,
  "beta": 67.40141159494628,
  "n_response_tokens": 2812,
  "sandbox_stdout": "",
  "parent_value": 2.407463087598001,
  "parent_is_seed": false
}