{
  "step": 34,
  "group": 7,
  "rollout": 20,
  "reward": 2.428384236061331,
  "valid": true,
  "parsed": true,
  "ran": true,
  "msg": "ok",
  "advantage": -0.3582470916705186,
  "beta": 162.68059185270033,
  "n_response_tokens": 2553,
  "sandbox_stdout": "",
  "parent_value": 2.439110359796044,
  "parent_is_seed": false
}