{
  "step": 28,
  "group": 6,
  "rollout": 53,
  "reward": 2.3718088719300257,
  "valid": true,
  "parsed": true,
  "ran": true,
  "msg": "ok",
  "advantage": -0.3672019315992362,
  "beta": 67.26381515783808,
  "n_response_tokens": 1842,
  "sandbox_stdout": "Validation failed: Circle 0 at (0.09427744881263406,0.09427744881263406) r=0.9999999999994276 outside unit square\n",
  "parent_value": 2.3928335119262054,
  "parent_is_seed": false
}