{
  "step": 29,
  "group": 0,
  "rollout": 7,
  "reward": 2.3774563620004314,
  "valid": true,
  "parsed": true,
  "ran": true,
  "msg": "ok",
  "advantage": 0.7177310104038463,
  "beta": 55.89383122493655,
  "n_response_tokens": 2413,
  "sandbox_stdout": "Validation failed: Circle 0 at (0.09427744881263406,0.09427744881263406) r=0.9999999999994702 outside unit square\n",
  "parent_value": 2.407314262228873,
  "parent_is_seed": false
}