{
  "step": 9,
  "group": 3,
  "rollout": 44,
  "reward": 0.0,
  "valid": true,
  "parsed": true,
  "ran": true,
  "msg": "ok",
  "advantage": -0.9056927045961639,
  "beta": 1.3806558115281813,
  "n_response_tokens": 1493,
  "sandbox_stdout": "Validation failed: Circle 0 at (0.9999999999999695,0.9999999999999695) r=0.9999999999999695 outside unit square\nInitial layout also failed: Circle 11 at (0.0034579137102782598,0.6202727238873738) r=0.02580626368206547 outside unit square\n",
  "parent_value": 2.344639161775073,
  "parent_is_seed": false
}