{
  "step": 40,
  "group": 7,
  "rollout": 28,
  "reward": 2.5245574230520633,
  "valid": true,
  "parsed": true,
  "ran": true,
  "msg": "ok",
  "advantage": 4.352290306924037,
  "beta": 351.58859580308285,
  "n_response_tokens": 2538,
  "sandbox_stdout": "",
  "parent_value": 2.5229287858114082,
  "parent_is_seed": false
}