{
  "step": 20,
  "group": 2,
  "rollout": 56,
  "reward": 2.3720882408679866,
  "valid": true,
  "parsed": true,
  "ran": true,
  "msg": "ok",
  "advantage": 0.10526315789351526,
  "beta": 1048576.0,
  "n_response_tokens": 2577,
  "sandbox_stdout": "Validation failed: Circle 0 at (0.09427744881263406,0.09427744881263406) r=0.9999999999992697 outside unit square\nValidation failed: Circle 0 at (0.09427744881263406,0.09427744881263406) r=0.9999999999992697 outside unit square\nValidation failed: Circle 0 at (0.09427744881263406,0.09427744881263406) r=0.9999999999992697 outside unit square\nValidation failed: Circle 0 at (0.5807347584976268,0.674759895025398) r=0.9999999999966742 outside unit square\nInitial layout also failed: Circle 3 at (0.9815634856019557,0.7242524687507893) r=0.05 outside unit square\nValidation failed: Circle 0 at (0.27385802000447335,0.2352007650043657) r=0.9999999999966742 outside unit square\nInitial layout also failed: Circle 5 at (0.0020279054330651913,0.37937395202815893) r=0.05 outside unit square\n",
  "parent_value": 2.3720882408679866,
  "parent_is_seed": false
}