{
  "step": 40,
  "group": 7,
  "rollout": 43,
  "reward": 2.5149685080469704,
  "valid": true,
  "parsed": true,
  "ran": true,
  "msg": "ok",
  "advantage": -0.8301222297405659,
  "beta": 351.58859580308285,
  "n_response_tokens": 2560,
  "sandbox_stdout": "",
  "parent_value": 2.5229287858114082,
  "parent_is_seed": false
}