{
  "step": 33,
  "group": 5,
  "rollout": 33,
  "reward": 2.405802319539088,
  "valid": true,
  "parsed": true,
  "ran": true,
  "msg": "ok",
  "advantage": 0.027715895777629562,
  "beta": 93.09888914207674,
  "n_response_tokens": 2475,
  "sandbox_stdout": "",
  "parent_value": 2.4094656132629684,
  "parent_is_seed": false
}