{
  "step": 6,
  "group": 5,
  "rollout": 38,
  "reward": 0.0,
  "valid": true,
  "parsed": true,
  "ran": true,
  "msg": "ok",
  "advantage": -0.9999998662983356,
  "beta": 7.628097302910225,
  "n_response_tokens": 1362,
  "sandbox_stdout": "Validation failed: Circle 0 at (0.6807025019459239,0.11608549505225507) r=1.0 outside unit square\nInitial layout also failed: Circle 1 at (0.7629477052761943,0.9664703096045077) r=0.08238058097433776 outside unit square\n",
  "parent_value": 2.166666666666667,
  "parent_is_seed": false
}