{
  "step": 34,
  "group": 5,
  "rollout": 43,
  "reward": 2.4339646930094165,
  "valid": true,
  "parsed": true,
  "ran": true,
  "msg": "ok",
  "advantage": 0.35652649601655306,
  "beta": 85.19461535170244,
  "n_response_tokens": 2588,
  "sandbox_stdout": "",
  "parent_value": 2.4406261751436102,
  "parent_is_seed": false
}