{
  "step": 37,
  "group": 0,
  "rollout": 6,
  "reward": 2.515482825654904,
  "valid": true,
  "parsed": true,
  "ran": true,
  "msg": "ok",
  "advantage": -0.6047334458486388,
  "beta": 296.832253782249,
  "n_response_tokens": 2630,
  "sandbox_stdout": "",
  "parent_value": 2.5200905075486832,
  "parent_is_seed": false
}