{
  "step": 44,
  "group": 2,
  "rollout": 42,
  "reward": 2.523001684384984,
  "valid": true,
  "parsed": true,
  "ran": true,
  "msg": "ok",
  "advantage": -0.17094057856497236,
  "beta": 980.6299855428642,
  "n_response_tokens": 2690,
  "sandbox_stdout": "",
  "parent_value": 2.524041847989503,
  "parent_is_seed": false
}