{
  "step": 44,
  "group": 1,
  "rollout": 57,
  "reward": 2.519404594342566,
  "valid": true,
  "parsed": true,
  "ran": true,
  "msg": "ok",
  "advantage": 0.23598767580328062,
  "beta": 300.27460318313985,
  "n_response_tokens": 2616,
  "sandbox_stdout": "",
  "parent_value": 2.524098168468562,
  "parent_is_seed": false
}