{
  "step": 14,
  "group": 3,
  "rollout": 22,
  "reward": 0.0,
  "valid": true,
  "parsed": true,
  "ran": true,
  "msg": "ok",
  "advantage": -0.9736495636160295,
  "beta": 1.9033382783816553,
  "n_response_tokens": 2123,
  "sandbox_stdout": "Validation failed: Circle 0 has negative radius -9.595787654802833e-25\nInitial layout also failed: Circle 0 at (0.0,0.06262541337748756) r=0.05 outside unit square\n",
  "parent_value": 2.344639161775073,
  "parent_is_seed": false
}