{
  "step": 34,
  "group": 7,
  "rollout": 55,
  "reward": 2.4282557017720348,
  "valid": true,
  "parsed": true,
  "ran": true,
  "msg": "ok",
  "advantage": -0.3716592908370643,
  "beta": 162.68059185270033,
  "n_response_tokens": 2906,
  "sandbox_stdout": "",
  "parent_value": 2.439110359796044,
  "parent_is_seed": false
}