{
  "step": 26,
  "group": 1,
  "rollout": 19,
  "reward": 0.0,
  "valid": true,
  "parsed": true,
  "ran": true,
  "msg": "ok",
  "advantage": -1.0,
  "beta": 29.769776805059447,
  "n_response_tokens": 1733,
  "sandbox_stdout": "Validation failed: Circle 0 at (0.09427744881263406,0.09427744881263406) r=0.9999999999993656 outside unit square\nInitial layout also failed: Circles 20 and 25 overlap\n",
  "parent_value": 2.398796531594696,
  "parent_is_seed": false
}