{
  "step": 36,
  "group": 6,
  "rollout": 36,
  "reward": 2.441974001867831,
  "valid": true,
  "parsed": true,
  "ran": true,
  "msg": "ok",
  "advantage": -0.3663655091075666,
  "beta": 187.02522203465082,
  "n_response_tokens": 2444,
  "sandbox_stdout": "",
  "parent_value": 2.4552048906625803,
  "parent_is_seed": false
}