{
  "step": 36,
  "group": 3,
  "rollout": 45,
  "reward": 2.4594117081556712,
  "valid": true,
  "parsed": true,
  "ran": true,
  "msg": "ok",
  "advantage": -0.039829352515160066,
  "beta": 434.799074565041,
  "n_response_tokens": 3085,
  "sandbox_stdout": "",
  "parent_value": 2.461403362770899,
  "parent_is_seed": false
}