{
  "step": 37,
  "group": 0,
  "rollout": 10,
  "reward": 2.5162944541569496,
  "valid": true,
  "parsed": true,
  "ran": true,
  "msg": "ok",
  "advantage": -0.4961953992900763,
  "beta": 296.832253782249,
  "n_response_tokens": 2343,
  "sandbox_stdout": "",
  "parent_value": 2.5200905075486832,
  "parent_is_seed": false
}