{
  "step": 27,
  "group": 2,
  "rollout": 2,
  "reward": 2.367794077145769,
  "valid": true,
  "parsed": true,
  "ran": true,
  "msg": "ok",
  "advantage": 0.2683151918103279,
  "beta": 51.946147534671084,
  "n_response_tokens": 1846,
  "sandbox_stdout": "Validation failed: Circle 0 at (0.09427744881263406,0.09427744881263406) r=1.0 outside unit square\n",
  "parent_value": 2.3936475354359117,
  "parent_is_seed": false
}