{
  "step": 43,
  "group": 4,
  "rollout": 61,
  "reward": 0.0,
  "valid": true,
  "parsed": true,
  "ran": true,
  "msg": "ok",
  "advantage": -1.0,
  "beta": 385.7938897634326,
  "n_response_tokens": 2364,
  "sandbox_stdout": "Validation failed: Circle 0 at (0.08318114355843778,0.07615758205765372) r=0.1 outside unit square\n",
  "parent_value": 2.5239117899186727,
  "parent_is_seed": false
}