{
  "step": 7,
  "group": 6,
  "rollout": 60,
  "reward": 0.0,
  "valid": true,
  "parsed": true,
  "ran": true,
  "msg": "ok",
  "advantage": -0.9461246052688765,
  "beta": 1.725587689437551,
  "n_response_tokens": 1544,
  "sandbox_stdout": "Validation failed: Circle 0 at (4.688454853204015e-11,4.669183087305735e-11) r=0.9999999976375579 outside unit square\nInitial layout also failed: Circle 11 at (0.9285714285714284,0.3902929725098396) r=0.0857142857142857 outside unit square\n",
  "parent_value": 2.166666666666667,
  "parent_is_seed": false
}