{
  "step": 1,
  "group": 4,
  "rollout": 38,
  "reward": 0.0,
  "valid": true,
  "parsed": true,
  "ran": true,
  "msg": "ok",
  "advantage": -0.3606970189221158,
  "beta": 1.880182635295622,
  "n_response_tokens": 1588,
  "sandbox_stdout": "Validation failed: Circle 0 at (4.70037502361763e-13,5.26560634383216e-13) r=0.9999999999994853 outside unit square\nInitial layout also failed: Circle 0 at (0.0,0.0) r=0.01 outside unit square\n",
  "parent_value": 0.0,
  "parent_is_seed": false
}