{
  "step": 39,
  "group": 1,
  "rollout": 23,
  "reward": 2.5201507612180705,
  "valid": true,
  "parsed": true,
  "ran": true,
  "msg": "ok",
  "advantage": 0.868109613150355,
  "beta": 196.37893576114558,
  "n_response_tokens": 2453,
  "sandbox_stdout": "",
  "parent_value": 2.523833038998325,
  "parent_is_seed": false
}