{
  "step": 40,
  "group": 1,
  "rollout": 0,
  "reward": 2.514561494811495,
  "valid": true,
  "parsed": true,
  "ran": true,
  "msg": "ok",
  "advantage": -0.7605092495027378,
  "beta": 319.72530207938513,
  "n_response_tokens": 2677,
  "sandbox_stdout": "",
  "parent_value": 2.5239580244822952,
  "parent_is_seed": false
}