{
  "step": 42,
  "group": 6,
  "rollout": 15,
  "reward": 2.5234061705673083,
  "valid": true,
  "parsed": true,
  "ran": true,
  "msg": "ok",
  "advantage": 3.1453965179544534,
  "beta": 356.4581267513661,
  "n_response_tokens": 2665,
  "sandbox_stdout": "",
  "parent_value": 2.5237509837340886,
  "parent_is_seed": false
}