{
  "step": 36,
  "group": 7,
  "rollout": 3,
  "reward": 2.454815139460405,
  "valid": true,
  "parsed": true,
  "ran": true,
  "msg": "ok",
  "advantage": 0.952147884565671,
  "beta": 162.45529414173203,
  "n_response_tokens": 2761,
  "sandbox_stdout": "",
  "parent_value": 2.454851833591337,
  "parent_is_seed": false
}