{
  "step": 26,
  "group": 0,
  "rollout": 6,
  "reward": 2.3721706659887825,
  "valid": true,
  "parsed": true,
  "ran": true,
  "msg": "ok",
  "advantage": 0.6201355837667133,
  "beta": 45.27851299194755,
  "n_response_tokens": 1575,
  "sandbox_stdout": "Validation failed: Circle 0 at (0.09427744881263406,0.09427744881263406) r=1.0 outside unit square\n",
  "parent_value": 2.405841351161923,
  "parent_is_seed": false
}