{
  "step": 27,
  "group": 2,
  "rollout": 50,
  "reward": 2.3790181832861714,
  "valid": true,
  "parsed": true,
  "ran": true,
  "msg": "ok",
  "advantage": 1.308969002636481,
  "beta": 51.946147534671084,
  "n_response_tokens": 1814,
  "sandbox_stdout": "Validation failed: Circle 0 at (0.09427744881263406,0.09427744881263406) r=0.9999999999996255 outside unit square\n",
  "parent_value": 2.3936475354359117,
  "parent_is_seed": false
}