{
  "step": 34,
  "group": 0,
  "rollout": 52,
  "reward": 2.429434265517103,
  "valid": true,
  "parsed": true,
  "ran": true,
  "msg": "ok",
  "advantage": 0.1322847647812515,
  "beta": 67.45379404774611,
  "n_response_tokens": 2374,
  "sandbox_stdout": "",
  "parent_value": 2.4471547058281016,
  "parent_is_seed": false
}