{
  "step": 41,
  "group": 0,
  "rollout": 33,
  "reward": 2.520390107027497,
  "valid": true,
  "parsed": true,
  "ran": true,
  "msg": "ok",
  "advantage": 0.21488289127898863,
  "beta": 465.6355809687069,
  "n_response_tokens": 2545,
  "sandbox_stdout": "",
  "parent_value": 2.5246633502382383,
  "parent_is_seed": false
}