{
  "step": 4,
  "group": 4,
  "rollout": 17,
  "reward": 1.2891132720658458,
  "valid": true,
  "parsed": true,
  "ran": true,
  "msg": "ok",
  "advantage": -0.1768242699697976,
  "beta": 1.9495086662170011,
  "n_response_tokens": 2575,
  "sandbox_stdout": "",
  "parent_value": 1.954945333515407,
  "parent_is_seed": false
}