{
  "step": 42,
  "group": 0,
  "rollout": 48,
  "reward": 2.5110874900033067,
  "valid": true,
  "parsed": true,
  "ran": true,
  "msg": "ok",
  "advantage": -0.8046816630277152,
  "beta": 242.27491650058167,
  "n_response_tokens": 2706,
  "sandbox_stdout": "",
  "parent_value": 2.524262390113781,
  "parent_is_seed": false
}