{
  "step": 35,
  "group": 7,
  "rollout": 59,
  "reward": 2.429480331776438,
  "valid": true,
  "parsed": true,
  "ran": true,
  "msg": "ok",
  "advantage": -0.03604476946958712,
  "beta": 130.31025307108035,
  "n_response_tokens": 2765,
  "sandbox_stdout": "",
  "parent_value": 2.444018378963807,
  "parent_is_seed": false
}