{
  "step": 34,
  "group": 7,
  "rollout": 34,
  "reward": 2.432241424220247,
  "valid": true,
  "parsed": true,
  "ran": true,
  "msg": "ok",
  "advantage": 0.21272436236928005,
  "beta": 162.68059185270033,
  "n_response_tokens": 2466,
  "sandbox_stdout": "",
  "parent_value": 2.439110359796044,
  "parent_is_seed": false
}