{
  "step": 27,
  "group": 6,
  "rollout": 16,
  "reward": 2.3720882408679875,
  "valid": true,
  "parsed": true,
  "ran": true,
  "msg": "ok",
  "advantage": 0.12500000089679553,
  "beta": 1048576.0,
  "n_response_tokens": 2087,
  "sandbox_stdout": "",
  "parent_value": 2.3720882408679875,
  "parent_is_seed": false
}