{
  "step": 15,
  "group": 2,
  "rollout": 42,
  "reward": 2.344639161775073,
  "valid": true,
  "parsed": true,
  "ran": true,
  "msg": "ok",
  "advantage": 0.4651162790676209,
  "beta": 1048576.0,
  "n_response_tokens": 1607,
  "sandbox_stdout": "Validation failed: Circle 0 at (0.08913939806502533,0.0891394150850512) r=1.9999999999999996 outside unit square\n",
  "parent_value": 2.344639161775073,
  "parent_is_seed": false
}