{
  "step": 43,
  "group": 2,
  "rollout": 14,
  "reward": 2.5106892142317556,
  "valid": true,
  "parsed": true,
  "ran": true,
  "msg": "ok",
  "advantage": -0.8889694462479514,
  "beta": 289.6180537368688,
  "n_response_tokens": 2602,
  "sandbox_stdout": "",
  "parent_value": 2.524092990041651,
  "parent_is_seed": false
}