{
  "step": 35,
  "group": 0,
  "rollout": 48,
  "reward": 2.466152120758472,
  "valid": true,
  "parsed": true,
  "ran": true,
  "msg": "ok",
  "advantage": -0.11361098066767428,
  "beta": 153.3765931840558,
  "n_response_tokens": 2763,
  "sandbox_stdout": "",
  "parent_value": 2.466152689236886,
  "parent_is_seed": false
}