{
  "step": 26,
  "group": 3,
  "rollout": 60,
  "reward": 0.0,
  "valid": false,
  "parsed": true,
  "ran": true,
  "msg": "Circle 0 at (0.0,0.0) r=1.0 outside unit square",
  "advantage": -1.0,
  "beta": 1048576.0,
  "n_response_tokens": 2315,
  "sandbox_stdout": "Circle 0 at (0.0,0.0) r=1.0 outside unit square\nCircle 1 at (0.0,0.0) r=1.0 outside unit square\nCircle 2 at (0.0,0.0) r=1.0 outside unit square\nCircle 3 at (2.25274467007654e-13,5.2762847981220256e-14) r=1.0 outside unit square\nCircle 4 at (0.8484970393137066,0.0) r=1.0 outside unit square\nCircle 5 at (3.6300568141377455e-14,0.0) r=1.0 outside unit square\nCircle 6 at (3.86264896760683e-14,3.597083270613805e-14) r=1.0 outside unit square\nCircle 7 at (0.0,0.0) r=1.0 outside unit square\nCircle 8 at (0.0,4.7511470211425847e-14) r=1.0 outside unit square\nCircle 9 at (0.023296078020163202,0.25757078016409035) r=1.0 outside unit square\nCircle 10 at (0.0,5.383202985445014e-14) r=1.0 outside unit square\nCircle 11 at (1.561161843099871e-13,1.4711282458547082e-13) r=1.0 outside unit square\nCircle 12 at (3.655319998729404e-14,0.0) r=1.0 outside unit square\nCircle 13 at (4.811294226040278e-13,3.729612385567603e-15) r=1.0 outside unit square\nCircle 14 at (0.8484970393137066,4.686870524614276e-16) r=1.0 outside unit square\nCircle 15 at (2.248835546223143e-17,0.0) r=1.0 outside unit square\nCircle 16 at (4.029332740386807e-16,4.519482291592341e-16) r=1.0 outside unit square\nCircle 17 at (1.0900438989256986e-15,0.0) r=1.0 outside unit square\nCircle 18 at (9.107271048109271e-17,2.565209521223494e-16) r=1.0 outside unit square\nCircle 19 at (0.023296078020163258,0.5841574428670029) r=1.0 outside unit square\nCircle 20 at (2.6782117283510167e-16,0.7474507742184593) r=1.0 outside unit square\nCircle 21 at (0.0,0.7474507742184593) r=1.0 outside unit square\nCircle 22 at (0.0,0.7474507742184593) r=1.0 outside unit square\nCircle 23 at (0.0,0.7474507742184593) r=1.0 outside unit square\nCircle 24 at (0.8484970393137066,0.7474507742184593) r=1.0 outside unit square\nCircle 25 at (0.18855489762526811,0.0) r=1.0 outside unit square\nCircles 0 and 1 overlap\nCircles 0 and 2 overlap\nCircles 0 and 3 overlap\nCircles 0 and 4 overlap\nCircles 0 and 5 overlap\nCircles 0 and 6 overlap\nCircles 0 and 7 overlap\nCir",
  "parent_value": 2.3720882408679875,
  "parent_is_seed": false
}