{
  "step": 2,
  "group": 1,
  "rollout": 48,
  "reward": 0.9000000000000001,
  "valid": true,
  "parsed": true,
  "ran": true,
  "msg": "ok",
  "advantage": 0.3549159849655781,
  "beta": 1.5967442898984088,
  "n_response_tokens": 1161,
  "sandbox_stdout": "",
  "parent_value": 1.8000000000000003,
  "parent_is_seed": false
}