{
  "step": 40,
  "group": 5,
  "rollout": 32,
  "reward": 2.523090827315734,
  "valid": true,
  "parsed": true,
  "ran": true,
  "msg": "ok",
  "advantage": 2.2776612401140297,
  "beta": 243.31360438950858,
  "n_response_tokens": 2768,
  "sandbox_stdout": "",
  "parent_value": 2.5231526676882403,
  "parent_is_seed": false
}