{
  "step": 12,
  "group": 7,
  "rollout": 4,
  "reward": 1.7642857142857142,
  "valid": true,
  "parsed": true,
  "ran": true,
  "msg": "ok",
  "advantage": -1.0,
  "beta": 1048576.0,
  "n_response_tokens": 2049,
  "sandbox_stdout": "Validation failed: Circle 0 at (0.06785714285714285,0.06785714285714285) r=1.0 outside unit square\n",
  "parent_value": 2.344639161775073,
  "parent_is_seed": false
}