{
  "step": 35,
  "group": 7,
  "rollout": 62,
  "reward": 2.4445983713841786,
  "valid": true,
  "parsed": true,
  "ran": true,
  "msg": "ok",
  "advantage": 6.633187587970169,
  "beta": 130.31025307108035,
  "n_response_tokens": 2845,
  "sandbox_stdout": "",
  "parent_value": 2.444018378963807,
  "parent_is_seed": false
}