{
  "step": 42,
  "group": 6,
  "rollout": 1,
  "reward": 2.5238855059980576,
  "valid": true,
  "parsed": true,
  "ran": true,
  "msg": "ok",
  "advantage": 3.9788434285153684,
  "beta": 356.4581267513661,
  "n_response_tokens": 2520,
  "sandbox_stdout": "",
  "parent_value": 2.5237509837340886,
  "parent_is_seed": false
}