{
  "step": 35,
  "group": 5,
  "rollout": 36,
  "reward": 2.4315154663056804,
  "valid": true,
  "parsed": true,
  "ran": true,
  "msg": "ok",
  "advantage": 0.0849199970108363,
  "beta": 170.15509041151668,
  "n_response_tokens": 2561,
  "sandbox_stdout": "",
  "parent_value": 2.4443887866092116,
  "parent_is_seed": false
}