{
  "step": 36,
  "group": 4,
  "rollout": 58,
  "reward": 2.3615890156417634,
  "valid": true,
  "parsed": true,
  "ran": true,
  "msg": "ok",
  "advantage": -0.9994948021836749,
  "beta": 89.22551674917449,
  "n_response_tokens": 2327,
  "sandbox_stdout": "",
  "parent_value": 2.457279085221333,
  "parent_is_seed": false
}