{
  "step": 43,
  "group": 2,
  "rollout": 12,
  "reward": 2.5233500880886983,
  "valid": true,
  "parsed": true,
  "ran": true,
  "msg": "ok",
  "advantage": 3.6572579851081484,
  "beta": 289.6180537368688,
  "n_response_tokens": 2619,
  "sandbox_stdout": "",
  "parent_value": 2.524092990041651,
  "parent_is_seed": false
}