{
  "step": 31,
  "group": 2,
  "rollout": 46,
  "reward": 2.401564421998475,
  "valid": true,
  "parsed": true,
  "ran": true,
  "msg": "ok",
  "advantage": -0.28534450773685827,
  "beta": 241.69467261557583,
  "n_response_tokens": 2784,
  "sandbox_stdout": "",
  "parent_value": 2.4079844195600115,
  "parent_is_seed": false
}