{
  "step": 34,
  "group": 0,
  "rollout": 28,
  "reward": 2.4167262478805847,
  "valid": true,
  "parsed": true,
  "ran": true,
  "msg": "ok",
  "advantage": -0.5244386703397912,
  "beta": 67.45379404774611,
  "n_response_tokens": 2371,
  "sandbox_stdout": "",
  "parent_value": 2.4471547058281016,
  "parent_is_seed": false
}