{
  "step": 34,
  "group": 4,
  "rollout": 12,
  "reward": 2.428128364035369,
  "valid": true,
  "parsed": true,
  "ran": true,
  "msg": "ok",
  "advantage": 0.25975533390446737,
  "beta": 124.95454972397415,
  "n_response_tokens": 2497,
  "sandbox_stdout": "",
  "parent_value": 2.44080212288812,
  "parent_is_seed": false
}