{
  "step": 25,
  "group": 0,
  "rollout": 56,
  "reward": 2.3720882408679866,
  "valid": true,
  "parsed": true,
  "ran": true,
  "msg": "ok",
  "advantage": 0.5286391112141948,
  "beta": 32.996340543552215,
  "n_response_tokens": 2461,
  "sandbox_stdout": "Validation failed: Circle 0 at (0.09427744881263406,0.09427744881263406) r=1.0 outside unit square\nValidation failed: Circle 0 at (0.09427744881263406,0.09427744881263406) r=0.9999999999992697 outside unit square\n",
  "parent_value": 2.3760704662020573,
  "parent_is_seed": false
}