{
  "step": 36,
  "group": 7,
  "rollout": 44,
  "reward": 2.451138615315156,
  "valid": true,
  "parsed": true,
  "ran": true,
  "msg": "ok",
  "advantage": 0.05952570736439067,
  "beta": 162.45529414173203,
  "n_response_tokens": 2591,
  "sandbox_stdout": "",
  "parent_value": 2.454851833591337,
  "parent_is_seed": false
}