{
  "step": 27,
  "group": 3,
  "rollout": 60,
  "reward": 2.34501762966851,
  "valid": true,
  "parsed": true,
  "ran": true,
  "msg": "ok",
  "advantage": -0.8255395780461284,
  "beta": 73.13282559833468,
  "n_response_tokens": 1779,
  "sandbox_stdout": "Validation failed: Circle 0 at (0.09427744881263406,0.09427744881263406) r=1.0 outside unit square\n",
  "parent_value": 2.391734693758117,
  "parent_is_seed": false
}