{
  "step": 8,
  "group": 4,
  "rollout": 20,
  "reward": 1.6466666666666665,
  "valid": true,
  "parsed": true,
  "ran": true,
  "msg": "ok",
  "advantage": -0.8697434764658492,
  "beta": 5.614155218643491,
  "n_response_tokens": 2085,
  "sandbox_stdout": "Validation failed: Circle 0 at (0.07916666666666666,0.07916666666666666) r=0.9999999999943266 outside unit square\n",
  "parent_value": 2.166666666666667,
  "parent_is_seed": false
}