{
  "step": 34,
  "group": 1,
  "rollout": 14,
  "reward": 2.434498049624745,
  "valid": true,
  "parsed": true,
  "ran": true,
  "msg": "ok",
  "advantage": 1.327743273208628,
  "beta": 21.67539400627494,
  "n_response_tokens": 2597,
  "sandbox_stdout": "",
  "parent_value": 2.4448545970536197,
  "parent_is_seed": false
}