{
  "step": 37,
  "group": 1,
  "rollout": 4,
  "reward": 2.4864342223933407,
  "valid": true,
  "parsed": true,
  "ran": true,
  "msg": "ok",
  "advantage": 1.179003687056635,
  "beta": 297.67710804837367,
  "n_response_tokens": 2606,
  "sandbox_stdout": "Genetic algorithm time: 29.6279 seconds\nRefinement time: 0.0101 seconds\n",
  "parent_value": 2.4888593497646676,
  "parent_is_seed": false
}