{
  "step": 30,
  "group": 0,
  "rollout": 27,
  "reward": 2.361373784347052,
  "valid": true,
  "parsed": true,
  "ran": true,
  "msg": "ok",
  "advantage": -0.7060183927935957,
  "beta": 79.14906656164504,
  "n_response_tokens": 1873,
  "sandbox_stdout": "Validation failed: Circle 0 at (0.00011500748904337744,0.00027493396217201534) r=0.9999449919622159 outside unit square\n",
  "parent_value": 2.4090704916247114,
  "parent_is_seed": false
}