{
  "step": 41,
  "group": 0,
  "rollout": 2,
  "reward": 2.5232501356457577,
  "valid": true,
  "parsed": true,
  "ran": true,
  "msg": "ok",
  "advantage": 3.8628910675522325,
  "beta": 465.6355809687069,
  "n_response_tokens": 2561,
  "sandbox_stdout": "",
  "parent_value": 2.5246633502382383,
  "parent_is_seed": false
}