{
  "step": 36,
  "group": 1,
  "rollout": 21,
  "reward": 2.465378136266928,
  "valid": true,
  "parsed": true,
  "ran": true,
  "msg": "ok",
  "advantage": -0.9946082693887608,
  "beta": 3010.227299270278,
  "n_response_tokens": 2345,
  "sandbox_stdout": "",
  "parent_value": 2.4675276245824294,
  "parent_is_seed": false
}