{
  "step": 29,
  "group": 7,
  "rollout": 52,
  "reward": 2.3890860815755772,
  "valid": true,
  "parsed": true,
  "ran": true,
  "msg": "ok",
  "advantage": 1.5725256857883618,
  "beta": 55.33364544242901,
  "n_response_tokens": 2130,
  "sandbox_stdout": "Validation failed: Circle 0 at (0.09427744881263406,0.09427744881263406) r=1.0 outside unit square\nValidation failed: Circle 0 at (0.07533447405357285,0.006162487008338342) r=1.0 outside unit square\nValidation failed: Circle 0 at (0.09427744881263406,0.09427744881263406) r=64250326.6381796 outside unit square\n",
  "parent_value": 2.397519152332408,
  "parent_is_seed": false
}