{
  "step": 2,
  "group": 2,
  "rollout": 18,
  "reward": 1.7333333333333334,
  "valid": true,
  "parsed": true,
  "ran": true,
  "msg": "ok",
  "advantage": 3.998612278656611,
  "beta": 1.4459444359080957,
  "n_response_tokens": 2008,
  "sandbox_stdout": "Validation failed for pattern hexagonal: Circle 0 at (0.08333333333333333,0.08333333333333333) r=1.0 outside unit square\nValidation failed for pattern random: Circle 0 at (0.6871349076994102,0.811236253382566) r=0.9999999999999791 outside unit square\n",
  "parent_value": 1.7333333333333334,
  "parent_is_seed": false
}