{
  "step": 5,
  "group": 2,
  "rollout": 35,
  "reward": 1.5166666666666666,
  "valid": true,
  "parsed": true,
  "ran": true,
  "msg": "ok",
  "advantage": -0.3166223095957923,
  "beta": 2.0795806478983967,
  "n_response_tokens": 1921,
  "sandbox_stdout": "Validation failed: Circle 0 at (0.08333333333333333,0.08333333333333333) r=1.0 outside unit square\n",
  "parent_value": 2.166666666666667,
  "parent_is_seed": false
}