{
  "step": 34,
  "group": 5,
  "rollout": 48,
  "reward": 2.437983670283664,
  "valid": true,
  "parsed": true,
  "ran": true,
  "msg": "ok",
  "advantage": 0.9273643171726242,
  "beta": 85.19461535170244,
  "n_response_tokens": 2617,
  "sandbox_stdout": "",
  "parent_value": 2.4406261751436102,
  "parent_is_seed": false
}