{
  "step": 39,
  "group": 5,
  "rollout": 31,
  "reward": 2.4950081283818184,
  "valid": true,
  "parsed": true,
  "ran": true,
  "msg": "ok",
  "advantage": 1.50427152574124,
  "beta": 134.63200230371572,
  "n_response_tokens": 3125,
  "sandbox_stdout": "",
  "parent_value": 2.500820281852586,
  "parent_is_seed": false
}