{
  "step": 32,
  "group": 4,
  "rollout": 54,
  "reward": 2.4011954296112816,
  "valid": true,
  "parsed": true,
  "ran": true,
  "msg": "ok",
  "advantage": -0.21983273851080776,
  "beta": 229.91163250794577,
  "n_response_tokens": 2336,
  "sandbox_stdout": "",
  "parent_value": 2.4090000412543757,
  "parent_is_seed": false
}