{
  "step": 33,
  "group": 4,
  "rollout": 33,
  "reward": 2.4129831249624205,
  "valid": true,
  "parsed": true,
  "ran": true,
  "msg": "ok",
  "advantage": -0.2833357805091222,
  "beta": 91.86277742483152,
  "n_response_tokens": 2580,
  "sandbox_stdout": "",
  "parent_value": 2.4125853851790726,
  "parent_is_seed": false
}