{
  "step": 34,
  "group": 0,
  "rollout": 26,
  "reward": 2.4222786151411113,
  "valid": true,
  "parsed": true,
  "ran": true,
  "msg": "ok",
  "advantage": -0.3060087523444077,
  "beta": 67.45379404774611,
  "n_response_tokens": 2336,
  "sandbox_stdout": "",
  "parent_value": 2.4471547058281016,
  "parent_is_seed": false
}