{
  "step": 33,
  "group": 7,
  "rollout": 0,
  "reward": 2.408538767244195,
  "valid": true,
  "parsed": true,
  "ran": true,
  "msg": "ok",
  "advantage": 0.1052631578393386,
  "beta": 1048576.0,
  "n_response_tokens": 2557,
  "sandbox_stdout": "Fine-tune validation failed: Circle 0 at (0.0,0.0) r=1.0 outside unit square\nValidation failed: Circle 0 at (0.0,0.0) r=1.0 outside unit square\nFine-tune validation failed: Circle 0 at (0.4540527419441178,0.22642156177600092) r=0.999999999999914 outside unit square\nValidation failed: Circle 0 at (0.4540527419441178,0.22642156177600092) r=0.999999999999914 outside unit square\nFine-tune validation failed: Circle 0 at (0.09427744881263406,0.09427744881263406) r=0.999999999998481 outside unit square\nValidation failed: Circle 0 at (0.09427744881263406,0.09427744881263406) r=0.999999999998481 outside unit square\n",
  "parent_value": 2.408538767244195,
  "parent_is_seed": false
}