{
  "step": 41,
  "group": 5,
  "rollout": 13,
  "reward": 2.519212936576632,
  "valid": true,
  "parsed": true,
  "ran": true,
  "msg": "ok",
  "advantage": 0.08215624524355536,
  "beta": 238.23807264152114,
  "n_response_tokens": 2579,
  "sandbox_stdout": "",
  "parent_value": 2.5239503514357424,
  "parent_is_seed": false
}