{
  "step": 32,
  "group": 7,
  "rollout": 22,
  "reward": 2.1887520145083235,
  "valid": true,
  "parsed": true,
  "ran": true,
  "msg": "ok",
  "advantage": -0.9999999999999996,
  "beta": 165.9784183008046,
  "n_response_tokens": 2950,
  "sandbox_stdout": "",
  "parent_value": 2.4082030739836022,
  "parent_is_seed": false
}