{
  "step": 38,
  "group": 4,
  "rollout": 59,
  "reward": 2.4853147479980695,
  "valid": true,
  "parsed": true,
  "ran": true,
  "msg": "ok",
  "advantage": 0.8120487055585204,
  "beta": 319.9463200010128,
  "n_response_tokens": 2606,
  "sandbox_stdout": "Genetic algorithm time: 23.9737 seconds\nRefinement time: 0.0296 seconds\n",
  "parent_value": 2.487361741061314,
  "parent_is_seed": false
}