{
  "step": 9,
  "group": 7,
  "rollout": 54,
  "reward": 1.857142857142857,
  "valid": true,
  "parsed": true,
  "ran": true,
  "msg": "ok",
  "advantage": -1.0,
  "beta": 1048576.0,
  "n_response_tokens": 1632,
  "sandbox_stdout": "Validation failed: Circle 0 at (0.008445879950787466,0.008432129610238231) r=1.0000000021145936 outside unit square\n",
  "parent_value": 2.166666666666667,
  "parent_is_seed": false
}