{
  "step": 39,
  "group": 3,
  "rollout": 34,
  "reward": 2.5175102551944595,
  "valid": true,
  "parsed": true,
  "ran": true,
  "msg": "ok",
  "advantage": -0.6897997562156398,
  "beta": 426.38284748588586,
  "n_response_tokens": 2365,
  "sandbox_stdout": "",
  "parent_value": 2.52329559660863,
  "parent_is_seed": false
}