{
  "step": 3,
  "group": 7,
  "rollout": 10,
  "reward": 0.0,
  "valid": true,
  "parsed": true,
  "ran": true,
  "msg": "ok",
  "advantage": -0.5955958737282752,
  "beta": 1.3451771030557431,
  "n_response_tokens": 1602,
  "sandbox_stdout": "Validation failed: Circle 0 at (0.1,0.1) r=1.0 outside unit square\nInitial layout also failed: Circle 20 at (0.1,0.9660254037844386) r=0.08000000000000002 outside unit square\n",
  "parent_value": 1.7333333333333334,
  "parent_is_seed": false
}