{
  "step": 28,
  "group": 1,
  "rollout": 45,
  "reward": 2.3917195841486008,
  "valid": true,
  "parsed": true,
  "ran": true,
  "msg": "ok",
  "advantage": 1.9438932837827516,
  "beta": 54.20618936775504,
  "n_response_tokens": 2018,
  "sandbox_stdout": "Validation failed: Circle 0 at (0.09427744881263406,0.09427744881263406) r=1.0 outside unit square\n",
  "parent_value": 2.3995444443461387,
  "parent_is_seed": false
}