{
  "step": 37,
  "group": 3,
  "rollout": 49,
  "reward": 2.466676834213441,
  "valid": true,
  "parsed": true,
  "ran": true,
  "msg": "ok",
  "advantage": -0.21183597650476127,
  "beta": 231.2679763796472,
  "n_response_tokens": 2353,
  "sandbox_stdout": "",
  "parent_value": 2.4675285817951207,
  "parent_is_seed": false
}