{
  "step": 5,
  "group": 3,
  "rollout": 9,
  "reward": 2.166666666666667,
  "valid": true,
  "parsed": true,
  "ran": true,
  "msg": "ok",
  "advantage": 1.8116708387876397,
  "beta": 1.420072479034654,
  "n_response_tokens": 1821,
  "sandbox_stdout": "Validation failed: Circle 0 at (0.08526133521561885,0.08250580015491658) r=1.0 outside unit square\n",
  "parent_value": 2.166666666666667,
  "parent_is_seed": false
}