{
  "step": 41,
  "group": 2,
  "rollout": 17,
  "reward": 2.513571062340644,
  "valid": true,
  "parsed": true,
  "ran": true,
  "msg": "ok",
  "advantage": -0.8890244086635126,
  "beta": 362.5792625418703,
  "n_response_tokens": 2570,
  "sandbox_stdout": "",
  "parent_value": 2.5241510853647955,
  "parent_is_seed": false
}