{
  "step": 33,
  "group": 1,
  "rollout": 61,
  "reward": 2.3447877296013773,
  "valid": true,
  "parsed": true,
  "ran": true,
  "msg": "ok",
  "advantage": -0.9997884693839167,
  "beta": 105.68895740355242,
  "n_response_tokens": 2829,
  "sandbox_stdout": "",
  "parent_value": 2.4467914613662076,
  "parent_is_seed": false
}