{
  "step": 29,
  "group": 6,
  "rollout": 19,
  "reward": 2.3773542821484215,
  "valid": true,
  "parsed": true,
  "ran": true,
  "msg": "ok",
  "advantage": 0.8254976077222647,
  "beta": 58.02772676926796,
  "n_response_tokens": 2207,
  "sandbox_stdout": "Validation failed: Circle 0 at (0.09427744881263406,0.09427744881263406) r=1.0 outside unit square\n",
  "parent_value": 2.3985221777051224,
  "parent_is_seed": false
}