{
  "step": 43,
  "group": 0,
  "rollout": 27,
  "reward": 2.5016303346706135,
  "valid": true,
  "parsed": true,
  "ran": true,
  "msg": "ok",
  "advantage": -0.9996736385466963,
  "beta": 421.7262199114717,
  "n_response_tokens": 2481,
  "sandbox_stdout": "",
  "parent_value": 2.524152134844358,
  "parent_is_seed": false
}