{
  "step": 36,
  "group": 7,
  "rollout": 34,
  "reward": 2.4548420117359253,
  "valid": true,
  "parsed": true,
  "ran": true,
  "msg": "ok",
  "advantage": 0.9609545436761628,
  "beta": 162.45529414173203,
  "n_response_tokens": 2621,
  "sandbox_stdout": "",
  "parent_value": 2.454851833591337,
  "parent_is_seed": false
}