{
  "step": 40,
  "group": 2,
  "rollout": 22,
  "reward": 2.517769551231089,
  "valid": true,
  "parsed": true,
  "ran": true,
  "msg": "ok",
  "advantage": -0.35189844221083444,
  "beta": 326.88176199578004,
  "n_response_tokens": 2606,
  "sandbox_stdout": "",
  "parent_value": 2.523811099681761,
  "parent_is_seed": false
}