{
  "step": 29,
  "group": 4,
  "rollout": 38,
  "reward": 2.3770336688569103,
  "valid": true,
  "parsed": true,
  "ran": true,
  "msg": "ok",
  "advantage": 0.8798969558459355,
  "beta": 41.21983194713025,
  "n_response_tokens": 1765,
  "sandbox_stdout": "Validation failed: Circle 0 at (0.09427744881263406,0.09427744881263406) r=0.9999999999991167 outside unit square\n",
  "parent_value": 2.400734826940068,
  "parent_is_seed": false
}