{
  "step": 40,
  "group": 1,
  "rollout": 63,
  "reward": 2.520871190017588,
  "valid": true,
  "parsed": true,
  "ran": true,
  "msg": "ok",
  "advantage": 0.8463683802361517,
  "beta": 319.72530207938513,
  "n_response_tokens": 2623,
  "sandbox_stdout": "",
  "parent_value": 2.5239580244822952,
  "parent_is_seed": false
}