{
  "step": 29,
  "group": 7,
  "rollout": 58,
  "reward": 2.381882477780192,
  "valid": true,
  "parsed": true,
  "ran": true,
  "msg": "ok",
  "advantage": 0.703955054199644,
  "beta": 55.33364544242901,
  "n_response_tokens": 2076,
  "sandbox_stdout": "Validation failed: Circle 0 at (0.09427744881263406,0.09427744881263406) r=1.0 outside unit square\nValidation failed: Circle 0 at (0.09427744881263406,0.09427744881263406) r=4430914.206117184 outside unit square\nValidation failed: Circle 0 at (0.0295425141939644,0.2896794637415364) r=0.999877300139715 outside unit square\n",
  "parent_value": 2.397519152332408,
  "parent_is_seed": false
}