{
  "step": 30,
  "group": 6,
  "rollout": 59,
  "reward": 2.364716962558852,
  "valid": true,
  "parsed": true,
  "ran": true,
  "msg": "ok",
  "advantage": -0.6169436652026026,
  "beta": 76.04266122298156,
  "n_response_tokens": 2593,
  "sandbox_stdout": "Validation failed: Circle 0 at (0.09427744881263406,0.09427744881263406) r=0.9999999999998113 outside unit square\n",
  "parent_value": 2.4008613358661717,
  "parent_is_seed": false
}