{
  "step": 29,
  "group": 2,
  "rollout": 17,
  "reward": 2.377727727834898,
  "valid": true,
  "parsed": true,
  "ran": true,
  "msg": "ok",
  "advantage": 1.008858849991952,
  "beta": 55.411414448475064,
  "n_response_tokens": 1863,
  "sandbox_stdout": "Validation failed: Circle 0 at (0.09427744881263406,0.09427744881263406) r=0.9999999999987819 outside unit square\nValidation failed: Circle 0 at (0.09427744881263406,0.09427744881263406) r=0.9999999999987819 outside unit square\nValidation failed: Circle 0 at (0.09427744881263406,0.09427744881263406) r=0.9999999999987819 outside unit square\nValidation failed: Circle 0 at (0.09427744881263406,0.09427744881263406) r=0.9999999999987819 outside unit square\nValidation failed: Circle 0 at (0.09427744881263406,0.09427744881263406) r=0.9999999999987819 outside unit square\n",
  "parent_value": 2.4028827854002914,
  "parent_is_seed": false
}