{
  "step": 29,
  "group": 0,
  "rollout": 12,
  "reward": 0.7941465508742493,
  "valid": true,
  "parsed": true,
  "ran": true,
  "msg": "ok",
  "advantage": -1.0,
  "beta": 55.89383122493655,
  "n_response_tokens": 1870,
  "sandbox_stdout": "Validation failed: Circle 0 at (0.25,0.25) r=0.999999999999965 outside unit square\n",
  "parent_value": 2.407314262228873,
  "parent_is_seed": false
}