{
  "step": 31,
  "group": 0,
  "rollout": 36,
  "reward": 2.344639161775073,
  "valid": true,
  "parsed": true,
  "ran": true,
  "msg": "ok",
  "advantage": -0.9998890984579447,
  "beta": 110.24961865585313,
  "n_response_tokens": 2876,
  "sandbox_stdout": "",
  "parent_value": 2.4385612464746482,
  "parent_is_seed": false
}