{
  "step": 6,
  "group": 1,
  "rollout": 49,
  "reward": 1.8,
  "valid": true,
  "parsed": true,
  "ran": true,
  "msg": "ok",
  "advantage": 0.24591088632118518,
  "beta": 2.294679247913112,
  "n_response_tokens": 1998,
  "sandbox_stdout": "Validation failed: Circle 0 at (0.07692307692307693,0.07692307692307693) r=1.0 outside unit square\n",
  "parent_value": 2.166666666666667,
  "parent_is_seed": false
}