{
  "step": 17,
  "group": 6,
  "rollout": 13,
  "reward": 2.17038084791988,
  "valid": true,
  "parsed": true,
  "ran": true,
  "msg": "ok",
  "advantage": -0.9999999050930221,
  "beta": 93.31421311821188,
  "n_response_tokens": 2051,
  "sandbox_stdout": "Validation failed: Circle 0 at (0.11359536094014352,0.11359536094014352) r=0.9999999999996676 outside unit square\nValidation failed: Circle 0 at (0.11359536094014352,0.11359536094014352) r=0.9999999999996676 outside unit square\nValidation failed: Circle 0 at (0.11359536094014352,0.11359536094014352) r=0.9999999999996676 outside unit square\nValidation failed: Circle 0 at (0.11359536094014352,0.11359536094014352) r=0.9999999999996676 outside unit square\nValidation failed: Circle 0 at (0.11359536094014352,0.11359536094014352) r=0.9999999999996676 outside unit square\n",
  "parent_value": 2.3447877296013773,
  "parent_is_seed": false
}