{
  "step": 41,
  "group": 4,
  "rollout": 49,
  "reward": 2.5230584246464716,
  "valid": true,
  "parsed": true,
  "ran": true,
  "msg": "ok",
  "advantage": 2.6228556568159007,
  "beta": 400.04051307957127,
  "n_response_tokens": 2606,
  "sandbox_stdout": "",
  "parent_value": 2.524005778865525,
  "parent_is_seed": false
}