{
  "step": 29,
  "group": 3,
  "rollout": 50,
  "reward": 2.3691081779048018,
  "valid": true,
  "parsed": true,
  "ran": true,
  "msg": "ok",
  "advantage": -0.47464466141579054,
  "beta": 49.76737662183935,
  "n_response_tokens": 1772,
  "sandbox_stdout": "Optimization failed\n",
  "parent_value": 2.4020765974234912,
  "parent_is_seed": false
}