{
  "step": 36,
  "group": 0,
  "rollout": 32,
  "reward": 2.481434175125993,
  "valid": true,
  "parsed": true,
  "ran": true,
  "msg": "ok",
  "advantage": -0.06752457368245035,
  "beta": 70.4172716921699,
  "n_response_tokens": 2573,
  "sandbox_stdout": "",
  "parent_value": 2.4852146042970906,
  "parent_is_seed": false
}