{
  "step": 36,
  "group": 7,
  "rollout": 38,
  "reward": 2.4606603735400223,
  "valid": true,
  "parsed": true,
  "ran": true,
  "msg": "ok",
  "advantage": 4.30616113937268,
  "beta": 162.45529414173203,
  "n_response_tokens": 2776,
  "sandbox_stdout": "",
  "parent_value": 2.454851833591337,
  "parent_is_seed": false
}