{
  "step": 44,
  "group": 0,
  "rollout": 58,
  "reward": 2.522745905519038,
  "valid": true,
  "parsed": true,
  "ran": true,
  "msg": "ok",
  "advantage": 1.4974069275295272,
  "beta": 220.21697401827097,
  "n_response_tokens": 2898,
  "sandbox_stdout": "",
  "parent_value": 2.5246120224575677,
  "parent_is_seed": false
}