{
  "step": 36,
  "group": 4,
  "rollout": 27,
  "reward": 2.4234143627043485,
  "valid": true,
  "parsed": true,
  "ran": true,
  "msg": "ok",
  "advantage": -0.8740881680071562,
  "beta": 89.22551674917449,
  "n_response_tokens": 2692,
  "sandbox_stdout": "",
  "parent_value": 2.457279085221333,
  "parent_is_seed": false
}