{
  "step": 31,
  "group": 6,
  "rollout": 26,
  "reward": 2.022017569948124,
  "valid": true,
  "parsed": true,
  "ran": true,
  "msg": "ok",
  "advantage": -0.9999999999922762,
  "beta": 70.67964761683018,
  "n_response_tokens": 2334,
  "sandbox_stdout": "Validation failed: Circle 0 at (0.09427744881263406,0.09427744881263406) r=0.9999999999997217 outside unit square\nValidation failed: Circle 0 at (0.01141196972816079,0.0006129803191569645) r=0.04343259205628784 outside unit square\nValidation failed: Circle 0 at (0.09427744881263406,0.09427744881263406) r=15584867.051666167 outside unit square\nValidation failed: Circle 0 at (0.09427744881262534,0.09427744881262551) r=2.0 outside unit square\nValidation failed: Circle 0 at (0.09427744881263406,0.09427744881263406) r=1.0 outside unit square\nValidation failed: Circle 0 at (0.09427744881263406,0.09427744881263406) r=1.0 outside unit square\n",
  "parent_value": 2.4012916931786332,
  "parent_is_seed": false
}