{
  "step": 24,
  "group": 3,
  "rollout": 57,
  "reward": 0.0,
  "valid": false,
  "parsed": true,
  "ran": false,
  "msg": "run_failed: 'NoneType' object has no attribute 'shape'",
  "advantage": -1.0,
  "beta": 1048576.0,
  "n_response_tokens": 2691,
  "sandbox_stdout": "Validation failed: Circle 0 at (0.09427744881263406,0.09427744881263406) r=0.9999999999992697 outside unit square\nValidation failed: Circle 0 at (0.09805806756909202,0.09805806756909202) r=0.9999999999995662 outside unit square\nValidation failed: Circle 0 at (0.4390325921024403,0.8618325103831467) r=0.99999999999993 outside unit square\n",
  "parent_value": 2.3720882408679866,
  "parent_is_seed": false
}