{
  "step": 7,
  "group": 0,
  "rollout": 62,
  "reward": 1.4022303662380162,
  "valid": true,
  "parsed": true,
  "ran": true,
  "msg": "ok",
  "advantage": -0.06139886612665901,
  "beta": 1.215693018698387,
  "n_response_tokens": 1623,
  "sandbox_stdout": "Validation failed: Circle 0 at (0.05393193716300062,0.05393193716300062) r=1.0 outside unit square\n",
  "parent_value": 2.344639161775073,
  "parent_is_seed": false
}