{
  "step": 7,
  "group": 5,
  "rollout": 48,
  "reward": 1.6714285714285713,
  "valid": true,
  "parsed": true,
  "ran": true,
  "msg": "ok",
  "advantage": -0.6805412412466725,
  "beta": 4.370991224412189,
  "n_response_tokens": 1939,
  "sandbox_stdout": "Validation failed: Circle 0 at (0.07142857142857142,0.07142857142857142) r=0.9999999999999422 outside unit square\n",
  "parent_value": 2.166666666666667,
  "parent_is_seed": false
}