{
  "step": 31,
  "group": 4,
  "rollout": 46,
  "reward": 2.361451618470112,
  "valid": true,
  "parsed": true,
  "ran": true,
  "msg": "ok",
  "advantage": -0.35621208843451413,
  "beta": 52.25478434319666,
  "n_response_tokens": 2006,
  "sandbox_stdout": "Validation failed: Circle 0 at (0.09427744881263406,0.09427744881263406) r=0.9999999999993007 outside unit square\n",
  "parent_value": 2.404303731129218,
  "parent_is_seed": false
}