{
  "step": 28,
  "group": 6,
  "rollout": 55,
  "reward": 2.395862233671811,
  "valid": true,
  "parsed": true,
  "ran": true,
  "msg": "ok",
  "advantage": 2.3259983515054414,
  "beta": 67.26381515783808,
  "n_response_tokens": 1805,
  "sandbox_stdout": "Validation failed: Circle 0 at (0.09427744881263406,0.09427744881263406) r=0.999999999999291 outside unit square\n",
  "parent_value": 2.3928335119262054,
  "parent_is_seed": false
}