{
  "step": 37,
  "group": 5,
  "rollout": 61,
  "reward": 2.460876662596829,
  "valid": true,
  "parsed": true,
  "ran": true,
  "msg": "ok",
  "advantage": 0.09728263783124369,
  "beta": 67.82233530695136,
  "n_response_tokens": 3514,
  "sandbox_stdout": "",
  "parent_value": 2.46419034567132,
  "parent_is_seed": false
}