{
  "step": 30,
  "group": 1,
  "rollout": 17,
  "reward": 2.3807032841470503,
  "valid": true,
  "parsed": true,
  "ran": true,
  "msg": "ok",
  "advantage": -0.7233695268155578,
  "beta": 67.40141159494628,
  "n_response_tokens": 1861,
  "sandbox_stdout": "",
  "parent_value": 2.407463087598001,
  "parent_is_seed": false
}