{
  "step": 33,
  "group": 6,
  "rollout": 13,
  "reward": 2.4086814801618495,
  "valid": true,
  "parsed": true,
  "ran": true,
  "msg": "ok",
  "advantage": 2.2677873845737446,
  "beta": 423.47565421723044,
  "n_response_tokens": 2691,
  "sandbox_stdout": "",
  "parent_value": 2.409029065779771,
  "parent_is_seed": false
}