{
  "step": 41,
  "group": 5,
  "rollout": 40,
  "reward": 2.523921912903063,
  "valid": true,
  "parsed": true,
  "ran": true,
  "msg": "ok",
  "advantage": 2.4453550008970035,
  "beta": 238.23807264152114,
  "n_response_tokens": 2685,
  "sandbox_stdout": "",
  "parent_value": 2.5239503514357424,
  "parent_is_seed": false
}