{
  "step": 15,
  "group": 7,
  "rollout": 11,
  "reward": 7.12963021953783e-12,
  "valid": true,
  "parsed": true,
  "ran": true,
  "msg": "ok",
  "advantage": -0.8405877647593687,
  "beta": 1.2038172577966302,
  "n_response_tokens": 1902,
  "sandbox_stdout": "",
  "parent_value": 2.344639161775073,
  "parent_is_seed": false
}