{
  "step": 31,
  "group": 2,
  "rollout": 45,
  "reward": 2.357284244940356,
  "valid": true,
  "parsed": true,
  "ran": true,
  "msg": "ok",
  "advantage": -0.9999841051787093,
  "beta": 241.69467261557583,
  "n_response_tokens": 1789,
  "sandbox_stdout": "",
  "parent_value": 2.4079844195600115,
  "parent_is_seed": false
}