{
  "step": 10,
  "group": 0,
  "rollout": 31,
  "reward": 1.5580337402644622,
  "valid": true,
  "parsed": true,
  "ran": true,
  "msg": "ok",
  "advantage": -0.9999486362016252,
  "beta": 13.539456629946645,
  "n_response_tokens": 1797,
  "sandbox_stdout": "",
  "parent_value": 2.344639161775073,
  "parent_is_seed": false
}