{
  "step": 23,
  "group": 3,
  "rollout": 56,
  "reward": 0.0,
  "valid": true,
  "parsed": true,
  "ran": true,
  "msg": "ok",
  "advantage": -1.0,
  "beta": 1048576.0,
  "n_response_tokens": 2624,
  "sandbox_stdout": "Validation failed: Circle 0 at (0.0944966349832623,0.09194910061326345) r=0.9999999999992697 outside unit square\nInitial layout also failed: Circle 0 at (0.0944966349832623,0.09194910061326345) r=0.09427744881263406 outside unit square\n",
  "parent_value": 2.3720882408679866,
  "parent_is_seed": false
}