{
  "step": 34,
  "group": 4,
  "rollout": 58,
  "reward": 2.427627053736695,
  "valid": true,
  "parsed": true,
  "ran": true,
  "msg": "ok",
  "advantage": 0.1818288417543379,
  "beta": 124.95454972397415,
  "n_response_tokens": 2345,
  "sandbox_stdout": "",
  "parent_value": 2.44080212288812,
  "parent_is_seed": false
}