{
  "step": 7,
  "group": 6,
  "rollout": 37,
  "reward": 0.0,
  "valid": true,
  "parsed": true,
  "ran": true,
  "msg": "ok",
  "advantage": -0.9461246052688765,
  "beta": 1.725587689437551,
  "n_response_tokens": 1781,
  "sandbox_stdout": "Validation failed: Circle 0 at (3.3375968655491306e-11,3.299582829185965e-11) r=0.9999999999302815 outside unit square\nInitial layout also failed: Circle 3 at (1.1666666666666667,0.16666666666666666) r=0.16666666666666666 outside unit square\n",
  "parent_value": 2.166666666666667,
  "parent_is_seed": false
}