{
  "step": 16,
  "group": 3,
  "rollout": 28,
  "reward": 1.854315659348993,
  "valid": true,
  "parsed": true,
  "ran": true,
  "msg": "ok",
  "advantage": -1.0,
  "beta": 1048576.0,
  "n_response_tokens": 1720,
  "sandbox_stdout": "Validation failed: Circle 0 at (0.12297058540778355,0.12297058540778355) r=1.0 outside unit square\n",
  "parent_value": 2.3447877296013773,
  "parent_is_seed": false
}