{
  "step": 35,
  "group": 6,
  "rollout": 18,
  "reward": 2.3875009306498827,
  "valid": true,
  "parsed": true,
  "ran": true,
  "msg": "ok",
  "advantage": -0.4540339553999624,
  "beta": 32.37257457965321,
  "n_response_tokens": 1950,
  "sandbox_stdout": "",
  "parent_value": 2.4440379903523293,
  "parent_is_seed": false
}