{
  "step": 2,
  "group": 2,
  "rollout": 61,
  "reward": 1.7333333333333334,
  "valid": true,
  "parsed": true,
  "ran": true,
  "msg": "ok",
  "advantage": 3.998612278656611,
  "beta": 1.4459444359080957,
  "n_response_tokens": 1783,
  "sandbox_stdout": "Validation failed: Circle 0 at (0.08333333333333333,0.08333333333333333) r=0.9999999999964035 outside unit square\n",
  "parent_value": 1.7333333333333334,
  "parent_is_seed": false
}