{
  "step": 2,
  "group": 2,
  "rollout": 26,
  "reward": 0.0,
  "valid": true,
  "parsed": true,
  "ran": true,
  "msg": "ok",
  "advantage": -0.6199611097359639,
  "beta": 1.4459444359080957,
  "n_response_tokens": 1688,
  "sandbox_stdout": "Validation failed: Circle 0 at (0.08333333333333333,0.08333333333333333) r=1.0 outside unit square\nInitial layout also failed: Circles 0 and 22 overlap\n",
  "parent_value": 1.7333333333333334,
  "parent_is_seed": false
}