{
  "step": 40,
  "group": 0,
  "rollout": 14,
  "reward": 2.522381087460894,
  "valid": true,
  "parsed": true,
  "ran": true,
  "msg": "ok",
  "advantage": 2.102606516348018,
  "beta": 172.25804202414324,
  "n_response_tokens": 2601,
  "sandbox_stdout": "",
  "parent_value": 2.524065841663624,
  "parent_is_seed": false
}