{
  "step": 14,
  "group": 3,
  "rollout": 29,
  "reward": 0.0,
  "valid": true,
  "parsed": true,
  "ran": true,
  "msg": "ok",
  "advantage": -0.9736495636160295,
  "beta": 1.9033382783816553,
  "n_response_tokens": 1831,
  "sandbox_stdout": "Validation failed: Circle 0 at (1.0000000098058068,1.0000000098058068) r=1.0000000098058068 outside unit square\nInitial layout also failed: Circles 0 and 1 overlap\n",
  "parent_value": 2.344639161775073,
  "parent_is_seed": false
}