{
  "step": 33,
  "group": 2,
  "rollout": 21,
  "reward": 2.3713577608225376,
  "valid": true,
  "parsed": true,
  "ran": true,
  "msg": "ok",
  "advantage": -0.9973899560637832,
  "beta": 101.43987472443779,
  "n_response_tokens": 2951,
  "sandbox_stdout": "",
  "parent_value": 2.4413857561100327,
  "parent_is_seed": false
}