{
  "step": 35,
  "group": 6,
  "rollout": 5,
  "reward": 2.4212850169913653,
  "valid": true,
  "parsed": true,
  "ran": true,
  "msg": "ok",
  "advantage": 0.6583669573720263,
  "beta": 32.37257457965321,
  "n_response_tokens": 2458,
  "sandbox_stdout": "",
  "parent_value": 2.4440379903523293,
  "parent_is_seed": false
}