{
  "step": 29,
  "group": 7,
  "rollout": 59,
  "reward": 2.3827854563530915,
  "valid": true,
  "parsed": true,
  "ran": true,
  "msg": "ok",
  "advantage": 0.7937418208412848,
  "beta": 55.33364544242901,
  "n_response_tokens": 2039,
  "sandbox_stdout": "Validation failed: Circle 0 at (0.09427744881263406,0.09427744881263406) r=0.9999999999996054 outside unit square\nValidation failed: Circle 0 at (0.00027838470096515523,0.1676521460210013) r=0.5031027168738229 outside unit square\nValidation failed: Circle 0 at (0.09427744881263406,0.09427744881263406) r=5324544.068239918 outside unit square\n",
  "parent_value": 2.397519152332408,
  "parent_is_seed": false
}