{
  "step": 23,
  "group": 1,
  "rollout": 62,
  "reward": 2.3720882408679866,
  "valid": true,
  "parsed": true,
  "ran": true,
  "msg": "ok",
  "advantage": 0.18834110092874057,
  "beta": 1048576.0,
  "n_response_tokens": 1824,
  "sandbox_stdout": "Validation failed: Circle 0 at (7.735628616267423e-05,0.9999981246054854) r=1.0 outside unit square\n",
  "parent_value": 2.3720882408679866,
  "parent_is_seed": false
}