{
  "step": 5,
  "group": 2,
  "rollout": 27,
  "reward": 0.0,
  "valid": true,
  "parsed": true,
  "ran": true,
  "msg": "ok",
  "advantage": -0.9711333691822421,
  "beta": 2.0795806478983967,
  "n_response_tokens": 1763,
  "sandbox_stdout": "Validation failed: Circle 0 at (0.07142857142857142,0.07142857142857142) r=1.0 outside unit square\nInitial layout also failed: Circle 19 at (0.07390717716757926,0.06391868621389052) r=0.07142857142857142 outside unit square\n",
  "parent_value": 2.166666666666667,
  "parent_is_seed": false
}