{
  "step": 42,
  "group": 0,
  "rollout": 18,
  "reward": 2.5241336752988364,
  "valid": true,
  "parsed": true,
  "ran": true,
  "msg": "ok",
  "advantage": 3.954237003938628,
  "beta": 242.27491650058167,
  "n_response_tokens": 2761,
  "sandbox_stdout": "",
  "parent_value": 2.524262390113781,
  "parent_is_seed": false
}