{
  "step": 34,
  "group": 5,
  "rollout": 32,
  "reward": 2.424419428867841,
  "valid": true,
  "parsed": true,
  "ran": true,
  "msg": "ok",
  "advantage": -0.4055927221134782,
  "beta": 85.19461535170244,
  "n_response_tokens": 2999,
  "sandbox_stdout": "",
  "parent_value": 2.4406261751436102,
  "parent_is_seed": false
}