{
  "step": 36,
  "group": 6,
  "rollout": 22,
  "reward": 2.418895533189583,
  "valid": true,
  "parsed": true,
  "ran": true,
  "msg": "ok",
  "advantage": -0.9916242381726463,
  "beta": 187.02522203465082,
  "n_response_tokens": 2573,
  "sandbox_stdout": "",
  "parent_value": 2.4552048906625803,
  "parent_is_seed": false
}