{
  "step": 15,
  "group": 7,
  "rollout": 39,
  "reward": 1.1636247521096266e-11,
  "valid": true,
  "parsed": true,
  "ran": true,
  "msg": "ok",
  "advantage": -0.8405877647585016,
  "beta": 1.2038172577966302,
  "n_response_tokens": 2414,
  "sandbox_stdout": "",
  "parent_value": 2.344639161775073,
  "parent_is_seed": false
}