{
  "step": 27,
  "group": 0,
  "rollout": 38,
  "reward": 0.0,
  "valid": true,
  "parsed": true,
  "ran": true,
  "msg": "ok",
  "advantage": -1.0,
  "beta": 66.96339010855222,
  "n_response_tokens": 1915,
  "sandbox_stdout": "Validation failed: Circle 0 at (0.09427744881263406,0.09427744881263406) r=0.9999999999986704 outside unit square\nInitial layout also failed: Circles 4 and 9 overlap\n",
  "parent_value": 2.3959331394937955,
  "parent_is_seed": false
}