{
  "step": 43,
  "group": 5,
  "rollout": 7,
  "reward": 2.5158162081784807,
  "valid": true,
  "parsed": true,
  "ran": true,
  "msg": "ok",
  "advantage": -0.8821030874170311,
  "beta": 464.20488523623,
  "n_response_tokens": 2675,
  "sandbox_stdout": "",
  "parent_value": 2.523896094142219,
  "parent_is_seed": false
}