{
  "step": 28,
  "group": 0,
  "rollout": 31,
  "reward": 2.370269208985706,
  "valid": true,
  "parsed": true,
  "ran": true,
  "msg": "ok",
  "advantage": 0.4205369665988248,
  "beta": 55.22328552121206,
  "n_response_tokens": 1844,
  "sandbox_stdout": "Validation failed: Circle 0 at (0.09427744881263406,0.09427744881263406) r=0.999999999999482 outside unit square\n",
  "parent_value": 2.403477911769514,
  "parent_is_seed": false
}