{
  "step": 20,
  "group": 0,
  "rollout": 35,
  "reward": 2.0606221613838858,
  "valid": true,
  "parsed": true,
  "ran": true,
  "msg": "ok",
  "advantage": -1.0,
  "beta": 1048576.0,
  "n_response_tokens": 1932,
  "sandbox_stdout": "Validation failed: Circle 0 at (0.04713872440631703,0.04713872440631703) r=1.0 outside unit square\n",
  "parent_value": 2.3720882408679866,
  "parent_is_seed": false
}