{
  "step": 37,
  "group": 3,
  "rollout": 32,
  "reward": 2.467253178441647,
  "valid": true,
  "parsed": true,
  "ran": true,
  "msg": "ok",
  "advantage": -0.0978493313456994,
  "beta": 231.2679763796472,
  "n_response_tokens": 2466,
  "sandbox_stdout": "",
  "parent_value": 2.4675285817951207,
  "parent_is_seed": false
}