{
  "step": 42,
  "group": 5,
  "rollout": 48,
  "reward": 2.520610665815006,
  "valid": true,
  "parsed": true,
  "ran": true,
  "msg": "ok",
  "advantage": 0.13850142894665307,
  "beta": 468.69882870705135,
  "n_response_tokens": 2593,
  "sandbox_stdout": "",
  "parent_value": 2.523844757601604,
  "parent_is_seed": false
}