{
  "step": 2,
  "group": 7,
  "rollout": 22,
  "reward": 0.0,
  "valid": true,
  "parsed": true,
  "ran": true,
  "msg": "ok",
  "advantage": -0.7637687214742244,
  "beta": 1.897426216155886,
  "n_response_tokens": 1655,
  "sandbox_stdout": "Validation failed: Circle 0 at (0.5,0.5) r=1.0 outside unit square\nInitial layout also failed: Circle 8 at (0.32861167568309724,0.9519138706165585) r=0.05 outside unit square\n",
  "parent_value": 1.3000000000000003,
  "parent_is_seed": false
}