{
  "step": 10,
  "group": 6,
  "rollout": 20,
  "reward": 0.0,
  "valid": true,
  "parsed": true,
  "ran": true,
  "msg": "ok",
  "advantage": -0.9999982805556591,
  "beta": 5.990287189984818,
  "n_response_tokens": 1637,
  "sandbox_stdout": "Validation failed: Circle 0 at (0.3,0.5) r=0.9999999999996351 outside unit square\nInitial layout also failed: Circle 3 at (0.9000000000000001,0.5) r=0.12 outside unit square\n",
  "parent_value": 2.344639161775073,
  "parent_is_seed": false
}