{
  "step": 8,
  "group": 0,
  "rollout": 51,
  "reward": 0.0,
  "valid": true,
  "parsed": true,
  "ran": true,
  "msg": "ok",
  "advantage": -0.8710514145623276,
  "beta": 1.300163134756406,
  "n_response_tokens": 1699,
  "sandbox_stdout": "Validation failed: Circle 0 at (0.025699634270003373,1.0455421766722351e-12) r=0.9999999999997459 outside unit square\nInitial layout also failed: Circle 0 at (0.025699634270003373,0.0) r=0.04508921464952064 outside unit square\n",
  "parent_value": 2.344639161775073,
  "parent_is_seed": false
}