{
  "step": 33,
  "group": 5,
  "rollout": 4,
  "reward": 2.403906147570791,
  "valid": true,
  "parsed": true,
  "ran": true,
  "msg": "ok",
  "advantage": -0.14086494748629907,
  "beta": 93.09888914207674,
  "n_response_tokens": 2893,
  "sandbox_stdout": "",
  "parent_value": 2.4094656132629684,
  "parent_is_seed": false
}