{
  "step": 33,
  "group": 2,
  "rollout": 23,
  "reward": 2.348790264404984,
  "valid": true,
  "parsed": true,
  "ran": true,
  "msg": "ok",
  "advantage": -0.9997355000414662,
  "beta": 101.43987472443779,
  "n_response_tokens": 2332,
  "sandbox_stdout": "",
  "parent_value": 2.4413857561100327,
  "parent_is_seed": false
}