{
  "step": 43,
  "group": 3,
  "rollout": 21,
  "reward": 2.518031564417637,
  "valid": true,
  "parsed": true,
  "ran": true,
  "msg": "ok",
  "advantage": -0.7632163192286396,
  "beta": 492.8593594987835,
  "n_response_tokens": 2643,
  "sandbox_stdout": "",
  "parent_value": 2.523997320060081,
  "parent_is_seed": false
}