{
  "step": 25,
  "group": 4,
  "rollout": 5,
  "reward": 2.3720882408679866,
  "valid": true,
  "parsed": true,
  "ran": true,
  "msg": "ok",
  "advantage": 0.23529411764553299,
  "beta": 1048576.0,
  "n_response_tokens": 2184,
  "sandbox_stdout": "Validation failed: Circle 0 at (0.07149202164112858,0.111441924348189) r=0.1269202493911636 outside unit square\nValidation failed: Circle 0 at (0.07149202164112858,0.111441924348189) r=0.1269202493911636 outside unit square\nValidation failed: Circle 0 at (0.07149202164112858,0.111441924348189) r=0.1269202493911636 outside unit square\nValidation failed: Circle 0 at (0.07149202164112858,0.111441924348189) r=0.1269202493911636 outside unit square\nValidation failed: Circle 0 at (0.07149202164112858,0.111441924348189) r=0.1269202493911636 outside unit square\n",
  "parent_value": 2.3720882408679866,
  "parent_is_seed": false
}