{
  "step": 28,
  "group": 4,
  "rollout": 22,
  "reward": 0.0,
  "valid": true,
  "parsed": true,
  "ran": true,
  "msg": "ok",
  "advantage": -1.0,
  "beta": 46.64802035705313,
  "n_response_tokens": 1911,
  "sandbox_stdout": "Validation failed: Circle 0 at (0.22553355540891162,0.22553355540891162) r=1.0 outside unit square\nInitial layout also failed: Circle 2 has negative radius -0.12766777704455823\n",
  "parent_value": 2.3939640822977877,
  "parent_is_seed": false
}