{
  "step": 29,
  "group": 5,
  "rollout": 8,
  "reward": 2.3846709775764823,
  "valid": true,
  "parsed": true,
  "ran": true,
  "msg": "ok",
  "advantage": 1.2057406376742512,
  "beta": 46.07288637742067,
  "n_response_tokens": 1983,
  "sandbox_stdout": "Validation failed: Circle 0 at (0.09427744881263406,0.09427744881263406) r=1.0 outside unit square\n",
  "parent_value": 2.400539900619024,
  "parent_is_seed": false
}