{
  "step": 26,
  "group": 0,
  "rollout": 31,
  "reward": 1.7984794071808632,
  "valid": true,
  "parsed": true,
  "ran": true,
  "msg": "ok",
  "advantage": -0.9999999999917332,
  "beta": 45.27851299194755,
  "n_response_tokens": 2107,
  "sandbox_stdout": "Validation failed: Circle 0 at (0.05468756360047401,0.0529775922833058) r=0.278787542471166 outside unit square\n",
  "parent_value": 2.405841351161923,
  "parent_is_seed": false
}