{
  "step": 28,
  "group": 0,
  "rollout": 4,
  "reward": 2.3720882408679866,
  "valid": true,
  "parsed": true,
  "ran": true,
  "msg": "ok",
  "advantage": 0.5743986823208616,
  "beta": 55.22328552121206,
  "n_response_tokens": 2010,
  "sandbox_stdout": "Validation failed: Circle 0 has negative radius -0.5578410433896516\n",
  "parent_value": 2.403477911769514,
  "parent_is_seed": false
}