{
  "step": 31,
  "group": 3,
  "rollout": 51,
  "reward": 2.4074095281915815,
  "valid": true,
  "parsed": true,
  "ran": true,
  "msg": "ok",
  "advantage": 1.9619380662401515,
  "beta": 181.02105402282885,
  "n_response_tokens": 2486,
  "sandbox_stdout": "Validation failed: Circle 0 at (0.09427744881263406,0.09427744881263406) r=0.9999999999999998 outside unit square\n",
  "parent_value": 2.406077529622345,
  "parent_is_seed": false
}