{
  "step": 36,
  "group": 0,
  "rollout": 31,
  "reward": 2.486003473193783,
  "valid": true,
  "parsed": true,
  "ran": true,
  "msg": "ok",
  "advantage": 0.2936642035444268,
  "beta": 70.4172716921699,
  "n_response_tokens": 2625,
  "sandbox_stdout": "",
  "parent_value": 2.4852146042970906,
  "parent_is_seed": false
}