{
  "step": 32,
  "group": 5,
  "rollout": 49,
  "reward": 2.3804684363138726,
  "valid": true,
  "parsed": true,
  "ran": true,
  "msg": "ok",
  "advantage": -0.6538026594996106,
  "beta": 74.48559677386788,
  "n_response_tokens": 2246,
  "sandbox_stdout": "Validation failed: Circle 0 at (0.08878025547802369,0.07644885216301822) r=0.08091638034001312 outside unit square\n",
  "parent_value": 2.4085945115224545,
  "parent_is_seed": false
}