{
  "step": 42,
  "group": 1,
  "rollout": 54,
  "reward": 2.5204274312222155,
  "valid": true,
  "parsed": true,
  "ran": true,
  "msg": "ok",
  "advantage": 0.2534839627923151,
  "beta": 422.8887557340278,
  "n_response_tokens": 2440,
  "sandbox_stdout": "",
  "parent_value": 2.5239718953942227,
  "parent_is_seed": false
}