{
  "step": 2,
  "group": 7,
  "rollout": 19,
  "reward": 1.3000000000000003,
  "valid": true,
  "parsed": true,
  "ran": true,
  "msg": "ok",
  "advantage": 1.900790060426515,
  "beta": 1.897426216155886,
  "n_response_tokens": 1542,
  "sandbox_stdout": "Validation failed: Circle 0 at (0.16666666666666666,0.14285714285714285) r=0.9999999999966742 outside unit square\n",
  "parent_value": 1.3000000000000003,
  "parent_is_seed": false
}