{
  "step": 34,
  "group": 6,
  "rollout": 49,
  "reward": 2.4237365067993206,
  "valid": true,
  "parsed": true,
  "ran": true,
  "msg": "ok",
  "advantage": 0.3102521615767635,
  "beta": 72.0476360890125,
  "n_response_tokens": 2822,
  "sandbox_stdout": "",
  "parent_value": 2.4399669222617355,
  "parent_is_seed": false
}