{
  "step": 35,
  "group": 0,
  "rollout": 34,
  "reward": 2.4667264499274006,
  "valid": true,
  "parsed": true,
  "ran": true,
  "msg": "ok",
  "advantage": -0.030732120004090202,
  "beta": 153.3765931840558,
  "n_response_tokens": 2848,
  "sandbox_stdout": "",
  "parent_value": 2.466152689236886,
  "parent_is_seed": false
}