{
  "step": 40,
  "group": 6,
  "rollout": 2,
  "reward": 2.5201592269540622,
  "valid": true,
  "parsed": true,
  "ran": true,
  "msg": "ok",
  "advantage": 0.28302304385943367,
  "beta": 314.25280416101583,
  "n_response_tokens": 2558,
  "sandbox_stdout": "",
  "parent_value": 2.5231155112640264,
  "parent_is_seed": false
}