{
  "step": 8,
  "group": 5,
  "rollout": 19,
  "reward": 2.166666666666667,
  "valid": true,
  "parsed": true,
  "ran": true,
  "msg": "ok",
  "advantage": 1.1847531838246264,
  "beta": 9.91538525143318,
  "n_response_tokens": 1674,
  "sandbox_stdout": "Validation failed: Circle 0 at (0.08323106182370514,0.08349685089389954) r=1.0 outside unit square\n",
  "parent_value": 2.166666666666667,
  "parent_is_seed": false
}