{
  "step": 42,
  "group": 5,
  "rollout": 11,
  "reward": 2.514087701883037,
  "valid": true,
  "parsed": true,
  "ran": true,
  "msg": "ok",
  "advantage": -0.9473804689001605,
  "beta": 468.69882870705135,
  "n_response_tokens": 2539,
  "sandbox_stdout": "",
  "parent_value": 2.523844757601604,
  "parent_is_seed": false
}