{
  "step": 16,
  "group": 4,
  "rollout": 50,
  "reward": 0.0,
  "valid": false,
  "parsed": true,
  "ran": true,
  "msg": "bad_centers_shape: ()",
  "advantage": -1.0,
  "beta": 1048576.0,
  "n_response_tokens": 1906,
  "sandbox_stdout": "Validation failed: Circle 0 at (0.13847740000328404,0.08020177503207887) r=0.9999999999987508 outside unit square\nInitial layout also failed: Circle 0 at (0.13847740000328404,0.08020177503207887) r=0.09017842929904128 outside unit square\nValidation failed: Circle 0 at (0.05730008029459466,0.11538181800445597) r=0.9999999999987508 outside unit square\nInitial layout also failed: Circle 0 at (0.05730008029459466,0.11538181800445597) r=0.09017842929904128 outside unit square\nValidation failed: Circle 0 at (0.13283300566300968,0.12177572228716005) r=0.9999999999987508 outside unit square\nInitial layout also failed: Circle 1 at (0.23650120155253987,0.07442677189545852) r=0.09017842929904128 outside unit square\nValidation failed: Circle 0 at (0.06679086095699593,0.14005866966309188) r=0.9999999999987508 outside unit square\nInitial layout also failed: Circle 0 at (0.06679086095699593,0.14005866966309188) r=0.09017842929904128 outside unit square\nValidation failed: Circle 0 at (0.12125925401271406,0.11948599886909181) r=0.9999999999987508 outside unit square\nInitial layout also failed: Circle 2 at (0.49079394633645873,0.07576404402255493) r=0.09017842929904128 outside unit square\n",
  "parent_value": 2.344639161775073,
  "parent_is_seed": false
}