{
  "step": 38,
  "group": 4,
  "rollout": 30,
  "reward": 2.48450286404128,
  "valid": true,
  "parsed": true,
  "ran": true,
  "msg": "ok",
  "advantage": 0.38838406082264765,
  "beta": 319.9463200010128,
  "n_response_tokens": 2568,
  "sandbox_stdout": "Genetic algorithm time: 28.3496 seconds\nRefinement time: 0.0099 seconds\n",
  "parent_value": 2.487361741061314,
  "parent_is_seed": false
}