{
  "step": 33,
  "group": 1,
  "rollout": 20,
  "reward": 2.427145408994807,
  "valid": true,
  "parsed": true,
  "ran": true,
  "msg": "ok",
  "advantage": 0.301611437783585,
  "beta": 105.68895740355242,
  "n_response_tokens": 2932,
  "sandbox_stdout": "",
  "parent_value": 2.4467914613662076,
  "parent_is_seed": false
}