{
  "step": 43,
  "group": 0,
  "rollout": 51,
  "reward": 2.52000660707235,
  "valid": true,
  "parsed": true,
  "ran": true,
  "msg": "ok",
  "advantage": -0.2332986420078842,
  "beta": 421.7262199114717,
  "n_response_tokens": 2560,
  "sandbox_stdout": "",
  "parent_value": 2.524152134844358,
  "parent_is_seed": false
}