{
  "step": 36,
  "group": 0,
  "rollout": 44,
  "reward": 2.4785851798586176,
  "valid": true,
  "parsed": true,
  "ran": true,
  "msg": "ok",
  "advantage": -0.23907298736091265,
  "beta": 70.4172716921699,
  "n_response_tokens": 2582,
  "sandbox_stdout": "",
  "parent_value": 2.4852146042970906,
  "parent_is_seed": false
}