{
  "step": 42,
  "group": 2,
  "rollout": 44,
  "reward": 2.5239117899186727,
  "valid": true,
  "parsed": true,
  "ran": true,
  "msg": "ok",
  "advantage": 3.0066053233125762,
  "beta": 473.98180363955186,
  "n_response_tokens": 3173,
  "sandbox_stdout": "",
  "parent_value": 2.523921912903063,
  "parent_is_seed": false
}