{
  "step": 5,
  "group": 3,
  "rollout": 35,
  "reward": 0.0,
  "valid": true,
  "parsed": true,
  "ran": true,
  "msg": "ok",
  "advantage": -0.8756600027562824,
  "beta": 1.420072479034654,
  "n_response_tokens": 1655,
  "sandbox_stdout": "Validation failed: Circle 0 at (0.05203891988660858,0.31426280148096364) r=1.0 outside unit square\n",
  "parent_value": 2.166666666666667,
  "parent_is_seed": false
}