{
  "step": 36,
  "group": 4,
  "rollout": 19,
  "reward": 2.45068792531831,
  "valid": true,
  "parsed": true,
  "ran": true,
  "msg": "ok",
  "advantage": 0.4656900680157665,
  "beta": 89.22551674917449,
  "n_response_tokens": 2640,
  "sandbox_stdout": "",
  "parent_value": 2.457279085221333,
  "parent_is_seed": false
}