{
  "step": 42,
  "group": 3,
  "rollout": 23,
  "reward": 2.522848069346425,
  "valid": true,
  "parsed": true,
  "ran": true,
  "msg": "ok",
  "advantage": 1.9727827770953694,
  "beta": 449.7507930791666,
  "n_response_tokens": 2624,
  "sandbox_stdout": "",
  "parent_value": 2.5238825640383302,
  "parent_is_seed": false
}