{
  "step": 43,
  "group": 7,
  "rollout": 48,
  "reward": 2.521963519045024,
  "valid": true,
  "parsed": true,
  "ran": true,
  "msg": "ok",
  "advantage": 1.5757578092436506,
  "beta": 378.51711065645515,
  "n_response_tokens": 2625,
  "sandbox_stdout": "",
  "parent_value": 2.523781176935609,
  "parent_is_seed": false
}