{
  "step": 1,
  "group": 2,
  "rollout": 38,
  "reward": 1.3000000000000003,
  "valid": true,
  "parsed": true,
  "ran": true,
  "msg": "ok",
  "advantage": 9.887119930706497,
  "beta": 2.1379930691776345,
  "n_response_tokens": 1564,
  "sandbox_stdout": "",
  "parent_value": 1.3000000000000003,
  "parent_is_seed": false
}