{
  "step": 40,
  "group": 2,
  "rollout": 1,
  "reward": 2.5188867818615037,
  "valid": true,
  "parsed": true,
  "ran": true,
  "msg": "ok",
  "advantage": -0.06195797679432913,
  "beta": 326.88176199578004,
  "n_response_tokens": 2849,
  "sandbox_stdout": "",
  "parent_value": 2.523811099681761,
  "parent_is_seed": false
}