{
  "step": 36,
  "group": 2,
  "rollout": 46,
  "reward": 2.462382293500847,
  "valid": true,
  "parsed": true,
  "ran": true,
  "msg": "ok",
  "advantage": 2.682520136317067,
  "beta": 454.33748546361795,
  "n_response_tokens": 3298,
  "sandbox_stdout": "",
  "parent_value": 2.466095636956842,
  "parent_is_seed": false
}