{
  "step": 19,
  "group": 7,
  "rollout": 3,
  "reward": 2.328652985672061,
  "valid": true,
  "parsed": true,
  "ran": true,
  "msg": "ok",
  "advantage": -1.0,
  "beta": 1048576.0,
  "n_response_tokens": 2133,
  "sandbox_stdout": "Validation failed: Circle 0 at (0.08956357637200235,0.08956357637200235) r=0.9999999999984248 outside unit square\nValidation failed: Circle 0 at (0.08956357637200235,0.08956357637200235) r=0.9999999999984248 outside unit square\nValidation failed: Circle 0 at (0.08956357637200235,0.08956357637200235) r=0.9999999999984248 outside unit square\nValidation failed: Circle 0 at (0.08956357637200235,0.08956357637200235) r=0.9999999999984248 outside unit square\nValidation failed: Circle 0 at (0.08956357637200235,0.08956357637200235) r=0.9999999999984248 outside unit square\n",
  "parent_value": 2.3720882408679866,
  "parent_is_seed": false
}