{
  "step": 38,
  "group": 7,
  "rollout": 10,
  "reward": 2.323863860788081,
  "valid": true,
  "parsed": true,
  "ran": true,
  "msg": "ok",
  "advantage": -0.999999941589808,
  "beta": 102.76617659573841,
  "n_response_tokens": 3109,
  "sandbox_stdout": "",
  "parent_value": 2.4786766578037396,
  "parent_is_seed": false
}