{
  "step": 41,
  "group": 4,
  "rollout": 18,
  "reward": 2.5223772586320385,
  "valid": true,
  "parsed": true,
  "ran": true,
  "msg": "ok",
  "advantage": 1.721397199033944,
  "beta": 400.04051307957127,
  "n_response_tokens": 2532,
  "sandbox_stdout": "",
  "parent_value": 2.524005778865525,
  "parent_is_seed": false
}