{
  "step": 41,
  "group": 2,
  "rollout": 49,
  "reward": 2.5154956542808,
  "valid": true,
  "parsed": true,
  "ran": true,
  "msg": "ok",
  "advantage": -0.7766127089327561,
  "beta": 362.5792625418703,
  "n_response_tokens": 2527,
  "sandbox_stdout": "",
  "parent_value": 2.5241510853647955,
  "parent_is_seed": false
}