{
  "step": 35,
  "group": 4,
  "rollout": 44,
  "reward": 2.4225948871982768,
  "valid": true,
  "parsed": true,
  "ran": true,
  "msg": "ok",
  "advantage": -0.6758439034435751,
  "beta": 135.2202032808084,
  "n_response_tokens": 2361,
  "sandbox_stdout": "",
  "parent_value": 2.446787398863279,
  "parent_is_seed": false
}