{
  "step": 44,
  "group": 1,
  "rollout": 63,
  "reward": 2.508758805379047,
  "valid": true,
  "parsed": true,
  "ran": true,
  "msg": "ok",
  "advantage": -0.9503834731254925,
  "beta": 300.27460318313985,
  "n_response_tokens": 2853,
  "sandbox_stdout": "",
  "parent_value": 2.524098168468562,
  "parent_is_seed": false
}