{
  "step": 31,
  "group": 3,
  "rollout": 63,
  "reward": 2.4067621527508294,
  "valid": true,
  "parsed": true,
  "ran": true,
  "msg": "ok",
  "advantage": 1.6207739194766138,
  "beta": 181.02105402282885,
  "n_response_tokens": 2234,
  "sandbox_stdout": "",
  "parent_value": 2.406077529622345,
  "parent_is_seed": false
}