{
  "step": 20,
  "group": 5,
  "rollout": 18,
  "reward": 2.344639161775073,
  "valid": true,
  "parsed": true,
  "ran": true,
  "msg": "ok",
  "advantage": -1.0,
  "beta": 1048576.0,
  "n_response_tokens": 1718,
  "sandbox_stdout": "Validation failed: Circle 0 at (0.9995914439363716,0.9976530973424071) r=1.0 outside unit square\n",
  "parent_value": 2.3720882408679866,
  "parent_is_seed": false
}