{
  "step": 15,
  "group": 1,
  "rollout": 25,
  "reward": 1.9444098430606744,
  "valid": true,
  "parsed": true,
  "ran": true,
  "msg": "ok",
  "advantage": -0.9999999999999951,
  "beta": 82.90973925631,
  "n_response_tokens": 2179,
  "sandbox_stdout": "Validation failed: Circle 0 at (0.09837646832622685,0.09837646832622685) r=1.0 outside unit square\nInitial layout also failed: Circle 7 has negative radius -0.09837646832622685\nValidation failed: Circle 0 at (0.09837646832622685,0.9016235316737732) r=1.0 outside unit square\nInitial layout also failed: Circle 1 has negative radius -0.09837646832622685\nValidation failed: Circle 0 at (0.09837646832622685,0.09837646832622685) r=0.9999999999999127 outside unit square\nValidation failed: Circle 0 at (0.09837646832622685,0.09837646832622685) r=1.0 outside unit square\nInitial layout also failed: Circle 9 has negative radius -0.09837646832622685\nValidation failed: Circle 0 at (0.09837646832622685,0.09837646832622685) r=0.9999999999997617 outside unit square\n",
  "parent_value": 2.3447877296013773,
  "parent_is_seed": false
}