{
  "step": 38,
  "group": 4,
  "rollout": 6,
  "reward": 2.483798133470305,
  "valid": true,
  "parsed": true,
  "ran": true,
  "msg": "ok",
  "advantage": 0.10321185832612612,
  "beta": 319.9463200010128,
  "n_response_tokens": 2618,
  "sandbox_stdout": "Genetic algorithm time: 28.4092 seconds\nRefinement time: 0.0225 seconds\n",
  "parent_value": 2.487361741061314,
  "parent_is_seed": false
}