{
  "step": 41,
  "group": 6,
  "rollout": 52,
  "reward": 2.523374103344535,
  "valid": true,
  "parsed": true,
  "ran": true,
  "msg": "ok",
  "advantage": 2.3788913898500073,
  "beta": 366.94999745105827,
  "n_response_tokens": 2541,
  "sandbox_stdout": "",
  "parent_value": 2.5239070567447666,
  "parent_is_seed": false
}