{
  "step": 34,
  "group": 0,
  "rollout": 4,
  "reward": 2.4151492505258774,
  "valid": true,
  "parsed": true,
  "ran": true,
  "msg": "ok",
  "advantage": -0.5727540067375558,
  "beta": 67.45379404774611,
  "n_response_tokens": 2525,
  "sandbox_stdout": "",
  "parent_value": 2.4471547058281016,
  "parent_is_seed": false
}