{
  "step": 33,
  "group": 6,
  "rollout": 37,
  "reward": 0.0,
  "valid": true,
  "parsed": true,
  "ran": true,
  "msg": "ok",
  "advantage": -1.0,
  "beta": 423.47565421723044,
  "n_response_tokens": 2225,
  "sandbox_stdout": "Refined layout failed: Circle 0 at (0.09427744881263406,0.09427744881263406) r=0.6784348916796326 outside unit square\n",
  "parent_value": 2.409029065779771,
  "parent_is_seed": false
}