{
  "step": 29,
  "group": 7,
  "rollout": 37,
  "reward": 0.0,
  "valid": true,
  "parsed": true,
  "ran": true,
  "msg": "ok",
  "advantage": -1.0,
  "beta": 55.33364544242901,
  "n_response_tokens": 2305,
  "sandbox_stdout": "Validation failed: Circle 0 at (0.09427744881263406,0.09427744881263406) r=1.0 outside unit square\nInitial layout also failed: Circles 4 and 9 overlap\nValidation failed: Circle 0 at (0.005632449910729573,0.1999959183883111) r=0.9999978615452796 outside unit square\nInitial layout also failed: Circles 4 and 9 overlap\nValidation failed: Circle 0 at (0.09427744881263406,0.09427744881263406) r=70894626.1456645 outside unit square\nInitial layout also failed: Circles 4 and 9 overlap\n",
  "parent_value": 2.397519152332408,
  "parent_is_seed": false
}