{
  "step": 3,
  "group": 7,
  "rollout": 34,
  "reward": 1.7333333333333334,
  "valid": true,
  "parsed": true,
  "ran": true,
  "msg": "ok",
  "advantage": 3.427425388989631,
  "beta": 1.3451771030557431,
  "n_response_tokens": 1190,
  "sandbox_stdout": "Validation failed: Circle 0 at (0.324371492886908,0.32496178294006395) r=1.0 outside unit square\n",
  "parent_value": 1.7333333333333334,
  "parent_is_seed": false
}