{
  "step": 30,
  "group": 6,
  "rollout": 19,
  "reward": 2.38518015048967,
  "valid": true,
  "parsed": true,
  "ran": true,
  "msg": "ok",
  "advantage": 0.8580097626931484,
  "beta": 76.04266122298156,
  "n_response_tokens": 2247,
  "sandbox_stdout": "Validation failed: Circle 0 at (0.09427744881263406,0.09427744881263406) r=0.9999999999992732 outside unit square\nValidation failed: Circle 0 at (0.09427744881263406,0.09427744881263406) r=1.0 outside unit square\nValidation failed: Circle 0 at (0.09427744881263406,0.09427744881263406) r=1.0 outside unit square\n",
  "parent_value": 2.4008613358661717,
  "parent_is_seed": false
}