{
  "step": 30,
  "group": 7,
  "rollout": 46,
  "reward": 0.5510884946798156,
  "valid": true,
  "parsed": true,
  "ran": true,
  "msg": "ok",
  "advantage": -1.0,
  "beta": 62.18499164497457,
  "n_response_tokens": 1828,
  "sandbox_stdout": "Validation failed: Circle 0 at (0.30814157129579106,0.30814157129579106) r=1.0 outside unit square\n",
  "parent_value": 2.4006060637964026,
  "parent_is_seed": false
}