{
  "step": 30,
  "group": 0,
  "rollout": 19,
  "reward": 2.3591943908816364,
  "valid": true,
  "parsed": true,
  "ran": true,
  "msg": "ok",
  "advantage": -0.7527793684349444,
  "beta": 79.14906656164504,
  "n_response_tokens": 1805,
  "sandbox_stdout": "Validation failed: Circle 0 at (0.09427744881263406,0.09427744881263406) r=1.0 outside unit square\n",
  "parent_value": 2.4090704916247114,
  "parent_is_seed": false
}