{
  "step": 41,
  "group": 0,
  "rollout": 15,
  "reward": 2.522246283155058,
  "valid": true,
  "parsed": true,
  "ran": true,
  "msg": "ok",
  "advantage": 1.9617780642536617,
  "beta": 465.6355809687069,
  "n_response_tokens": 2552,
  "sandbox_stdout": "",
  "parent_value": 2.5246633502382383,
  "parent_is_seed": false
}