{
  "step": 42,
  "group": 3,
  "rollout": 29,
  "reward": 2.523772129501579,
  "valid": true,
  "parsed": true,
  "ran": true,
  "msg": "ok",
  "advantage": 3.6168378445711937,
  "beta": 449.7507930791666,
  "n_response_tokens": 2687,
  "sandbox_stdout": "",
  "parent_value": 2.5238825640383302,
  "parent_is_seed": false
}