{
  "step": 16,
  "group": 2,
  "rollout": 8,
  "reward": 0.1967529366524537,
  "valid": true,
  "parsed": true,
  "ran": true,
  "msg": "ok",
  "advantage": -1.0,
  "beta": 1048576.0,
  "n_response_tokens": 2386,
  "sandbox_stdout": "Validation failed: Circle 0 at (1.5460347729419165e-14,3.417842564052046e-13) r=1.0 outside unit square\nValidation failed: Circle 0 at (1.5460347729419165e-14,3.417842564052046e-13) r=1.0 outside unit square\nValidation failed: Circle 0 at (1.5460347729419165e-14,3.417842564052046e-13) r=1.0 outside unit square\nValidation failed: Circle 0 at (1.5460347729419165e-14,3.417842564052046e-13) r=1.0 outside unit square\nValidation failed: Circle 0 at (1.5460347729419165e-14,3.417842564052046e-13) r=1.0 outside unit square\n",
  "parent_value": 2.3447877296013773,
  "parent_is_seed": false
}