{
  "step": 26,
  "group": 1,
  "rollout": 50,
  "reward": 2.3876541972852006,
  "valid": true,
  "parsed": true,
  "ran": true,
  "msg": "ok",
  "advantage": 1.8134923404231444,
  "beta": 29.769776805059447,
  "n_response_tokens": 1945,
  "sandbox_stdout": "Validation failed: Circle 0 at (0.09427744881263406,0.09427744881263406) r=0.9999999999999862 outside unit square\n",
  "parent_value": 2.398796531594696,
  "parent_is_seed": false
}