{
  "step": 5,
  "group": 4,
  "rollout": 1,
  "reward": 0.0,
  "valid": true,
  "parsed": true,
  "ran": true,
  "msg": "ok",
  "advantage": -0.9783214725408204,
  "beta": 2.2129054399787114,
  "n_response_tokens": 1572,
  "sandbox_stdout": "Validation failed: Circle 0 at (0.1,0.1) r=0.9999999999984602 outside unit square\nInitial layout also failed: Circle 18 at (1.0,1.0) r=0.03535533905932733 outside unit square\n",
  "parent_value": 2.1500210936053263,
  "parent_is_seed": false
}