{
  "step": 40,
  "group": 3,
  "rollout": 45,
  "reward": 2.520046908232791,
  "valid": true,
  "parsed": true,
  "ran": true,
  "msg": "ok",
  "advantage": 0.44592098890528997,
  "beta": 273.5942843002625,
  "n_response_tokens": 2497,
  "sandbox_stdout": "",
  "parent_value": 2.523369515512039,
  "parent_is_seed": false
}