{
  "step": 34,
  "group": 0,
  "rollout": 33,
  "reward": 2.435227373513891,
  "valid": true,
  "parsed": true,
  "ran": true,
  "msg": "ok",
  "advantage": 0.6881525969191926,
  "beta": 67.45379404774611,
  "n_response_tokens": 2503,
  "sandbox_stdout": "",
  "parent_value": 2.4471547058281016,
  "parent_is_seed": false
}