{
  "step": 30,
  "group": 4,
  "rollout": 63,
  "reward": 2.392354076958142,
  "valid": true,
  "parsed": true,
  "ran": true,
  "msg": "ok",
  "advantage": 0.8460781972319815,
  "beta": 62.90415682442961,
  "n_response_tokens": 2064,
  "sandbox_stdout": "Validation failed: Circle 0 at (0.09427744881263406,0.09427744881263406) r=1.0 outside unit square\nValidation failed: Circle 0 at (0.9996533451630802,0.9999999603236847) r=0.9999999995304806 outside unit square\nValidation failed: Circle 0 at (0.9998040508417771,0.014041339438144056) r=0.9962999789843585 outside unit square\nValidation failed: Circle 0 at (0.09427744881263406,0.09427744881263406) r=17723656.133788027 outside unit square\n",
  "parent_value": 2.402602009236336,
  "parent_is_seed": false
}