{
  "step": 41,
  "group": 6,
  "rollout": 2,
  "reward": 2.523899038724826,
  "valid": true,
  "parsed": true,
  "ran": true,
  "msg": "ok",
  "advantage": 3.14387482554166,
  "beta": 366.94999745105827,
  "n_response_tokens": 2657,
  "sandbox_stdout": "",
  "parent_value": 2.5239070567447666,
  "parent_is_seed": false
}