{
  "step": 43,
  "group": 1,
  "rollout": 49,
  "reward": 2.5147673597245963,
  "valid": true,
  "parsed": true,
  "ran": true,
  "msg": "ok",
  "advantage": -0.7473868886843971,
  "beta": 344.38339466378596,
  "n_response_tokens": 2637,
  "sandbox_stdout": "",
  "parent_value": 2.5241336752988364,
  "parent_is_seed": false
}