{
  "step": 12,
  "group": 5,
  "rollout": 50,
  "reward": 1.5554735808696458,
  "valid": true,
  "parsed": true,
  "ran": true,
  "msg": "ok",
  "advantage": 0.0393650330543549,
  "beta": 1.2432217957318752,
  "n_response_tokens": 2129,
  "sandbox_stdout": "",
  "parent_value": 2.344639161775073,
  "parent_is_seed": false
}