{
  "step": 28,
  "group": 1,
  "rollout": 3,
  "reward": 2.359916912030287,
  "valid": true,
  "parsed": true,
  "ran": true,
  "msg": "ok",
  "advantage": -0.49431613766282834,
  "beta": 54.20618936775504,
  "n_response_tokens": 2177,
  "sandbox_stdout": "Validation failed: Circle 0 at (0.09427744881263406,0.09427744881263406) r=0.9999999999997786 outside unit square\n",
  "parent_value": 2.3995444443461387,
  "parent_is_seed": false
}