{
  "step": 40,
  "group": 1,
  "rollout": 53,
  "reward": 2.5224713536029557,
  "valid": true,
  "parsed": true,
  "ran": true,
  "msg": "ok",
  "advantage": 2.141198374562359,
  "beta": 319.72530207938513,
  "n_response_tokens": 2633,
  "sandbox_stdout": "",
  "parent_value": 2.5239580244822952,
  "parent_is_seed": false
}