{
  "step": 38,
  "group": 6,
  "rollout": 29,
  "reward": 2.4835022109110128,
  "valid": true,
  "parsed": true,
  "ran": true,
  "msg": "ok",
  "advantage": 0.8495685157279169,
  "beta": 259.2686691462504,
  "n_response_tokens": 2500,
  "sandbox_stdout": "",
  "parent_value": 2.4799159374778297,
  "parent_is_seed": false
}