{
  "step": 39,
  "group": 0,
  "rollout": 24,
  "reward": 2.5197005411035036,
  "valid": true,
  "parsed": true,
  "ran": true,
  "msg": "ok",
  "advantage": 0.6571901930938471,
  "beta": 276.74503865138735,
  "n_response_tokens": 2537,
  "sandbox_stdout": "",
  "parent_value": 2.524760949479983,
  "parent_is_seed": false
}