{
  "step": 25,
  "group": 5,
  "rollout": 11,
  "reward": 0.0,
  "valid": true,
  "parsed": true,
  "ran": true,
  "msg": "ok",
  "advantage": -1.0,
  "beta": 1048576.0,
  "n_response_tokens": 2178,
  "sandbox_stdout": "Validation failed: Circle 0 at (0.09427744881263406,0.09427744881188621) r=1.0 outside unit square\nInitial layout also failed: Circle 1 has negative radius -0.021454107114841872\nValidation failed: Circle 0 at (0.09427744881263406,0.09427744881188621) r=1.0 outside unit square\nInitial layout also failed: Circle 1 has negative radius -0.021454107114841872\nValidation failed: Circle 0 at (0.09427744881263406,0.09427744881188621) r=1.0 outside unit square\nInitial layout also failed: Circle 1 has negative radius -0.021454107114841872\nValidation failed: Circle 0 at (0.09427744881263406,0.09427744881188621) r=1.0 outside unit square\nInitial layout also failed: Circle 1 has negative radius -0.021454107114841872\nValidation failed: Circle 0 at (0.09427744881263406,0.09427744881188621) r=1.0 outside unit square\nInitial layout also failed: Circle 1 has negative radius -0.021454107114841872\nValidation failed: Circle 0 at (0.09427744881263406,0.09427744881188621) r=1.0 outside unit square\nInitial layout also failed: Circle 1 has negative radius -0.021454107114841872\nValidation failed: Circle 0 at (0.09427744881263406,0.09427744881188621) r=1.0 outside unit square\nInitial layout also failed: Circle 1 has negative radius -0.021454107114841872\nValidation failed: Circle 0 at (0.09427744881263406,0.09427744881188621) r=1.0 outside unit square\nInitial layout also failed: Circle 1 has negative radius -0.021454107114841872\nValidation failed: Circle 0 at (0.09427744881263406,0.09427744881188621) r=1.0 outside unit square\nInitial layout also failed: Circle 1 has negative radius -0.021454107114841872\nValidation failed: Circle 0 at (0.09427744881263406,0.09427744881188621) r=1.0 outside unit square\nInitial layout also failed: Circle 1 has negative radius -0.021454107114841872\n",
  "parent_value": 2.3720882408679866,
  "parent_is_seed": false
}