{
  "step": 29,
  "group": 3,
  "rollout": 6,
  "reward": 2.356102492702001,
  "valid": true,
  "parsed": true,
  "ran": true,
  "msg": "ok",
  "advantage": -0.7260761326175963,
  "beta": 49.76737662183935,
  "n_response_tokens": 2054,
  "sandbox_stdout": "Validation failed: Circle 0 at (0.20074971169695358,0.20074971169575528) r=1.0 outside unit square\n",
  "parent_value": 2.4020765974234912,
  "parent_is_seed": false
}