{
  "step": 42,
  "group": 5,
  "rollout": 60,
  "reward": 2.518324662286831,
  "valid": true,
  "parsed": true,
  "ran": true,
  "msg": "ok",
  "advantage": -0.6146279448138228,
  "beta": 468.69882870705135,
  "n_response_tokens": 2541,
  "sandbox_stdout": "",
  "parent_value": 2.523844757601604,
  "parent_is_seed": false
}