{
  "step": 34,
  "group": 5,
  "rollout": 18,
  "reward": 2.439184768849044,
  "valid": true,
  "parsed": true,
  "ran": true,
  "msg": "ok",
  "advantage": 1.1420906294778144,
  "beta": 85.19461535170244,
  "n_response_tokens": 2378,
  "sandbox_stdout": "",
  "parent_value": 2.4406261751436102,
  "parent_is_seed": false
}