{
  "step": 37,
  "group": 0,
  "rollout": 43,
  "reward": 2.5164245773732703,
  "valid": true,
  "parsed": true,
  "ran": true,
  "msg": "ok",
  "advantage": -0.4761904132952306,
  "beta": 296.832253782249,
  "n_response_tokens": 2532,
  "sandbox_stdout": "",
  "parent_value": 2.5200905075486832,
  "parent_is_seed": false
}