{
  "step": 39,
  "group": 4,
  "rollout": 28,
  "reward": 2.4969420454644946,
  "valid": true,
  "parsed": true,
  "ran": true,
  "msg": "ok",
  "advantage": 1.160047782317259,
  "beta": 103.93843225541761,
  "n_response_tokens": 3140,
  "sandbox_stdout": "",
  "parent_value": 2.50145878561204,
  "parent_is_seed": false
}