{
  "step": 31,
  "group": 3,
  "rollout": 50,
  "reward": 1.8081250434650764,
  "valid": true,
  "parsed": true,
  "ran": true,
  "msg": "ok",
  "advantage": -1.0,
  "beta": 181.02105402282885,
  "n_response_tokens": 2444,
  "sandbox_stdout": "Validation failed: Circle 0 at (0.09620078830073671,0.09561251376354454) r=1.0 outside unit square\n",
  "parent_value": 2.406077529622345,
  "parent_is_seed": false
}