{
  "step": 33,
  "group": 1,
  "rollout": 3,
  "reward": 2.3878645998416665,
  "valid": true,
  "parsed": true,
  "ran": true,
  "msg": "ok",
  "advantage": -0.9799209039328252,
  "beta": 105.68895740355242,
  "n_response_tokens": 2044,
  "sandbox_stdout": "Optimization failed\n",
  "parent_value": 2.4467914613662076,
  "parent_is_seed": false
}