{
  "step": 32,
  "group": 3,
  "rollout": 56,
  "reward": 2.4125853851790726,
  "valid": true,
  "parsed": true,
  "ran": true,
  "msg": "ok",
  "advantage": 10.848831400063611,
  "beta": 283.9057672309931,
  "n_response_tokens": 2737,
  "sandbox_stdout": "",
  "parent_value": 2.409399914695089,
  "parent_is_seed": false
}