{
  "step": 42,
  "group": 1,
  "rollout": 37,
  "reward": 2.511818690640117,
  "valid": true,
  "parsed": true,
  "ran": true,
  "msg": "ok",
  "advantage": -0.967735959724275,
  "beta": 422.8887557340278,
  "n_response_tokens": 2509,
  "sandbox_stdout": "",
  "parent_value": 2.5239718953942227,
  "parent_is_seed": false
}