{
  "step": 40,
  "group": 4,
  "rollout": 24,
  "reward": 2.5183616638685096,
  "valid": true,
  "parsed": true,
  "ran": true,
  "msg": "ok",
  "advantage": -0.07068139845294907,
  "beta": 276.9206129610181,
  "n_response_tokens": 2865,
  "sandbox_stdout": "",
  "parent_value": 2.523218311990641,
  "parent_is_seed": false
}