{
  "step": 33,
  "group": 1,
  "rollout": 52,
  "reward": 2.263598952422384,
  "valid": true,
  "parsed": true,
  "ran": true,
  "msg": "ok",
  "advantage": -0.9999999602994734,
  "beta": 105.68895740355242,
  "n_response_tokens": 2577,
  "sandbox_stdout": "",
  "parent_value": 2.4467914613662076,
  "parent_is_seed": false
}