{
  "step": 42,
  "group": 2,
  "rollout": 37,
  "reward": 2.5194767758254835,
  "valid": true,
  "parsed": true,
  "ran": true,
  "msg": "ok",
  "advantage": -0.5362893842769434,
  "beta": 473.98180363955186,
  "n_response_tokens": 2507,
  "sandbox_stdout": "",
  "parent_value": 2.523921912903063,
  "parent_is_seed": false
}