{
  "step": 38,
  "group": 1,
  "rollout": 23,
  "reward": 2.5183635945895175,
  "valid": true,
  "parsed": true,
  "ran": true,
  "msg": "ok",
  "advantage": -0.2004052040252734,
  "beta": 320.3893807517825,
  "n_response_tokens": 2667,
  "sandbox_stdout": "",
  "parent_value": 2.5242063708350924,
  "parent_is_seed": false
}