{
  "step": 9,
  "group": 4,
  "rollout": 46,
  "reward": 2.166666666666667,
  "valid": true,
  "parsed": true,
  "ran": true,
  "msg": "ok",
  "advantage": 0.9090909090872645,
  "beta": 1048576.0,
  "n_response_tokens": 1852,
  "sandbox_stdout": "Validation failed: Circle 0 at (0.08214929821384898,0.08234423701437368) r=0.08512691447958784 outside unit square\n",
  "parent_value": 2.166666666666667,
  "parent_is_seed": false
}