{
  "step": 31,
  "group": 4,
  "rollout": 23,
  "reward": 2.344639161775073,
  "valid": true,
  "parsed": true,
  "ran": true,
  "msg": "ok",
  "advantage": -0.7341634097508248,
  "beta": 52.25478434319666,
  "n_response_tokens": 2129,
  "sandbox_stdout": "Validation failed: Circle 0 at (0.09017842929904128,0.09017842929904128) r=0.9999999999987508 outside unit square\n",
  "parent_value": 2.404303731129218,
  "parent_is_seed": false
}