{
  "step": 40,
  "group": 3,
  "rollout": 31,
  "reward": 2.5240199272288697,
  "valid": true,
  "parsed": true,
  "ran": true,
  "msg": "ok",
  "advantage": 3.4902023568460674,
  "beta": 273.5942843002625,
  "n_response_tokens": 2526,
  "sandbox_stdout": "",
  "parent_value": 2.523369515512039,
  "parent_is_seed": false
}