{
  "step": 38,
  "group": 1,
  "rollout": 53,
  "reward": 2.516258877952764,
  "valid": true,
  "parsed": true,
  "ran": true,
  "msg": "ok",
  "advantage": -0.5951283539363968,
  "beta": 320.3893807517825,
  "n_response_tokens": 2605,
  "sandbox_stdout": "",
  "parent_value": 2.5242063708350924,
  "parent_is_seed": false
}