{
  "step": 35,
  "group": 2,
  "rollout": 39,
  "reward": 2.455317668433787,
  "valid": true,
  "parsed": true,
  "ran": true,
  "msg": "ok",
  "advantage": 1.38399459027131,
  "beta": 236.45655487193744,
  "n_response_tokens": 2786,
  "sandbox_stdout": "",
  "parent_value": 2.4570864193979998,
  "parent_is_seed": false
}