{
  "step": 28,
  "group": 3,
  "rollout": 3,
  "reward": 2.355847352135477,
  "valid": true,
  "parsed": true,
  "ran": true,
  "msg": "ok",
  "advantage": -0.7050688349807028,
  "beta": 74.96006675868387,
  "n_response_tokens": 1877,
  "sandbox_stdout": "Validation failed: Circle 0 at (0.09427744881263406,0.09427744881263406) r=0.9999999999997429 outside unit square\n",
  "parent_value": 2.3940700736786615,
  "parent_is_seed": false
}