{
  "step": 20,
  "group": 7,
  "rollout": 38,
  "reward": 2.3720882408679866,
  "valid": true,
  "parsed": true,
  "ran": true,
  "msg": "ok",
  "advantage": 0.23529411764553299,
  "beta": 1048576.0,
  "n_response_tokens": 2976,
  "sandbox_stdout": "Validation failed: Circle 0 at (0.5420959516170006,0.08301919414604614) r=1.0 outside unit square\nInitial layout also failed: Circle 0 at (0.5420959516170006,0.08301919414604614) r=0.2 outside unit square\nValidation failed: Circle 0 at (0.24893976775039672,0.6352695123990035) r=1.0 outside unit square\nInitial layout also failed: Circle 2 at (0.0,0.4377651046642294) r=0.2 outside unit square\nValidation failed: Circle 0 at (0.09427744881263406,0.09427744881263406) r=0.9999999999992697 outside unit square\nValidation failed: Circle 0 at (0.09427744881263406,0.09427744881263406) r=0.9999999999992697 outside unit square\nValidation failed: Circle 0 at (0.6405785382686646,0.4444443087028993) r=1.0 outside unit square\nInitial layout also failed: Circle 1 at (0.03299822795184266,0.909836769124785) r=0.2 outside unit square\n",
  "parent_value": 2.3720882408679866,
  "parent_is_seed": false
}