{
  "step": 30,
  "group": 6,
  "rollout": 47,
  "reward": 2.3956399416043466,
  "valid": true,
  "parsed": true,
  "ran": true,
  "msg": "ok",
  "advantage": 3.269071704073861,
  "beta": 76.04266122298156,
  "n_response_tokens": 2217,
  "sandbox_stdout": "Validation failed: Circle 0 at (0.09427744881263406,0.09427744881263406) r=0.9999999999995483 outside unit square\n",
  "parent_value": 2.4008613358661717,
  "parent_is_seed": false
}