{
  "step": 31,
  "group": 7,
  "rollout": 25,
  "reward": 2.3038690142425446,
  "valid": true,
  "parsed": true,
  "ran": true,
  "msg": "ok",
  "advantage": -0.9834808474124846,
  "beta": 61.96453885537716,
  "n_response_tokens": 2307,
  "sandbox_stdout": "Validation failed: Circle 0 at (0.09427744881263406,0.09427744881263406) r=1.0 outside unit square\n",
  "parent_value": 2.4005731732861455,
  "parent_is_seed": false
}