{
  "step": 25,
  "group": 0,
  "rollout": 43,
  "reward": 2.38608182870443,
  "valid": true,
  "parsed": true,
  "ran": true,
  "msg": "ok",
  "advantage": 1.4607256123553145,
  "beta": 32.996340543552215,
  "n_response_tokens": 1711,
  "sandbox_stdout": "Validation failed: Circle 0 at (0.09427744881263406,0.09427744881263406) r=0.9999999999994288 outside unit square\n",
  "parent_value": 2.3760704662020573,
  "parent_is_seed": false
}