{
  "step": 36,
  "group": 4,
  "rollout": 47,
  "reward": 2.4333483717426327,
  "valid": true,
  "parsed": true,
  "ran": true,
  "msg": "ok",
  "advantage": -0.6936268882728911,
  "beta": 89.22551674917449,
  "n_response_tokens": 2768,
  "sandbox_stdout": "",
  "parent_value": 2.457279085221333,
  "parent_is_seed": false
}