{
  "step": 5,
  "group": 3,
  "rollout": 4,
  "reward": 0.0,
  "valid": true,
  "parsed": true,
  "ran": true,
  "msg": "ok",
  "advantage": -0.8756600027562824,
  "beta": 1.420072479034654,
  "n_response_tokens": 1412,
  "sandbox_stdout": "Validation failed: Circle 0 at (0.6975277710899389,0.880359009819334) r=0.9999999999966742 outside unit square\nInitial layout also failed: Circles 0 and 19 overlap\n",
  "parent_value": 2.166666666666667,
  "parent_is_seed": false
}