{
  "step": 36,
  "group": 2,
  "rollout": 16,
  "reward": 2.3874912104740345,
  "valid": true,
  "parsed": true,
  "ran": true,
  "msg": "ok",
  "advantage": -0.9999999999999942,
  "beta": 454.33748546361795,
  "n_response_tokens": 2637,
  "sandbox_stdout": "",
  "parent_value": 2.466095636956842,
  "parent_is_seed": false
}