{
  "step": 5,
  "group": 4,
  "rollout": 54,
  "reward": 0.9401861059915186,
  "valid": true,
  "parsed": true,
  "ran": true,
  "msg": "ok",
  "advantage": -0.8259609197585982,
  "beta": 2.2129054399787114,
  "n_response_tokens": 1734,
  "sandbox_stdout": "Validation failed: Circle 0 at (0.8,0.5) r=1.0 outside unit square\n",
  "parent_value": 2.1500210936053263,
  "parent_is_seed": false
}