{
  "step": 9,
  "group": 2,
  "rollout": 13,
  "reward": 2.024915639714836,
  "valid": true,
  "parsed": true,
  "ran": true,
  "msg": "ok",
  "advantage": 0.5787235793122456,
  "beta": 1.4968702338268125,
  "n_response_tokens": 1619,
  "sandbox_stdout": "Validation failed: Circle 0 at (0.07788137075826292,0.07788137075826292) r=1.0 outside unit square\n",
  "parent_value": 2.344639161775073,
  "parent_is_seed": false
}