{
  "step": 10,
  "group": 4,
  "rollout": 9,
  "reward": 2.1314901470682486,
  "valid": true,
  "parsed": true,
  "ran": true,
  "msg": "ok",
  "advantage": 0.1148618489221056,
  "beta": 2.9934391797269693,
  "n_response_tokens": 1698,
  "sandbox_stdout": "Validation failed: Circle 0 at (1.0,1.0) r=1.0 outside unit square\n",
  "parent_value": 2.344639161775073,
  "parent_is_seed": false
}