{
  "step": 5,
  "group": 5,
  "rollout": 50,
  "reward": 0.0,
  "valid": true,
  "parsed": true,
  "ran": true,
  "msg": "ok",
  "advantage": -1.0,
  "beta": 90073.17400282042,
  "n_response_tokens": 2045,
  "sandbox_stdout": "Validation failed: Circle 0 at (1.0,0.0) r=1.0 outside unit square\nInitial layout also failed: Circle 0 at (0.08333333333333333,0.07142857142857142) r=0.0744047619047619 outside unit square\n",
  "parent_value": 2.1500210936053263,
  "parent_is_seed": false
}