{
  "step": 29,
  "group": 2,
  "rollout": 25,
  "reward": 2.3688834864463884,
  "valid": true,
  "parsed": true,
  "ran": true,
  "msg": "ok",
  "advantage": 0.2155748953033656,
  "beta": 55.411414448475064,
  "n_response_tokens": 1858,
  "sandbox_stdout": "Validation failed: Circle 0 at (0.09427744881263406,0.09427744881263406) r=0.9999999999990483 outside unit square\n",
  "parent_value": 2.4028827854002914,
  "parent_is_seed": false
}