{
  "step": 36,
  "group": 7,
  "rollout": 1,
  "reward": 2.448101974717309,
  "valid": true,
  "parsed": true,
  "ran": true,
  "msg": "ok",
  "advantage": -0.35726614969924164,
  "beta": 162.45529414173203,
  "n_response_tokens": 2647,
  "sandbox_stdout": "",
  "parent_value": 2.454851833591337,
  "parent_is_seed": false
}