{
  "step": 34,
  "group": 2,
  "rollout": 56,
  "reward": 2.443258457450577,
  "valid": true,
  "parsed": true,
  "ran": true,
  "msg": "ok",
  "advantage": -0.0012138163004958846,
  "beta": 152.50479158414757,
  "n_response_tokens": 3041,
  "sandbox_stdout": "",
  "parent_value": 2.443236410465048,
  "parent_is_seed": false
}