{
  "step": 17,
  "group": 4,
  "rollout": 28,
  "reward": 0.0,
  "valid": true,
  "parsed": true,
  "ran": true,
  "msg": "ok",
  "advantage": -1.0,
  "beta": 108.4203608583451,
  "n_response_tokens": 2289,
  "sandbox_stdout": "Validation failed: Circle 0 at (0.26539211507294913,0.26573208470457643) r=0.9999999999997108 outside unit square\nInitial layout also failed: Circle 4 at (0.7321683296785951,0.9630536078875084) r=0.09805806756909202 outside unit square\n",
  "parent_value": 2.3447877296013773,
  "parent_is_seed": false
}