{
  "step": 7,
  "group": 0,
  "rollout": 56,
  "reward": 0.0,
  "valid": true,
  "parsed": true,
  "ran": true,
  "msg": "ok",
  "advantage": -0.8313891844923846,
  "beta": 1.215693018698387,
  "n_response_tokens": 1874,
  "sandbox_stdout": "Validation failed: Circle 0 at (0.06841912713186434,0.07701733927765395) r=0.99999999999974 outside unit square\nInitial layout also failed: Circle 0 at (0.06841912713186434,0.07701733927765395) r=0.10594902253886224 outside unit square\n",
  "parent_value": 2.344639161775073,
  "parent_is_seed": false
}