{
  "step": 27,
  "group": 0,
  "rollout": 25,
  "reward": 2.3555797186627623,
  "valid": true,
  "parsed": true,
  "ran": true,
  "msg": "ok",
  "advantage": -0.6665484674503712,
  "beta": 66.96339010855222,
  "n_response_tokens": 1859,
  "sandbox_stdout": "Validation failed: Circle 0 at (0.09427744881263406,0.09427744881263406) r=0.9999999999996799 outside unit square\n",
  "parent_value": 2.3959331394937955,
  "parent_is_seed": false
}