{
  "step": 29,
  "group": 7,
  "rollout": 16,
  "reward": 2.289915319259169,
  "valid": true,
  "parsed": true,
  "ran": true,
  "msg": "ok",
  "advantage": -0.9897702110372382,
  "beta": 55.33364544242901,
  "n_response_tokens": 2004,
  "sandbox_stdout": "Validation failed: Circle 0 at (0.11276677770445581,0.11276677770445581) r=1.0 outside unit square\nValidation failed: Circle 0 at (0.018932610727804753,0.3375484205948107) r=0.984048673820225 outside unit square\nValidation failed: Circle 0 at (0.11276677770445581,0.11276677770445581) r=16141680.815716948 outside unit square\n",
  "parent_value": 2.397519152332408,
  "parent_is_seed": false
}