{
  "step": 7,
  "group": 5,
  "rollout": 14,
  "reward": 2.166666666666667,
  "valid": true,
  "parsed": true,
  "ran": true,
  "msg": "ok",
  "advantage": 1.8963297520285773,
  "beta": 4.370991224412189,
  "n_response_tokens": 1682,
  "sandbox_stdout": "Validation failed: Circle 0 at (0.7178246857215049,0.0310977818045175) r=1.0 outside unit square\n",
  "parent_value": 2.166666666666667,
  "parent_is_seed": false
}