{
  "step": 38,
  "group": 1,
  "rollout": 47,
  "reward": 2.52245122603858,
  "valid": true,
  "parsed": true,
  "ran": true,
  "msg": "ok",
  "advantage": 2.0676632084275584,
  "beta": 320.3893807517825,
  "n_response_tokens": 2541,
  "sandbox_stdout": "",
  "parent_value": 2.5242063708350924,
  "parent_is_seed": false
}