{
  "step": 30,
  "group": 7,
  "rollout": 49,
  "reward": 2.3801775452297362,
  "valid": true,
  "parsed": true,
  "ran": true,
  "msg": "ok",
  "advantage": 0.6132184645459158,
  "beta": 62.18499164497457,
  "n_response_tokens": 1950,
  "sandbox_stdout": "Validation failed: Circle 0 at (0.09427744881263406,0.09427744881263406) r=0.9999999999995581 outside unit square\n",
  "parent_value": 2.4006060637964026,
  "parent_is_seed": false
}