{
  "step": 32,
  "group": 6,
  "rollout": 37,
  "reward": 0.0,
  "valid": true,
  "parsed": true,
  "ran": true,
  "msg": "ok",
  "advantage": -1.0,
  "beta": 1048576.0,
  "n_response_tokens": 1932,
  "sandbox_stdout": "Validation failed: Circle 0 at (0.09191184130795267,0.1027758878029706) r=1.0 outside unit square\nInitial layout also failed: Circle 0 at (0.09191184130795267,0.1027758878029706) r=0.09427744881263406 outside unit square\n",
  "parent_value": 2.408538767244195,
  "parent_is_seed": false
}