{
  "step": 27,
  "group": 1,
  "rollout": 32,
  "reward": 2.3441121086634222,
  "valid": true,
  "parsed": true,
  "ran": true,
  "msg": "ok",
  "advantage": -0.5779379825804534,
  "beta": 39.44664001953181,
  "n_response_tokens": 2101,
  "sandbox_stdout": "Validation failed: Circle 0 at (0.09427744881263406,0.09427744881263406) r=1.0 outside unit square\n",
  "parent_value": 2.394801888020679,
  "parent_is_seed": false
}