{
  "step": 43,
  "group": 7,
  "rollout": 47,
  "reward": 2.456081366288326,
  "valid": true,
  "parsed": true,
  "ran": true,
  "msg": "ok",
  "advantage": -0.9999999999634175,
  "beta": 378.51711065645515,
  "n_response_tokens": 2592,
  "sandbox_stdout": "",
  "parent_value": 2.523781176935609,
  "parent_is_seed": false
}