{
  "step": 43,
  "group": 4,
  "rollout": 52,
  "reward": 2.52025960431776,
  "valid": true,
  "parsed": true,
  "ran": true,
  "msg": "ok",
  "advantage": -0.020280131170335225,
  "beta": 385.7938897634326,
  "n_response_tokens": 2938,
  "sandbox_stdout": "",
  "parent_value": 2.5239117899186727,
  "parent_is_seed": false
}