{
  "step": 31,
  "group": 5,
  "rollout": 29,
  "reward": 2.374140143164812,
  "valid": true,
  "parsed": true,
  "ran": true,
  "msg": "ok",
  "advantage": -0.3946131400390047,
  "beta": 69.37823052272641,
  "n_response_tokens": 2845,
  "sandbox_stdout": "Validation failed: Circle 0 at (0.09427744881263406,0.09427744881263406) r=1.0 outside unit square\nValidation failed: Circle 0 at (0.004958742361668735,0.39521631634348453) r=1.0 outside unit square\nValidation failed: Circle 0 at (0.09427744881263406,0.09427744881263406) r=5191166.123776449 outside unit square\nValidation failed: Circle 0 at (0.00032501633717351656,0.9955171551632583) r=0.9999999991657363 outside unit square\nValidation failed: Circle 0 at (0.09427744881263406,0.09427744881263406) r=1.0 outside unit square\n",
  "parent_value": 2.4025735793620857,
  "parent_is_seed": false
}