{
  "step": 7,
  "group": 0,
  "rollout": 50,
  "reward": 0.0,
  "valid": true,
  "parsed": true,
  "ran": true,
  "msg": "ok",
  "advantage": -0.8313891844923846,
  "beta": 1.215693018698387,
  "n_response_tokens": 1778,
  "sandbox_stdout": "Validation failed: Circle 0 at (0.1935251703697542,0.19861423828357933) r=0.22618838328581797 outside unit square\nInitial layout also failed: Circle 2 at (1.0296097094754662,0.20592194189509325) r=0.20592194189509325 outside unit square\n",
  "parent_value": 2.344639161775073,
  "parent_is_seed": false
}