{
  "step": 4,
  "group": 5,
  "rollout": 63,
  "reward": 1.9540024109028178,
  "valid": true,
  "parsed": true,
  "ran": true,
  "msg": "ok",
  "advantage": 2.4607436074247673,
  "beta": 1.6370943001318043,
  "n_response_tokens": 1788,
  "sandbox_stdout": "",
  "parent_value": 1.954945333515407,
  "parent_is_seed": false
}