{
  "step": 8,
  "group": 3,
  "rollout": 41,
  "reward": 2.166666666666667,
  "valid": true,
  "parsed": true,
  "ran": true,
  "msg": "ok",
  "advantage": 1.3116466103422093,
  "beta": 1.885936117276728,
  "n_response_tokens": 1282,
  "sandbox_stdout": "Validation failed: Circle 0 at (0.2815379266191932,0.4582305538868492) r=1.0 outside unit square\n",
  "parent_value": 2.166666666666667,
  "parent_is_seed": false
}