{
  "step": 38,
  "group": 7,
  "rollout": 32,
  "reward": 2.4940832459194633,
  "valid": true,
  "parsed": true,
  "ran": true,
  "msg": "ok",
  "advantage": 1.3973574669008282,
  "beta": 102.76617659573841,
  "n_response_tokens": 3158,
  "sandbox_stdout": "",
  "parent_value": 2.4786766578037396,
  "parent_is_seed": false
}