{
  "step": 43,
  "group": 3,
  "rollout": 7,
  "reward": 2.522319837649629,
  "valid": true,
  "parsed": true,
  "ran": true,
  "msg": "ok",
  "advantage": 1.015041525897919,
  "beta": 492.8593594987835,
  "n_response_tokens": 2510,
  "sandbox_stdout": "",
  "parent_value": 2.523997320060081,
  "parent_is_seed": false
}