{
  "step": 43,
  "group": 6,
  "rollout": 39,
  "reward": 2.5163900371863575,
  "valid": true,
  "parsed": true,
  "ran": true,
  "msg": "ok",
  "advantage": -0.5514321075083,
  "beta": 318.09534529313964,
  "n_response_tokens": 2610,
  "sandbox_stdout": "",
  "parent_value": 2.5238749787933243,
  "parent_is_seed": false
}