{
  "step": 44,
  "group": 0,
  "rollout": 43,
  "reward": 0.0,
  "valid": true,
  "parsed": true,
  "ran": true,
  "msg": "ok",
  "advantage": -1.0,
  "beta": 220.21697401827097,
  "n_response_tokens": 2918,
  "sandbox_stdout": "Final optimization failed: Circle 0 at (0.1930172537083287,0.13655430610322258) r=0.7594956550110097 outside unit square\nInitial layout also failed: Circle 0 at (0.10988295531119543,0.05587987666720834) r=0.1 outside unit square\n",
  "parent_value": 2.5246120224575677,
  "parent_is_seed": false
}