{
  "step": 8,
  "group": 4,
  "rollout": 15,
  "reward": 1.7333333333333334,
  "valid": true,
  "parsed": true,
  "ran": true,
  "msg": "ok",
  "advantage": -0.7878353788776387,
  "beta": 5.614155218643491,
  "n_response_tokens": 2031,
  "sandbox_stdout": "Optimization failed, trying a different initial layout...\nValidation failed: Circle 0 at (0.08333333333333333,0.08333333333333333) r=1.0 outside unit square\n",
  "parent_value": 2.166666666666667,
  "parent_is_seed": false
}