{
  "step": 30,
  "group": 7,
  "rollout": 13,
  "reward": 2.404303731129218,
  "valid": true,
  "parsed": true,
  "ran": true,
  "msg": "ok",
  "advantage": 6.940179374743476,
  "beta": 62.18499164497457,
  "n_response_tokens": 2008,
  "sandbox_stdout": "Validation failed: Circle 0 at (0.09427744881263406,0.09427744881263406) r=0.9999999999999691 outside unit square\n",
  "parent_value": 2.4006060637964026,
  "parent_is_seed": false
}