{
  "step": 32,
  "group": 2,
  "rollout": 35,
  "reward": 2.355632788552333,
  "valid": true,
  "parsed": true,
  "ran": true,
  "msg": "ok",
  "advantage": -0.7832329230905837,
  "beta": 48.780520602112695,
  "n_response_tokens": 2083,
  "sandbox_stdout": "Validation failed: Circle 0 at (0.09427744881263406,0.09427744881263406) r=1.0 outside unit square\n",
  "parent_value": 2.40942403179486,
  "parent_is_seed": false
}