{
  "step": 35,
  "group": 5,
  "rollout": 24,
  "reward": 2.4189518205391605,
  "valid": true,
  "parsed": true,
  "ran": true,
  "msg": "ok",
  "advantage": -0.8739829561138261,
  "beta": 170.15509041151668,
  "n_response_tokens": 2559,
  "sandbox_stdout": "",
  "parent_value": 2.4443887866092116,
  "parent_is_seed": false
}