{
  "step": 25,
  "group": 0,
  "rollout": 27,
  "reward": 2.366077801101313,
  "valid": true,
  "parsed": true,
  "ran": true,
  "msg": "ok",
  "advantage": 0.24819669580420212,
  "beta": 32.996340543552215,
  "n_response_tokens": 1777,
  "sandbox_stdout": "Validation failed: Circle 0 at (0.09427744881263406,0.09427744881263406) r=1.0 outside unit square\n",
  "parent_value": 2.3760704662020573,
  "parent_is_seed": false
}