{
  "step": 29,
  "group": 6,
  "rollout": 41,
  "reward": 2.380217732729629,
  "valid": true,
  "parsed": true,
  "ran": true,
  "msg": "ok",
  "advantage": 1.1668265464166603,
  "beta": 58.02772676926796,
  "n_response_tokens": 2332,
  "sandbox_stdout": "Validation failed: Circle 0 at (0.09427744881263406,0.09427744881263406) r=0.9999999999992844 outside unit square\n",
  "parent_value": 2.3985221777051224,
  "parent_is_seed": false
}