{
  "step": 40,
  "group": 3,
  "rollout": 19,
  "reward": 2.518688950583793,
  "valid": true,
  "parsed": true,
  "ran": true,
  "msg": "ok",
  "advantage": -0.00983130402226029,
  "beta": 273.5942843002625,
  "n_response_tokens": 2509,
  "sandbox_stdout": "",
  "parent_value": 2.523369515512039,
  "parent_is_seed": false
}