{
  "step": 44,
  "group": 1,
  "rollout": 30,
  "reward": 2.517407818204245,
  "valid": true,
  "parsed": true,
  "ran": true,
  "msg": "ok",
  "advantage": -0.32734260739726606,
  "beta": 300.27460318313985,
  "n_response_tokens": 2570,
  "sandbox_stdout": "",
  "parent_value": 2.524098168468562,
  "parent_is_seed": false
}