{
  "step": 22,
  "group": 5,
  "rollout": 56,
  "reward": 0.0,
  "valid": true,
  "parsed": true,
  "ran": true,
  "msg": "ok",
  "advantage": -1.0,
  "beta": 1048576.0,
  "n_response_tokens": 1980,
  "sandbox_stdout": "Validation failed: Circle 0 at (0.19400339685061332,0.11858477019873143) r=0.9999999999992697 outside unit square\nInitial layout also failed: Circle 1 at (0.2750615170705787,0.08064575490096261) r=0.09427744881263406 outside unit square\n",
  "parent_value": 2.3720882408679866,
  "parent_is_seed": false
}