{
  "step": 25,
  "group": 7,
  "rollout": 29,
  "reward": 2.3720882408679866,
  "valid": true,
  "parsed": true,
  "ran": true,
  "msg": "ok",
  "advantage": 0.14545454545323344,
  "beta": 1048576.0,
  "n_response_tokens": 2510,
  "sandbox_stdout": "Validation failed: Circle 0 at (0.5022544209885536,0.5583308424901322) r=1.0 outside unit square\nInitial layout also failed: Circle 5 at (0.022905195515184218,0.9277344807283725) r=0.1 outside unit square\nValidation failed: Circle 0 at (0.555428937308225,0.020892009373544074) r=1.0 outside unit square\nInitial layout also failed: Circle 0 at (0.555428937308225,0.020892009373544074) r=0.1 outside unit square\nValidation failed: Circle 0 at (0.7999190531870816,0.2623448532023761) r=1.0 outside unit square\nInitial layout also failed: Circle 2 at (0.06782991631534285,0.5298398085738776) r=0.1 outside unit square\nValidation failed: Circle 0 at (0.09427744881263406,0.09427744881263406) r=0.9999999999992697 outside unit square\nValidation failed: Circle 0 at (0.09427744881263406,0.09427744881263406) r=0.9999999999992697 outside unit square\n",
  "parent_value": 2.3720882408679866,
  "parent_is_seed": false
}