{
  "step": 11,
  "group": 2,
  "rollout": 5,
  "reward": 0.0,
  "valid": true,
  "parsed": true,
  "ran": true,
  "msg": "ok",
  "advantage": -0.9796213789830315,
  "beta": 1.9888255130733206,
  "n_response_tokens": 1621,
  "sandbox_stdout": "Validation failed: Circle 0 at (0.09230769230769231,0.09230769230769231) r=0.9999999999978902 outside unit square\nInitial layout also failed: Circle 9 at (0.9230769230769231,0.2521893053140502) r=0.09230769230769231 outside unit square\n",
  "parent_value": 2.344639161775073,
  "parent_is_seed": false
}