{
  "step": 33,
  "group": 1,
  "rollout": 38,
  "reward": 2.439110359796044,
  "valid": true,
  "parsed": true,
  "ran": true,
  "msg": "ok",
  "advantage": 3.8651848420964265,
  "beta": 105.68895740355242,
  "n_response_tokens": 2397,
  "sandbox_stdout": "",
  "parent_value": 2.4467914613662076,
  "parent_is_seed": false
}