{
  "step": 5,
  "group": 7,
  "rollout": 60,
  "reward": 0.0,
  "valid": true,
  "parsed": true,
  "ran": true,
  "msg": "ok",
  "advantage": -0.9626806790168874,
  "beta": 1.923618324618169,
  "n_response_tokens": 1338,
  "sandbox_stdout": "Validation failed: Circle 0 at (0.16666666666666666,0.14285714285714285) r=1.0 outside unit square\nInitial layout also failed: Circle 9 at (0.9166666666666666,0.2857142857142857) r=0.1 outside unit square\n",
  "parent_value": 2.1314901470682486,
  "parent_is_seed": false
}