{
  "step": 11,
  "group": 7,
  "rollout": 25,
  "reward": 2.344639161775073,
  "valid": true,
  "parsed": true,
  "ran": true,
  "msg": "ok",
  "advantage": 0.7027027026998034,
  "beta": 1048576.0,
  "n_response_tokens": 1804,
  "sandbox_stdout": "Validation failed: Circle 0 at (0.9999999999997097,0.9999999999997097) r=0.9999999999997097 outside unit square\n",
  "parent_value": 2.344639161775073,
  "parent_is_seed": false
}