{
  "step": 42,
  "group": 4,
  "rollout": 22,
  "reward": 2.515414981293803,
  "valid": true,
  "parsed": true,
  "ran": true,
  "msg": "ok",
  "advantage": -0.6586173786987218,
  "beta": 303.5970272270128,
  "n_response_tokens": 2510,
  "sandbox_stdout": "",
  "parent_value": 2.523877628663616,
  "parent_is_seed": false
}