{
  "step": 31,
  "group": 1,
  "rollout": 61,
  "reward": 2.363934311675462,
  "valid": true,
  "parsed": true,
  "ran": true,
  "msg": "ok",
  "advantage": -0.9130054650247312,
  "beta": 79.37787019275669,
  "n_response_tokens": 2132,
  "sandbox_stdout": "",
  "parent_value": 2.408021928232649,
  "parent_is_seed": false
}