{
  "step": 44,
  "group": 2,
  "rollout": 41,
  "reward": 2.5230249990180753,
  "valid": true,
  "parsed": true,
  "ran": true,
  "msg": "ok",
  "advantage": -0.15150920047393612,
  "beta": 980.6299855428642,
  "n_response_tokens": 2557,
  "sandbox_stdout": "",
  "parent_value": 2.524041847989503,
  "parent_is_seed": false
}