{
  "step": 1,
  "group": 4,
  "rollout": 4,
  "reward": 0.0,
  "valid": true,
  "parsed": true,
  "ran": true,
  "msg": "ok",
  "advantage": -0.3606970189221158,
  "beta": 1.880182635295622,
  "n_response_tokens": 1599,
  "sandbox_stdout": "Validation failed: Circle 0 at (0.08333333333333333,0.08333333333333333) r=1.0 outside unit square\nInitial layout also failed: Circle 20 at (0.08333333333333333,1.0) r=0.01 outside unit square\n",
  "parent_value": 0.0,
  "parent_is_seed": false
}