{
  "step": 33,
  "group": 7,
  "rollout": 50,
  "reward": 2.4085387672441962,
  "valid": true,
  "parsed": true,
  "ran": true,
  "msg": "ok",
  "advantage": 0.10526315941046183,
  "beta": 1048576.0,
  "n_response_tokens": 2343,
  "sandbox_stdout": "Validation failed: Circle 0 at (0.7623434924373679,0.5611443261296907) r=2.0 outside unit square\nValidation failed: Circle 0 at (0.09427744881262479,0.09427744881262479) r=2.0 outside unit square\nValidation failed: Circle 0 at (0.09999999999992949,-7.051785983458672e-14) r=2.0 outside unit square\n",
  "parent_value": 2.408538767244195,
  "parent_is_seed": false
}