{
  "step": 29,
  "group": 7,
  "rollout": 41,
  "reward": 2.3937739079671845,
  "valid": true,
  "parsed": true,
  "ran": true,
  "msg": "ok",
  "advantage": 2.3751815632648667,
  "beta": 55.33364544242901,
  "n_response_tokens": 2183,
  "sandbox_stdout": "Validation failed: Circle 0 at (0.09427744881263406,0.09427744881263406) r=0.9999999999998368 outside unit square\nValidation failed: Circle 0 at (0.9994561310136016,0.9977412063983886) r=0.9996258942754364 outside unit square\nValidation failed: Circle 0 at (0.09427744881263406,0.09427744881263406) r=4430914.054635772 outside unit square\n",
  "parent_value": 2.397519152332408,
  "parent_is_seed": false
}