{
  "step": 41,
  "group": 3,
  "rollout": 57,
  "reward": 2.5169707167758326,
  "valid": true,
  "parsed": true,
  "ran": true,
  "msg": "ok",
  "advantage": 0.247035561023093,
  "beta": 174.89046987429913,
  "n_response_tokens": 2523,
  "sandbox_stdout": "",
  "parent_value": 2.5240199272288697,
  "parent_is_seed": false
}