{
  "step": 23,
  "group": 5,
  "rollout": 42,
  "reward": 2.3720882408679866,
  "valid": true,
  "parsed": true,
  "ran": true,
  "msg": "ok",
  "advantage": 0.18867924528160596,
  "beta": 1048576.0,
  "n_response_tokens": 2961,
  "sandbox_stdout": "Validation failed: Circle 0 at (0.09427744881263406,0.09427744881263406) r=0.9999999999992697 outside unit square\nValidation failed: Circle 0 at (0.09427744881263406,0.09427744881263406) r=0.9999999999992697 outside unit square\nValidation failed: Circle 0 at (0.09427744881263406,0.09427744881263406) r=0.9999999999992697 outside unit square\nValidation failed: Circle 0 at (0.6228373510672396,0.849941273831791) r=1.0 outside unit square\nInitial layout also failed: Circle 3 at (0.9914072481855731,0.17823198461063217) r=0.01236019998366602 outside unit square\n",
  "parent_value": 2.3720882408679866,
  "parent_is_seed": false
}