{
  "step": 34,
  "group": 6,
  "rollout": 58,
  "reward": 2.4372768576142745,
  "valid": true,
  "parsed": true,
  "ran": true,
  "msg": "ok",
  "advantage": 2.599320927866423,
  "beta": 72.0476360890125,
  "n_response_tokens": 2514,
  "sandbox_stdout": "",
  "parent_value": 2.4399669222617355,
  "parent_is_seed": false
}