{
  "step": 35,
  "group": 5,
  "rollout": 53,
  "reward": 2.4328470411980176,
  "valid": true,
  "parsed": true,
  "ran": true,
  "msg": "ok",
  "advantage": 0.36679601616801416,
  "beta": 170.15509041151668,
  "n_response_tokens": 2672,
  "sandbox_stdout": "",
  "parent_value": 2.4443887866092116,
  "parent_is_seed": false
}