{
  "step": 2,
  "group": 1,
  "rollout": 20,
  "reward": 0.9500000000000002,
  "valid": true,
  "parsed": true,
  "ran": true,
  "msg": "ok",
  "advantage": 0.47015184621676753,
  "beta": 1.5967442898984088,
  "n_response_tokens": 1777,
  "sandbox_stdout": "",
  "parent_value": 1.8000000000000003,
  "parent_is_seed": false
}