{
  "step": 35,
  "group": 7,
  "rollout": 43,
  "reward": 2.4283579989669875,
  "valid": true,
  "parsed": true,
  "ran": true,
  "msg": "ok",
  "advantage": -0.16893026119818522,
  "beta": 130.31025307108035,
  "n_response_tokens": 2740,
  "sandbox_stdout": "",
  "parent_value": 2.444018378963807,
  "parent_is_seed": false
}