{
  "step": 42,
  "group": 7,
  "rollout": 44,
  "reward": 2.520104532942152,
  "valid": true,
  "parsed": true,
  "ran": true,
  "msg": "ok",
  "advantage": 0.30526828530354666,
  "beta": 274.4051629412084,
  "n_response_tokens": 2618,
  "sandbox_stdout": "",
  "parent_value": 2.5237126324803065,
  "parent_is_seed": false
}