{
  "step": 5,
  "group": 2,
  "rollout": 7,
  "reward": 0.0,
  "valid": true,
  "parsed": true,
  "ran": true,
  "msg": "ok",
  "advantage": -0.9711333691822421,
  "beta": 2.0795806478983967,
  "n_response_tokens": 2102,
  "sandbox_stdout": "Validation failed: Circle 0 at (0.0819803902718557,0.0819803902718557) r=0.9999999999991638 outside unit square\nInitial layout also failed: Circle 24 at (0.0819803902718557,0.933945597322932) r=0.0819803902718557 outside unit square\n",
  "parent_value": 2.166666666666667,
  "parent_is_seed": false
}