{
  "step": 36,
  "group": 6,
  "rollout": 35,
  "reward": 2.443780397882938,
  "valid": true,
  "parsed": true,
  "ran": true,
  "msg": "ok",
  "advantage": -0.10809069185553433,
  "beta": 187.02522203465082,
  "n_response_tokens": 2619,
  "sandbox_stdout": "",
  "parent_value": 2.4552048906625803,
  "parent_is_seed": false
}