{
  "step": 30,
  "group": 3,
  "rollout": 17,
  "reward": 2.3600857512682163,
  "valid": true,
  "parsed": true,
  "ran": true,
  "msg": "ok",
  "advantage": -0.4250291429668972,
  "beta": 52.97382015238213,
  "n_response_tokens": 1906,
  "sandbox_stdout": "Validation failed: Circle 0 at (0.08979086877564718,0.09110773047577897) r=0.10311042023671546 outside unit square\n",
  "parent_value": 2.4026321017064376,
  "parent_is_seed": false
}