{
  "step": 34,
  "group": 4,
  "rollout": 11,
  "reward": 2.4208912810261767,
  "valid": true,
  "parsed": true,
  "ran": true,
  "msg": "ok",
  "advantage": -0.49602060807141835,
  "beta": 124.95454972397415,
  "n_response_tokens": 2477,
  "sandbox_stdout": "",
  "parent_value": 2.44080212288812,
  "parent_is_seed": false
}