{
  "step": 32,
  "group": 7,
  "rollout": 55,
  "reward": 2.406810682279646,
  "valid": true,
  "parsed": true,
  "ran": true,
  "msg": "ok",
  "advantage": 1.3419945772728288,
  "beta": 165.9784183008046,
  "n_response_tokens": 2742,
  "sandbox_stdout": "",
  "parent_value": 2.4082030739836022,
  "parent_is_seed": false
}