{
  "step": 34,
  "group": 2,
  "rollout": 54,
  "reward": 2.4367182433519585,
  "valid": true,
  "parsed": true,
  "ran": true,
  "msg": "ok",
  "advantage": -0.6352653543771682,
  "beta": 152.50479158414757,
  "n_response_tokens": 2565,
  "sandbox_stdout": "",
  "parent_value": 2.443236410465048,
  "parent_is_seed": false
}