{
  "step": 30,
  "group": 3,
  "rollout": 5,
  "reward": 0.0,
  "valid": true,
  "parsed": true,
  "ran": true,
  "msg": "ok",
  "advantage": -1.0,
  "beta": 52.97382015238213,
  "n_response_tokens": 1874,
  "sandbox_stdout": "Validation failed: Circle 0 at (0.02644671736354105,3.96491325334694e-16) r=1.0 outside unit square\nInitial layout also failed: Circle 0 has negative radius -0.0433212895195516\n",
  "parent_value": 2.4026321017064376,
  "parent_is_seed": false
}