{
  "step": 27,
  "group": 2,
  "rollout": 34,
  "reward": 2.361421737598262,
  "valid": true,
  "parsed": true,
  "ran": true,
  "msg": "ok",
  "advantage": -0.0942449878817132,
  "beta": 51.946147534671084,
  "n_response_tokens": 1812,
  "sandbox_stdout": "Validation failed: Circle 0 at (0.09427744881263406,0.09427744881263406) r=0.9999999999996942 outside unit square\n",
  "parent_value": 2.3936475354359117,
  "parent_is_seed": false
}