{
  "step": 34,
  "group": 6,
  "rollout": 3,
  "reward": 2.406344478037924,
  "valid": true,
  "parsed": true,
  "ran": true,
  "msg": "ok",
  "advantage": -0.6312302681578945,
  "beta": 72.0476360890125,
  "n_response_tokens": 2516,
  "sandbox_stdout": "",
  "parent_value": 2.4399669222617355,
  "parent_is_seed": false
}