{
  "step": 31,
  "group": 3,
  "rollout": 25,
  "reward": 2.3679345534806036,
  "valid": true,
  "parsed": true,
  "ran": true,
  "msg": "ok",
  "advantage": -0.9977702492801782,
  "beta": 181.02105402282885,
  "n_response_tokens": 2448,
  "sandbox_stdout": "",
  "parent_value": 2.406077529622345,
  "parent_is_seed": false
}