{
  "step": 43,
  "group": 3,
  "rollout": 48,
  "reward": 2.523557803439643,
  "valid": true,
  "parsed": true,
  "ran": true,
  "msg": "ok",
  "advantage": 2.8115670495831058,
  "beta": 492.8593594987835,
  "n_response_tokens": 2537,
  "sandbox_stdout": "",
  "parent_value": 2.523997320060081,
  "parent_is_seed": false
}