{
  "step": 33,
  "group": 5,
  "rollout": 52,
  "reward": 2.403196140407769,
  "valid": true,
  "parsed": true,
  "ran": true,
  "msg": "ok",
  "advantage": -0.19651914568609208,
  "beta": 93.09888914207674,
  "n_response_tokens": 2651,
  "sandbox_stdout": "",
  "parent_value": 2.4094656132629684,
  "parent_is_seed": false
}