{
  "step": 40,
  "group": 0,
  "rollout": 23,
  "reward": 2.517773661828776,
  "valid": true,
  "parsed": true,
  "ran": true,
  "msg": "ok",
  "advantage": 0.36609358646585943,
  "beta": 172.25804202414324,
  "n_response_tokens": 2761,
  "sandbox_stdout": "",
  "parent_value": 2.524065841663624,
  "parent_is_seed": false
}