{
  "step": 35,
  "group": 7,
  "rollout": 21,
  "reward": 2.420178932459296,
  "valid": true,
  "parsed": true,
  "ran": true,
  "msg": "ok",
  "advantage": -0.7161951434869838,
  "beta": 130.31025307108035,
  "n_response_tokens": 2649,
  "sandbox_stdout": "",
  "parent_value": 2.444018378963807,
  "parent_is_seed": false
}