{
  "step": 34,
  "group": 4,
  "rollout": 29,
  "reward": 2.4201637180667515,
  "valid": true,
  "parsed": true,
  "ran": true,
  "msg": "ok",
  "advantage": -0.5401372256042796,
  "beta": 124.95454972397415,
  "n_response_tokens": 2404,
  "sandbox_stdout": "",
  "parent_value": 2.44080212288812,
  "parent_is_seed": false
}