{
  "step": 41,
  "group": 7,
  "rollout": 61,
  "reward": 2.5156715796015487,
  "valid": true,
  "parsed": true,
  "ran": true,
  "msg": "ok",
  "advantage": -0.8610650738351799,
  "beta": 430.761047591019,
  "n_response_tokens": 2593,
  "sandbox_stdout": "",
  "parent_value": 2.523752582534882,
  "parent_is_seed": false
}