{
  "step": 38,
  "group": 0,
  "rollout": 0,
  "reward": 2.519016733805895,
  "valid": true,
  "parsed": true,
  "ran": true,
  "msg": "ok",
  "advantage": -0.3497381684719584,
  "beta": 380.97043532781487,
  "n_response_tokens": 2646,
  "sandbox_stdout": "",
  "parent_value": 2.5246863732887537,
  "parent_is_seed": false
}