{
  "step": 42,
  "group": 0,
  "rollout": 19,
  "reward": 2.5227134150643002,
  "valid": true,
  "parsed": true,
  "ran": true,
  "msg": "ok",
  "advantage": 2.4332702648306155,
  "beta": 242.27491650058167,
  "n_response_tokens": 2648,
  "sandbox_stdout": "",
  "parent_value": 2.524262390113781,
  "parent_is_seed": false
}