{
  "step": 36,
  "group": 1,
  "rollout": 1,
  "reward": 2.4674410077938003,
  "valid": true,
  "parsed": true,
  "ran": true,
  "msg": "ok",
  "advantage": 1.8017652862784015,
  "beta": 3010.227299270278,
  "n_response_tokens": 2380,
  "sandbox_stdout": "",
  "parent_value": 2.4675276245824294,
  "parent_is_seed": false
}