{
  "step": 29,
  "group": 3,
  "rollout": 48,
  "reward": 2.3720882408679866,
  "valid": true,
  "parsed": true,
  "ran": true,
  "msg": "ok",
  "advantage": -0.3898414476544333,
  "beta": 49.76737662183935,
  "n_response_tokens": 2495,
  "sandbox_stdout": "",
  "parent_value": 2.4020765974234912,
  "parent_is_seed": false
}