{
  "step": 25,
  "group": 6,
  "rollout": 31,
  "reward": 2.3720882408679866,
  "valid": true,
  "parsed": true,
  "ran": true,
  "msg": "ok",
  "advantage": 0.1666666666653056,
  "beta": 1048576.0,
  "n_response_tokens": 2469,
  "sandbox_stdout": "Validation failed for hexagonal: Circle 0 at (0.09427744881263406,0.09427744881263406) r=0.9999999999992697 outside unit square\nValidation failed for nested: Circle 0 at (0.25,0.25) r=0.9999999999966742 outside unit square\nInitial layout also failed for nested: Circles 2 and 12 overlap\nValidation failed for random: Circle 0 at (0.32243497343303196,0.7148289098563655) r=0.9999999999966742 outside unit square\nInitial layout also failed for random: Circle 2 at (0.92876604647457,0.0028323882375204112) r=0.05 outside unit square\n",
  "parent_value": 2.3720882408679866,
  "parent_is_seed": false
}