{
  "step": 32,
  "group": 3,
  "rollout": 8,
  "reward": 2.405674867340297,
  "valid": true,
  "parsed": true,
  "ran": true,
  "msg": "ok",
  "advantage": 0.4339949862238113,
  "beta": 283.9057672309931,
  "n_response_tokens": 2660,
  "sandbox_stdout": "",
  "parent_value": 2.409399914695089,
  "parent_is_seed": false
}