{
  "step": 44,
  "group": 1,
  "rollout": 19,
  "reward": 2.514270786880643,
  "valid": true,
  "parsed": true,
  "ran": true,
  "msg": "ok",
  "advantage": -0.7394559676800002,
  "beta": 300.27460318313985,
  "n_response_tokens": 2687,
  "sandbox_stdout": "",
  "parent_value": 2.524098168468562,
  "parent_is_seed": false
}