{
  "step": 25,
  "group": 5,
  "rollout": 25,
  "reward": 2.3720882408679866,
  "valid": true,
  "parsed": true,
  "ran": true,
  "msg": "ok",
  "advantage": 0.21153846153699374,
  "beta": 1048576.0,
  "n_response_tokens": 2527,
  "sandbox_stdout": "Validation failed: Circle 0 at (0.09427744881263406,0.09427744881260094) r=0.9999999999994815 outside unit square\nValidation failed: Circle 0 at (0.09427744881263406,0.09427744881260094) r=0.9999999999994815 outside unit square\nValidation failed: Circle 0 at (0.09427744881263406,0.09427744881260094) r=0.9999999999994815 outside unit square\nValidation failed: Circle 0 at (0.09427744881263406,0.09427744881260094) r=0.9999999999994815 outside unit square\nValidation failed: Circle 0 at (0.09427744881263406,0.09427744881260094) r=0.9999999999994815 outside unit square\nValidation failed: Circle 0 at (0.09427744881263406,0.09427744881260094) r=0.9999999999994815 outside unit square\nValidation failed: Circle 0 at (0.09427744881263406,0.09427744881260094) r=0.9999999999994815 outside unit square\nValidation failed: Circle 0 at (0.09427744881263406,0.09427744881260094) r=0.9999999999994815 outside unit square\nValidation failed: Circle 0 at (0.09427744881263406,0.09427744881260094) r=0.9999999999994815 outside unit square\nValidation failed: Circle 0 at (0.09427744881263406,0.09427744881260094) r=0.9999999999994815 outside unit square\nValidation failed: Circle 0 at (0.09427744881263406,0.09427744881260094) r=0.9999999999994815 outside unit square\nValidation failed: Circle 0 at (0.09427744881263406,0.09427744881260094) r=0.9999999999994815 outside unit square\nValidation failed: Circle 0 at (0.09427744881263406,0.09427744881260094) r=0.9999999999994815 outside unit square\nValidation failed: Circle 0 at (0.09427744881263406,0.09427744881260094) r=0.9999999999994815 outside unit square\nValidation failed: Circle 0 at (0.09427744881263406,0.09427744881260094) r=0.9999999999994815 outside unit square\nValidation failed: Circle 0 at (0.09427744881263406,0.09427744881260094) r=0.9999999999994815 outside unit square\nValidation failed: Circle 0 at (0.09427744881263406,0.09427744881260094) r=0.9999999999994815 outside unit square\nValidation failed: Circle 0 at (0.09427744881263406,0.09427744",
  "parent_value": 2.3720882408679866,
  "parent_is_seed": false
}