{
  "step": 29,
  "group": 3,
  "rollout": 0,
  "reward": 2.360033558513373,
  "valid": true,
  "parsed": true,
  "ran": true,
  "msg": "ok",
  "advantage": -0.6665713049939848,
  "beta": 49.76737662183935,
  "n_response_tokens": 1888,
  "sandbox_stdout": "Validation failed: Circle 0 at (0.09427744881263406,0.13476468775322148) r=1.0 outside unit square\n",
  "parent_value": 2.4020765974234912,
  "parent_is_seed": false
}