{
  "step": 6,
  "group": 3,
  "rollout": 16,
  "reward": 1.7333333333333334,
  "valid": true,
  "parsed": true,
  "ran": true,
  "msg": "ok",
  "advantage": -0.02260415903709112,
  "beta": 2.4800643708241292,
  "n_response_tokens": 2115,
  "sandbox_stdout": "Validation failed: Circle 0 at (0.16666666666666666,0.8050211698203654) r=1.0 outside unit square\n",
  "parent_value": 2.166666666666667,
  "parent_is_seed": false
}