{
  "step": 29,
  "group": 5,
  "rollout": 10,
  "reward": 2.345974730372247,
  "valid": true,
  "parsed": true,
  "ran": true,
  "msg": "ok",
  "advantage": -0.6395826579085802,
  "beta": 46.07288637742067,
  "n_response_tokens": 2024,
  "sandbox_stdout": "Validation failed: Circle 0 at (0.09427744881263406,0.09427744881263406) r=0.9999999999991952 outside unit square\n",
  "parent_value": 2.400539900619024,
  "parent_is_seed": false
}