{
  "step": 5,
  "group": 4,
  "rollout": 25,
  "reward": 0.0,
  "valid": true,
  "parsed": true,
  "ran": true,
  "msg": "ok",
  "advantage": -0.9783214725408204,
  "beta": 2.2129054399787114,
  "n_response_tokens": 1661,
  "sandbox_stdout": "Validation failed: Circle 0 at (0.16666666666666666,0.16666666666666666) r=0.9999999999978054 outside unit square\nInitial layout also failed: Circle 22 at (0.0,0.0) r=0.11785113019775792 outside unit square\n",
  "parent_value": 2.1500210936053263,
  "parent_is_seed": false
}