{
  "step": 35,
  "group": 4,
  "rollout": 0,
  "reward": 2.437001736554048,
  "valid": true,
  "parsed": true,
  "ran": true,
  "msg": "ok",
  "advantage": 1.3466926613632553,
  "beta": 135.2202032808084,
  "n_response_tokens": 2651,
  "sandbox_stdout": "",
  "parent_value": 2.446787398863279,
  "parent_is_seed": false
}