{
  "step": 4,
  "group": 5,
  "rollout": 12,
  "reward": 0.0,
  "valid": true,
  "parsed": true,
  "ran": true,
  "msg": "ok",
  "advantage": -0.8658440376294481,
  "beta": 1.6370943001318043,
  "n_response_tokens": 2318,
  "sandbox_stdout": "Validation failed: Circle 0 has negative radius -2.4074074073314807e-13\n",
  "parent_value": 1.954945333515407,
  "parent_is_seed": false
}