{
  "step": 12,
  "group": 5,
  "rollout": 11,
  "reward": 0.0,
  "valid": true,
  "parsed": true,
  "ran": true,
  "msg": "ok",
  "advantage": -0.8518014466838856,
  "beta": 1.2432217957318752,
  "n_response_tokens": 2123,
  "sandbox_stdout": "Validation failed: Circle 0 has negative radius -5.0000000000024984e-301\nInitial layout also failed: Circle 0 at (0.09805806756909202,0.09805806756909202) r=0.19611613513818404 outside unit square\n",
  "parent_value": 2.344639161775073,
  "parent_is_seed": false
}