{
  "step": 28,
  "group": 7,
  "rollout": 3,
  "reward": 2.3755703178370755,
  "valid": true,
  "parsed": true,
  "ran": true,
  "msg": "ok",
  "advantage": 1.1354371662675788,
  "beta": 26.60398979297288,
  "n_response_tokens": 1904,
  "sandbox_stdout": "Validation failed: Circle 0 at (0.09427744881263406,0.09427744881263406) r=1.0 outside unit square\n",
  "parent_value": 2.3879357056930464,
  "parent_is_seed": false
}