{
  "step": 36,
  "group": 6,
  "rollout": 12,
  "reward": 2.4434924527192226,
  "valid": true,
  "parsed": true,
  "ran": true,
  "msg": "ok",
  "advantage": -0.1554791079576615,
  "beta": 187.02522203465082,
  "n_response_tokens": 2583,
  "sandbox_stdout": "",
  "parent_value": 2.4552048906625803,
  "parent_is_seed": false
}