{
  "step": 32,
  "group": 2,
  "rollout": 41,
  "reward": 2.352599037344534,
  "valid": true,
  "parsed": true,
  "ran": true,
  "msg": "ok",
  "advantage": -0.8131395197637632,
  "beta": 48.780520602112695,
  "n_response_tokens": 2147,
  "sandbox_stdout": "",
  "parent_value": 2.40942403179486,
  "parent_is_seed": false
}