{
  "step": 27,
  "group": 5,
  "rollout": 49,
  "reward": 0.0,
  "valid": true,
  "parsed": true,
  "ran": true,
  "msg": "ok",
  "advantage": -1.0,
  "beta": 1048576.0,
  "n_response_tokens": 2562,
  "sandbox_stdout": "Validation failed: Circle 0 at (0.09427744881263406,0.09427744881263406) r=0.9999999999999409 outside unit square\nInitial layout also failed: Circle 19 has negative radius -0.09427744881163405\nValidation failed: Circle 0 at (0.09427744881263406,0.09427744881263406) r=0.9999999999999409 outside unit square\nInitial layout also failed: Circle 19 has negative radius -0.09427744881163405\nValidation failed: Circle 0 at (0.09427744881263406,0.09427744881263406) r=0.9999999999999409 outside unit square\nInitial layout also failed: Circle 19 has negative radius -0.09427744881163405\nValidation failed: Circle 0 at (0.09427744881263406,0.09427744881263406) r=0.9999999999999409 outside unit square\nInitial layout also failed: Circle 19 has negative radius -0.09427744881163405\nValidation failed: Circle 0 at (0.09427744881263406,0.09427744881263406) r=0.9999999999999409 outside unit square\nInitial layout also failed: Circle 19 has negative radius -0.09427744881163405\n",
  "parent_value": 2.372778112070732,
  "parent_is_seed": false
}