{
  "step": 28,
  "group": 0,
  "rollout": 63,
  "reward": 2.371523298441492,
  "valid": true,
  "parsed": true,
  "ran": true,
  "msg": "ok",
  "advantage": 0.5248684019853689,
  "beta": 55.22328552121206,
  "n_response_tokens": 1832,
  "sandbox_stdout": "Validation failed: Circle 0 at (0.09427744881263406,0.09427744881263406) r=0.9999999999995688 outside unit square\n",
  "parent_value": 2.403477911769514,
  "parent_is_seed": false
}