{
  "step": 44,
  "group": 0,
  "rollout": 49,
  "reward": 2.5231446866503746,
  "valid": true,
  "parsed": true,
  "ran": true,
  "msg": "ok",
  "advantage": 1.7366010271360475,
  "beta": 220.21697401827097,
  "n_response_tokens": 2860,
  "sandbox_stdout": "",
  "parent_value": 2.5246120224575677,
  "parent_is_seed": false
}