{
  "step": 40,
  "group": 3,
  "rollout": 7,
  "reward": 2.5174702852481587,
  "valid": true,
  "parsed": true,
  "ran": true,
  "msg": "ok",
  "advantage": -0.293721866723753,
  "beta": 273.5942843002625,
  "n_response_tokens": 2528,
  "sandbox_stdout": "",
  "parent_value": 2.523369515512039,
  "parent_is_seed": false
}