{
  "step": 33,
  "group": 7,
  "rollout": 54,
  "reward": 0.0,
  "valid": false,
  "parsed": true,
  "ran": false,
  "msg": "run_failed: The number of bounds is not compatible with the length of `x0`.",
  "advantage": -1.0,
  "beta": 1048576.0,
  "n_response_tokens": 2383,
  "sandbox_stdout": "Validation failed: Circle 0 at (0.0,0.0) r=1.0 outside unit square\nValidation failed: Circle 0 at (0.8328643480884904,0.9885618883638498) r=0.9999999999994573 outside unit square\nValidation failed: Circle 0 at (0.09427744881263406,0.09427744881263406) r=0.999999999998481 outside unit square\n",
  "parent_value": 2.408538767244195,
  "parent_is_seed": false
}