{
  "step": 42,
  "group": 3,
  "rollout": 42,
  "reward": 2.5218431343059655,
  "valid": true,
  "parsed": true,
  "ran": true,
  "msg": "ok",
  "advantage": 0.8598860336972916,
  "beta": 449.7507930791666,
  "n_response_tokens": 2691,
  "sandbox_stdout": "",
  "parent_value": 2.5238825640383302,
  "parent_is_seed": false
}