{
  "step": 36,
  "group": 6,
  "rollout": 50,
  "reward": 2.4338165452421396,
  "valid": true,
  "parsed": true,
  "ran": true,
  "msg": "ok",
  "advantage": -0.8632734971813945,
  "beta": 187.02522203465082,
  "n_response_tokens": 2587,
  "sandbox_stdout": "",
  "parent_value": 2.4552048906625803,
  "parent_is_seed": false
}