{
  "step": 39,
  "group": 3,
  "rollout": 47,
  "reward": 2.517103230513649,
  "valid": true,
  "parsed": true,
  "ran": true,
  "msg": "ok",
  "advantage": -0.739426356284598,
  "beta": 426.38284748588586,
  "n_response_tokens": 2431,
  "sandbox_stdout": "",
  "parent_value": 2.52329559660863,
  "parent_is_seed": false
}