{
  "step": 32,
  "group": 4,
  "rollout": 24,
  "reward": 2.375685939352457,
  "valid": true,
  "parsed": true,
  "ran": true,
  "msg": "ok",
  "advantage": -0.9978134894150589,
  "beta": 229.91163250794577,
  "n_response_tokens": 1927,
  "sandbox_stdout": "Validation failed: Circle 0 at (0.09427744881263406,0.09427743620447344) r=1.0 outside unit square\n",
  "parent_value": 2.4090000412543757,
  "parent_is_seed": false
}