{
  "step": 42,
  "group": 0,
  "rollout": 56,
  "reward": 2.5151963785478126,
  "valid": true,
  "parsed": true,
  "ran": true,
  "msg": "ok",
  "advantage": -0.46865338677221846,
  "beta": 242.27491650058167,
  "n_response_tokens": 2531,
  "sandbox_stdout": "",
  "parent_value": 2.524262390113781,
  "parent_is_seed": false
}