{
  "step": 35,
  "group": 5,
  "rollout": 30,
  "reward": 2.4321904802510095,
  "valid": true,
  "parsed": true,
  "ran": true,
  "msg": "ok",
  "advantage": 0.21952510245860846,
  "beta": 170.15509041151668,
  "n_response_tokens": 2608,
  "sandbox_stdout": "",
  "parent_value": 2.4443887866092116,
  "parent_is_seed": false
}