{
  "step": 42,
  "group": 5,
  "rollout": 23,
  "reward": 2.5228866454068664,
  "valid": true,
  "parsed": true,
  "ran": true,
  "msg": "ok",
  "advantage": 2.4264051340108264,
  "beta": 468.69882870705135,
  "n_response_tokens": 2471,
  "sandbox_stdout": "",
  "parent_value": 2.523844757601604,
  "parent_is_seed": false
}