{
  "step": 6,
  "group": 7,
  "rollout": 30,
  "reward": 0.0,
  "valid": true,
  "parsed": true,
  "ran": true,
  "msg": "ok",
  "advantage": -0.84091883116811,
  "beta": 1.337293977162747,
  "n_response_tokens": 1640,
  "sandbox_stdout": "Validation failed: Circle 0 at (3.414515930754827e-15,1.885535686058019e-14) r=1.0 outside unit square\nInitial layout also failed: Circle 0 at (0.0,0.0) r=0.1 outside unit square\n",
  "parent_value": 2.166666666666667,
  "parent_is_seed": false
}