{
  "step": 36,
  "group": 2,
  "rollout": 28,
  "reward": 2.460418652708773,
  "valid": true,
  "parsed": true,
  "ran": true,
  "msg": "ok",
  "advantage": 0.4586670860882207,
  "beta": 454.33748546361795,
  "n_response_tokens": 3007,
  "sandbox_stdout": "",
  "parent_value": 2.466095636956842,
  "parent_is_seed": false
}