{
  "step": 14,
  "group": 2,
  "rollout": 57,
  "reward": 0.0,
  "valid": true,
  "parsed": true,
  "ran": true,
  "msg": "ok",
  "advantage": -1.0,
  "beta": 1048576.0,
  "n_response_tokens": 1891,
  "sandbox_stdout": "Validation failed: Circle 0 at (0.5598215707009588,0.5598215707009588) r=1.0 outside unit square\nInitial layout also failed: Circle 0 at (0.5598215707009588,0.5598215707009588) r=0.45982157070095886 outside unit square\n",
  "parent_value": 2.344639161775073,
  "parent_is_seed": false
}