{
  "step": 37,
  "group": 0,
  "rollout": 24,
  "reward": 2.412498484411651,
  "valid": true,
  "parsed": true,
  "ran": true,
  "msg": "ok",
  "advantage": -0.9999999999999792,
  "beta": 296.832253782249,
  "n_response_tokens": 2376,
  "sandbox_stdout": "",
  "parent_value": 2.5200905075486832,
  "parent_is_seed": false
}