{
  "step": 8,
  "group": 3,
  "rollout": 21,
  "reward": 0.0,
  "valid": true,
  "parsed": true,
  "ran": true,
  "msg": "ok",
  "advantage": -0.9625097948317177,
  "beta": 1.885936117276728,
  "n_response_tokens": 1334,
  "sandbox_stdout": "Validation failed: Circle 0 at (0.976803891533937,0.40374052012675143) r=1.0 outside unit square\nInitial layout also failed: Circle 0 at (0.976803891533937,0.40374052012675143) r=0.0555772605586229 outside unit square\n",
  "parent_value": 2.166666666666667,
  "parent_is_seed": false
}