{
  "step": 44,
  "group": 1,
  "rollout": 37,
  "reward": 2.5119364585423565,
  "valid": true,
  "parsed": true,
  "ran": true,
  "msg": "ok",
  "advantage": -0.8710079635583909,
  "beta": 300.27460318313985,
  "n_response_tokens": 2617,
  "sandbox_stdout": "",
  "parent_value": 2.524098168468562,
  "parent_is_seed": false
}