{
  "step": 30,
  "group": 6,
  "rollout": 35,
  "reward": 2.371934660604083,
  "valid": true,
  "parsed": true,
  "ran": true,
  "msg": "ok",
  "advantage": -0.3338657443718068,
  "beta": 76.04266122298156,
  "n_response_tokens": 2113,
  "sandbox_stdout": "Validation failed: Circle 0 at (0.09427744881263406,0.09427744881263406) r=0.9999999999997002 outside unit square\n",
  "parent_value": 2.4008613358661717,
  "parent_is_seed": false
}