{
  "step": 15,
  "group": 7,
  "rollout": 37,
  "reward": 6.266209773286846e-12,
  "valid": true,
  "parsed": true,
  "ran": true,
  "msg": "ok",
  "advantage": -0.8405877647595348,
  "beta": 1.2038172577966302,
  "n_response_tokens": 1849,
  "sandbox_stdout": "",
  "parent_value": 2.344639161775073,
  "parent_is_seed": false
}