{
  "step": 31,
  "group": 0,
  "rollout": 61,
  "reward": 2.415511660987655,
  "valid": true,
  "parsed": true,
  "ran": true,
  "msg": "ok",
  "advantage": -0.7244093297135403,
  "beta": 110.24961865585313,
  "n_response_tokens": 2737,
  "sandbox_stdout": "",
  "parent_value": 2.4385612464746482,
  "parent_is_seed": false
}