{
  "step": 28,
  "group": 6,
  "rollout": 3,
  "reward": 2.3596525601560656,
  "valid": true,
  "parsed": true,
  "ran": true,
  "msg": "ok",
  "advantage": -0.72220682154211,
  "beta": 67.26381515783808,
  "n_response_tokens": 1774,
  "sandbox_stdout": "Validation failed: Circle 0 at (0.09427744881263406,0.09427744881263406) r=0.9999999999992673 outside unit square\n",
  "parent_value": 2.3928335119262054,
  "parent_is_seed": false
}