{
  "step": 37,
  "group": 1,
  "rollout": 1,
  "reward": 2.487172245748007,
  "valid": true,
  "parsed": true,
  "ran": true,
  "msg": "ok",
  "advantage": 1.7376355763100677,
  "beta": 297.67710804837367,
  "n_response_tokens": 2751,
  "sandbox_stdout": "Genetic algorithm time: 28.7455 seconds\nRefinement time: 0.1462 seconds\n",
  "parent_value": 2.4888593497646676,
  "parent_is_seed": false
}