{
  "step": 41,
  "group": 4,
  "rollout": 1,
  "reward": 2.519509490087837,
  "valid": true,
  "parsed": true,
  "ran": true,
  "msg": "ok",
  "advantage": -0.16065464431936782,
  "beta": 400.04051307957127,
  "n_response_tokens": 2633,
  "sandbox_stdout": "",
  "parent_value": 2.524005778865525,
  "parent_is_seed": false
}