{
  "step": 11,
  "group": 4,
  "rollout": 21,
  "reward": 2.1101752455975666,
  "valid": true,
  "parsed": true,
  "ran": true,
  "msg": "ok",
  "advantage": -0.965649401812267,
  "beta": 17.375708763944267,
  "n_response_tokens": 2009,
  "sandbox_stdout": "Validation failed: Circle 0 has negative radius -1.6039785190232565e-301\n",
  "parent_value": 2.344639161775073,
  "parent_is_seed": false
}