{
  "step": 24,
  "group": 1,
  "rollout": 22,
  "reward": 0.0,
  "valid": true,
  "parsed": true,
  "ran": true,
  "msg": "ok",
  "advantage": -1.0,
  "beta": 743.2854421790073,
  "n_response_tokens": 1633,
  "sandbox_stdout": "Validation failed: Circle 0 at (0.09427744881263406,0.09427744881263406) r=1.0 outside unit square\nInitial layout also failed: Circle 25 has negative radius -0.03705193693897457\n",
  "parent_value": 2.3720882408679866,
  "parent_is_seed": false
}