{
  "step": 41,
  "group": 0,
  "rollout": 62,
  "reward": 2.521956421443453,
  "valid": true,
  "parsed": true,
  "ran": true,
  "msg": "ok",
  "advantage": 1.5725605584014115,
  "beta": 465.6355809687069,
  "n_response_tokens": 2774,
  "sandbox_stdout": "",
  "parent_value": 2.5246633502382383,
  "parent_is_seed": false
}