{
  "step": 32,
  "group": 1,
  "rollout": 20,
  "reward": 2.370724512730097,
  "valid": true,
  "parsed": true,
  "ran": true,
  "msg": "ok",
  "advantage": -0.9743939402207056,
  "beta": 70.03533762749522,
  "n_response_tokens": 2431,
  "sandbox_stdout": "",
  "parent_value": 2.4398732552435183,
  "parent_is_seed": false
}