{
  "step": 7,
  "group": 5,
  "rollout": 16,
  "reward": 1.7333333333333334,
  "valid": true,
  "parsed": true,
  "ran": true,
  "msg": "ok",
  "advantage": -0.5806146250932765,
  "beta": 4.370991224412189,
  "n_response_tokens": 1641,
  "sandbox_stdout": "differential_evolution step 1: f(x)= -18.555230994581787\ndifferential_evolution step 2: f(x)= -20.099256381505157\ndifferential_evolution step 3: f(x)= -20.099256381505157\ndifferential_evolution step 4: f(x)= -20.099256381505157\ndifferential_evolution step 5: f(x)= -20.099256381505157\ndifferential_evolution step 6: f(x)= -20.099256381505157\ndifferential_evolution step 7: f(x)= -20.296584883720975\ndifferential_evolution step 8: f(x)= -20.29667013011009\ndifferential_evolution step 9: f(x)= -20.29667013011009\ndifferential_evolution step 10: f(x)= -20.29667013011009\ndifferential_evolution step 11: f(x)= -20.29667013011009\ndifferential_evolution step 12: f(x)= -20.29667013011009\ndifferential_evolution step 13: f(x)= -20.29667013011009\ndifferential_evolution step 14: f(x)= -20.29667013011009\ndifferential_evolution step 15: f(x)= -20.29667013011009\ndifferential_evolution step 16: f(x)= -20.29667013011009\ndifferential_evolution step 17: f(x)= -20.29667013011009\ndifferential_evolution step 18: f(x)= -20.29667013011009\ndifferential_evolution step 19: f(x)= -20.29667013011009\ndifferential_evolution step 20: f(x)= -20.29667013011009\ndifferential_evolution step 21: f(x)= -20.29667013011009\ndifferential_evolution step 22: f(x)= -20.29667013011009\ndifferential_evolution step 23: f(x)= -20.29667013011009\ndifferential_evolution step 24: f(x)= -20.29667013011009\ndifferential_evolution step 25: f(x)= -20.29667013011009\ndifferential_evolution step 26: f(x)= -20.29667013011009\ndifferential_evolution step 27: f(x)= -20.29667013011009\ndifferential_evolution step 28: f(x)= -20.29667013011009\ndifferential_evolution step 29: f(x)= -20.29667013011009\ndifferential_evolution step 30: f(x)= -20.33058071785411\ndifferential_evolution step 31: f(x)= -20.33058071785411\ndifferential_evolution step 32: f(x)= -20.33058071785411\ndifferential_evolution step 33: f(x)= -20.33058071785411\ndifferential_evolution step 34: f(x)= -20.33058071785411\ndifferential_evolution step 35: f(x)= -20.73306523418642\ndiffere",
  "parent_value": 2.166666666666667,
  "parent_is_seed": false
}