{
  "step": 41,
  "group": 0,
  "rollout": 6,
  "reward": 2.5160589648882525,
  "valid": true,
  "parsed": true,
  "ran": true,
  "msg": "ok",
  "advantage": -0.8409704715497096,
  "beta": 465.6355809687069,
  "n_response_tokens": 2655,
  "sandbox_stdout": "",
  "parent_value": 2.5246633502382383,
  "parent_is_seed": false
}