{
  "step": 4,
  "group": 7,
  "rollout": 6,
  "reward": 0.0,
  "valid": false,
  "parsed": true,
  "ran": true,
  "msg": "Circle 0 at (0.1,9.249707041993793e-16) r=0.2999999999999956 outside unit square",
  "advantage": -0.822538173411583,
  "beta": 1.5415866566334988,
  "n_response_tokens": 1470,
  "sandbox_stdout": "",
  "parent_value": 1.909090909090909,
  "parent_is_seed": false
}