{
  "step": 6,
  "group": 3,
  "rollout": 52,
  "reward": 0.0,
  "valid": true,
  "parsed": true,
  "ran": true,
  "msg": "ok",
  "advantage": -0.9869220716967346,
  "beta": 2.4800643708241292,
  "n_response_tokens": 2055,
  "sandbox_stdout": "Validation failed: Circle 0 at (0.09805806756909202,0.09805806756909202) r=0.9999999999984545 outside unit square\nInitial layout also failed: Circle 9 at (0.9805806756909203,0.2678996226907814) r=0.09805806756909202 outside unit square\n",
  "parent_value": 2.166666666666667,
  "parent_is_seed": false
}