{
  "step": 38,
  "group": 3,
  "rollout": 14,
  "reward": 2.482689496482812,
  "valid": true,
  "parsed": true,
  "ran": true,
  "msg": "ok",
  "advantage": -0.2687403779101246,
  "beta": 319.2673679001087,
  "n_response_tokens": 2569,
  "sandbox_stdout": "",
  "parent_value": 2.488982334221845,
  "parent_is_seed": false
}