{
  "step": 40,
  "group": 1,
  "rollout": 14,
  "reward": 2.516320626338667,
  "valid": true,
  "parsed": true,
  "ran": true,
  "msg": "ok",
  "advantage": -0.578496673933927,
  "beta": 319.72530207938513,
  "n_response_tokens": 2595,
  "sandbox_stdout": "",
  "parent_value": 2.5239580244822952,
  "parent_is_seed": false
}