{
  "step": 10,
  "group": 5,
  "rollout": 40,
  "reward": 2.344639161775073,
  "valid": true,
  "parsed": true,
  "ran": true,
  "msg": "ok",
  "advantage": 1.16361605794734,
  "beta": 3.90050716574918,
  "n_response_tokens": 1948,
  "sandbox_stdout": "Validation failed: Circle 0 at (0.12787945338132373,0.123783059877379) r=0.9999999999996931 outside unit square\nValidation failed: Circle 0 at (0.09164535646670123,0.10478785353508338) r=0.99999999999949 outside unit square\nValidation failed: Circle 0 at (0.11131556202233661,0.13579848328764332) r=0.9999999999999424 outside unit square\nValidation failed: Circle 0 at (0.11986615531460282,0.11371707772795149) r=0.9999999999999989 outside unit square\nValidation failed: Circle 0 at (0.12963715521848693,0.12254605566300565) r=0.9999999999997514 outside unit square\n",
  "parent_value": 2.344639161775073,
  "parent_is_seed": false
}