{
  "step": 2,
  "group": 2,
  "rollout": 28,
  "reward": 0.0,
  "valid": true,
  "parsed": true,
  "ran": true,
  "msg": "ok",
  "advantage": -0.6199611097359639,
  "beta": 1.4459444359080957,
  "n_response_tokens": 1432,
  "sandbox_stdout": "Validation failed: Circle 0 at (0.6813845662294924,0.2872648436955495) r=1.0 outside unit square\nInitial layout also failed: Circle 1 at (0.12932719549288418,0.025456566786857815) r=0.05 outside unit square\n",
  "parent_value": 1.7333333333333334,
  "parent_is_seed": false
}