{
  "step": 8,
  "group": 0,
  "rollout": 31,
  "reward": 0.0,
  "valid": true,
  "parsed": true,
  "ran": true,
  "msg": "ok",
  "advantage": -0.8710514145623276,
  "beta": 1.300163134756406,
  "n_response_tokens": 1602,
  "sandbox_stdout": "Validation failed: Circle 0 at (0.13680632679194843,0.09614004712887475) r=0.9999999999999748 outside unit square\nInitial layout also failed: Circle 1 at (0.2536441472987252,0.08701165759313395) r=0.09017842929904128 outside unit square\n",
  "parent_value": 2.344639161775073,
  "parent_is_seed": false
}