{
  "step": 42,
  "group": 6,
  "rollout": 13,
  "reward": 2.5150630977772215,
  "valid": true,
  "parsed": true,
  "ran": true,
  "msg": "ok",
  "advantage": -0.8006161596300011,
  "beta": 356.4581267513661,
  "n_response_tokens": 2577,
  "sandbox_stdout": "",
  "parent_value": 2.5237509837340886,
  "parent_is_seed": false
}