{
  "step": 37,
  "group": 3,
  "rollout": 56,
  "reward": 2.466723012531601,
  "valid": true,
  "parsed": true,
  "ran": true,
  "msg": "ok",
  "advantage": -0.20326660020929854,
  "beta": 231.2679763796472,
  "n_response_tokens": 2465,
  "sandbox_stdout": "",
  "parent_value": 2.4675285817951207,
  "parent_is_seed": false
}