{
  "step": 25,
  "group": 0,
  "rollout": 24,
  "reward": 2.381006926881056,
  "valid": true,
  "parsed": true,
  "ran": true,
  "msg": "ok",
  "advantage": 1.06886233130431,
  "beta": 32.996340543552215,
  "n_response_tokens": 2045,
  "sandbox_stdout": "Validation failed: Circle 0 at (0.09427744881263406,0.09427744881263406) r=0.9999999999992587 outside unit square\n",
  "parent_value": 2.3760704662020573,
  "parent_is_seed": false
}