{
  "step": 34,
  "group": 1,
  "rollout": 46,
  "reward": 2.4352430253175275,
  "valid": true,
  "parsed": true,
  "ran": true,
  "msg": "ok",
  "advantage": 1.367059670815773,
  "beta": 21.67539400627494,
  "n_response_tokens": 2373,
  "sandbox_stdout": "",
  "parent_value": 2.4448545970536197,
  "parent_is_seed": false
}