{
  "step": 28,
  "group": 4,
  "rollout": 53,
  "reward": 2.3648739559204808,
  "valid": true,
  "parsed": true,
  "ran": true,
  "msg": "ok",
  "advantage": -0.0911227423602422,
  "beta": 46.64802035705313,
  "n_response_tokens": 1801,
  "sandbox_stdout": "Validation failed: Circle 0 at (0.09427744881263406,0.09427744881263406) r=0.9999999999998485 outside unit square\n",
  "parent_value": 2.3939640822977877,
  "parent_is_seed": false
}