{
  "step": 41,
  "group": 1,
  "rollout": 55,
  "reward": 2.5215738605649682,
  "valid": true,
  "parsed": true,
  "ran": true,
  "msg": "ok",
  "advantage": 0.9292697115907809,
  "beta": 375.67299616790206,
  "n_response_tokens": 2529,
  "sandbox_stdout": "",
  "parent_value": 2.52421897174333,
  "parent_is_seed": false
}