{
  "step": 27,
  "group": 1,
  "rollout": 43,
  "reward": 2.3590800822334934,
  "valid": true,
  "parsed": true,
  "ran": true,
  "msg": "ok",
  "advantage": -0.23414364412233846,
  "beta": 39.44664001953181,
  "n_response_tokens": 1967,
  "sandbox_stdout": "Validation failed: Circle 0 at (0.09427744881263406,0.09427744881263406) r=0.9999999999992963 outside unit square\n",
  "parent_value": 2.394801888020679,
  "parent_is_seed": false
}