{
  "step": 8,
  "group": 1,
  "rollout": 47,
  "reward": 0.0,
  "valid": true,
  "parsed": true,
  "ran": true,
  "msg": "ok",
  "advantage": -0.9783120113945946,
  "beta": 1.9481794770313703,
  "n_response_tokens": 1941,
  "sandbox_stdout": "Validation failed: Circle 0 at (0.20592194189509325,0.20592194189509325) r=1.0 outside unit square\nInitial layout also failed: Circles 1 and 2 overlap\n",
  "parent_value": 2.344639161775073,
  "parent_is_seed": false
}