{
  "step": 10,
  "group": 6,
  "rollout": 21,
  "reward": 0.0,
  "valid": true,
  "parsed": true,
  "ran": true,
  "msg": "ok",
  "advantage": -0.9999982805556591,
  "beta": 5.990287189984818,
  "n_response_tokens": 1744,
  "sandbox_stdout": "Validation failed: Circle 0 at (0.09403285434795212,0.09403285434795212) r=1.0 outside unit square\nInitial layout also failed: Circles 4 and 9 overlap\n",
  "parent_value": 2.344639161775073,
  "parent_is_seed": false
}