{
  "step": 41,
  "group": 5,
  "rollout": 42,
  "reward": 2.5233266648649297,
  "valid": true,
  "parsed": true,
  "ran": true,
  "msg": "ok",
  "advantage": 1.9683660386784707,
  "beta": 238.23807264152114,
  "n_response_tokens": 2510,
  "sandbox_stdout": "",
  "parent_value": 2.5239503514357424,
  "parent_is_seed": false
}