{
  "step": 22,
  "group": 5,
  "rollout": 52,
  "reward": 2.3720882408679866,
  "valid": true,
  "parsed": true,
  "ran": true,
  "msg": "ok",
  "advantage": 0.18867924528160596,
  "beta": 1048576.0,
  "n_response_tokens": 2068,
  "sandbox_stdout": "Validation failed: Circle 0 at (0.11599741835920163,0.631669181916623) r=0.9999999999997556 outside unit square\nInitial layout also failed: Circles 1 and 24 overlap\nValidation failed: Circle 0 at (0.4877454922281572,0.7185100113108784) r=0.9999999999999368 outside unit square\nInitial layout also failed: Circles 4 and 10 overlap\nValidation failed: Circle 0 at (0.39084167721944674,0.1678682348359667) r=0.9999999999998949 outside unit square\nInitial layout also failed: Circles 4 and 20 overlap\nValidation failed: Circle 0 at (0.7090437981537466,0.13279829690243483) r=1.0 outside unit square\nInitial layout also failed: Circles 0 and 9 overlap\nValidation failed: Circle 0 at (0.6201039495776192,0.17813432719514943) r=0.9999999999998216 outside unit square\nInitial layout also failed: Circles 0 and 7 overlap\nValidation failed: Circle 0 at (0.09427744881263406,0.09427744881263406) r=0.9999999999992697 outside unit square\n",
  "parent_value": 2.3720882408679866,
  "parent_is_seed": false
}