{
  "step": 38,
  "group": 0,
  "rollout": 16,
  "reward": 2.523833038998325,
  "valid": true,
  "parsed": true,
  "ran": true,
  "msg": "ok",
  "advantage": 3.3075011508984717,
  "beta": 380.97043532781487,
  "n_response_tokens": 2632,
  "sandbox_stdout": "",
  "parent_value": 2.5246863732887537,
  "parent_is_seed": false
}