{
  "step": 4,
  "group": 5,
  "rollout": 31,
  "reward": 1.1771027154665865,
  "valid": true,
  "parsed": true,
  "ran": true,
  "msg": "ok",
  "advantage": -0.06681089667410978,
  "beta": 1.6370943001318043,
  "n_response_tokens": 1750,
  "sandbox_stdout": "",
  "parent_value": 1.954945333515407,
  "parent_is_seed": false
}