{
  "step": 31,
  "group": 6,
  "rollout": 60,
  "reward": 2.344639161775073,
  "valid": true,
  "parsed": true,
  "ran": true,
  "msg": "ok",
  "advantage": -0.9381445835866926,
  "beta": 70.67964761683018,
  "n_response_tokens": 2212,
  "sandbox_stdout": "Validation failed: Circle 0 at (0.09017842929904128,0.09017842929904128) r=0.9999999999987508 outside unit square\nValidation failed: Circle 0 at (0.15416926020282534,0.19980681016389445) r=1.0 outside unit square\nValidation failed: Circle 0 at (0.09017842929904128,0.09017842929904128) r=16141680.790959898 outside unit square\nValidation failed: Circle 0 at (0.9999833162338574,0.9996046439590425) r=0.9999999992144615 outside unit square\n",
  "parent_value": 2.4012916931786332,
  "parent_is_seed": false
}