{
  "step": 38,
  "group": 0,
  "rollout": 26,
  "reward": 2.520246285681705,
  "valid": true,
  "parsed": true,
  "ran": true,
  "msg": "ok",
  "advantage": 0.04522138355876337,
  "beta": 380.97043532781487,
  "n_response_tokens": 2523,
  "sandbox_stdout": "",
  "parent_value": 2.5246863732887537,
  "parent_is_seed": false
}