{
  "step": 19,
  "group": 2,
  "rollout": 24,
  "reward": 2.2828323464379023,
  "valid": true,
  "parsed": true,
  "ran": true,
  "msg": "ok",
  "advantage": -1.0,
  "beta": 1048576.0,
  "n_response_tokens": 1715,
  "sandbox_stdout": "Validation failed: Circle 0 at (0.09427744881263406,0.09427744881263406) r=0.9999999999986215 outside unit square\n",
  "parent_value": 2.3720882408679866,
  "parent_is_seed": false
}