{
  "step": 43,
  "group": 7,
  "rollout": 24,
  "reward": 2.518722354235962,
  "valid": true,
  "parsed": true,
  "ran": true,
  "msg": "ok",
  "advantage": -0.26595114778394924,
  "beta": 378.51711065645515,
  "n_response_tokens": 2599,
  "sandbox_stdout": "",
  "parent_value": 2.523781176935609,
  "parent_is_seed": false
}