{
  "step": 34,
  "group": 6,
  "rollout": 22,
  "reward": 2.422041842193229,
  "valid": true,
  "parsed": true,
  "ran": true,
  "msg": "ok",
  "advantage": 0.15689010370838918,
  "beta": 72.0476360890125,
  "n_response_tokens": 2527,
  "sandbox_stdout": "",
  "parent_value": 2.4399669222617355,
  "parent_is_seed": false
}