{
  "step": 39,
  "group": 4,
  "rollout": 23,
  "reward": 2.4868969730464694,
  "valid": true,
  "parsed": true,
  "ran": true,
  "msg": "ok",
  "advantage": -0.25614749146521054,
  "beta": 103.93843225541761,
  "n_response_tokens": 3156,
  "sandbox_stdout": "",
  "parent_value": 2.50145878561204,
  "parent_is_seed": false
}