{
  "step": 13,
  "group": 5,
  "rollout": 57,
  "reward": 2.344639161775073,
  "valid": true,
  "parsed": true,
  "ran": true,
  "msg": "ok",
  "advantage": 0.43181818181613174,
  "beta": 1048576.0,
  "n_response_tokens": 1546,
  "sandbox_stdout": "Validation failed: Circle 0 at (0.09017842929904128,0.09017842929904128) r=1.0 outside unit square\n",
  "parent_value": 2.344639161775073,
  "parent_is_seed": false
}