{
  "step": 5,
  "group": 0,
  "rollout": 9,
  "reward": 0.0,
  "valid": true,
  "parsed": true,
  "ran": true,
  "msg": "ok",
  "advantage": -0.9022382765533109,
  "beta": 1.4918744921420715,
  "n_response_tokens": 1691,
  "sandbox_stdout": "Validation failed: Circle 0 at (0.08333333333333333,0.08333333333333333) r=1.0 outside unit square\nInitial layout also failed: Circle 4 at (0.7870824289174208,0.039866570249052956) r=0.08333333333333333 outside unit square\n",
  "parent_value": 2.166666666666667,
  "parent_is_seed": false
}