{
  "step": 15,
  "group": 7,
  "rollout": 14,
  "reward": 4.795053243356051e-12,
  "valid": true,
  "parsed": true,
  "ran": true,
  "msg": "ok",
  "advantage": -0.8405877647598179,
  "beta": 1.2038172577966302,
  "n_response_tokens": 1960,
  "sandbox_stdout": "",
  "parent_value": 2.344639161775073,
  "parent_is_seed": false
}