{
  "step": 33,
  "group": 2,
  "rollout": 58,
  "reward": 2.4227692628341693,
  "valid": true,
  "parsed": true,
  "ran": true,
  "msg": "ok",
  "advantage": -0.5159657499410882,
  "beta": 101.43987472443779,
  "n_response_tokens": 2492,
  "sandbox_stdout": "",
  "parent_value": 2.4413857561100327,
  "parent_is_seed": false
}