{
  "step": 38,
  "group": 7,
  "rollout": 57,
  "reward": 2.4868184630758985,
  "valid": true,
  "parsed": true,
  "ran": true,
  "msg": "ok",
  "advantage": 0.11401913022229548,
  "beta": 102.76617659573841,
  "n_response_tokens": 3283,
  "sandbox_stdout": "",
  "parent_value": 2.4786766578037396,
  "parent_is_seed": false
}