{
  "step": 33,
  "group": 2,
  "rollout": 16,
  "reward": 2.4420743512786034,
  "valid": true,
  "parsed": true,
  "ran": true,
  "msg": "ok",
  "advantage": 2.5988144597681355,
  "beta": 101.43987472443779,
  "n_response_tokens": 2368,
  "sandbox_stdout": "",
  "parent_value": 2.4413857561100327,
  "parent_is_seed": false
}