{
  "step": 31,
  "group": 6,
  "rollout": 38,
  "reward": 2.392123757500456,
  "valid": true,
  "parsed": true,
  "ran": true,
  "msg": "ok",
  "advantage": 0.8235624182775383,
  "beta": 70.67964761683018,
  "n_response_tokens": 2227,
  "sandbox_stdout": "Validation failed: Circle 0 at (0.09427744881263406,0.09427744881263406) r=0.9999999999993063 outside unit square\nValidation failed: Circle 0 at (1.0,0.042695478380453344) r=0.9996572324858182 outside unit square\nValidation failed: Circle 0 at (0.09427744881263406,0.09427744881263406) r=30053160.3598452 outside unit square\nValidation failed: Circle 0 at (1.4754897556226714e-06,0.9999903544331141) r=1.000000000686737 outside unit square\n",
  "parent_value": 2.4012916931786332,
  "parent_is_seed": false
}