{
  "step": 41,
  "group": 6,
  "rollout": 6,
  "reward": 2.5138813362494274,
  "valid": true,
  "parsed": true,
  "ran": true,
  "msg": "ok",
  "advantage": -0.9013821932179172,
  "beta": 366.94999745105827,
  "n_response_tokens": 2569,
  "sandbox_stdout": "",
  "parent_value": 2.5239070567447666,
  "parent_is_seed": false
}