{
  "step": 30,
  "group": 5,
  "rollout": 42,
  "reward": 2.3620916085139285,
  "valid": true,
  "parsed": true,
  "ran": true,
  "msg": "ok",
  "advantage": -0.3470175492616523,
  "beta": 68.12300387813981,
  "n_response_tokens": 2021,
  "sandbox_stdout": "Validation failed: Circle 0 at (0.09427744881263406,0.09427744881263406) r=0.9999999999997159 outside unit square\n",
  "parent_value": 2.401442661079225,
  "parent_is_seed": false
}