{
  "step": 40,
  "group": 5,
  "rollout": 21,
  "reward": 2.513719792950498,
  "valid": true,
  "parsed": true,
  "ran": true,
  "msg": "ok",
  "advantage": -0.6797385413314186,
  "beta": 243.31360438950858,
  "n_response_tokens": 2653,
  "sandbox_stdout": "",
  "parent_value": 2.5231526676882403,
  "parent_is_seed": false
}