{
  "step": 5,
  "group": 1,
  "rollout": 48,
  "reward": 0.0,
  "valid": true,
  "parsed": true,
  "ran": true,
  "msg": "ok",
  "advantage": -0.847862208907822,
  "beta": 1.51313797289449,
  "n_response_tokens": 1955,
  "sandbox_stdout": "Validation failed: Circle 0 at (0.08333333333333333,0.06185895741317419) r=1.0 outside unit square\nInitial layout also failed: Circle 0 at (0.08333333333333333,0.06185895741317419) r=0.3004807268662688 outside unit square\n",
  "parent_value": 2.166666666666667,
  "parent_is_seed": false
}