{
  "step": 27,
  "group": 2,
  "rollout": 42,
  "reward": 2.341550327096421,
  "valid": true,
  "parsed": true,
  "ran": true,
  "msg": "ok",
  "advantage": -0.6803226001255993,
  "beta": 51.946147534671084,
  "n_response_tokens": 2301,
  "sandbox_stdout": "Validation failed: Circle 0 at (0.09427744881263406,0.09427744881263406) r=0.9999999999991112 outside unit square\n",
  "parent_value": 2.3936475354359117,
  "parent_is_seed": false
}