{
  "step": 27,
  "group": 1,
  "rollout": 11,
  "reward": 2.399375506994989,
  "valid": true,
  "parsed": true,
  "ran": true,
  "msg": "ok",
  "advantage": 2.9406554623355836,
  "beta": 39.44664001953181,
  "n_response_tokens": 1891,
  "sandbox_stdout": "Validation failed: Circle 0 at (0.09427744881263406,0.09427744881263406) r=0.99999999999884 outside unit square\n",
  "parent_value": 2.394801888020679,
  "parent_is_seed": false
}