{
  "step": 40,
  "group": 1,
  "rollout": 24,
  "reward": 2.5182141096299433,
  "valid": true,
  "parsed": true,
  "ran": true,
  "msg": "ok",
  "advantage": -0.22349421925335022,
  "beta": 319.72530207938513,
  "n_response_tokens": 2609,
  "sandbox_stdout": "",
  "parent_value": 2.5239580244822952,
  "parent_is_seed": false
}