{
  "step": 30,
  "group": 2,
  "rollout": 1,
  "reward": 2.4018161466403374,
  "valid": true,
  "parsed": true,
  "ran": true,
  "msg": "ok",
  "advantage": 1.455323561458766,
  "beta": 51.69044548831972,
  "n_response_tokens": 2042,
  "sandbox_stdout": "",
  "parent_value": 2.4056249025901866,
  "parent_is_seed": false
}