{
  "step": 27,
  "group": 3,
  "rollout": 57,
  "reward": 2.3687594949875486,
  "valid": true,
  "parsed": true,
  "ran": true,
  "msg": "ok",
  "advantage": 0.0032921411471205086,
  "beta": 73.13282559833468,
  "n_response_tokens": 1711,
  "sandbox_stdout": "Validation failed: Circle 0 at (0.09427744881263406,0.09427744881263406) r=0.9999999999995483 outside unit square\n",
  "parent_value": 2.391734693758117,
  "parent_is_seed": false
}