{
  "step": 33,
  "group": 3,
  "rollout": 20,
  "reward": 2.4259971708408083,
  "valid": true,
  "parsed": true,
  "ran": true,
  "msg": "ok",
  "advantage": 0.1695636539376293,
  "beta": 77.5778710892348,
  "n_response_tokens": 2747,
  "sandbox_stdout": "",
  "parent_value": 2.4393664032208555,
  "parent_is_seed": false
}