{
  "step": 40,
  "group": 2,
  "rollout": 24,
  "reward": 2.520895330547158,
  "valid": true,
  "parsed": true,
  "ran": true,
  "msg": "ok",
  "advantage": 0.8340257923357564,
  "beta": 326.88176199578004,
  "n_response_tokens": 2412,
  "sandbox_stdout": "",
  "parent_value": 2.523811099681761,
  "parent_is_seed": false
}