{
  "step": 28,
  "group": 6,
  "rollout": 19,
  "reward": 2.3901326015718567,
  "valid": true,
  "parsed": true,
  "ran": true,
  "msg": "ok",
  "advantage": 1.2247165254788932,
  "beta": 67.26381515783808,
  "n_response_tokens": 2042,
  "sandbox_stdout": "Validation failed: Circle 0 at (0.09427744881263406,0.09427744881263406) r=1.0 outside unit square\nValidation failed: Circle 0 at (0.09427744881263406,0.09427744881263406) r=1.0 outside unit square\nValidation failed: Circle 0 at (0.09427744881263406,0.09427744881263406) r=0.9999999999993368 outside unit square\n",
  "parent_value": 2.3928335119262054,
  "parent_is_seed": false
}