{
  "step": 39,
  "group": 4,
  "rollout": 60,
  "reward": 2.5008415629687235,
  "valid": true,
  "parsed": true,
  "ran": true,
  "msg": "ok",
  "advantage": 2.296046870380828,
  "beta": 103.93843225541761,
  "n_response_tokens": 3082,
  "sandbox_stdout": "",
  "parent_value": 2.50145878561204,
  "parent_is_seed": false
}