{
  "step": 32,
  "group": 2,
  "rollout": 21,
  "reward": 2.407400283302705,
  "valid": true,
  "parsed": true,
  "ran": true,
  "msg": "ok",
  "advantage": 1.8197959952636795,
  "beta": 48.780520602112695,
  "n_response_tokens": 1869,
  "sandbox_stdout": "",
  "parent_value": 2.40942403179486,
  "parent_is_seed": false
}