{
  "step": 43,
  "group": 5,
  "rollout": 38,
  "reward": 2.5219229675164287,
  "valid": true,
  "parsed": true,
  "ran": true,
  "msg": "ok",
  "advantage": 1.0694730662978187,
  "beta": 464.20488523623,
  "n_response_tokens": 2654,
  "sandbox_stdout": "",
  "parent_value": 2.523896094142219,
  "parent_is_seed": false
}