{
  "step": 8,
  "group": 3,
  "rollout": 53,
  "reward": 2.058333333333333,
  "valid": true,
  "parsed": true,
  "ran": true,
  "msg": "ok",
  "advantage": 0.8717854422532478,
  "beta": 1.885936117276728,
  "n_response_tokens": 1503,
  "sandbox_stdout": "Validation failed: Circle 0 at (0.07916666666666666,0.07916666666666666) r=0.9999999999977807 outside unit square\n",
  "parent_value": 2.166666666666667,
  "parent_is_seed": false
}