{
  "step": 28,
  "group": 4,
  "rollout": 3,
  "reward": 2.3808887314090126,
  "valid": true,
  "parsed": true,
  "ran": true,
  "msg": "ok",
  "advantage": 0.9496832817975784,
  "beta": 46.64802035705313,
  "n_response_tokens": 1842,
  "sandbox_stdout": "Validation failed: Circle 0 at (0.09427744881263406,0.09427744881263406) r=0.9999999999995552 outside unit square\n",
  "parent_value": 2.3939640822977877,
  "parent_is_seed": false
}