{
  "step": 37,
  "group": 1,
  "rollout": 26,
  "reward": 2.486358504946177,
  "valid": true,
  "parsed": true,
  "ran": true,
  "msg": "ok",
  "advantage": 1.1287987161693938,
  "beta": 297.67710804837367,
  "n_response_tokens": 2634,
  "sandbox_stdout": "Genetic algorithm time: 28.3506 seconds\nRefinement time: 0.0167 seconds\n",
  "parent_value": 2.4888593497646676,
  "parent_is_seed": false
}