{
  "step": 26,
  "group": 1,
  "rollout": 24,
  "reward": 2.3483879869362445,
  "valid": true,
  "parsed": true,
  "ran": true,
  "msg": "ok",
  "advantage": -0.1519697024592449,
  "beta": 29.769776805059447,
  "n_response_tokens": 1609,
  "sandbox_stdout": "Validation failed: Circle 0 at (0.09427744881263406,0.09427744881263406) r=1.0 outside unit square\n",
  "parent_value": 2.398796531594696,
  "parent_is_seed": false
}