{
  "step": 32,
  "group": 5,
  "rollout": 20,
  "reward": 2.3720882408679866,
  "valid": true,
  "parsed": true,
  "ran": true,
  "msg": "ok",
  "advantage": -0.8150183067868615,
  "beta": 74.48559677386788,
  "n_response_tokens": 2696,
  "sandbox_stdout": "Validation failed: Circle 0 at (0.09427744881263406,0.09427744881263406) r=0.28283234643790217 outside unit square\n",
  "parent_value": 2.4085945115224545,
  "parent_is_seed": false
}