{
  "step": 33,
  "group": 7,
  "rollout": 4,
  "reward": 2.408538767244195,
  "valid": true,
  "parsed": true,
  "ran": true,
  "msg": "ok",
  "advantage": 0.1052631578393386,
  "beta": 1048576.0,
  "n_response_tokens": 2314,
  "sandbox_stdout": "Validation failed: Circle 0 at (0.0,0.0) r=1.0 outside unit square\nValidation failed: Circle 0 at (0.682480667567646,0.7672204211670653) r=0.9999999999998526 outside unit square\nValidation failed: Circle 0 at (0.09427744881263406,0.09427744881263406) r=0.999999999998481 outside unit square\nValidation failed: Circle 0 at (0.1,0.1) r=0.9999999999994376 outside unit square\n",
  "parent_value": 2.408538767244195,
  "parent_is_seed": false
}