{
  "step": 27,
  "group": 3,
  "rollout": 29,
  "reward": 0.0,
  "valid": true,
  "parsed": true,
  "ran": true,
  "msg": "ok",
  "advantage": -1.0,
  "beta": 73.13282559833468,
  "n_response_tokens": 2827,
  "sandbox_stdout": "Validation failed: Circle 0 at (0.09427744881263406,0.09427744881263406) r=0.9999999999992767 outside unit square\nValidation failed: Circle 0 at (0.5719281314948221,0.15604312952747068) r=1.0 outside unit square\nInitial layout also failed: Circles 0 and 11 overlap\nValidation failed: Circle 0 at (0.5471387244063171,0.5) r=1.0 outside unit square\nInitial layout also failed: Circles 0 and 1 overlap\nGenetic algorithm validation failed: Circle 1 at (0.07017500947564637,0.762369544303773) r=0.1 outside unit square\n",
  "parent_value": 2.391734693758117,
  "parent_is_seed": false
}