{
  "step": 31,
  "group": 0,
  "rollout": 24,
  "reward": 2.346316162798214,
  "valid": true,
  "parsed": true,
  "ran": true,
  "msg": "ok",
  "advantage": -0.9998665760196644,
  "beta": 110.24961865585313,
  "n_response_tokens": 2827,
  "sandbox_stdout": "",
  "parent_value": 2.4385612464746482,
  "parent_is_seed": false
}