{
  "step": 39,
  "group": 2,
  "rollout": 46,
  "reward": 2.517851224026045,
  "valid": true,
  "parsed": true,
  "ran": true,
  "msg": "ok",
  "advantage": -0.3225327576578598,
  "beta": 325.0414141463913,
  "n_response_tokens": 2601,
  "sandbox_stdout": "",
  "parent_value": 2.523304222083282,
  "parent_is_seed": false
}