{
  "step": 39,
  "group": 4,
  "rollout": 5,
  "reward": 2.5004878239471022,
  "valid": true,
  "parsed": true,
  "ran": true,
  "msg": "ok",
  "advantage": 2.1710725661472634,
  "beta": 103.93843225541761,
  "n_response_tokens": 3125,
  "sandbox_stdout": "",
  "parent_value": 2.50145878561204,
  "parent_is_seed": false
}