{
  "step": 38,
  "group": 1,
  "rollout": 55,
  "reward": 2.5182725303587343,
  "valid": true,
  "parsed": true,
  "ran": true,
  "msg": "ok",
  "advantage": -0.22368047317929052,
  "beta": 320.3893807517825,
  "n_response_tokens": 2406,
  "sandbox_stdout": "",
  "parent_value": 2.5242063708350924,
  "parent_is_seed": false
}