{
  "step": 32,
  "group": 5,
  "rollout": 39,
  "reward": 2.357650047779992,
  "valid": true,
  "parsed": true,
  "ran": true,
  "msg": "ok",
  "advantage": -0.937015619085962,
  "beta": 74.48559677386788,
  "n_response_tokens": 1895,
  "sandbox_stdout": "",
  "parent_value": 2.4085945115224545,
  "parent_is_seed": false
}