{
  "step": 35,
  "group": 0,
  "rollout": 9,
  "reward": 2.4667176580807713,
  "valid": true,
  "parsed": true,
  "ran": true,
  "msg": "ok",
  "advantage": -0.03205832926485508,
  "beta": 153.3765931840558,
  "n_response_tokens": 2386,
  "sandbox_stdout": "",
  "parent_value": 2.466152689236886,
  "parent_is_seed": false
}