{
  "step": 33,
  "group": 6,
  "rollout": 57,
  "reward": 2.405892125931795,
  "valid": true,
  "parsed": true,
  "ran": true,
  "msg": "ok",
  "advantage": -0.031909826896390436,
  "beta": 423.47565421723044,
  "n_response_tokens": 2594,
  "sandbox_stdout": "",
  "parent_value": 2.409029065779771,
  "parent_is_seed": false
}