{
  "step": 42,
  "group": 5,
  "rollout": 20,
  "reward": 2.521854312286459,
  "valid": true,
  "parsed": true,
  "ran": true,
  "msg": "ok",
  "advantage": 1.068885725148399,
  "beta": 468.69882870705135,
  "n_response_tokens": 2512,
  "sandbox_stdout": "",
  "parent_value": 2.523844757601604,
  "parent_is_seed": false
}