{
  "step": 29,
  "group": 6,
  "rollout": 52,
  "reward": 2.387984300542593,
  "valid": true,
  "parsed": true,
  "ran": true,
  "msg": "ok",
  "advantage": 2.4684829264039645,
  "beta": 58.02772676926796,
  "n_response_tokens": 1871,
  "sandbox_stdout": "Validation failed: Circle 0 at (0.09427744881263406,0.09427744881263406) r=0.9999999999995635 outside unit square\n",
  "parent_value": 2.3985221777051224,
  "parent_is_seed": false
}