{
  "step": 32,
  "group": 2,
  "rollout": 8,
  "reward": 2.404023470184049,
  "valid": true,
  "parsed": true,
  "ran": true,
  "msg": "ok",
  "advantage": 1.3754034282810732,
  "beta": 48.780520602112695,
  "n_response_tokens": 1817,
  "sandbox_stdout": "",
  "parent_value": 2.40942403179486,
  "parent_is_seed": false
}