{
  "step": 33,
  "group": 0,
  "rollout": 28,
  "reward": 2.405475739112256,
  "valid": true,
  "parsed": true,
  "ran": true,
  "msg": "ok",
  "advantage": -0.986801881684258,
  "beta": 164.30730108282066,
  "n_response_tokens": 3704,
  "sandbox_stdout": "",
  "parent_value": 2.4480187753059144,
  "parent_is_seed": false
}