{
  "step": 40,
  "group": 1,
  "rollout": 20,
  "reward": 2.522032600047556,
  "valid": true,
  "parsed": true,
  "ran": true,
  "msg": "ok",
  "advantage": 1.7123596234291143,
  "beta": 319.72530207938513,
  "n_response_tokens": 2501,
  "sandbox_stdout": "",
  "parent_value": 2.5239580244822952,
  "parent_is_seed": false
}