{
  "step": 11,
  "group": 7,
  "rollout": 37,
  "reward": 0.0,
  "valid": true,
  "parsed": true,
  "ran": true,
  "msg": "ok",
  "advantage": -1.0,
  "beta": 1048576.0,
  "n_response_tokens": 1931,
  "sandbox_stdout": "Validation failed: Circle 0 at (0.9999999999995659,0.9999999999995659) r=0.9999999999995659 outside unit square\nInitial layout also failed: Circle 3 at (1.1666666666666667,0.14285714285714285) r=0.0819803902718557 outside unit square\n",
  "parent_value": 2.344639161775073,
  "parent_is_seed": false
}