{
  "step": 29,
  "group": 1,
  "rollout": 49,
  "reward": 2.3925426226738646,
  "valid": true,
  "parsed": true,
  "ran": true,
  "msg": "ok",
  "advantage": 1.9657836449904629,
  "beta": 51.27841561185459,
  "n_response_tokens": 2000,
  "sandbox_stdout": "",
  "parent_value": 2.407059662662967,
  "parent_is_seed": false
}