{
  "step": 15,
  "group": 1,
  "rollout": 35,
  "reward": 2.3447877296013773,
  "valid": true,
  "parsed": true,
  "ran": true,
  "msg": "ok",
  "advantage": 0.2958408183916108,
  "beta": 82.90973925631,
  "n_response_tokens": 1916,
  "sandbox_stdout": "Validation failed: Circle 0 at (0.09837646832622685,0.09837646832622685) r=0.9999999999999784 outside unit square\nValidation failed: Circle 0 at (0.09837646832622685,0.09837646832622685) r=0.9999999999999784 outside unit square\nValidation failed: Circle 0 at (0.09837646832622685,0.09837646832622685) r=0.9999999999999784 outside unit square\nValidation failed: Circle 0 at (0.09837646832622685,0.09837646832622685) r=0.9999999999999784 outside unit square\nValidation failed: Circle 0 at (0.09837646832622685,0.09837646832622685) r=0.9999999999999784 outside unit square\n",
  "parent_value": 2.3447877296013773,
  "parent_is_seed": false
}