{
  "step": 2,
  "group": 6,
  "rollout": 57,
  "reward": 0.0,
  "valid": true,
  "parsed": true,
  "ran": true,
  "msg": "ok",
  "advantage": -0.617963572820315,
  "beta": 1.6802816933476157,
  "n_response_tokens": 2074,
  "sandbox_stdout": "Validation failed: Circle 0 at (4.373602446240561e-15,6.107696379646464e-15) r=0.9999999999997813 outside unit square\n",
  "parent_value": 1.3000000000000003,
  "parent_is_seed": false
}