{
  "step": 40,
  "group": 2,
  "rollout": 37,
  "reward": 2.5192582535356722,
  "valid": true,
  "parsed": true,
  "ran": true,
  "msg": "ok",
  "advantage": 0.061190069703825234,
  "beta": 326.88176199578004,
  "n_response_tokens": 2489,
  "sandbox_stdout": "",
  "parent_value": 2.523811099681761,
  "parent_is_seed": false
}