{
  "step": 40,
  "group": 4,
  "rollout": 20,
  "reward": 2.518897048908264,
  "valid": true,
  "parsed": true,
  "ran": true,
  "msg": "ok",
  "advantage": 0.08038311101519091,
  "beta": 276.9206129610181,
  "n_response_tokens": 2639,
  "sandbox_stdout": "",
  "parent_value": 2.523218311990641,
  "parent_is_seed": false
}