{
  "step": 33,
  "group": 3,
  "rollout": 44,
  "reward": 2.344639161775073,
  "valid": true,
  "parsed": true,
  "ran": true,
  "msg": "ok",
  "advantage": -0.9979156778970029,
  "beta": 77.5778710892348,
  "n_response_tokens": 2953,
  "sandbox_stdout": "",
  "parent_value": 2.4393664032208555,
  "parent_is_seed": false
}