{
  "step": 33,
  "group": 3,
  "rollout": 18,
  "reward": 2.421141246627762,
  "valid": true,
  "parsed": true,
  "ran": true,
  "msg": "ok",
  "advantage": -0.20219555176174842,
  "beta": 77.5778710892348,
  "n_response_tokens": 2577,
  "sandbox_stdout": "",
  "parent_value": 2.4393664032208555,
  "parent_is_seed": false
}