{
  "step": 37,
  "group": 0,
  "rollout": 27,
  "reward": 2.5144671838218144,
  "valid": true,
  "parsed": true,
  "ran": true,
  "msg": "ok",
  "advantage": -0.7080876872447337,
  "beta": 296.832253782249,
  "n_response_tokens": 2550,
  "sandbox_stdout": "",
  "parent_value": 2.5200905075486832,
  "parent_is_seed": false
}