{
  "step": 43,
  "group": 2,
  "rollout": 1,
  "reward": 2.5159204157517,
  "valid": true,
  "parsed": true,
  "ran": true,
  "msg": "ok",
  "advantage": -0.4916697459106182,
  "beta": 289.6180537368688,
  "n_response_tokens": 2706,
  "sandbox_stdout": "",
  "parent_value": 2.524092990041651,
  "parent_is_seed": false
}