{
  "step": 3,
  "group": 4,
  "rollout": 16,
  "reward": 1.6673720558371175,
  "valid": true,
  "parsed": true,
  "ran": true,
  "msg": "ok",
  "advantage": 2.2775255513467605,
  "beta": 1.530667053360624,
  "n_response_tokens": 1613,
  "sandbox_stdout": "",
  "parent_value": 1.8000000000000003,
  "parent_is_seed": false
}