{
  "step": 40,
  "group": 2,
  "rollout": 18,
  "reward": 2.5213285320053664,
  "valid": true,
  "parsed": true,
  "ran": true,
  "msg": "ok",
  "advantage": 1.1224210405035064,
  "beta": 326.88176199578004,
  "n_response_tokens": 2492,
  "sandbox_stdout": "",
  "parent_value": 2.523811099681761,
  "parent_is_seed": false
}