{
  "step": 14,
  "group": 3,
  "rollout": 60,
  "reward": 1.3000000000000003,
  "valid": true,
  "parsed": true,
  "ran": true,
  "msg": "ok",
  "advantage": -0.6856889551092356,
  "beta": 1.9033382783816553,
  "n_response_tokens": 1976,
  "sandbox_stdout": "Validation failed: Circle 1 has negative radius -4.3405611673526116e-13\n",
  "parent_value": 2.344639161775073,
  "parent_is_seed": false
}