{
  "step": 16,
  "group": 3,
  "rollout": 40,
  "reward": 0.0,
  "valid": false,
  "parsed": true,
  "ran": false,
  "msg": "run_failed: 'NoneType' object has no attribute 'shape'",
  "advantage": -1.0,
  "beta": 1048576.0,
  "n_response_tokens": 2076,
  "sandbox_stdout": "Validation failed: Circle 0 at (0.09423276493495723,0.04494942180555704) r=1.0 outside unit square\nInitial layout also failed: Circle 0 at (0.09423276493495723,0.04494942180555704) r=0.05 outside unit square\nValidation failed: Circle 0 at (0.057777132544107886,0.07965345934308318) r=1.0 outside unit square\nInitial layout also failed: Circle 3 at (0.619972325200871,0.04643531763746085) r=0.05 outside unit square\nValidation failed: Circle 0 at (0.10628606685570445,0.06612225393548243) r=1.0 outside unit square\nInitial layout also failed: Circle 2 at (0.3645940084529856,0.04022686042101688) r=0.05 outside unit square\nValidation failed: Circle 0 at (0.10493751733500221,0.11162943978673656) r=1.0 outside unit square\nInitial layout also failed: Circle 3 at (0.5702886009037146,0.047313900293481086) r=0.05 outside unit square\nValidation failed: Circle 0 at (0.10413861379925857,0.07003445463540328) r=1.0 outside unit square\nInitial layout also failed: Circle 2 at (0.4538815719427968,0.04930959589307282) r=0.05 outside unit square\n",
  "parent_value": 2.3447877296013773,
  "parent_is_seed": false
}