{
  "step": 28,
  "group": 6,
  "rollout": 46,
  "reward": 2.407059662662967,
  "valid": true,
  "parsed": true,
  "ran": true,
  "msg": "ok",
  "advantage": 6.509065440898653,
  "beta": 67.26381515783808,
  "n_response_tokens": 1743,
  "sandbox_stdout": "Validation failed: Circle 0 at (0.09427744881263406,0.09427744881263406) r=0.9999999999993083 outside unit square\n",
  "parent_value": 2.3928335119262054,
  "parent_is_seed": false
}