{
  "step": 24,
  "group": 0,
  "rollout": 61,
  "reward": 0.0,
  "valid": true,
  "parsed": true,
  "ran": true,
  "msg": "ok",
  "advantage": -1.0,
  "beta": 1048576.0,
  "n_response_tokens": 2357,
  "sandbox_stdout": "Validation failed: Circle 0 at (0.22553355540891162,0.22553355540891162) r=1.0 outside unit square\nInitial layout also failed: Circle 12 has negative radius -0.006804708968682682\nValidation failed: Circle 0 at (0.22553355540891162,0.22553355540891162) r=1.0 outside unit square\nInitial layout also failed: Circle 12 has negative radius -0.006804708968682682\nValidation failed: Circle 0 at (0.22553355540891162,0.22553355540891162) r=1.0 outside unit square\nInitial layout also failed: Circle 12 has negative radius -0.006804708968682682\nValidation failed: Circle 0 at (0.22553355540891162,0.22553355540891162) r=1.0 outside unit square\nInitial layout also failed: Circle 12 has negative radius -0.006804708968682682\nValidation failed: Circle 0 at (0.22553355540891162,0.22553355540891162) r=1.0 outside unit square\nInitial layout also failed: Circle 12 has negative radius -0.006804708968682682\nValidation failed: Circle 0 at (0.22553355540891162,0.22553355540891162) r=1.0 outside unit square\nInitial layout also failed: Circle 12 has negative radius -0.006804708968682682\nValidation failed: Circle 0 at (0.22553355540891162,0.22553355540891162) r=1.0 outside unit square\nInitial layout also failed: Circle 12 has negative radius -0.006804708968682682\nValidation failed: Circle 0 at (0.22553355540891162,0.22553355540891162) r=1.0 outside unit square\nInitial layout also failed: Circle 12 has negative radius -0.006804708968682682\nValidation failed: Circle 0 at (0.22553355540891162,0.22553355540891162) r=1.0 outside unit square\nInitial layout also failed: Circle 12 has negative radius -0.006804708968682682\nValidation failed: Circle 0 at (0.22553355540891162,0.22553355540891162) r=1.0 outside unit square\nInitial layout also failed: Circle 12 has negative radius -0.006804708968682682\n",
  "parent_value": 2.3720882408679866,
  "parent_is_seed": false
}