{
  "step": 41,
  "group": 2,
  "rollout": 55,
  "reward": 2.5222082705926603,
  "valid": true,
  "parsed": true,
  "ran": true,
  "msg": "ok",
  "advantage": 1.6447885530201694,
  "beta": 362.5792625418703,
  "n_response_tokens": 2715,
  "sandbox_stdout": "",
  "parent_value": 2.5241510853647955,
  "parent_is_seed": false
}