{
  "step": 33,
  "group": 6,
  "rollout": 49,
  "reward": 2.4052369675749103,
  "valid": true,
  "parsed": true,
  "ran": true,
  "msg": "ok",
  "advantage": -0.26918122736365624,
  "beta": 423.47565421723044,
  "n_response_tokens": 2800,
  "sandbox_stdout": "",
  "parent_value": 2.409029065779771,
  "parent_is_seed": false
}