{
  "step": 38,
  "group": 4,
  "rollout": 51,
  "reward": 2.4834177568338065,
  "valid": true,
  "parsed": true,
  "ran": true,
  "msg": "ok",
  "advantage": -0.025157003673900724,
  "beta": 319.9463200010128,
  "n_response_tokens": 2684,
  "sandbox_stdout": "Genetic algorithm time: 28.6799 seconds\nRefinement time: 0.0071 seconds\n",
  "parent_value": 2.487361741061314,
  "parent_is_seed": false
}