{
  "step": 1,
  "group": 4,
  "rollout": 16,
  "reward": 0.0,
  "valid": true,
  "parsed": true,
  "ran": true,
  "msg": "ok",
  "advantage": -0.3606970189221158,
  "beta": 1.880182635295622,
  "n_response_tokens": 1460,
  "sandbox_stdout": "Validation failed: Circle 0 at (3.874683506267198e-13,1.8921184380334535e-14) r=1.0 outside unit square\nInitial layout also failed: Circle 0 at (0.0,0.0) r=0.05773502691896258 outside unit square\n",
  "parent_value": 0.0,
  "parent_is_seed": false
}