{
  "step": 4,
  "group": 6,
  "rollout": 19,
  "reward": 0.52,
  "valid": true,
  "parsed": true,
  "ran": true,
  "msg": "ok",
  "advantage": -0.5930756354442854,
  "beta": 1.3941098011735826,
  "n_response_tokens": 1753,
  "sandbox_stdout": "Validation failed: Circle 0 at (0.10079386953808742,0.08989217969088802) r=1.0 outside unit square\n",
  "parent_value": 1.9499999999999997,
  "parent_is_seed": false
}