{
  "step": 43,
  "group": 5,
  "rollout": 53,
  "reward": 2.519618535566392,
  "valid": true,
  "parsed": true,
  "ran": true,
  "msg": "ok",
  "advantage": -0.3049582370616908,
  "beta": 464.20488523623,
  "n_response_tokens": 2590,
  "sandbox_stdout": "",
  "parent_value": 2.523896094142219,
  "parent_is_seed": false
}