{
  "step": 32,
  "group": 2,
  "rollout": 61,
  "reward": 2.3887457165798005,
  "valid": true,
  "parsed": true,
  "ran": true,
  "msg": "ok",
  "advantage": 0.10549647025745079,
  "beta": 48.780520602112695,
  "n_response_tokens": 2031,
  "sandbox_stdout": "Validation failed: Circle 0 at (0.07619772536240173,0.0761977253624022) r=0.07619772536340347 outside unit square\n",
  "parent_value": 2.40942403179486,
  "parent_is_seed": false
}