{
  "step": 40,
  "group": 3,
  "rollout": 47,
  "reward": 2.5170467082572703,
  "valid": true,
  "parsed": true,
  "ran": true,
  "msg": "ok",
  "advantage": -0.3717771979722069,
  "beta": 273.5942843002625,
  "n_response_tokens": 2746,
  "sandbox_stdout": "",
  "parent_value": 2.523369515512039,
  "parent_is_seed": false
}