{
  "step": 37,
  "group": 3,
  "rollout": 63,
  "reward": 2.466732844470107,
  "valid": true,
  "parsed": true,
  "ran": true,
  "msg": "ok",
  "advantage": -0.20142992688415007,
  "beta": 231.2679763796472,
  "n_response_tokens": 2390,
  "sandbox_stdout": "",
  "parent_value": 2.4675285817951207,
  "parent_is_seed": false
}