{
  "step": 35,
  "group": 6,
  "rollout": 39,
  "reward": 2.336591212391644,
  "valid": true,
  "parsed": true,
  "ran": true,
  "msg": "ok",
  "advantage": -0.8956757422175934,
  "beta": 32.37257457965321,
  "n_response_tokens": 1823,
  "sandbox_stdout": "",
  "parent_value": 2.4440379903523293,
  "parent_is_seed": false
}