{
  "step": 31,
  "group": 1,
  "rollout": 24,
  "reward": 2.3942665701953727,
  "valid": true,
  "parsed": true,
  "ran": true,
  "msg": "ok",
  "advantage": -0.019941574296807207,
  "beta": 79.37787019275669,
  "n_response_tokens": 1877,
  "sandbox_stdout": "",
  "parent_value": 2.408021928232649,
  "parent_is_seed": false
}