{
  "step": 18,
  "group": 1,
  "rollout": 46,
  "reward": 2.3720882408679858,
  "valid": true,
  "parsed": true,
  "ran": true,
  "msg": "ok",
  "advantage": 0.21153846040866076,
  "beta": 1048576.0,
  "n_response_tokens": 1820,
  "sandbox_stdout": "Validation failed: Circle 0 at (0.09427744881263406,0.09427744881263406) r=0.9999999999992144 outside unit square\n",
  "parent_value": 2.3720882408679866,
  "parent_is_seed": false
}