{
  "step": 35,
  "group": 0,
  "rollout": 10,
  "reward": 2.4670278519316646,
  "valid": true,
  "parsed": true,
  "ran": true,
  "msg": "ok",
  "advantage": 0.01586650247237742,
  "beta": 153.3765931840558,
  "n_response_tokens": 2421,
  "sandbox_stdout": "",
  "parent_value": 2.466152689236886,
  "parent_is_seed": false
}