{
  "step": 39,
  "group": 5,
  "rollout": 9,
  "reward": 2.4884010186791787,
  "valid": true,
  "parsed": true,
  "ran": true,
  "msg": "ok",
  "advantage": 0.005334735219008513,
  "beta": 134.63200230371572,
  "n_response_tokens": 3096,
  "sandbox_stdout": "",
  "parent_value": 2.500820281852586,
  "parent_is_seed": false
}