{
  "step": 40,
  "group": 6,
  "rollout": 45,
  "reward": 2.5190886662123586,
  "valid": true,
  "parsed": true,
  "ran": true,
  "msg": "ok",
  "advantage": -0.08881455981911146,
  "beta": 314.25280416101583,
  "n_response_tokens": 2651,
  "sandbox_stdout": "",
  "parent_value": 2.5231155112640264,
  "parent_is_seed": false
}