{
  "step": 38,
  "group": 1,
  "rollout": 27,
  "reward": 2.516499011283284,
  "valid": true,
  "parsed": true,
  "ran": true,
  "msg": "ok",
  "advantage": -0.5625246572172843,
  "beta": 320.3893807517825,
  "n_response_tokens": 2568,
  "sandbox_stdout": "",
  "parent_value": 2.5242063708350924,
  "parent_is_seed": false
}