{
  "step": 42,
  "group": 0,
  "rollout": 57,
  "reward": 2.517719199851203,
  "valid": true,
  "parsed": true,
  "ran": true,
  "msg": "ok",
  "advantage": -0.013894435548873707,
  "beta": 242.27491650058167,
  "n_response_tokens": 2674,
  "sandbox_stdout": "",
  "parent_value": 2.524262390113781,
  "parent_is_seed": false
}