{
  "step": 39,
  "group": 4,
  "rollout": 14,
  "reward": 2.4738259235563542,
  "valid": true,
  "parsed": true,
  "ran": true,
  "msg": "ok",
  "advantage": -0.8104743849117273,
  "beta": 103.93843225541761,
  "n_response_tokens": 3337,
  "sandbox_stdout": "",
  "parent_value": 2.50145878561204,
  "parent_is_seed": false
}