{
  "step": 36,
  "group": 5,
  "rollout": 50,
  "reward": 2.4459449495708894,
  "valid": true,
  "parsed": true,
  "ran": true,
  "msg": "ok",
  "advantage": -0.28138248691058365,
  "beta": 126.17859470036484,
  "n_response_tokens": 2559,
  "sandbox_stdout": "",
  "parent_value": 2.4572112839785953,
  "parent_is_seed": false
}