{
  "step": 43,
  "group": 0,
  "rollout": 63,
  "reward": 2.523124157729582,
  "valid": true,
  "parsed": true,
  "ran": true,
  "msg": "ok",
  "advantage": 1.9529522980464957,
  "beta": 421.7262199114717,
  "n_response_tokens": 2597,
  "sandbox_stdout": "",
  "parent_value": 2.524152134844358,
  "parent_is_seed": false
}