{
  "step": 28,
  "group": 3,
  "rollout": 24,
  "reward": 2.364465645584625,
  "valid": true,
  "parsed": true,
  "ran": true,
  "msg": "ok",
  "advantage": -0.4348849109139894,
  "beta": 74.96006675868387,
  "n_response_tokens": 1639,
  "sandbox_stdout": "Validation failed: Circle 0 at (0.09427744881263406,0.09427744881263406) r=1.0 outside unit square\n",
  "parent_value": 2.3940700736786615,
  "parent_is_seed": false
}