{
  "step": 36,
  "group": 7,
  "rollout": 63,
  "reward": 2.4530792808400723,
  "valid": true,
  "parsed": true,
  "ran": true,
  "msg": "ok",
  "advantage": 0.46132781650468346,
  "beta": 162.45529414173203,
  "n_response_tokens": 2608,
  "sandbox_stdout": "",
  "parent_value": 2.454851833591337,
  "parent_is_seed": false
}