{
  "step": 44,
  "group": 2,
  "rollout": 20,
  "reward": 2.5224369915281337,
  "valid": true,
  "parsed": true,
  "ran": true,
  "msg": "ok",
  "advantage": -0.5261186263443883,
  "beta": 980.6299855428642,
  "n_response_tokens": 2615,
  "sandbox_stdout": "",
  "parent_value": 2.524041847989503,
  "parent_is_seed": false
}