{
  "step": 3,
  "group": 5,
  "rollout": 42,
  "reward": 1.5028856829700266,
  "valid": true,
  "parsed": true,
  "ran": true,
  "msg": "ok",
  "advantage": 1.6437725205749643,
  "beta": 1.784461241899415,
  "n_response_tokens": 1369,
  "sandbox_stdout": "",
  "parent_value": 1.8000000000000003,
  "parent_is_seed": false
}