{
  "step": 14,
  "group": 7,
  "rollout": 47,
  "reward": 2.3218350942410177,
  "valid": true,
  "parsed": true,
  "ran": true,
  "msg": "ok",
  "advantage": -1.0,
  "beta": 1048576.0,
  "n_response_tokens": 2163,
  "sandbox_stdout": "Validation failed: Circle 0 at (0.08930134977850068,0.08930134977850068) r=1.0 outside unit square\n",
  "parent_value": 2.344639161775073,
  "parent_is_seed": false
}