{
  "step": 30,
  "group": 7,
  "rollout": 32,
  "reward": 2.3434522310956423,
  "valid": true,
  "parsed": true,
  "ran": true,
  "msg": "ok",
  "advantage": -0.8393085151167735,
  "beta": 62.18499164497457,
  "n_response_tokens": 2036,
  "sandbox_stdout": "Validation failed: Circle 0 at (0.09427744881263406,0.09427744881263406) r=1.0 outside unit square\n",
  "parent_value": 2.4006060637964026,
  "parent_is_seed": false
}