{
  "step": 34,
  "group": 3,
  "rollout": 46,
  "reward": 2.414095763189444,
  "valid": true,
  "parsed": true,
  "ran": true,
  "msg": "ok",
  "advantage": -0.8561107018165259,
  "beta": 123.81122692443421,
  "n_response_tokens": 2683,
  "sandbox_stdout": "",
  "parent_value": 2.441239966148949,
  "parent_is_seed": false
}