{
  "step": 43,
  "group": 5,
  "rollout": 46,
  "reward": 2.5217309102126424,
  "valid": true,
  "parsed": true,
  "ran": true,
  "msg": "ok",
  "advantage": 0.8876679004287977,
  "beta": 464.20488523623,
  "n_response_tokens": 2489,
  "sandbox_stdout": "",
  "parent_value": 2.523896094142219,
  "parent_is_seed": false
}