{
  "step": 36,
  "group": 5,
  "rollout": 47,
  "reward": 2.4515014220952076,
  "valid": true,
  "parsed": true,
  "ran": true,
  "msg": "ok",
  "advantage": 0.46570814088219836,
  "beta": 126.17859470036484,
  "n_response_tokens": 2613,
  "sandbox_stdout": "",
  "parent_value": 2.4572112839785953,
  "parent_is_seed": false
}