{
  "step": 31,
  "group": 7,
  "rollout": 49,
  "reward": 0.0,
  "valid": true,
  "parsed": true,
  "ran": true,
  "msg": "ok",
  "advantage": -1.0,
  "beta": 61.96453885537716,
  "n_response_tokens": 2461,
  "sandbox_stdout": "Validation failed: Circle 0 at (0.09427744881263406,0.09427744881263406) r=0.9999999999996931 outside unit square\nValidation failed: Circle 0 at (0.12676398278162707,0.4328624675599401) r=1.0 outside unit square\nValidation failed: Circle 0 at (0.09427744881263406,0.09427744881263406) r=0.9999999999991596 outside unit square\n",
  "parent_value": 2.4005731732861455,
  "parent_is_seed": false
}