{
  "step": 26,
  "group": 0,
  "rollout": 55,
  "reward": 2.366362564439054,
  "valid": true,
  "parsed": true,
  "ran": true,
  "msg": "ok",
  "advantage": 0.23812540739842558,
  "beta": 45.27851299194755,
  "n_response_tokens": 1784,
  "sandbox_stdout": "Validation failed: Circle 0 at (0.09427744881263406,0.09427744881263406) r=0.9999999999996972 outside unit square\n",
  "parent_value": 2.405841351161923,
  "parent_is_seed": false
}