{
  "step": 32,
  "group": 2,
  "rollout": 50,
  "reward": 2.403332783580228,
  "valid": true,
  "parsed": true,
  "ran": true,
  "msg": "ok",
  "advantage": 1.2938389801628425,
  "beta": 48.780520602112695,
  "n_response_tokens": 2049,
  "sandbox_stdout": "",
  "parent_value": 2.40942403179486,
  "parent_is_seed": false
}