{
  "step": 41,
  "group": 1,
  "rollout": 57,
  "reward": 2.5203952537441854,
  "valid": true,
  "parsed": true,
  "ran": true,
  "msg": "ok",
  "advantage": 0.22565451921235224,
  "beta": 375.67299616790206,
  "n_response_tokens": 2706,
  "sandbox_stdout": "",
  "parent_value": 2.52421897174333,
  "parent_is_seed": false
}