{
  "step": 35,
  "group": 0,
  "rollout": 35,
  "reward": 2.466807290391801,
  "valid": true,
  "parsed": true,
  "ran": true,
  "msg": "ok",
  "advantage": -0.01845091142413846,
  "beta": 153.3765931840558,
  "n_response_tokens": 2490,
  "sandbox_stdout": "",
  "parent_value": 2.466152689236886,
  "parent_is_seed": false
}