{
  "step": 36,
  "group": 1,
  "rollout": 47,
  "reward": 2.4664366953303776,
  "valid": true,
  "parsed": true,
  "ran": true,
  "msg": "ok",
  "advantage": -0.8692407802148142,
  "beta": 3010.227299270278,
  "n_response_tokens": 2463,
  "sandbox_stdout": "",
  "parent_value": 2.4675276245824294,
  "parent_is_seed": false
}