{
  "step": 37,
  "group": 7,
  "rollout": 28,
  "reward": 2.372693811610047,
  "valid": true,
  "parsed": true,
  "ran": true,
  "msg": "ok",
  "advantage": -0.9999999715393963,
  "beta": 200.9646541332198,
  "n_response_tokens": 2552,
  "sandbox_stdout": "",
  "parent_value": 2.4627348159864586,
  "parent_is_seed": false
}