{
  "step": 29,
  "group": 4,
  "rollout": 34,
  "reward": 2.393779431588108,
  "valid": true,
  "parsed": true,
  "ran": true,
  "msg": "ok",
  "advantage": 2.8635671987523676,
  "beta": 41.21983194713025,
  "n_response_tokens": 1734,
  "sandbox_stdout": "Validation failed: Circle 0 at (0.09427744881263406,0.09427744881263406) r=1.0 outside unit square\n",
  "parent_value": 2.400734826940068,
  "parent_is_seed": false
}