{
  "step": 42,
  "group": 1,
  "rollout": 50,
  "reward": 2.519161558228981,
  "valid": true,
  "parsed": true,
  "ran": true,
  "msg": "ok",
  "advantage": -0.27211361992617134,
  "beta": 422.8887557340278,
  "n_response_tokens": 2793,
  "sandbox_stdout": "",
  "parent_value": 2.5239718953942227,
  "parent_is_seed": false
}