{
  "step": 20,
  "group": 6,
  "rollout": 9,
  "reward": 0.0,
  "valid": true,
  "parsed": true,
  "ran": true,
  "msg": "ok",
  "advantage": -1.0,
  "beta": 1048576.0,
  "n_response_tokens": 2794,
  "sandbox_stdout": "Validation failed: Circle 0 at (0.06884023754919379,0.11784878475946295) r=0.9999999999992123 outside unit square\nInitial layout also failed: Circles 3 and 7 overlap\nValidation failed: Circle 0 at (0.11618509402734936,0.04603108792480479) r=0.999999999998887 outside unit square\nInitial layout also failed: Circles 5 and 11 overlap\nValidation failed: Circle 0 at (0.10275146658464611,0.10173695966995039) r=0.9999999999986051 outside unit square\nInitial layout also failed: Circles 4 and 8 overlap\nValidation failed: Circle 0 at (0.09788168530283874,0.12607454730633028) r=0.9999999999989035 outside unit square\nInitial layout also failed: Circles 2 and 7 overlap\nValidation failed: Circle 0 at (0.05171080270127973,0.1069965541360293) r=1.0 outside unit square\nInitial layout also failed: Circles 1 and 5 overlap\nValidation failed: Circle 0 at (0.09475728166073666,0.11131946127112606) r=1.0 outside unit square\nInitial layout also failed: Circles 0 and 5 overlap\nValidation failed: Circle 0 at (0.05015901875373303,0.12568519879014928) r=0.9999999999998694 outside unit square\nInitial layout also failed: Circles 1 and 6 overlap\nValidation failed: Circle 0 at (0.12200773434736548,0.04941689891602705) r=0.9999999999999213 outside unit square\nInitial layout also failed: Circles 2 and 3 overlap\nValidation failed: Circle 0 at (0.13917286242351945,0.07363364956697414) r=1.0 outside unit square\nInitial layout also failed: Circles 0 and 1 overlap\nValidation failed: Circle 0 at (0.05462686917922795,0.14337434230227225) r=1.0 outside unit square\nInitial layout also failed: Circles 1 and 6 overlap\nValidation failed: Circle 0 at (0.143939532957947,0.13381525313065157) r=0.9999999999985997 outside unit square\nInitial layout also failed: Circles 0 and 1 overlap\nValidation failed: Circle 0 at (0.06622233498615412,0.0993018270227089) r=1.0 outside unit square\nInitial layout also failed: Circles 1 and 2 overlap\nValidation failed: Circle 0 at (0.1358351283359208,0.09771955705927796) r=1.0 outside u",
  "parent_value": 2.3720882408679866,
  "parent_is_seed": false
}