{
  "step": 34,
  "group": 3,
  "rollout": 13,
  "reward": 2.436022941569071,
  "valid": true,
  "parsed": true,
  "ran": true,
  "msg": "ok",
  "advantage": 1.2453432785370584,
  "beta": 123.81122692443421,
  "n_response_tokens": 2596,
  "sandbox_stdout": "",
  "parent_value": 2.441239966148949,
  "parent_is_seed": false
}