{
  "step": 41,
  "group": 2,
  "rollout": 51,
  "reward": 2.5237509837340886,
  "valid": true,
  "parsed": true,
  "ran": true,
  "msg": "ok",
  "advantage": 3.7775081317600065,
  "beta": 362.5792625418703,
  "n_response_tokens": 2682,
  "sandbox_stdout": "",
  "parent_value": 2.5241510853647955,
  "parent_is_seed": false
}