{
  "step": 8,
  "group": 1,
  "rollout": 45,
  "reward": 0.0,
  "valid": true,
  "parsed": true,
  "ran": true,
  "msg": "ok",
  "advantage": -0.9783120113945946,
  "beta": 1.9481794770313703,
  "n_response_tokens": 1644,
  "sandbox_stdout": "Validation failed: Circle 0 at (0.9999999817997879,0.9998754335936209) r=0.9999999969625529 outside unit square\nInitial layout also failed: Circles 4 and 5 overlap\n",
  "parent_value": 2.344639161775073,
  "parent_is_seed": false
}