{
  "step": 34,
  "group": 2,
  "rollout": 32,
  "reward": 2.4415303283663716,
  "valid": true,
  "parsed": true,
  "ran": true,
  "msg": "ok",
  "advantage": -0.23542012179610583,
  "beta": 152.50479158414757,
  "n_response_tokens": 2483,
  "sandbox_stdout": "",
  "parent_value": 2.443236410465048,
  "parent_is_seed": false
}