{
  "step": 23,
  "group": 2,
  "rollout": 29,
  "reward": 0.0,
  "valid": true,
  "parsed": true,
  "ran": true,
  "msg": "ok",
  "advantage": -1.0,
  "beta": 1048576.0,
  "n_response_tokens": 2605,
  "sandbox_stdout": "Validation failed: Circle 0 at (0.09427744881263406,0.09427744881263406) r=0.9999999999996784 outside unit square\nInitial layout also failed: Circle 23 at (0.09427744881263406,0.09427744881263406) r=0.0958703093115062 outside unit square\n",
  "parent_value": 2.3720882408679866,
  "parent_is_seed": false
}