{
  "step": 28,
  "group": 5,
  "rollout": 9,
  "reward": 2.3738702599806247,
  "valid": true,
  "parsed": true,
  "ran": true,
  "msg": "ok",
  "advantage": 0.13104071158028252,
  "beta": 47.97169499516786,
  "n_response_tokens": 1933,
  "sandbox_stdout": "Validation failed: Circle 0 at (0.09427744881263406,0.09427744881263406) r=1.0 outside unit square\n",
  "parent_value": 2.3934249693942884,
  "parent_is_seed": false
}