{
  "step": 39,
  "group": 5,
  "rollout": 44,
  "reward": 2.478980576399371,
  "valid": true,
  "parsed": true,
  "ran": true,
  "msg": "ok",
  "advantage": -0.7203945558365628,
  "beta": 134.63200230371572,
  "n_response_tokens": 3445,
  "sandbox_stdout": "",
  "parent_value": 2.500820281852586,
  "parent_is_seed": false
}