{
  "step": 36,
  "group": 5,
  "rollout": 22,
  "reward": 2.449615580927019,
  "valid": true,
  "parsed": true,
  "ran": true,
  "msg": "ok",
  "advantage": 0.14966565263301246,
  "beta": 126.17859470036484,
  "n_response_tokens": 2628,
  "sandbox_stdout": "",
  "parent_value": 2.4572112839785953,
  "parent_is_seed": false
}