{
  "step": 5,
  "group": 7,
  "rollout": 35,
  "reward": 0.52,
  "valid": true,
  "parsed": true,
  "ran": true,
  "msg": "ok",
  "advantage": -0.8984235678414085,
  "beta": 1.923618324618169,
  "n_response_tokens": 1736,
  "sandbox_stdout": "Validation failed: Circle 0 at (0.8333333333333333,0.7142857142857142) r=0.9999999999993106 outside unit square\n",
  "parent_value": 2.1314901470682486,
  "parent_is_seed": false
}