{
  "step": 39,
  "group": 3,
  "rollout": 42,
  "reward": 2.521829123914981,
  "valid": true,
  "parsed": true,
  "ran": true,
  "msg": "ok",
  "advantage": 1.008578133833153,
  "beta": 426.38284748588586,
  "n_response_tokens": 2535,
  "sandbox_stdout": "",
  "parent_value": 2.52329559660863,
  "parent_is_seed": false
}