{
  "step": 26,
  "group": 1,
  "rollout": 3,
  "reward": 2.389859045199301,
  "valid": true,
  "parsed": true,
  "ran": true,
  "msg": "ok",
  "advantage": 2.0134891765205176,
  "beta": 29.769776805059447,
  "n_response_tokens": 2217,
  "sandbox_stdout": "Validation failed: Circle 0 at (0.09427744881263406,0.09427744881263406) r=0.9999999999999718 outside unit square\n",
  "parent_value": 2.398796531594696,
  "parent_is_seed": false
}