{
  "step": 28,
  "group": 3,
  "rollout": 25,
  "reward": 0.0,
  "valid": true,
  "parsed": true,
  "ran": true,
  "msg": "ok",
  "advantage": -1.0,
  "beta": 74.96006675868387,
  "n_response_tokens": 1645,
  "sandbox_stdout": "Validation failed: Circle 0 at (0.24295980758841862,0.7514352363361435) r=0.9999999999997724 outside unit square\nInitial layout also failed: Circles 0 and 2 overlap\n",
  "parent_value": 2.3940700736786615,
  "parent_is_seed": false
}