{
  "step": 29,
  "group": 3,
  "rollout": 18,
  "reward": 2.4008921664612775,
  "valid": true,
  "parsed": true,
  "ran": true,
  "msg": "ok",
  "advantage": 1.6402545704708626,
  "beta": 49.76737662183935,
  "n_response_tokens": 2044,
  "sandbox_stdout": "",
  "parent_value": 2.4020765974234912,
  "parent_is_seed": false
}