{
  "step": 31,
  "group": 4,
  "rollout": 31,
  "reward": 2.402857168601776,
  "valid": true,
  "parsed": true,
  "ran": true,
  "msg": "ok",
  "advantage": 5.08140680137983,
  "beta": 52.25478434319666,
  "n_response_tokens": 2047,
  "sandbox_stdout": "Validation failed: Circle 0 at (0.09427744881263406,0.09427744881263406) r=0.9999999999997877 outside unit square\n",
  "parent_value": 2.404303731129218,
  "parent_is_seed": false
}