{
  "step": 27,
  "group": 0,
  "rollout": 34,
  "reward": 2.357716884021788,
  "valid": true,
  "parsed": true,
  "ran": true,
  "msg": "ok",
  "advantage": -0.6149304177251484,
  "beta": 66.96339010855222,
  "n_response_tokens": 2065,
  "sandbox_stdout": "Validation failed: Circle 0 at (0.09427744881263406,0.09427744881263406) r=0.999999999999251 outside unit square\n",
  "parent_value": 2.3959331394937955,
  "parent_is_seed": false
}