{
  "step": 33,
  "group": 0,
  "rollout": 36,
  "reward": 2.4413388390106956,
  "valid": true,
  "parsed": true,
  "ran": true,
  "msg": "ok",
  "advantage": 4.173782317164023,
  "beta": 164.30730108282066,
  "n_response_tokens": 2394,
  "sandbox_stdout": "",
  "parent_value": 2.4480187753059144,
  "parent_is_seed": false
}