{
  "step": 35,
  "group": 3,
  "rollout": 55,
  "reward": 2.442018790428084,
  "valid": true,
  "parsed": true,
  "ran": true,
  "msg": "ok",
  "advantage": -0.2223017037606838,
  "beta": 143.7215340298376,
  "n_response_tokens": 2501,
  "sandbox_stdout": "",
  "parent_value": 2.4542608554238403,
  "parent_is_seed": false
}