{
  "step": 30,
  "group": 0,
  "rollout": 30,
  "reward": 2.3959727609931813,
  "valid": true,
  "parsed": true,
  "ran": true,
  "msg": "ok",
  "advantage": 3.8749792950968,
  "beta": 79.14906656164504,
  "n_response_tokens": 1803,
  "sandbox_stdout": "Validation failed: Circle 0 at (0.9999925107336529,0.9958965432558258) r=1.0 outside unit square\n",
  "parent_value": 2.4090704916247114,
  "parent_is_seed": false
}