{
  "step": 34,
  "group": 5,
  "rollout": 54,
  "reward": 2.4307207381266274,
  "valid": true,
  "parsed": true,
  "ran": true,
  "msg": "ok",
  "advantage": 0.02364939807812072,
  "beta": 85.19461535170244,
  "n_response_tokens": 2473,
  "sandbox_stdout": "",
  "parent_value": 2.4406261751436102,
  "parent_is_seed": false
}