{
  "step": 11,
  "group": 6,
  "rollout": 38,
  "reward": 2.344639161775073,
  "valid": true,
  "parsed": true,
  "ran": true,
  "msg": "ok",
  "advantage": 1.1928054853534982,
  "beta": 1.9454491459631709,
  "n_response_tokens": 2254,
  "sandbox_stdout": "Validation failed: Circles 0 and 1 overlap\n",
  "parent_value": 2.344639161775073,
  "parent_is_seed": false
}