{
  "step": 36,
  "group": 1,
  "rollout": 45,
  "reward": 2.467200801404322,
  "valid": true,
  "parsed": true,
  "ran": true,
  "msg": "ok",
  "advantage": 0.3291505603168021,
  "beta": 3010.227299270278,
  "n_response_tokens": 2372,
  "sandbox_stdout": "",
  "parent_value": 2.4675276245824294,
  "parent_is_seed": false
}