{
  "step": 36,
  "group": 6,
  "rollout": 57,
  "reward": 2.433074951840153,
  "valid": true,
  "parsed": true,
  "ran": true,
  "msg": "ok",
  "advantage": -0.8810141113472604,
  "beta": 187.02522203465082,
  "n_response_tokens": 2484,
  "sandbox_stdout": "",
  "parent_value": 2.4552048906625803,
  "parent_is_seed": false
}