{
  "step": 29,
  "group": 3,
  "rollout": 54,
  "reward": 2.389977812813374,
  "valid": true,
  "parsed": true,
  "ran": true,
  "msg": "ok",
  "advantage": 0.5072473298288931,
  "beta": 49.76737662183935,
  "n_response_tokens": 2108,
  "sandbox_stdout": "",
  "parent_value": 2.4020765974234912,
  "parent_is_seed": false
}