{
  "step": 1,
  "group": 6,
  "rollout": 28,
  "reward": 0.0,
  "valid": false,
  "parsed": true,
  "ran": true,
  "msg": "Circle 2 has negative radius -4.220202534966507e-10",
  "advantage": -0.37718735623949273,
  "beta": 4.118301975266462,
  "n_response_tokens": 1302,
  "sandbox_stdout": "Total sum of radii: 3.558847529766579e-10\n",
  "parent_value": 0.0,
  "parent_is_seed": false
}