{
  "step": 38,
  "group": 5,
  "rollout": 8,
  "reward": 2.4857157290257517,
  "valid": true,
  "parsed": true,
  "ran": true,
  "msg": "ok",
  "advantage": 18.009254511297083,
  "beta": 19379.226040915244,
  "n_response_tokens": 2540,
  "sandbox_stdout": "",
  "parent_value": 2.485581128516009,
  "parent_is_seed": false
}