{
  "step": 28,
  "group": 0,
  "rollout": 39,
  "reward": 2.3670666864854373,
  "valid": true,
  "parsed": true,
  "ran": true,
  "msg": "ok",
  "advantage": 0.18593652800218496,
  "beta": 55.22328552121206,
  "n_response_tokens": 1856,
  "sandbox_stdout": "Validation failed: Circle 0 at (0.09427744881263406,0.09427744881263406) r=0.9999999999992273 outside unit square\n",
  "parent_value": 2.403477911769514,
  "parent_is_seed": false
}