{
  "step": 41,
  "group": 4,
  "rollout": 46,
  "reward": 2.523186080762972,
  "valid": true,
  "parsed": true,
  "ran": true,
  "msg": "ok",
  "advantage": 2.8241938638891235,
  "beta": 400.04051307957127,
  "n_response_tokens": 2537,
  "sandbox_stdout": "",
  "parent_value": 2.524005778865525,
  "parent_is_seed": false
}