{
  "step": 5,
  "group": 5,
  "rollout": 27,
  "reward": 0.0,
  "valid": true,
  "parsed": true,
  "ran": true,
  "msg": "ok",
  "advantage": -1.0,
  "beta": 90073.17400282042,
  "n_response_tokens": 2026,
  "sandbox_stdout": "Validation failed: Circle 0 at (0.7569784079134422,0.5805977017451475) r=0.9999999999999893 outside unit square\nInitial layout also failed: Circle 7 at (0.946897270863546,0.17944702237417542) r=0.09164536801400308 outside unit square\n",
  "parent_value": 2.1500210936053263,
  "parent_is_seed": false
}