{
  "step": 42,
  "group": 7,
  "rollout": 7,
  "reward": 2.5167651290066955,
  "valid": true,
  "parsed": true,
  "ran": true,
  "msg": "ok",
  "advantage": -0.4843340236711222,
  "beta": 274.4051629412084,
  "n_response_tokens": 2631,
  "sandbox_stdout": "",
  "parent_value": 2.5237126324803065,
  "parent_is_seed": false
}