{
  "step": 35,
  "group": 0,
  "rollout": 12,
  "reward": 2.3129170451200736,
  "valid": true,
  "parsed": true,
  "ran": true,
  "msg": "ok",
  "advantage": -0.9999999999457406,
  "beta": 153.3765931840558,
  "n_response_tokens": 2467,
  "sandbox_stdout": "",
  "parent_value": 2.466152689236886,
  "parent_is_seed": false
}