{
  "step": 32,
  "group": 2,
  "rollout": 40,
  "reward": 2.3910799798343145,
  "valid": true,
  "parsed": true,
  "ran": true,
  "msg": "ok",
  "advantage": 0.24144947626194835,
  "beta": 48.780520602112695,
  "n_response_tokens": 1477,
  "sandbox_stdout": "Validation failed: Circle 0 at (0.8093909923990287,0.6092936159311202) r=1.0 outside unit square\n",
  "parent_value": 2.40942403179486,
  "parent_is_seed": false
}