{
  "step": 36,
  "group": 5,
  "rollout": 31,
  "reward": 2.449302805143108,
  "valid": true,
  "parsed": true,
  "ran": true,
  "msg": "ok",
  "advantage": 0.10439716649673669,
  "beta": 126.17859470036484,
  "n_response_tokens": 2542,
  "sandbox_stdout": "",
  "parent_value": 2.4572112839785953,
  "parent_is_seed": false
}