{
  "step": 39,
  "group": 0,
  "rollout": 32,
  "reward": 2.5170279480736193,
  "valid": true,
  "parsed": true,
  "ran": true,
  "msg": "ok",
  "advantage": -0.21976436446312897,
  "beta": 276.74503865138735,
  "n_response_tokens": 2774,
  "sandbox_stdout": "",
  "parent_value": 2.524760949479983,
  "parent_is_seed": false
}