{
  "step": 28,
  "group": 2,
  "rollout": 35,
  "reward": 0.0,
  "valid": false,
  "parsed": true,
  "ran": false,
  "msg": "run_failed: 'NoneType' object has no attribute 'shape'",
  "advantage": -0.9514070597530581,
  "beta": 1.6069237397144607,
  "n_response_tokens": 2675,
  "sandbox_stdout": "Validation failed: Circle 0 at (0.17859971506289135,0.17859971506289135) r=0.9999999999999789 outside unit square\nInitial layout also failed: Circle 2 at (0.38414752032999666,0.007037725079460419) r=0.09427744881263406 outside unit square\nValidation failed: Circle 0 at (0.0017764949256162538,0.0017764949256162538) r=0.9999999999994331 outside unit square\nInitial layout also failed: Circle 0 at (0.0017764949256162538,0.0017764949256162538) r=0.09427744881263406 outside unit square\nValidation failed: Circle 0 at (0.05811964915626085,0.05811964915626085) r=0.9999999999991214 outside unit square\nInitial layout also failed: Circle 0 at (0.05811964915626085,0.05811964915626085) r=0.09427744881263406 outside unit square\nValidation failed: Circle 0 at (0.06114475994583034,0.06114475994583034) r=0.9999999999995173 outside unit square\nInitial layout also failed: Circle 0 at (0.06114475994583034,0.06114475994583034) r=0.09427744881263406 outside unit square\nValidation failed: Circle 0 at (0.0463060946480479,0.0463060946480479) r=0.9999999999995506 outside unit square\nInitial layout also failed: Circle 0 at (0.0463060946480479,0.0463060946480479) r=0.09427744881263406 outside unit square\n",
  "parent_value": 2.399375506994989,
  "parent_is_seed": false
}