{
  "step": 31,
  "group": 3,
  "rollout": 29,
  "reward": 2.3679854534798643,
  "valid": true,
  "parsed": true,
  "ran": true,
  "msg": "ok",
  "advantage": -0.9977496087420472,
  "beta": 181.02105402282885,
  "n_response_tokens": 2426,
  "sandbox_stdout": "Validation failed: Circle 0 at (1.7756319431207214e-12,1.7497489577321957e-12) r=0.9999999999993474 outside unit square\n",
  "parent_value": 2.406077529622345,
  "parent_is_seed": false
}