{
  "step": 41,
  "group": 5,
  "rollout": 21,
  "reward": 2.519816219862145,
  "valid": true,
  "parsed": true,
  "ran": true,
  "msg": "ok",
  "advantage": 0.252747520570171,
  "beta": 238.23807264152114,
  "n_response_tokens": 2650,
  "sandbox_stdout": "",
  "parent_value": 2.5239503514357424,
  "parent_is_seed": false
}