{
  "step": 34,
  "group": 7,
  "rollout": 26,
  "reward": 2.4278367670973124,
  "valid": true,
  "parsed": true,
  "ran": true,
  "msg": "ok",
  "advantage": -0.41344107042270284,
  "beta": 162.68059185270033,
  "n_response_tokens": 2534,
  "sandbox_stdout": "",
  "parent_value": 2.439110359796044,
  "parent_is_seed": false
}