{
  "step": 10,
  "group": 3,
  "rollout": 0,
  "reward": 1.3000000000000003,
  "valid": true,
  "parsed": true,
  "ran": true,
  "msg": "ok",
  "advantage": -0.47272173782575777,
  "beta": 1.4711617277098277,
  "n_response_tokens": 2064,
  "sandbox_stdout": "Validation failed: Circle 1 has negative radius -4.3405611673526116e-13\n",
  "parent_value": 2.344639161775073,
  "parent_is_seed": false
}