{
  "step": 33,
  "group": 6,
  "rollout": 48,
  "reward": 2.40627674938162,
  "valid": true,
  "parsed": true,
  "ran": true,
  "msg": "ok",
  "advantage": 0.14244484616804387,
  "beta": 423.47565421723044,
  "n_response_tokens": 2598,
  "sandbox_stdout": "",
  "parent_value": 2.409029065779771,
  "parent_is_seed": false
}