{
  "step": 30,
  "group": 1,
  "rollout": 8,
  "reward": 2.405513411836711,
  "valid": true,
  "parsed": true,
  "ran": true,
  "msg": "ok",
  "advantage": 0.501304362161695,
  "beta": 67.40141159494628,
  "n_response_tokens": 2756,
  "sandbox_stdout": "",
  "parent_value": 2.407463087598001,
  "parent_is_seed": false
}