{
  "step": 38,
  "group": 4,
  "rollout": 15,
  "reward": 2.478228463242223,
  "valid": true,
  "parsed": true,
  "ran": true,
  "msg": "ok",
  "advantage": -0.8169926150036675,
  "beta": 319.9463200010128,
  "n_response_tokens": 2710,
  "sandbox_stdout": "Genetic algorithm time: 34.8657 seconds\nRefinement time: 0.0151 seconds\n",
  "parent_value": 2.487361741061314,
  "parent_is_seed": false
}