{
  "step": 29,
  "group": 0,
  "rollout": 13,
  "reward": 2.3627080355482657,
  "valid": true,
  "parsed": true,
  "ran": true,
  "msg": "ok",
  "advantage": -0.2580913753408086,
  "beta": 55.89383122493655,
  "n_response_tokens": 1992,
  "sandbox_stdout": "Validation failed: Circle 0 at (0.09427744881263406,0.09427744881263406) r=1.0 outside unit square\n",
  "parent_value": 2.407314262228873,
  "parent_is_seed": false
}