{
  "step": 30,
  "group": 6,
  "rollout": 25,
  "reward": 2.375374847008192,
  "valid": true,
  "parsed": true,
  "ran": true,
  "msg": "ok",
  "advantage": -0.131941809429463,
  "beta": 76.04266122298156,
  "n_response_tokens": 2078,
  "sandbox_stdout": "Validation failed: Circle 0 at (0.0902606834171698,0.09409190377727311) r=0.10148864253353473 outside unit square\n",
  "parent_value": 2.4008613358661717,
  "parent_is_seed": false
}