{
  "step": 43,
  "group": 1,
  "rollout": 62,
  "reward": 2.5216181476513015,
  "valid": true,
  "parsed": true,
  "ran": true,
  "msg": "ok",
  "advantage": 1.7803771118765601,
  "beta": 344.38339466378596,
  "n_response_tokens": 2677,
  "sandbox_stdout": "",
  "parent_value": 2.5241336752988364,
  "parent_is_seed": false
}