{
  "step": 24,
  "group": 1,
  "rollout": 18,
  "reward": 2.3760704662020573,
  "valid": true,
  "parsed": true,
  "ran": true,
  "msg": "ok",
  "advantage": 22.37860121929306,
  "beta": 743.2854421790073,
  "n_response_tokens": 1714,
  "sandbox_stdout": "Validation failed: Circle 0 at (0.09427744881263406,0.09427744881263406) r=1.0 outside unit square\n",
  "parent_value": 2.3720882408679866,
  "parent_is_seed": false
}