{
  "step": 37,
  "group": 0,
  "rollout": 58,
  "reward": 2.514452897587657,
  "valid": true,
  "parsed": true,
  "ran": true,
  "msg": "ok",
  "advantage": -0.7093286533165104,
  "beta": 296.832253782249,
  "n_response_tokens": 2636,
  "sandbox_stdout": "",
  "parent_value": 2.5200905075486832,
  "parent_is_seed": false
}