{
  "step": 35,
  "group": 7,
  "rollout": 0,
  "reward": 2.428385362103099,
  "valid": true,
  "parsed": true,
  "ran": true,
  "msg": "ok",
  "advantage": -0.1659223259875986,
  "beta": 130.31025307108035,
  "n_response_tokens": 2667,
  "sandbox_stdout": "",
  "parent_value": 2.444018378963807,
  "parent_is_seed": false
}