{
  "step": 10,
  "group": 6,
  "rollout": 15,
  "reward": 2.344639161775073,
  "valid": true,
  "parsed": true,
  "ran": true,
  "msg": "ok",
  "advantage": 1.240034138877117,
  "beta": 5.990287189984818,
  "n_response_tokens": 1670,
  "sandbox_stdout": "Validation failed: Circle 0 at (0.09017842929904128,0.09017842929904128) r=0.9999999999987508 outside unit square\n",
  "parent_value": 2.344639161775073,
  "parent_is_seed": false
}