{
  "step": 34,
  "group": 4,
  "rollout": 61,
  "reward": 2.4119070873564405,
  "valid": true,
  "parsed": true,
  "ran": true,
  "msg": "ok",
  "advantage": -0.8368715949653285,
  "beta": 124.95454972397415,
  "n_response_tokens": 2576,
  "sandbox_stdout": "",
  "parent_value": 2.44080212288812,
  "parent_is_seed": false
}