{
  "step": 14,
  "group": 0,
  "rollout": 36,
  "reward": 2.3447877296013773,
  "valid": true,
  "parsed": true,
  "ran": true,
  "msg": "ok",
  "advantage": 0.536585148726662,
  "beta": 1048576.0,
  "n_response_tokens": 1751,
  "sandbox_stdout": "Validation failed: Circle 0 at (0.0993701981174874,4.051407919345235e-07) r=1.0000000000546345 outside unit square\n",
  "parent_value": 2.3447877296013773,
  "parent_is_seed": false
}