{
  "step": 31,
  "group": 4,
  "rollout": 6,
  "reward": 2.3449481833085497,
  "valid": true,
  "parsed": true,
  "ran": true,
  "msg": "ok",
  "advantage": -0.7298173141003236,
  "beta": 52.25478434319666,
  "n_response_tokens": 1900,
  "sandbox_stdout": "Validation failed: Circle 0 at (0.09427744881263406,0.09427744881263406) r=0.9999999999997831 outside unit square\n",
  "parent_value": 2.404303731129218,
  "parent_is_seed": false
}