{
  "step": 37,
  "group": 1,
  "rollout": 51,
  "reward": 2.4865163029348034,
  "valid": true,
  "parsed": true,
  "ran": true,
  "msg": "ok",
  "advantage": 1.2348120073019575,
  "beta": 297.67710804837367,
  "n_response_tokens": 2662,
  "sandbox_stdout": "Genetic algorithm time: 28.1240 seconds\nRefinement time: 0.1453 seconds\n",
  "parent_value": 2.4888593497646676,
  "parent_is_seed": false
}