{
  "step": 20,
  "group": 1,
  "rollout": 10,
  "reward": 2.3720882408679866,
  "valid": true,
  "parsed": true,
  "ran": true,
  "msg": "ok",
  "advantage": 0.21153846153699374,
  "beta": 1048576.0,
  "n_response_tokens": 1799,
  "sandbox_stdout": "Validation failed: Circle 0 at (0.0931134235485736,0.09335814342723714) r=0.09715917082676395 outside unit square\n",
  "parent_value": 2.3720882408679866,
  "parent_is_seed": false
}