{
  "step": 29,
  "group": 6,
  "rollout": 15,
  "reward": 2.3633273249611504,
  "valid": true,
  "parsed": true,
  "ran": true,
  "msg": "ok",
  "advantage": -0.2039615093331586,
  "beta": 58.02772676926796,
  "n_response_tokens": 1896,
  "sandbox_stdout": "Validation failed: Circle 0 at (0.09427744881263406,0.09427744881263406) r=0.9999999999991962 outside unit square\n",
  "parent_value": 2.3985221777051224,
  "parent_is_seed": false
}