{
  "step": 42,
  "group": 1,
  "rollout": 7,
  "reward": 2.517608472454424,
  "valid": true,
  "parsed": true,
  "ran": true,
  "msg": "ok",
  "advantage": -0.6246665111257279,
  "beta": 422.8887557340278,
  "n_response_tokens": 2434,
  "sandbox_stdout": "",
  "parent_value": 2.5239718953942227,
  "parent_is_seed": false
}