{
  "step": 31,
  "group": 3,
  "rollout": 6,
  "reward": 2.403718009535221,
  "valid": true,
  "parsed": true,
  "ran": true,
  "msg": "ok",
  "advantage": 0.48430278183586384,
  "beta": 181.02105402282885,
  "n_response_tokens": 2142,
  "sandbox_stdout": "",
  "parent_value": 2.406077529622345,
  "parent_is_seed": false
}