{
  "step": 3,
  "group": 1,
  "rollout": 0,
  "reward": 0.9047024627963277,
  "valid": true,
  "parsed": true,
  "ran": true,
  "msg": "ok",
  "advantage": -0.2292559403256743,
  "beta": 1.6678495759542917,
  "n_response_tokens": 1943,
  "sandbox_stdout": "",
  "parent_value": 1.954945333515407,
  "parent_is_seed": false
}