{
  "step": 14,
  "group": 1,
  "rollout": 42,
  "reward": 2.105924624009642,
  "valid": true,
  "parsed": true,
  "ran": true,
  "msg": "ok",
  "advantage": -1.0,
  "beta": 1048576.0,
  "n_response_tokens": 1687,
  "sandbox_stdout": "Validation failed: Circle 0 at (0.08099710092344778,0.08099710092344778) r=1.0 outside unit square\n",
  "parent_value": 2.344639161775073,
  "parent_is_seed": false
}