{
  "step": 30,
  "group": 4,
  "rollout": 8,
  "reward": 2.4012916931786332,
  "valid": true,
  "parsed": true,
  "ran": true,
  "msg": "ok",
  "advantage": 2.3122751144761504,
  "beta": 62.90415682442961,
  "n_response_tokens": 2131,
  "sandbox_stdout": "Validation failed: Circle 0 at (0.09427744881263406,0.09427744881263406) r=0.9999999999991982 outside unit square\nValidation failed: Circle 0 at (0.8351486060858755,0.6953971289808245) r=0.9999718078405726 outside unit square\nValidation failed: Circle 0 at (0.09427744881263406,0.09427744881263406) r=63058956.60217001 outside unit square\nValidation failed: Circle 0 at (4.155130473995398e-07,0.99999979729704) r=1.0000000001812026 outside unit square\n",
  "parent_value": 2.402602009236336,
  "parent_is_seed": false
}