{
  "step": 33,
  "group": 0,
  "rollout": 48,
  "reward": 2.43617839529597,
  "valid": true,
  "parsed": true,
  "ran": true,
  "msg": "ok",
  "advantage": 1.11663028949904,
  "beta": 164.30730108282066,
  "n_response_tokens": 2469,
  "sandbox_stdout": "",
  "parent_value": 2.4480187753059144,
  "parent_is_seed": false
}