{
  "step": 5,
  "group": 5,
  "rollout": 51,
  "reward": 2.1500080936053263,
  "valid": true,
  "parsed": true,
  "ran": true,
  "msg": "ok",
  "advantage": -0.37180231536346253,
  "beta": 90073.17400282042,
  "n_response_tokens": 1789,
  "sandbox_stdout": "Validation failed: Circle 0 at (0.16666666666666666,0.14285714285714285) r=0.9999999999983972 outside unit square\n",
  "parent_value": 2.1500210936053263,
  "parent_is_seed": false
}