{
  "step": 34,
  "group": 0,
  "rollout": 18,
  "reward": 1.8855861215387324,
  "valid": true,
  "parsed": true,
  "ran": true,
  "msg": "ok",
  "advantage": -0.9999999999999999,
  "beta": 67.45379404774611,
  "n_response_tokens": 2386,
  "sandbox_stdout": "",
  "parent_value": 2.4471547058281016,
  "parent_is_seed": false
}