{
  "step": 13,
  "group": 4,
  "rollout": 28,
  "reward": 2.344639161775073,
  "valid": true,
  "parsed": true,
  "ran": true,
  "msg": "ok",
  "advantage": 2.1890178774678932,
  "beta": 1.167236901369722,
  "n_response_tokens": 1711,
  "sandbox_stdout": "Validation failed: Circle 0 at (0.4080859505420968,0.2433452490062445) r=1.0 outside unit square\n",
  "parent_value": 2.344639161775073,
  "parent_is_seed": false
}