{
  "step": 5,
  "group": 7,
  "rollout": 51,
  "reward": 0.26,
  "valid": true,
  "parsed": true,
  "ran": true,
  "msg": "ok",
  "advantage": -0.9384385144579078,
  "beta": 1.923618324618169,
  "n_response_tokens": 1403,
  "sandbox_stdout": "Validation failed: Circle 0 at (0.1270942830085193,0.28462974865450236) r=0.9999999999994226 outside unit square\n",
  "parent_value": 2.1314901470682486,
  "parent_is_seed": false
}