{
  "step": 43,
  "group": 3,
  "rollout": 31,
  "reward": 2.5182422960652913,
  "valid": true,
  "parsed": true,
  "ran": true,
  "msg": "ok",
  "advantage": -0.7371931149046035,
  "beta": 492.8593594987835,
  "n_response_tokens": 2511,
  "sandbox_stdout": "",
  "parent_value": 2.523997320060081,
  "parent_is_seed": false
}