{
  "step": 41,
  "group": 4,
  "rollout": 3,
  "reward": 2.51509805007274,
  "valid": true,
  "parsed": true,
  "ran": true,
  "msg": "ok",
  "advantage": -0.8578494985601244,
  "beta": 400.04051307957127,
  "n_response_tokens": 2516,
  "sandbox_stdout": "",
  "parent_value": 2.524005778865525,
  "parent_is_seed": false
}