{
  "step": 27,
  "group": 3,
  "rollout": 35,
  "reward": 2.3735842908822717,
  "valid": true,
  "parsed": true,
  "ran": true,
  "msg": "ok",
  "advantage": 0.4374903504194889,
  "beta": 73.13282559833468,
  "n_response_tokens": 2003,
  "sandbox_stdout": "Validation failed: Circle 0 at (0.09427744881263406,0.09427744881263406) r=0.9999999999998964 outside unit square\n",
  "parent_value": 2.391734693758117,
  "parent_is_seed": false
}