{
  "step": 28,
  "group": 1,
  "rollout": 36,
  "reward": 2.4028827854002914,
  "valid": true,
  "parsed": true,
  "ran": true,
  "msg": "ok",
  "advantage": 4.609577547062427,
  "beta": 54.20618936775504,
  "n_response_tokens": 1921,
  "sandbox_stdout": "Validation failed: Circle 0 at (0.09427744881263406,0.09427744881263406) r=0.9999999999991405 outside unit square\n",
  "parent_value": 2.3995444443461387,
  "parent_is_seed": false
}