{
  "step": 44,
  "group": 0,
  "rollout": 8,
  "reward": 2.5168285635463366,
  "valid": true,
  "parsed": true,
  "ran": true,
  "msg": "ok",
  "advantage": -0.3405232286979366,
  "beta": 220.21697401827097,
  "n_response_tokens": 2968,
  "sandbox_stdout": "",
  "parent_value": 2.5246120224575677,
  "parent_is_seed": false
}