{
  "step": 27,
  "group": 0,
  "rollout": 46,
  "reward": 2.3646741476416215,
  "valid": true,
  "parsed": true,
  "ran": true,
  "msg": "ok",
  "advantage": -0.3841892408687817,
  "beta": 66.96339010855222,
  "n_response_tokens": 2004,
  "sandbox_stdout": "Validation failed: Circle 0 at (0.09427744881263406,0.09427744881263406) r=0.99999999999964 outside unit square\n",
  "parent_value": 2.3959331394937955,
  "parent_is_seed": false
}