{
  "step": 27,
  "group": 2,
  "rollout": 8,
  "reward": 0.29841736045466644,
  "valid": true,
  "parsed": true,
  "ran": true,
  "msg": "ok",
  "advantage": -1.0,
  "beta": 51.946147534671084,
  "n_response_tokens": 1884,
  "sandbox_stdout": "Validation failed: Circle 0 at (0.25,0.25) r=0.9999999999997814 outside unit square\n",
  "parent_value": 2.3936475354359117,
  "parent_is_seed": false
}