{
  "step": 30,
  "group": 6,
  "rollout": 2,
  "reward": 2.3897082256747955,
  "valid": true,
  "parsed": true,
  "ran": true,
  "msg": "ok",
  "advantage": 1.6538975537432519,
  "beta": 76.04266122298156,
  "n_response_tokens": 2393,
  "sandbox_stdout": "Validation failed: Circle 0 at (0.09427744881263406,0.09427744881263406) r=0.9999999999996855 outside unit square\n",
  "parent_value": 2.4008613358661717,
  "parent_is_seed": false
}