{
  "step": 41,
  "group": 7,
  "rollout": 27,
  "reward": 2.5211404727244036,
  "valid": true,
  "parsed": true,
  "ran": true,
  "msg": "ok",
  "advantage": 0.4967770421117188,
  "beta": 430.761047591019,
  "n_response_tokens": 2628,
  "sandbox_stdout": "",
  "parent_value": 2.523752582534882,
  "parent_is_seed": false
}