{
  "step": 40,
  "group": 1,
  "rollout": 42,
  "reward": 2.5184773449430313,
  "valid": true,
  "parsed": true,
  "ran": true,
  "msg": "ok",
  "advantage": -0.15439705497395362,
  "beta": 319.72530207938513,
  "n_response_tokens": 2488,
  "sandbox_stdout": "",
  "parent_value": 2.5239580244822952,
  "parent_is_seed": false
}