{
  "step": 41,
  "group": 0,
  "rollout": 52,
  "reward": 2.522174264689545,
  "valid": true,
  "parsed": true,
  "ran": true,
  "msg": "ok",
  "advantage": 1.8596700121311467,
  "beta": 465.6355809687069,
  "n_response_tokens": 2544,
  "sandbox_stdout": "",
  "parent_value": 2.5246633502382383,
  "parent_is_seed": false
}