{
  "step": 41,
  "group": 4,
  "rollout": 59,
  "reward": 2.51951471025759,
  "valid": true,
  "parsed": true,
  "ran": true,
  "msg": "ok",
  "advantage": -0.1588765990769655,
  "beta": 400.04051307957127,
  "n_response_tokens": 2467,
  "sandbox_stdout": "",
  "parent_value": 2.524005778865525,
  "parent_is_seed": false
}