{
  "step": 44,
  "group": 2,
  "rollout": 62,
  "reward": 2.516577462510552,
  "valid": true,
  "parsed": true,
  "ran": true,
  "msg": "ok",
  "advantage": -0.998497008813522,
  "beta": 980.6299855428642,
  "n_response_tokens": 2583,
  "sandbox_stdout": "",
  "parent_value": 2.524041847989503,
  "parent_is_seed": false
}