{
  "step": 38,
  "group": 3,
  "rollout": 43,
  "reward": 2.483943469194066,
  "valid": true,
  "parsed": true,
  "ran": true,
  "msg": "ok",
  "advantage": 0.09756830169116881,
  "beta": 319.2673679001087,
  "n_response_tokens": 2610,
  "sandbox_stdout": "Genetic algorithm time: 28.6038 seconds\nRefinement time: 0.0251 seconds\n",
  "parent_value": 2.488982334221845,
  "parent_is_seed": false
}