{
  "step": 34,
  "group": 7,
  "rollout": 16,
  "reward": 2.4189869869342395,
  "valid": true,
  "parsed": true,
  "ran": true,
  "msg": "ok",
  "advantage": -0.8619650498357733,
  "beta": 162.68059185270033,
  "n_response_tokens": 2628,
  "sandbox_stdout": "",
  "parent_value": 2.439110359796044,
  "parent_is_seed": false
}