{
  "step": 29,
  "group": 4,
  "rollout": 28,
  "reward": 2.380377675556482,
  "valid": true,
  "parsed": true,
  "ran": true,
  "msg": "ok",
  "advantage": 1.1672869824526204,
  "beta": 41.21983194713025,
  "n_response_tokens": 1861,
  "sandbox_stdout": "Validation failed: Circle 0 at (0.09427744881263406,0.09427744881263406) r=0.9999999999995555 outside unit square\n",
  "parent_value": 2.400734826940068,
  "parent_is_seed": false
}