{
  "step": 39,
  "group": 2,
  "rollout": 7,
  "reward": 2.520668137037289,
  "valid": true,
  "parsed": true,
  "ran": true,
  "msg": "ok",
  "advantage": 0.7202377168131502,
  "beta": 325.0414141463913,
  "n_response_tokens": 2633,
  "sandbox_stdout": "",
  "parent_value": 2.523304222083282,
  "parent_is_seed": false
}