{
  "step": 2,
  "group": 6,
  "rollout": 51,
  "reward": 0.23939757437275486,
  "valid": true,
  "parsed": true,
  "ran": true,
  "msg": "ok",
  "advantage": -0.4270613010950619,
  "beta": 1.6802816933476157,
  "n_response_tokens": 2049,
  "sandbox_stdout": "",
  "parent_value": 1.3000000000000003,
  "parent_is_seed": false
}