{
  "step": 42,
  "group": 1,
  "rollout": 17,
  "reward": 2.5212596449052693,
  "valid": true,
  "parsed": true,
  "ran": true,
  "msg": "ok",
  "advantage": 0.7973057364377301,
  "beta": 422.8887557340278,
  "n_response_tokens": 2553,
  "sandbox_stdout": "",
  "parent_value": 2.5239718953942227,
  "parent_is_seed": false
}