{
  "step": 16,
  "group": 0,
  "rollout": 20,
  "reward": 0.0,
  "valid": false,
  "parsed": true,
  "ran": true,
  "msg": "bad_centers_shape: ()",
  "advantage": -1.0,
  "beta": 1048576.0,
  "n_response_tokens": 1862,
  "sandbox_stdout": "Validation failed: Circle 0 at (0.06810571633051545,0.1425234961930747) r=1.0 outside unit square\nInitial layout also failed: Circles 1 and 5 overlap\nValidation failed: Circle 0 at (0.07384085436591793,0.08364940904865853) r=0.999999999999621 outside unit square\nInitial layout also failed: Circles 1 and 5 overlap\nValidation failed: Circle 0 at (0.07951778725728972,0.12935546681091636) r=0.9999999999994656 outside unit square\nInitial layout also failed: Circles 0 and 1 overlap\n",
  "parent_value": 2.3720882408679866,
  "parent_is_seed": false
}