{
  "step": 4,
  "group": 2,
  "rollout": 49,
  "reward": 1.3000000000000003,
  "valid": true,
  "parsed": true,
  "ran": true,
  "msg": "ok",
  "advantage": -0.970211528770914,
  "beta": 5.33669529120733,
  "n_response_tokens": 1696,
  "sandbox_stdout": "Validation failed: Circle 0 at (0.16666666666666666,0.14285714285714285) r=1.0 outside unit square\n",
  "parent_value": 2.08,
  "parent_is_seed": false
}