{
  "step": 31,
  "group": 3,
  "rollout": 24,
  "reward": 2.3994603342674545,
  "valid": true,
  "parsed": true,
  "ran": true,
  "msg": "ok",
  "advantage": -0.3218344196254458,
  "beta": 181.02105402282885,
  "n_response_tokens": 2147,
  "sandbox_stdout": "",
  "parent_value": 2.406077529622345,
  "parent_is_seed": false
}