{
  "step": 10,
  "group": 2,
  "rollout": 48,
  "reward": 0.0,
  "valid": true,
  "parsed": true,
  "ran": true,
  "msg": "ok",
  "advantage": -0.9999530024575034,
  "beta": 4.576626186629502,
  "n_response_tokens": 1953,
  "sandbox_stdout": "Validation failed: Circle 0 at (0.09496531012194726,0.10196751986473078) r=0.9999999999999707 outside unit square\nInitial layout also failed: Circle 1 at (0.2846218460392338,0.04383248247542665) r=0.07894160273298978 outside unit square\nValidation failed: Circle 0 at (0.041885120657720154,0.08344051495886567) r=0.9999999999996937 outside unit square\nInitial layout also failed: Circle 0 at (0.041885120657720154,0.08344051495886567) r=0.10582809024234131 outside unit square\nValidation failed: Circle 0 at (0.13175254323134356,0.04208009196172209) r=0.9999999999997475 outside unit square\nInitial layout also failed: Circle 0 at (0.13175254323134356,0.04208009196172209) r=0.10976093404110054 outside unit square\n",
  "parent_value": 2.344639161775073,
  "parent_is_seed": false
}