{
  "step": 2,
  "group": 7,
  "rollout": 55,
  "reward": 1.3000000000000003,
  "valid": true,
  "parsed": true,
  "ran": true,
  "msg": "ok",
  "advantage": 1.900790060426515,
  "beta": 1.897426216155886,
  "n_response_tokens": 1545,
  "sandbox_stdout": "Validation failed: Circle 0 has negative radius -1.7263537961373118e-16\n",
  "parent_value": 1.3000000000000003,
  "parent_is_seed": false
}