{
  "step": 29,
  "group": 5,
  "rollout": 18,
  "reward": 2.3840975735077445,
  "valid": true,
  "parsed": true,
  "ran": true,
  "msg": "ok",
  "advantage": 1.1462723261880456,
  "beta": 46.07288637742067,
  "n_response_tokens": 1892,
  "sandbox_stdout": "Validation failed: Circle 0 at (0.0008773232210863269,0.9860556922601447) r=1.0 outside unit square\n",
  "parent_value": 2.400539900619024,
  "parent_is_seed": false
}