{
  "step": 33,
  "group": 3,
  "rollout": 31,
  "reward": 2.436473308405709,
  "valid": true,
  "parsed": true,
  "ran": true,
  "msg": "ok",
  "advantage": 1.6990578192047594,
  "beta": 77.5778710892348,
  "n_response_tokens": 2367,
  "sandbox_stdout": "",
  "parent_value": 2.4393664032208555,
  "parent_is_seed": false
}