{
  "step": 39,
  "group": 2,
  "rollout": 6,
  "reward": 2.517424035088718,
  "valid": true,
  "parsed": true,
  "ran": true,
  "msg": "ok",
  "advantage": -0.4111838800492279,
  "beta": 325.0414141463913,
  "n_response_tokens": 2580,
  "sandbox_stdout": "",
  "parent_value": 2.523304222083282,
  "parent_is_seed": false
}