{
  "step": 28,
  "group": 6,
  "rollout": 18,
  "reward": 2.354545225235288,
  "valid": true,
  "parsed": true,
  "ran": true,
  "msg": "ok",
  "advantage": -0.8032258051941042,
  "beta": 67.26381515783808,
  "n_response_tokens": 1735,
  "sandbox_stdout": "Validation failed: Circle 0 at (0.09427744881263406,0.09427744881263406) r=0.9999999999998486 outside unit square\n",
  "parent_value": 2.3928335119262054,
  "parent_is_seed": false
}