{
  "step": 29,
  "group": 3,
  "rollout": 47,
  "reward": 2.4012557450118046,
  "valid": true,
  "parsed": true,
  "ran": true,
  "msg": "ok",
  "advantage": 1.6905219251843584,
  "beta": 49.76737662183935,
  "n_response_tokens": 2378,
  "sandbox_stdout": "",
  "parent_value": 2.4020765974234912,
  "parent_is_seed": false
}