{
  "step": 13,
  "group": 2,
  "rollout": 34,
  "reward": 0.0,
  "valid": true,
  "parsed": true,
  "ran": true,
  "msg": "ok",
  "advantage": -1.0,
  "beta": 14024.97952610395,
  "n_response_tokens": 1866,
  "sandbox_stdout": "Validation failed: Circle 0 at (0.09017842929904128,0.09017842929904128) r=0.9999999999987508 outside unit square\nInitial layout also failed: Circle 22 at (0.07214274343923303,0.07214274343923303) r=0.09017842929904128 outside unit square\n",
  "parent_value": 2.344639161775073,
  "parent_is_seed": false
}