{
  "step": 43,
  "group": 2,
  "rollout": 29,
  "reward": 2.5169865052940623,
  "valid": true,
  "parsed": true,
  "ran": true,
  "msg": "ok",
  "advantage": -0.3057631926294324,
  "beta": 289.6180537368688,
  "n_response_tokens": 2624,
  "sandbox_stdout": "",
  "parent_value": 2.524092990041651,
  "parent_is_seed": false
}