{
  "step": 41,
  "group": 1,
  "rollout": 26,
  "reward": 2.520248945785466,
  "valid": true,
  "parsed": true,
  "ran": true,
  "msg": "ok",
  "advantage": 0.15889983350291526,
  "beta": 375.67299616790206,
  "n_response_tokens": 2495,
  "sandbox_stdout": "",
  "parent_value": 2.52421897174333,
  "parent_is_seed": false
}