{
  "step": 11,
  "group": 2,
  "rollout": 16,
  "reward": 0.0,
  "valid": true,
  "parsed": true,
  "ran": true,
  "msg": "ok",
  "advantage": -0.9796213789830315,
  "beta": 1.9888255130733206,
  "n_response_tokens": 1763,
  "sandbox_stdout": "Validation failed: Circle 0 at (0.1075317261258201,0.10761295867756301) r=0.10930700739516844 outside unit square\nInitial layout also failed: Circle 4 at (0.9707748689340111,0.10786387432600124) r=0.10786387432600124 outside unit square\n",
  "parent_value": 2.344639161775073,
  "parent_is_seed": false
}