{
  "step": 42,
  "group": 1,
  "rollout": 34,
  "reward": 2.519970639975107,
  "valid": true,
  "parsed": true,
  "ran": true,
  "msg": "ok",
  "advantage": 0.02969848839308642,
  "beta": 422.8887557340278,
  "n_response_tokens": 2531,
  "sandbox_stdout": "",
  "parent_value": 2.5239718953942227,
  "parent_is_seed": false
}