{
  "step": 10,
  "group": 1,
  "rollout": 2,
  "reward": 2.344639161775073,
  "valid": true,
  "parsed": true,
  "ran": true,
  "msg": "ok",
  "advantage": 1.1474026779891613,
  "beta": 8.614698932045282,
  "n_response_tokens": 1707,
  "sandbox_stdout": "Validation failed: Circle 0 at (0.09017842929904128,0.09017842929904128) r=0.9999999999987508 outside unit square\n",
  "parent_value": 2.344639161775073,
  "parent_is_seed": false
}