{
  "step": 12,
  "group": 1,
  "rollout": 5,
  "reward": 0.0,
  "valid": true,
  "parsed": true,
  "ran": true,
  "msg": "ok",
  "advantage": -0.9999999999321811,
  "beta": 10.306573884868845,
  "n_response_tokens": 1615,
  "sandbox_stdout": "Validation failed: Circle 0 at (0.09017842929904128,0.09017842929904128) r=0.9999999999987508 outside unit square\nInitial layout also failed: Circles 0 and 5 overlap\n",
  "parent_value": 2.344639161775073,
  "parent_is_seed": false
}