{
  "step": 29,
  "group": 4,
  "rollout": 43,
  "reward": 2.3720882408679866,
  "valid": true,
  "parsed": true,
  "ran": true,
  "msg": "ok",
  "advantage": 0.5248247134659754,
  "beta": 41.21983194713025,
  "n_response_tokens": 1627,
  "sandbox_stdout": "Validation failed: Circle 0 at (0.09427744881263406,0.09427744881263406) r=0.9999999999992697 outside unit square\n",
  "parent_value": 2.400734826940068,
  "parent_is_seed": false
}