{
  "step": 33,
  "group": 7,
  "rollout": 28,
  "reward": 2.408538767244195,
  "valid": true,
  "parsed": true,
  "ran": true,
  "msg": "ok",
  "advantage": 0.1052631578393386,
  "beta": 1048576.0,
  "n_response_tokens": 2324,
  "sandbox_stdout": "Validation failed for layout: Circle 0 at (0.0,0.0) r=1.0 outside unit square\nValidation failed for layout: Circle 0 at (0.1258003977957295,0.09072346266746367) r=0.9999999999999565 outside unit square\nValidation failed for layout: Circle 0 at (0.09427744881263406,0.09427744881263406) r=0.999999999998481 outside unit square\n",
  "parent_value": 2.408538767244195,
  "parent_is_seed": false
}