{
  "step": 28,
  "group": 7,
  "rollout": 44,
  "reward": 2.385292526897936,
  "valid": true,
  "parsed": true,
  "ran": true,
  "msg": "ok",
  "advantage": 1.793727408443218,
  "beta": 26.60398979297288,
  "n_response_tokens": 1851,
  "sandbox_stdout": "Validation failed: Circle 0 at (0.09427744881263406,0.09427744881263406) r=0.9999999999996703 outside unit square\n",
  "parent_value": 2.3879357056930464,
  "parent_is_seed": false
}