{
  "step": 43,
  "group": 0,
  "rollout": 43,
  "reward": 2.520409326271435,
  "valid": true,
  "parsed": true,
  "ran": true,
  "msg": "ok",
  "advantage": -0.08932149122443234,
  "beta": 421.7262199114717,
  "n_response_tokens": 2570,
  "sandbox_stdout": "",
  "parent_value": 2.524152134844358,
  "parent_is_seed": false
}