{
  "step": 5,
  "group": 3,
  "rollout": 17,
  "reward": 1.857142857142857,
  "valid": true,
  "parsed": true,
  "ran": true,
  "msg": "ok",
  "advantage": 0.7833325504687496,
  "beta": 1.420072479034654,
  "n_response_tokens": 2312,
  "sandbox_stdout": "Validation failed: Circle 0 at (0.07142857142857142,0.07142857142857142) r=1.0 outside unit square\nValidation failed: Circle 0 at (0.07142857142857142,0.07142857142857142) r=1.0 outside unit square\nValidation failed: Circle 0 at (0.07142857142857142,0.07142857142857142) r=1.0 outside unit square\n",
  "parent_value": 2.166666666666667,
  "parent_is_seed": false
}