{
  "step": 37,
  "group": 3,
  "rollout": 41,
  "reward": 2.4668038014081457,
  "valid": true,
  "parsed": true,
  "ran": true,
  "msg": "ok",
  "advantage": -0.1880469367177936,
  "beta": 231.2679763796472,
  "n_response_tokens": 2287,
  "sandbox_stdout": "",
  "parent_value": 2.4675285817951207,
  "parent_is_seed": false
}