{
  "step": 37,
  "group": 1,
  "rollout": 23,
  "reward": 2.4799989934583255,
  "valid": true,
  "parsed": true,
  "ran": true,
  "msg": "ok",
  "advantage": -0.6883331205481311,
  "beta": 297.67710804837367,
  "n_response_tokens": 2712,
  "sandbox_stdout": "Genetic algorithm time: 28.5024 seconds\nRefinement time: 0.2009 seconds\n",
  "parent_value": 2.4888593497646676,
  "parent_is_seed": false
}