{
  "step": 30,
  "group": 4,
  "rollout": 56,
  "reward": 2.3993983073760807,
  "valid": true,
  "parsed": true,
  "ran": true,
  "msg": "ok",
  "advantage": 1.9231081079023356,
  "beta": 62.90415682442961,
  "n_response_tokens": 2259,
  "sandbox_stdout": "Validation failed: Circle 0 at (0.09427744881263406,0.09427744881263406) r=0.9999999999989873 outside unit square\nValidation failed: Circle 0 at (0.0029780443991263006,0.08740798410399081) r=1.0 outside unit square\nValidation failed: Circle 0 at (0.09427744881263406,0.09427744881263406) r=70894625.90348342 outside unit square\nValidation failed: Circle 0 at (0.0005452204715017761,0.9999999535437858) r=1.0000000005793903 outside unit square\n",
  "parent_value": 2.402602009236336,
  "parent_is_seed": false
}