{
  "step": 38,
  "group": 7,
  "rollout": 47,
  "reward": 2.4891523632191133,
  "valid": true,
  "parsed": true,
  "ran": true,
  "msg": "ok",
  "advantage": 0.42279724671555274,
  "beta": 102.76617659573841,
  "n_response_tokens": 3190,
  "sandbox_stdout": "",
  "parent_value": 2.4786766578037396,
  "parent_is_seed": false
}