{
  "step": 28,
  "group": 6,
  "rollout": 22,
  "reward": 1.172746903653909,
  "valid": true,
  "parsed": true,
  "ran": true,
  "msg": "ok",
  "advantage": -1.0,
  "beta": 67.26381515783808,
  "n_response_tokens": 1854,
  "sandbox_stdout": "Validation failed: Circle 0 at (0.19611613513818404,0.19611613513818404) r=0.9999999999999515 outside unit square\n",
  "parent_value": 2.3928335119262054,
  "parent_is_seed": false
}