{
  "step": 7,
  "group": 0,
  "rollout": 46,
  "reward": 0.0,
  "valid": false,
  "parsed": true,
  "ran": true,
  "msg": "Circle 0 at (0.09017842929904128,0.09017842929904128) r=0.9999999999987508 outside unit square",
  "advantage": -0.8313891844923846,
  "beta": 1.215693018698387,
  "n_response_tokens": 1865,
  "sandbox_stdout": "Validation failed: Circle 0 at (0.09017842929904128,0.09017842929904128) r=0.9999999999987508 outside unit square\nRefined layout failed: Circle 0 at (0.09017842929904128,0.09017842929904128) r=0.10017842929904128 outside unit square\n",
  "parent_value": 2.344639161775073,
  "parent_is_seed": false
}