{
  "step": 32,
  "group": 1,
  "rollout": 24,
  "reward": 2.3209400033452985,
  "valid": true,
  "parsed": true,
  "ran": true,
  "msg": "ok",
  "advantage": -0.9992167002386999,
  "beta": 70.03533762749522,
  "n_response_tokens": 1968,
  "sandbox_stdout": "",
  "parent_value": 2.4398732552435183,
  "parent_is_seed": false
}