{
  "step": 29,
  "group": 0,
  "rollout": 38,
  "reward": 2.34154735974891,
  "valid": true,
  "parsed": true,
  "ran": true,
  "msg": "ok",
  "advantage": -0.7744954430585179,
  "beta": 55.89383122493655,
  "n_response_tokens": 1946,
  "sandbox_stdout": "Validation failed: Circle 0 at (0.09427744881263406,0.09427744881263406) r=0.9999999999995193 outside unit square\n",
  "parent_value": 2.407314262228873,
  "parent_is_seed": false
}