{
  "step": 31,
  "group": 5,
  "rollout": 33,
  "reward": 2.350729721541151,
  "valid": true,
  "parsed": true,
  "ran": true,
  "msg": "ok",
  "advantage": -0.8816071760887941,
  "beta": 69.37823052272641,
  "n_response_tokens": 2071,
  "sandbox_stdout": "Validation failed: Circle 0 at (0.09427744881263406,0.09427744881263406) r=0.9999999999994167 outside unit square\nValidation failed: Circle 0 at (0.0006433918021469506,0.9829592502895975) r=0.999168141720818 outside unit square\nValidation failed: Circle 0 at (0.09427744881263406,0.09427744881263406) r=1.0 outside unit square\n",
  "parent_value": 2.4025735793620857,
  "parent_is_seed": false
}