{
  "step": 37,
  "group": 3,
  "rollout": 36,
  "reward": 2.4673903276021987,
  "valid": true,
  "parsed": true,
  "ran": true,
  "msg": "ok",
  "advantage": -0.06834615020873813,
  "beta": 231.2679763796472,
  "n_response_tokens": 2435,
  "sandbox_stdout": "",
  "parent_value": 2.4675285817951207,
  "parent_is_seed": false
}