{
  "step": 43,
  "group": 4,
  "rollout": 38,
  "reward": 2.52046445534826,
  "valid": true,
  "parsed": true,
  "ran": true,
  "msg": "ok",
  "advantage": 0.06164689392708622,
  "beta": 385.7938897634326,
  "n_response_tokens": 2823,
  "sandbox_stdout": "",
  "parent_value": 2.5239117899186727,
  "parent_is_seed": false
}