{
  "step": 3,
  "group": 1,
  "rollout": 1,
  "reward": 1.954945333515407,
  "valid": true,
  "parsed": true,
  "ran": true,
  "msg": "ok",
  "advantage": 3.71759797111258,
  "beta": 1.6678495759542917,
  "n_response_tokens": 2370,
  "sandbox_stdout": "",
  "parent_value": 1.954945333515407,
  "parent_is_seed": false
}