{
  "step": 39,
  "group": 4,
  "rollout": 61,
  "reward": 2.4875887423451872,
  "valid": true,
  "parsed": true,
  "ran": true,
  "msg": "ok",
  "advantage": -0.1999895449232102,
  "beta": 103.93843225541761,
  "n_response_tokens": 3134,
  "sandbox_stdout": "",
  "parent_value": 2.50145878561204,
  "parent_is_seed": false
}