{
  "step": 39,
  "group": 0,
  "rollout": 21,
  "reward": 2.519758768784672,
  "valid": true,
  "parsed": true,
  "ran": true,
  "msg": "ok",
  "advantage": 0.684830791960702,
  "beta": 276.74503865138735,
  "n_response_tokens": 2609,
  "sandbox_stdout": "",
  "parent_value": 2.524760949479983,
  "parent_is_seed": false
}