{
  "step": 40,
  "group": 3,
  "rollout": 3,
  "reward": 2.5232524820348328,
  "valid": true,
  "parsed": true,
  "ran": true,
  "msg": "ok",
  "advantage": 2.59132428642876,
  "beta": 273.5942843002625,
  "n_response_tokens": 2590,
  "sandbox_stdout": "",
  "parent_value": 2.523369515512039,
  "parent_is_seed": false
}