{
  "step": 36,
  "group": 5,
  "rollout": 0,
  "reward": 2.4094643296441407,
  "valid": true,
  "parsed": true,
  "ran": true,
  "msg": "ok",
  "advantage": -0.9928791517813259,
  "beta": 126.17859470036484,
  "n_response_tokens": 2583,
  "sandbox_stdout": "",
  "parent_value": 2.4572112839785953,
  "parent_is_seed": false
}