{
  "step": 41,
  "group": 5,
  "rollout": 27,
  "reward": 2.5217399576093973,
  "valid": true,
  "parsed": true,
  "ran": true,
  "msg": "ok",
  "advantage": 1.0042602768994793,
  "beta": 238.23807264152114,
  "n_response_tokens": 2514,
  "sandbox_stdout": "",
  "parent_value": 2.5239503514357424,
  "parent_is_seed": false
}