{
  "step": 15,
  "group": 1,
  "rollout": 40,
  "reward": 0.0,
  "valid": true,
  "parsed": true,
  "ran": true,
  "msg": "ok",
  "advantage": -1.0,
  "beta": 82.90973925631,
  "n_response_tokens": 1844,
  "sandbox_stdout": "Validation failed: Circle 0 at (0.1735997830293611,0.25997522282663377) r=1.0 outside unit square\nInitial layout also failed: Circle 4 at (0.9591705661807118,0.10657450735341242) r=0.10657450735341242 outside unit square\nValidation failed: Circle 0 at (0.10657450735341242,0.10657450735341242) r=1.0 outside unit square\nInitial layout also failed: Circle 4 at (0.9591705661807118,0.10657450735341242) r=0.10657450735341242 outside unit square\nValidation failed: Circle 0 at (0.10657450735341242,0.10657450735341242) r=1.0 outside unit square\nInitial layout also failed: Circle 4 at (0.9591705661807118,0.10657450735341242) r=0.10657450735341242 outside unit square\n",
  "parent_value": 2.3447877296013773,
  "parent_is_seed": false
}