{
  "step": 35,
  "group": 3,
  "rollout": 44,
  "reward": 2.445897964786059,
  "valid": true,
  "parsed": true,
  "ran": true,
  "msg": "ok",
  "advantage": 0.3707527938327455,
  "beta": 143.7215340298376,
  "n_response_tokens": 2631,
  "sandbox_stdout": "",
  "parent_value": 2.4542608554238403,
  "parent_is_seed": false
}