{
  "step": 7,
  "group": 4,
  "rollout": 41,
  "reward": 0.0,
  "valid": false,
  "parsed": true,
  "ran": true,
  "msg": "Circle 0 at (0.08333333333333333,0.08333333333333333) r=1.0 outside unit square",
  "advantage": -0.9956238876060445,
  "beta": 2.935936975345615,
  "n_response_tokens": 1864,
  "sandbox_stdout": "Optimization failed: Circle 0 at (0.08333333333333333,0.08333333333333333) r=1.0 outside unit square\n",
  "parent_value": 2.166666666666667,
  "parent_is_seed": false
}