{
  "step": 34,
  "group": 0,
  "rollout": 9,
  "reward": 2.4396610438218493,
  "valid": true,
  "parsed": true,
  "ran": true,
  "msg": "ok",
  "advantage": 1.2981115520834066,
  "beta": 67.45379404774611,
  "n_response_tokens": 2454,
  "sandbox_stdout": "",
  "parent_value": 2.4471547058281016,
  "parent_is_seed": false
}