{
  "step": 33,
  "group": 3,
  "rollout": 48,
  "reward": 2.438974149615175,
  "valid": true,
  "parsed": true,
  "ran": true,
  "msg": "ok",
  "advantage": 2.307285932410286,
  "beta": 77.5778710892348,
  "n_response_tokens": 2734,
  "sandbox_stdout": "",
  "parent_value": 2.4393664032208555,
  "parent_is_seed": false
}