{
  "step": 24,
  "group": 4,
  "rollout": 24,
  "reward": 0.0,
  "valid": true,
  "parsed": true,
  "ran": true,
  "msg": "ok",
  "advantage": -1.0,
  "beta": 1048576.0,
  "n_response_tokens": 2302,
  "sandbox_stdout": "Validation failed: Circle 0 at (0.09427744881263406,0.09427744881263406) r=0.9999999999992697 outside unit square\nValidation failed: Circle 0 at (0.05195912000126096,0.11365728259678347) r=0.9999999999992697 outside unit square\nInitial layout also failed: Circle 0 at (0.05195912000126096,0.11365728259678347) r=0.09427744881263406 outside unit square\nValidation failed: Circle 0 at (0.25,0.25) r=0.9999999999966742 outside unit square\nInitial layout also failed: Circles 0 and 4 overlap\nValidation failed: Circle 0 at (0.02984146678771249,0.07387503701145803) r=0.9999999999966742 outside unit square\nInitial layout also failed: Circle 0 at (0.02984146678771249,0.07387503701145803) r=0.05 outside unit square\n",
  "parent_value": 2.3720882408679866,
  "parent_is_seed": false
}