{
  "step": 28,
  "group": 1,
  "rollout": 7,
  "reward": 2.3748623461805893,
  "valid": true,
  "parsed": true,
  "ran": true,
  "msg": "ok",
  "advantage": 0.14839008316030955,
  "beta": 54.20618936775504,
  "n_response_tokens": 1866,
  "sandbox_stdout": "Validation failed: Circle 0 at (0.09427744881263406,0.09427744881263406) r=1.0 outside unit square\n",
  "parent_value": 2.3995444443461387,
  "parent_is_seed": false
}