{
  "step": 32,
  "group": 3,
  "rollout": 62,
  "reward": 2.4046206982786806,
  "valid": true,
  "parsed": true,
  "ran": true,
  "msg": "ok",
  "advantage": 0.05686761020700781,
  "beta": 283.9057672309931,
  "n_response_tokens": 2712,
  "sandbox_stdout": "",
  "parent_value": 2.409399914695089,
  "parent_is_seed": false
}