{
  "step": 34,
  "group": 2,
  "rollout": 22,
  "reward": 2.4404794449086467,
  "valid": true,
  "parsed": true,
  "ran": true,
  "msg": "ok",
  "advantage": -0.34980897405354017,
  "beta": 152.50479158414757,
  "n_response_tokens": 2695,
  "sandbox_stdout": "",
  "parent_value": 2.443236410465048,
  "parent_is_seed": false
}