{
  "step": 33,
  "group": 7,
  "rollout": 52,
  "reward": 2.408538767244195,
  "valid": true,
  "parsed": true,
  "ran": true,
  "msg": "ok",
  "advantage": 0.1052631578393386,
  "beta": 1048576.0,
  "n_response_tokens": 2035,
  "sandbox_stdout": "Validation failed: Circle 0 at (0.0,0.0) r=1.0 outside unit square\nValidation failed: Circle 0 at (0.5932032975880809,0.47620786559052874) r=0.9999999999998223 outside unit square\nValidation failed: Circle 0 at (0.09427744881263406,0.09427744881263406) r=0.999999999998481 outside unit square\n",
  "parent_value": 2.408538767244195,
  "parent_is_seed": false
}