{
  "step": 36,
  "group": 0,
  "rollout": 10,
  "reward": 2.4814190143406774,
  "valid": true,
  "parsed": true,
  "ran": true,
  "msg": "ok",
  "advantage": -0.06853424634673666,
  "beta": 70.4172716921699,
  "n_response_tokens": 2644,
  "sandbox_stdout": "",
  "parent_value": 2.4852146042970906,
  "parent_is_seed": false
}