{
  "step": 33,
  "group": 4,
  "rollout": 30,
  "reward": 2.404962449547017,
  "valid": true,
  "parsed": true,
  "ran": true,
  "msg": "ok",
  "advantage": -0.658996531840962,
  "beta": 91.86277742483152,
  "n_response_tokens": 2608,
  "sandbox_stdout": "",
  "parent_value": 2.4125853851790726,
  "parent_is_seed": false
}