{
  "step": 41,
  "group": 5,
  "rollout": 23,
  "reward": 2.515927983803836,
  "valid": true,
  "parsed": true,
  "ran": true,
  "msg": "ok",
  "advantage": -0.5097920085132077,
  "beta": 238.23807264152114,
  "n_response_tokens": 2617,
  "sandbox_stdout": "",
  "parent_value": 2.5239503514357424,
  "parent_is_seed": false
}