{
  "step": 0,
  "group": 3,
  "rollout": 6,
  "reward": 0.0,
  "valid": true,
  "parsed": true,
  "ran": true,
  "msg": "ok",
  "advantage": -0.3060581869150919,
  "beta": 1.619870909242757,
  "n_response_tokens": 1209,
  "sandbox_stdout": "Validation failed: Circle 0 at (3.485663884192288e-17,1.8051749890371288e-16) r=0.9999999999997364 outside unit square\n",
  "parent_value": 0.0,
  "parent_is_seed": true
}