{
  "step": 35,
  "group": 3,
  "rollout": 58,
  "reward": 2.4444587456702953,
  "valid": true,
  "parsed": true,
  "ran": true,
  "msg": "ok",
  "advantage": 0.11010647300508292,
  "beta": 143.7215340298376,
  "n_response_tokens": 2707,
  "sandbox_stdout": "",
  "parent_value": 2.4542608554238403,
  "parent_is_seed": false
}