{
  "step": 42,
  "group": 0,
  "rollout": 34,
  "reward": 2.5087225796177677,
  "valid": true,
  "parsed": true,
  "ran": true,
  "msg": "ok",
  "advantage": -0.8900175293937183,
  "beta": 242.27491650058167,
  "n_response_tokens": 2596,
  "sandbox_stdout": "",
  "parent_value": 2.524262390113781,
  "parent_is_seed": false
}