{
  "step": 10,
  "group": 6,
  "rollout": 26,
  "reward": 2.344639161775073,
  "valid": true,
  "parsed": true,
  "ran": true,
  "msg": "ok",
  "advantage": 1.240034138877117,
  "beta": 5.990287189984818,
  "n_response_tokens": 1710,
  "sandbox_stdout": "",
  "parent_value": 2.344639161775073,
  "parent_is_seed": false
}