{
  "step": 43,
  "group": 0,
  "rollout": 61,
  "reward": 2.523409966447167,
  "valid": true,
  "parsed": true,
  "ran": true,
  "msg": "ok",
  "advantage": 2.351341855779314,
  "beta": 421.7262199114717,
  "n_response_tokens": 2510,
  "sandbox_stdout": "",
  "parent_value": 2.524152134844358,
  "parent_is_seed": false
}