{
  "step": 34,
  "group": 2,
  "rollout": 35,
  "reward": 2.441732064000581,
  "valid": true,
  "parsed": true,
  "ran": true,
  "msg": "ok",
  "advantage": -0.21123265223276133,
  "beta": 152.50479158414757,
  "n_response_tokens": 2664,
  "sandbox_stdout": "",
  "parent_value": 2.443236410465048,
  "parent_is_seed": false
}