{
  "step": 7,
  "group": 7,
  "rollout": 20,
  "reward": 1.9499999999999997,
  "valid": true,
  "parsed": true,
  "ran": true,
  "msg": "ok",
  "advantage": -0.6719741906875853,
  "beta": 8.395492691874843,
  "n_response_tokens": 1781,
  "sandbox_stdout": "Validation failed: Circle 0 at (0.08333333333333333,0.08333333333333333) r=1.0 outside unit square\n",
  "parent_value": 2.166666666666667,
  "parent_is_seed": false
}