{
  "step": 7,
  "group": 1,
  "rollout": 31,
  "reward": 1.7333333333333334,
  "valid": true,
  "parsed": true,
  "ran": true,
  "msg": "ok",
  "advantage": -0.9031741936606893,
  "beta": 7.510846181717095,
  "n_response_tokens": 1864,
  "sandbox_stdout": "Validation failed: Circle 0 at (0.08458394039445849,0.13340607246003397) r=0.9999999984873107 outside unit square\n",
  "parent_value": 2.166666666666667,
  "parent_is_seed": false
}