{
  "step": 40,
  "group": 4,
  "rollout": 5,
  "reward": 2.5135170907012547,
  "valid": true,
  "parsed": true,
  "ran": true,
  "msg": "ok",
  "advantage": -0.759660196610622,
  "beta": 276.9206129610181,
  "n_response_tokens": 2649,
  "sandbox_stdout": "",
  "parent_value": 2.523218311990641,
  "parent_is_seed": false
}