{
  "step": 6,
  "group": 2,
  "rollout": 7,
  "reward": 0.0,
  "valid": false,
  "parsed": true,
  "ran": true,
  "msg": "Circle 0 at (0.9392307355620132,0.03411070678230255) r=0.05 outside unit square",
  "advantage": -0.860489535485025,
  "beta": 1.4946980550493423,
  "n_response_tokens": 1999,
  "sandbox_stdout": "",
  "parent_value": 2.166666666666667,
  "parent_is_seed": false
}