{
  "step": 42,
  "group": 0,
  "rollout": 23,
  "reward": 2.5188057990209503,
  "valid": true,
  "parsed": true,
  "ran": true,
  "msg": "ok",
  "advantage": 0.28915748192941115,
  "beta": 242.27491650058167,
  "n_response_tokens": 2594,
  "sandbox_stdout": "",
  "parent_value": 2.524262390113781,
  "parent_is_seed": false
}