{
  "step": 29,
  "group": 2,
  "rollout": 2,
  "reward": 2.352013434478293,
  "valid": true,
  "parsed": true,
  "ran": true,
  "msg": "ok",
  "advantage": -0.5282124857622008,
  "beta": 55.411414448475064,
  "n_response_tokens": 2114,
  "sandbox_stdout": "Validation failed: Circle 0 at (0.09427744881263406,0.09427744881263406) r=0.9999999999997705 outside unit square\nValidation failed: Circle 0 at (0.19409882341151674,0.49201088610334176) r=0.9999999999996952 outside unit square\nInitial layout also failed: Circles 0 and 4 overlap\nValidation failed: Circle 0 at (0.3059717732399288,0.8476377029065576) r=0.9999999999997654 outside unit square\nInitial layout also failed: Circles 0 and 3 overlap\n",
  "parent_value": 2.4028827854002914,
  "parent_is_seed": false
}