{
  "step": 43,
  "group": 3,
  "rollout": 53,
  "reward": 2.521615374589366,
  "valid": true,
  "parsed": true,
  "ran": true,
  "msg": "ok",
  "advantage": 0.41071972049919836,
  "beta": 492.8593594987835,
  "n_response_tokens": 2668,
  "sandbox_stdout": "",
  "parent_value": 2.523997320060081,
  "parent_is_seed": false
}