{
  "step": 7,
  "group": 1,
  "rollout": 49,
  "reward": 1.9499999999999997,
  "valid": true,
  "parsed": true,
  "ran": true,
  "msg": "ok",
  "advantage": -0.5040029593458835,
  "beta": 7.510846181717095,
  "n_response_tokens": 1905,
  "sandbox_stdout": "Initial SLSQP optimization failed. Trying with L-BFGS-B method.\nValidation failed: Circle 0 at (0.08333333333333333,0.08333333333333333) r=1.0 outside unit square\n",
  "parent_value": 2.166666666666667,
  "parent_is_seed": false
}