{
  "step": 42,
  "group": 7,
  "rollout": 4,
  "reward": 2.5222685461625627,
  "valid": true,
  "parsed": true,
  "ran": true,
  "msg": "ok",
  "advantage": 1.4040819708783938,
  "beta": 274.4051629412084,
  "n_response_tokens": 2550,
  "sandbox_stdout": "",
  "parent_value": 2.5237126324803065,
  "parent_is_seed": false
}