{
  "step": 36,
  "group": 1,
  "rollout": 46,
  "reward": 2.4673179031578907,
  "valid": true,
  "parsed": true,
  "ran": true,
  "msg": "ok",
  "advantage": 0.9078926434232619,
  "beta": 3010.227299270278,
  "n_response_tokens": 2454,
  "sandbox_stdout": "",
  "parent_value": 2.4675276245824294,
  "parent_is_seed": false
}