{
  "step": 34,
  "group": 3,
  "rollout": 28,
  "reward": 2.4187349824628783,
  "valid": true,
  "parsed": true,
  "ran": true,
  "msg": "ok",
  "advantage": -0.7439927686929648,
  "beta": 123.81122692443421,
  "n_response_tokens": 2576,
  "sandbox_stdout": "",
  "parent_value": 2.441239966148949,
  "parent_is_seed": false
}