{
  "step": 32,
  "group": 6,
  "rollout": 45,
  "reward": 2.408538767244195,
  "valid": true,
  "parsed": true,
  "ran": true,
  "msg": "ok",
  "advantage": 0.5365853658512973,
  "beta": 1048576.0,
  "n_response_tokens": 2201,
  "sandbox_stdout": "Validation failed for this layout: Circle 0 at (0.09427744881263406,0.09427744881263406) r=1.0 outside unit square\nValidation failed for this layout: Circle 0 at (0.09427744881263406,0.09427744881263406) r=1.0 outside unit square\n",
  "parent_value": 2.408538767244195,
  "parent_is_seed": false
}