{
  "step": 43,
  "group": 0,
  "rollout": 59,
  "reward": 2.5180423071346922,
  "valid": true,
  "parsed": true,
  "ran": true,
  "msg": "ok",
  "advantage": -0.6674237116032786,
  "beta": 421.7262199114717,
  "n_response_tokens": 2632,
  "sandbox_stdout": "",
  "parent_value": 2.524152134844358,
  "parent_is_seed": false
}