{
  "step": 42,
  "group": 7,
  "rollout": 58,
  "reward": 2.5226157580034307,
  "valid": true,
  "parsed": true,
  "ran": true,
  "msg": "ok",
  "advantage": 1.6545276477569337,
  "beta": 274.4051629412084,
  "n_response_tokens": 2642,
  "sandbox_stdout": "",
  "parent_value": 2.5237126324803065,
  "parent_is_seed": false
}