{
  "step": 37,
  "group": 1,
  "rollout": 33,
  "reward": 2.4866728763225114,
  "valid": true,
  "parsed": true,
  "ran": true,
  "msg": "ok",
  "advantage": 1.345407921225008,
  "beta": 297.67710804837367,
  "n_response_tokens": 2725,
  "sandbox_stdout": "Genetic algorithm time: 28.6894 seconds\nRefinement time: 0.0071 seconds\n",
  "parent_value": 2.4888593497646676,
  "parent_is_seed": false
}