{
  "step": 31,
  "group": 2,
  "rollout": 15,
  "reward": 2.357137490557362,
  "valid": true,
  "parsed": true,
  "ran": true,
  "msg": "ok",
  "advantage": -0.9999846590827342,
  "beta": 241.69467261557583,
  "n_response_tokens": 2664,
  "sandbox_stdout": "",
  "parent_value": 2.4079844195600115,
  "parent_is_seed": false
}