{
  "step": 22,
  "group": 0,
  "rollout": 40,
  "reward": 2.3720882408679858,
  "valid": true,
  "parsed": true,
  "ran": true,
  "msg": "ok",
  "advantage": 0.25999999882494595,
  "beta": 1048576.0,
  "n_response_tokens": 2246,
  "sandbox_stdout": "Validation failed: Circle 0 at (0.09427744881263406,0.09427744881263406) r=0.9999999999994923 outside unit square\nValidation failed: Circle 0 at (0.09427744881263406,0.09427744881263406) r=0.9999999999994923 outside unit square\nValidation failed: Circle 0 at (0.09427744881263406,0.09427744881263406) r=0.9999999999994923 outside unit square\nValidation failed: Circle 0 at (0.09427744881263406,0.09427744881263406) r=0.9999999999994923 outside unit square\nValidation failed: Circle 0 at (0.09427744881263406,0.09427744881263406) r=0.9999999999994923 outside unit square\n",
  "parent_value": 2.3720882408679866,
  "parent_is_seed": false
}