{
  "step": 27,
  "group": 3,
  "rollout": 41,
  "reward": 2.3742667626878307,
  "valid": true,
  "parsed": true,
  "ran": true,
  "msg": "ok",
  "advantage": 0.5128242839708381,
  "beta": 73.13282559833468,
  "n_response_tokens": 1713,
  "sandbox_stdout": "Validation failed: Circle 0 at (0.09427744881263406,0.09427744881263406) r=0.9999999999982585 outside unit square\n",
  "parent_value": 2.391734693758117,
  "parent_is_seed": false
}