{
  "step": 4,
  "group": 4,
  "rollout": 55,
  "reward": 1.0905685008722383,
  "valid": true,
  "parsed": true,
  "ran": true,
  "msg": "ok",
  "advantage": -0.4433592505291759,
  "beta": 1.9495086662170011,
  "n_response_tokens": 1917,
  "sandbox_stdout": "",
  "parent_value": 1.954945333515407,
  "parent_is_seed": false
}