{
  "step": 42,
  "group": 2,
  "rollout": 52,
  "reward": 2.524322050677671,
  "valid": true,
  "parsed": true,
  "ran": true,
  "msg": "ok",
  "advantage": 3.933978136187558,
  "beta": 473.98180363955186,
  "n_response_tokens": 2637,
  "sandbox_stdout": "",
  "parent_value": 2.523921912903063,
  "parent_is_seed": false
}