{
  "step": 18,
  "group": 4,
  "rollout": 35,
  "reward": 2.024915639714836,
  "valid": true,
  "parsed": true,
  "ran": true,
  "msg": "ok",
  "advantage": -1.0,
  "beta": 1048576.0,
  "n_response_tokens": 2118,
  "sandbox_stdout": "Validation failed: Circle 0 at (0.07788137075826292,0.07788137075826292) r=1.0 outside unit square\nValidation failed: Circle 0 at (0.07788137075826292,0.07788137075826292) r=1.0 outside unit square\nValidation failed: Circle 0 at (0.07788137075826292,0.07788137075826292) r=1.0 outside unit square\nValidation failed: Circle 0 at (0.07788137075826292,0.07788137075826292) r=1.0 outside unit square\nValidation failed: Circle 0 at (0.07788137075826292,0.07788137075826292) r=1.0 outside unit square\n",
  "parent_value": 2.3720882408679866,
  "parent_is_seed": false
}