{
  "step": 39,
  "group": 1,
  "rollout": 0,
  "reward": 2.516630083281905,
  "valid": true,
  "parsed": true,
  "ran": true,
  "msg": "ok",
  "advantage": -0.0779461597295934,
  "beta": 196.37893576114558,
  "n_response_tokens": 2622,
  "sandbox_stdout": "",
  "parent_value": 2.523833038998325,
  "parent_is_seed": false
}