{
  "step": 17,
  "group": 4,
  "rollout": 31,
  "reward": 0.0,
  "valid": true,
  "parsed": true,
  "ran": true,
  "msg": "ok",
  "advantage": -1.0,
  "beta": 108.4203608583451,
  "n_response_tokens": 1817,
  "sandbox_stdout": "Validation failed: Circle 0 at (0.09837646832622685,0.09837646832622685) r=1.0 outside unit square\nInitial layout also failed: Circle 2 has negative radius -0.09837646832622693\n",
  "parent_value": 2.3447877296013773,
  "parent_is_seed": false
}