{
  "step": 27,
  "group": 0,
  "rollout": 58,
  "reward": 2.3720882408679866,
  "valid": true,
  "parsed": true,
  "ran": true,
  "msg": "ok",
  "advantage": 0.01812371183874273,
  "beta": 66.96339010855222,
  "n_response_tokens": 2117,
  "sandbox_stdout": "Validation failed: Circle 0 at (0.09427744881263406,0.09427744881263406) r=0.9999999999992697 outside unit square\n",
  "parent_value": 2.3959331394937955,
  "parent_is_seed": false
}