{
  "step": 21,
  "group": 5,
  "rollout": 37,
  "reward": 2.3720882408679866,
  "valid": true,
  "parsed": true,
  "ran": true,
  "msg": "ok",
  "advantage": 0.14545454549202574,
  "beta": 1048576.0,
  "n_response_tokens": 1771,
  "sandbox_stdout": "Validation failed: Circle 0 at (0.00011558282689432193,0.9999963388485522) r=1.0 outside unit square\n",
  "parent_value": 2.3720882408679866,
  "parent_is_seed": false
}