{
  "step": 40,
  "group": 0,
  "rollout": 38,
  "reward": 2.520370495168347,
  "valid": true,
  "parsed": true,
  "ran": true,
  "msg": "ok",
  "advantage": 1.1631999660993952,
  "beta": 172.25804202414324,
  "n_response_tokens": 2559,
  "sandbox_stdout": "",
  "parent_value": 2.524065841663624,
  "parent_is_seed": false
}