{
  "step": 4,
  "group": 0,
  "rollout": 48,
  "reward": 1.6714285714285713,
  "valid": true,
  "parsed": true,
  "ran": true,
  "msg": "ok",
  "advantage": 0.9747128729456307,
  "beta": 1.3109810285927814,
  "n_response_tokens": 1779,
  "sandbox_stdout": "Validation failed: Circle 0 at (0.07142857142857142,0.07142857142857142) r=1.0 outside unit square\n",
  "parent_value": 2.166666666666667,
  "parent_is_seed": false
}