{
  "step": 28,
  "group": 5,
  "rollout": 47,
  "reward": 2.362042708714517,
  "valid": true,
  "parsed": true,
  "ran": true,
  "msg": "ok",
  "advantage": -0.36364138027990434,
  "beta": 47.97169499516786,
  "n_response_tokens": 1898,
  "sandbox_stdout": "Validation failed: Circle 0 at (0.09427744881263406,0.09427744881263406) r=0.9999999999996566 outside unit square\n",
  "parent_value": 2.3934249693942884,
  "parent_is_seed": false
}