{
  "step": 42,
  "group": 6,
  "rollout": 2,
  "reward": 2.5193540144784077,
  "valid": true,
  "parsed": true,
  "ran": true,
  "msg": "ok",
  "advantage": -0.0689863102918169,
  "beta": 356.4581267513661,
  "n_response_tokens": 2584,
  "sandbox_stdout": "",
  "parent_value": 2.5237509837340886,
  "parent_is_seed": false
}