{
  "step": 8,
  "group": 6,
  "rollout": 7,
  "reward": 2.166666666666667,
  "valid": true,
  "parsed": true,
  "ran": true,
  "msg": "ok",
  "advantage": 1.6533164474695372,
  "beta": 3.1533760155118267,
  "n_response_tokens": 1940,
  "sandbox_stdout": "Validation failed: Circle 0 at (0.7630476142544652,0.4526327023136867) r=1.0 outside unit square\n",
  "parent_value": 2.166666666666667,
  "parent_is_seed": false
}