{
  "step": 5,
  "group": 1,
  "rollout": 56,
  "reward": 1.3,
  "valid": true,
  "parsed": true,
  "ran": true,
  "msg": "ok",
  "advantage": 0.1041469797452459,
  "beta": 1.51313797289449,
  "n_response_tokens": 1726,
  "sandbox_stdout": "Validation failed: Circle 0 at (0.08333333333333333,0.08333333333333333) r=1.0 outside unit square\n",
  "parent_value": 2.166666666666667,
  "parent_is_seed": false
}