{
  "step": 37,
  "group": 4,
  "rollout": 19,
  "reward": 2.4614415835658816,
  "valid": true,
  "parsed": true,
  "ran": true,
  "msg": "ok",
  "advantage": 1.3747438075433234,
  "beta": 366.33931907609184,
  "n_response_tokens": 2706,
  "sandbox_stdout": "",
  "parent_value": 2.4647738916424986,
  "parent_is_seed": false
}