{
  "step": 42,
  "group": 7,
  "rollout": 41,
  "reward": 2.396258187974435,
  "valid": true,
  "parsed": true,
  "ran": true,
  "msg": "ok",
  "advantage": -0.9999999999999978,
  "beta": 274.4051629412084,
  "n_response_tokens": 2508,
  "sandbox_stdout": "",
  "parent_value": 2.5237126324803065,
  "parent_is_seed": false
}