{
  "step": 28,
  "group": 3,
  "rollout": 51,
  "reward": 2.3718705893880765,
  "valid": true,
  "parsed": true,
  "ran": true,
  "msg": "ok",
  "advantage": -0.008931963394213094,
  "beta": 74.96006675868387,
  "n_response_tokens": 1785,
  "sandbox_stdout": "Validation failed: Circle 0 at (0.09427744881263406,0.09427744881263406) r=0.9999999999996182 outside unit square\n",
  "parent_value": 2.3940700736786615,
  "parent_is_seed": false
}