{
  "step": 33,
  "group": 5,
  "rollout": 5,
  "reward": 0.0,
  "valid": true,
  "parsed": true,
  "ran": true,
  "msg": "ok",
  "advantage": -1.0,
  "beta": 93.09888914207674,
  "n_response_tokens": 2825,
  "sandbox_stdout": "Refined layout failed: Circle 0 at (0.09427744881263406,0.09427744881263406) r=0.3670321537791101 outside unit square\n",
  "parent_value": 2.4094656132629684,
  "parent_is_seed": false
}