{
  "step": 33,
  "group": 0,
  "rollout": 38,
  "reward": 2.4269044759418157,
  "valid": true,
  "parsed": true,
  "ran": true,
  "msg": "ok",
  "advantage": -0.5506192980662146,
  "beta": 164.30730108282066,
  "n_response_tokens": 2369,
  "sandbox_stdout": "",
  "parent_value": 2.4480187753059144,
  "parent_is_seed": false
}