{
  "step": 44,
  "group": 2,
  "rollout": 27,
  "reward": 2.5234534238247535,
  "valid": true,
  "parsed": true,
  "ran": true,
  "msg": "ok",
  "advantage": 0.30068030643287313,
  "beta": 980.6299855428642,
  "n_response_tokens": 2616,
  "sandbox_stdout": "",
  "parent_value": 2.524041847989503,
  "parent_is_seed": false
}