{
  "step": 31,
  "group": 0,
  "rollout": 23,
  "reward": 2.4259238562974867,
  "valid": true,
  "parsed": true,
  "ran": true,
  "msg": "ok",
  "advantage": -0.12316895627484359,
  "beta": 110.24961865585313,
  "n_response_tokens": 2831,
  "sandbox_stdout": "",
  "parent_value": 2.4385612464746482,
  "parent_is_seed": false
}