{
  "step": 26,
  "group": 4,
  "rollout": 43,
  "reward": 0.0,
  "valid": true,
  "parsed": true,
  "ran": true,
  "msg": "ok",
  "advantage": -1.0,
  "beta": 1048576.0,
  "n_response_tokens": 2195,
  "sandbox_stdout": "Validation failed: Circle 0 at (0.14285714285714285,0.16666666666666666) r=0.9999999999999343 outside unit square\nInitial layout also failed: Circle 18 has negative radius -0.16666666666666674\n",
  "parent_value": 2.3720882408679866,
  "parent_is_seed": false
}