{
  "step": 43,
  "group": 7,
  "rollout": 51,
  "reward": 2.5208167394085548,
  "valid": true,
  "parsed": true,
  "ran": true,
  "msg": "ok",
  "advantage": 0.6450546358165004,
  "beta": 378.51711065645515,
  "n_response_tokens": 2585,
  "sandbox_stdout": "",
  "parent_value": 2.523781176935609,
  "parent_is_seed": false
}