{
  "step": 22,
  "group": 5,
  "rollout": 43,
  "reward": 0.0,
  "valid": false,
  "parsed": true,
  "ran": true,
  "msg": "bad_centers_shape: ()",
  "advantage": -1.0,
  "beta": 1048576.0,
  "n_response_tokens": 1985,
  "sandbox_stdout": "Validation failed: Circle 0 at (0.10898785804958779,0.1319220246926246) r=0.9999999999992697 outside unit square\nInitial layout also failed: Circle 1 at (0.25775918319573066,0.06252095464707845) r=0.09427744881263406 outside unit square\nValidation failed: Circle 0 at (0.11550309189617945,0.05219795933240144) r=0.9999999999992697 outside unit square\nInitial layout also failed: Circle 0 at (0.11550309189617945,0.05219795933240144) r=0.09427744881263406 outside unit square\nValidation failed: Circle 0 at (0.06043182088332335,0.12735855387968809) r=0.9999999999992697 outside unit square\nInitial layout also failed: Circle 0 at (0.06043182088332335,0.12735855387968809) r=0.09427744881263406 outside unit square\nValidation failed: Circle 0 at (0.12281494464065552,0.04652774194170883) r=0.9999999999992697 outside unit square\nInitial layout also failed: Circle 0 at (0.12281494464065552,0.04652774194170883) r=0.09427744881263406 outside unit square\nValidation failed: Circle 0 at (0.04482870741054365,0.08998794282813671) r=0.9999999999992697 outside unit square\nInitial layout also failed: Circle 0 at (0.04482870741054365,0.08998794282813671) r=0.09427744881263406 outside unit square\n",
  "parent_value": 2.3720882408679866,
  "parent_is_seed": false
}