{
  "step": 35,
  "group": 3,
  "rollout": 0,
  "reward": 2.4454440277582647,
  "valid": true,
  "parsed": true,
  "ran": true,
  "msg": "ok",
  "advantage": 0.2824166458672952,
  "beta": 143.7215340298376,
  "n_response_tokens": 2672,
  "sandbox_stdout": "",
  "parent_value": 2.4542608554238403,
  "parent_is_seed": false
}