{
  "step": 39,
  "group": 2,
  "rollout": 3,
  "reward": 2.522070151428858,
  "valid": true,
  "parsed": true,
  "ran": true,
  "msg": "ok",
  "advantage": 1.7567821151927463,
  "beta": 325.0414141463913,
  "n_response_tokens": 2681,
  "sandbox_stdout": "",
  "parent_value": 2.523304222083282,
  "parent_is_seed": false
}