{
  "step": 3,
  "group": 1,
  "rollout": 20,
  "reward": 1.2360846885297085,
  "valid": true,
  "parsed": true,
  "ran": true,
  "msg": "ok",
  "advantage": 0.35170351984079407,
  "beta": 1.6678495759542917,
  "n_response_tokens": 1677,
  "sandbox_stdout": "",
  "parent_value": 1.954945333515407,
  "parent_is_seed": false
}