{
  "step": 30,
  "group": 0,
  "rollout": 61,
  "reward": 2.3760902329596587,
  "valid": true,
  "parsed": true,
  "ran": true,
  "msg": "ok",
  "advantage": -0.047915055200308254,
  "beta": 79.14906656164504,
  "n_response_tokens": 1982,
  "sandbox_stdout": "Validation failed: Circle 0 at (0.09427744881263406,0.09427744881263406) r=0.9999999999997986 outside unit square\n",
  "parent_value": 2.4090704916247114,
  "parent_is_seed": false
}