{
  "step": 29,
  "group": 7,
  "rollout": 21,
  "reward": 2.371334777832881,
  "valid": true,
  "parsed": true,
  "ran": true,
  "msg": "ok",
  "advantage": -0.06066034995056935,
  "beta": 55.33364544242901,
  "n_response_tokens": 2020,
  "sandbox_stdout": "Validation failed: Circle 0 at (0.09427744881263406,0.09427744881263406) r=0.9999999999999502 outside unit square\nValidation failed: Circle 0 at (0.033534629459769955,0.9999478984905088) r=1.0 outside unit square\nValidation failed: Circle 0 at (0.09427744881263406,0.09427744881263406) r=40592898.87190508 outside unit square\n",
  "parent_value": 2.397519152332408,
  "parent_is_seed": false
}