{
  "step": 41,
  "group": 3,
  "rollout": 2,
  "reward": 2.5148726668396555,
  "valid": true,
  "parsed": true,
  "ran": true,
  "msg": "ok",
  "advantage": -0.14120150615618687,
  "beta": 174.89046987429913,
  "n_response_tokens": 2553,
  "sandbox_stdout": "",
  "parent_value": 2.5240199272288697,
  "parent_is_seed": false
}