{
  "step": 43,
  "group": 5,
  "rollout": 40,
  "reward": 2.5199163778942975,
  "valid": true,
  "parsed": true,
  "ran": true,
  "msg": "ok",
  "advantage": -0.20059399691226287,
  "beta": 464.20488523623,
  "n_response_tokens": 2693,
  "sandbox_stdout": "",
  "parent_value": 2.523896094142219,
  "parent_is_seed": false
}