{
  "step": 31,
  "group": 1,
  "rollout": 9,
  "reward": 2.349056335852823,
  "valid": true,
  "parsed": true,
  "ran": true,
  "msg": "ok",
  "advantage": -0.9733201992504097,
  "beta": 79.37787019275669,
  "n_response_tokens": 1797,
  "sandbox_stdout": "",
  "parent_value": 2.408021928232649,
  "parent_is_seed": false
}