{
  "step": 42,
  "group": 0,
  "rollout": 27,
  "reward": 2.518360492707167,
  "valid": true,
  "parsed": true,
  "ran": true,
  "msg": "ok",
  "advantage": 0.15489771678441167,
  "beta": 242.27491650058167,
  "n_response_tokens": 2577,
  "sandbox_stdout": "",
  "parent_value": 2.524262390113781,
  "parent_is_seed": false
}