{
  "step": 39,
  "group": 1,
  "rollout": 51,
  "reward": 2.5229287858114082,
  "valid": true,
  "parsed": true,
  "ran": true,
  "msg": "ok",
  "advantage": 2.294392292886911,
  "beta": 196.37893576114558,
  "n_response_tokens": 2551,
  "sandbox_stdout": "",
  "parent_value": 2.523833038998325,
  "parent_is_seed": false
}