{
  "step": 39,
  "group": 4,
  "rollout": 4,
  "reward": 2.484163501489555,
  "valid": true,
  "parsed": true,
  "ran": true,
  "msg": "ok",
  "advantage": -0.4417459477267657,
  "beta": 103.93843225541761,
  "n_response_tokens": 3228,
  "sandbox_stdout": "",
  "parent_value": 2.50145878561204,
  "parent_is_seed": false
}