{
  "step": 13,
  "group": 0,
  "rollout": 35,
  "reward": 2.344639161775073,
  "valid": true,
  "parsed": true,
  "ran": true,
  "msg": "ok",
  "advantage": 0.4651162790676209,
  "beta": 1048576.0,
  "n_response_tokens": 1873,
  "sandbox_stdout": "Validation failed: Circle 0 at (0.9999999999993001,0.9999999999993001) r=0.9999999999993001 outside unit square\n",
  "parent_value": 2.344639161775073,
  "parent_is_seed": false
}