{
  "step": 42,
  "group": 5,
  "rollout": 45,
  "reward": 2.521752396320181,
  "valid": true,
  "parsed": true,
  "ran": true,
  "msg": "ok",
  "advantage": 0.9693659698089916,
  "beta": 468.69882870705135,
  "n_response_tokens": 2597,
  "sandbox_stdout": "",
  "parent_value": 2.523844757601604,
  "parent_is_seed": false
}