{
  "step": 23,
  "group": 4,
  "rollout": 52,
  "reward": 0.0,
  "valid": true,
  "parsed": true,
  "ran": true,
  "msg": "ok",
  "advantage": -1.0,
  "beta": 1048576.0,
  "n_response_tokens": 2042,
  "sandbox_stdout": "Validation failed: Circle 0 at (0.09427744881263406,0.09427744881263406) r=0.9999999999992697 outside unit square\nInitial layout also failed: Circle 0 at (0.9858701974508803,0.444494054638672) r=0.9999999999999634 outside unit square\n",
  "parent_value": 2.3720882408679866,
  "parent_is_seed": false
}