{
  "step": 41,
  "group": 2,
  "rollout": 22,
  "reward": 2.518726157410615,
  "valid": true,
  "parsed": true,
  "ran": true,
  "msg": "ok",
  "advantage": -0.2735674882869159,
  "beta": 362.5792625418703,
  "n_response_tokens": 2481,
  "sandbox_stdout": "",
  "parent_value": 2.5241510853647955,
  "parent_is_seed": false
}