{
  "step": 31,
  "group": 3,
  "rollout": 55,
  "reward": 2.398264106577998,
  "valid": true,
  "parsed": true,
  "ran": true,
  "msg": "ok",
  "advantage": -0.4550165642111831,
  "beta": 181.02105402282885,
  "n_response_tokens": 2116,
  "sandbox_stdout": "",
  "parent_value": 2.406077529622345,
  "parent_is_seed": false
}