{
  "step": 32,
  "group": 0,
  "rollout": 26,
  "reward": 2.431784797147866,
  "valid": true,
  "parsed": true,
  "ran": true,
  "msg": "ok",
  "advantage": 0.3794372583276586,
  "beta": 111.51352701386892,
  "n_response_tokens": 2376,
  "sandbox_stdout": "",
  "parent_value": 2.4430108443828384,
  "parent_is_seed": false
}