{
  "step": 3,
  "group": 1,
  "rollout": 44,
  "reward": 0.0,
  "valid": true,
  "parsed": true,
  "ran": true,
  "msg": "ok",
  "advantage": -0.831157658134786,
  "beta": 1.6678495759542917,
  "n_response_tokens": 2158,
  "sandbox_stdout": "Validation failed: Circle 0 at (0.07675671076695006,0.09099947651587906) r=0.10005194930442605 outside unit square\n",
  "parent_value": 1.954945333515407,
  "parent_is_seed": false
}