{
  "step": 3,
  "group": 1,
  "rollout": 18,
  "reward": 0.8564063191228682,
  "valid": true,
  "parsed": true,
  "ran": true,
  "msg": "ok",
  "advantage": -0.28957790741590417,
  "beta": 1.6678495759542917,
  "n_response_tokens": 1855,
  "sandbox_stdout": "",
  "parent_value": 1.954945333515407,
  "parent_is_seed": false
}