{
  "step": 31,
  "group": 7,
  "rollout": 31,
  "reward": 2.3627953180284003,
  "valid": true,
  "parsed": true,
  "ran": true,
  "msg": "ok",
  "advantage": -0.3572536500209943,
  "beta": 61.96453885537716,
  "n_response_tokens": 1944,
  "sandbox_stdout": "Validation failed: Circle 0 at (0.09427744881263406,0.09427744881263406) r=0.999999999999783 outside unit square\n",
  "parent_value": 2.4005731732861455,
  "parent_is_seed": false
}