{
  "step": 40,
  "group": 6,
  "rollout": 52,
  "reward": 2.516781302468416,
  "valid": true,
  "parsed": true,
  "ran": true,
  "msg": "ok",
  "advantage": -0.5619997110947911,
  "beta": 314.25280416101583,
  "n_response_tokens": 2583,
  "sandbox_stdout": "",
  "parent_value": 2.5231155112640264,
  "parent_is_seed": false
}