{
  "step": 0,
  "group": 4,
  "rollout": 29,
  "reward": 0.0,
  "valid": false,
  "parsed": true,
  "ran": true,
  "msg": "Circle 25 at (0.9803315014268479,0.2764289262332005) r=0.03548021301807632 outside unit square",
  "advantage": 0.0,
  "beta": 0.0,
  "n_response_tokens": 1962,
  "sandbox_stdout": "Validation failed: Circle 6 at (0.9368439807583606,0.8110101514032595) r=0.09999999999969585 outside unit square\n",
  "parent_value": 0.0,
  "parent_is_seed": true
}