{
  "step": 42,
  "group": 5,
  "rollout": 61,
  "reward": 2.5149693763645304,
  "valid": true,
  "parsed": true,
  "ran": true,
  "msg": "ok",
  "advantage": -0.9204206492569585,
  "beta": 468.69882870705135,
  "n_response_tokens": 2592,
  "sandbox_stdout": "",
  "parent_value": 2.523844757601604,
  "parent_is_seed": false
}