{
  "step": 37,
  "group": 4,
  "rollout": 36,
  "reward": 0.0,
  "valid": true,
  "parsed": true,
  "ran": true,
  "msg": "ok",
  "advantage": -1.0,
  "beta": 366.33931907609184,
  "n_response_tokens": 2838,
  "sandbox_stdout": "Refined layout failed: Circle 0 at (0.09837646832622685,0.09837646832622685) r=0.7079320608830995 outside unit square\n",
  "parent_value": 2.4647738916424986,
  "parent_is_seed": false
}