{
  "step": 28,
  "group": 1,
  "rollout": 14,
  "reward": 2.39326855406118,
  "valid": true,
  "parsed": true,
  "ran": true,
  "msg": "ok",
  "advantage": 2.214905708130552,
  "beta": 54.20618936775504,
  "n_response_tokens": 2010,
  "sandbox_stdout": "Validation failed: Circle 0 at (0.09837646832622685,0.09837646832622685) r=1.0 outside unit square\n",
  "parent_value": 2.3995444443461387,
  "parent_is_seed": false
}