{
  "step": 2,
  "group": 5,
  "rollout": 58,
  "reward": 0.0,
  "valid": false,
  "parsed": true,
  "ran": true,
  "msg": "Circle 0 at (-0.01999999999999999,-0.01999999999999999) r=0.12 outside unit square",
  "advantage": -0.6703512013468457,
  "beta": 1.8904145314953984,
  "n_response_tokens": 1623,
  "sandbox_stdout": "Error: Circle 0 at (-0.01999999999999999,-0.01999999999999999) r=0.12 outside unit square\n",
  "parent_value": 1.3000000000000003,
  "parent_is_seed": false
}