{
  "step": 32,
  "group": 0,
  "rollout": 2,
  "reward": 2.429154072500986,
  "valid": true,
  "parsed": true,
  "ran": true,
  "msg": "ok",
  "advantage": 0.023023776346604574,
  "beta": 111.51352701386892,
  "n_response_tokens": 2583,
  "sandbox_stdout": "",
  "parent_value": 2.4430108443828384,
  "parent_is_seed": false
}