{
  "step": 14,
  "group": 6,
  "rollout": 19,
  "reward": 2.1314901470682486,
  "valid": true,
  "parsed": true,
  "ran": true,
  "msg": "ok",
  "advantage": -0.9696242939070172,
  "beta": 19.685302134306824,
  "n_response_tokens": 1512,
  "sandbox_stdout": "Validation failed: Circle 0 at (0.0819803902718557,0.0819803902718557) r=1.0 outside unit square\n",
  "parent_value": 2.344639161775073,
  "parent_is_seed": false
}