{
  "step": 33,
  "group": 5,
  "rollout": 36,
  "reward": 2.4052480302991412,
  "valid": true,
  "parsed": true,
  "ran": true,
  "msg": "ok",
  "advantage": -0.024773054722798893,
  "beta": 93.09888914207674,
  "n_response_tokens": 2392,
  "sandbox_stdout": "",
  "parent_value": 2.4094656132629684,
  "parent_is_seed": false
}