{
  "step": 43,
  "group": 4,
  "rollout": 53,
  "reward": 2.5186537381571137,
  "valid": true,
  "parsed": true,
  "ran": true,
  "msg": "ok",
  "advantage": -0.4764788539571614,
  "beta": 385.7938897634326,
  "n_response_tokens": 2880,
  "sandbox_stdout": "",
  "parent_value": 2.5239117899186727,
  "parent_is_seed": false
}