{
  "step": 38,
  "group": 7,
  "rollout": 0,
  "reward": 2.46472305245515,
  "valid": true,
  "parsed": true,
  "ran": true,
  "msg": "ok",
  "advantage": -0.8867796479781714,
  "beta": 102.76617659573841,
  "n_response_tokens": 2093,
  "sandbox_stdout": "",
  "parent_value": 2.4786766578037396,
  "parent_is_seed": false
}