{
  "step": 34,
  "group": 0,
  "rollout": 34,
  "reward": 2.4224611072035387,
  "valid": true,
  "parsed": true,
  "ran": true,
  "msg": "ok",
  "advantage": -0.29731720089020686,
  "beta": 67.45379404774611,
  "n_response_tokens": 2392,
  "sandbox_stdout": "",
  "parent_value": 2.4471547058281016,
  "parent_is_seed": false
}