{
  "step": 42,
  "group": 6,
  "rollout": 34,
  "reward": 2.520255622991777,
  "valid": true,
  "parsed": true,
  "ran": true,
  "msg": "ok",
  "advantage": 0.2911348276737793,
  "beta": 356.4581267513661,
  "n_response_tokens": 2603,
  "sandbox_stdout": "",
  "parent_value": 2.5237509837340886,
  "parent_is_seed": false
}