{
  "step": 27,
  "group": 1,
  "rollout": 0,
  "reward": 0.0,
  "valid": true,
  "parsed": true,
  "ran": true,
  "msg": "ok",
  "advantage": -1.0,
  "beta": 39.44664001953181,
  "n_response_tokens": 1989,
  "sandbox_stdout": "Validation failed: Circle 0 at (0.6734946341122651,0.8102291088316159) r=0.9999999999997692 outside unit square\nInitial layout also failed: Circles 0 and 8 overlap\n",
  "parent_value": 2.394801888020679,
  "parent_is_seed": false
}