{
  "step": 27,
  "group": 6,
  "rollout": 45,
  "reward": 0.0,
  "valid": true,
  "parsed": true,
  "ran": true,
  "msg": "ok",
  "advantage": -1.0,
  "beta": 1048576.0,
  "n_response_tokens": 2338,
  "sandbox_stdout": "Validation failed: Circle 0 at (0.12188699468323683,0.062090376086539514) r=0.9999999999992697 outside unit square\nInitial layout also failed: Circle 0 at (0.12188699468323683,0.062090376086539514) r=0.09427744881263406 outside unit square\nValidation failed: Circle 0 at (0.13324337733521308,0.06679944109624894) r=0.9999999999992697 outside unit square\nInitial layout also failed: Circle 0 at (0.13324337733521308,0.06679944109624894) r=0.09427744881263406 outside unit square\nValidation failed: Circle 0 at (0.11126291729957574,0.09597624075787961) r=0.9999999999992697 outside unit square\nInitial layout also failed: Circle 2 at (0.509806865532516,0.05467822950962015) r=0.09427744881263406 outside unit square\nValidation failed: Circle 0 at (0.055876728935337315,0.07271372070194711) r=0.9999999999992697 outside unit square\nInitial layout also failed: Circle 0 at (0.055876728935337315,0.07271372070194711) r=0.09427744881263406 outside unit square\nValidation failed: Circle 0 at (0.14388989967297172,0.11269255402493292) r=0.9999999999992697 outside unit square\nInitial layout also failed: Circle 2 at (0.4226624108575614,0.05396018220534651) r=0.09427744881263406 outside unit square\n",
  "parent_value": 2.3720882408679875,
  "parent_is_seed": false
}