{
  "step": 33,
  "group": 5,
  "rollout": 47,
  "reward": 2.404038992806184,
  "valid": true,
  "parsed": true,
  "ran": true,
  "msg": "ok",
  "advantage": -0.1300257656730146,
  "beta": 93.09888914207674,
  "n_response_tokens": 2610,
  "sandbox_stdout": "",
  "parent_value": 2.4094656132629684,
  "parent_is_seed": false
}