{
  "step": 32,
  "group": 3,
  "rollout": 12,
  "reward": 2.4038342042107343,
  "valid": true,
  "parsed": true,
  "ran": true,
  "msg": "ok",
  "advantage": -0.15745839401518802,
  "beta": 283.9057672309931,
  "n_response_tokens": 2652,
  "sandbox_stdout": "",
  "parent_value": 2.409399914695089,
  "parent_is_seed": false
}