{
  "step": 43,
  "group": 5,
  "rollout": 20,
  "reward": 2.5145824946701145,
  "valid": true,
  "parsed": true,
  "ran": true,
  "msg": "ok",
  "advantage": -0.9335600056598515,
  "beta": 464.20488523623,
  "n_response_tokens": 2679,
  "sandbox_stdout": "",
  "parent_value": 2.523896094142219,
  "parent_is_seed": false
}