{
  "step": 25,
  "group": 0,
  "rollout": 9,
  "reward": 2.364007436204024,
  "valid": true,
  "parsed": true,
  "ran": true,
  "msg": "ok",
  "advantage": 0.1642510006534721,
  "beta": 32.996340543552215,
  "n_response_tokens": 1911,
  "sandbox_stdout": "Validation failed: Circle 0 at (0.09427744881263406,0.09427744881263406) r=0.999999999999601 outside unit square\n",
  "parent_value": 2.3760704662020573,
  "parent_is_seed": false
}