{
  "step": 14,
  "group": 1,
  "rollout": 45,
  "reward": 0.0,
  "valid": true,
  "parsed": true,
  "ran": true,
  "msg": "ok",
  "advantage": -1.0,
  "beta": 1048576.0,
  "n_response_tokens": 1819,
  "sandbox_stdout": "Validation failed: Circle 0 at (0.09837646832622685,0.09837646832622685) r=1.0 outside unit square\nInitial layout also failed: Circle 0 at (0.09837646832622685,0.09837646832622685) r=2.557788176481898 outside unit square\n",
  "parent_value": 2.344639161775073,
  "parent_is_seed": false
}