{
  "step": 42,
  "group": 5,
  "rollout": 13,
  "reward": 2.523970431398334,
  "valid": true,
  "parsed": true,
  "ran": true,
  "msg": "ok",
  "advantage": 4.907038160462183,
  "beta": 468.69882870705135,
  "n_response_tokens": 2616,
  "sandbox_stdout": "",
  "parent_value": 2.523844757601604,
  "parent_is_seed": false
}