{
  "step": 42,
  "group": 3,
  "rollout": 55,
  "reward": 2.522976995726261,
  "valid": true,
  "parsed": true,
  "ran": true,
  "msg": "ok",
  "advantage": 2.1591537880455998,
  "beta": 449.7507930791666,
  "n_response_tokens": 2624,
  "sandbox_stdout": "",
  "parent_value": 2.5238825640383302,
  "parent_is_seed": false
}