{
  "step": 32,
  "group": 2,
  "rollout": 52,
  "reward": 2.4066017006900786,
  "valid": true,
  "parsed": true,
  "ran": true,
  "msg": "ok",
  "advantage": 1.7074322138815883,
  "beta": 48.780520602112695,
  "n_response_tokens": 2214,
  "sandbox_stdout": "",
  "parent_value": 2.40942403179486,
  "parent_is_seed": false
}