{
  "step": 38,
  "group": 4,
  "rollout": 16,
  "reward": 2.467429773019227,
  "valid": true,
  "parsed": true,
  "ran": true,
  "msg": "ok",
  "advantage": -0.9942355131585182,
  "beta": 319.9463200010128,
  "n_response_tokens": 2523,
  "sandbox_stdout": "Genetic algorithm time: 27.8034 seconds\nRefinement time: 0.0098 seconds\n",
  "parent_value": 2.487361741061314,
  "parent_is_seed": false
}