{
  "step": 37,
  "group": 0,
  "rollout": 62,
  "reward": 2.518171805839425,
  "valid": true,
  "parsed": true,
  "ran": true,
  "msg": "ok",
  "advantage": -0.11513984919445608,
  "beta": 296.832253782249,
  "n_response_tokens": 2519,
  "sandbox_stdout": "",
  "parent_value": 2.5200905075486832,
  "parent_is_seed": false
}