{
  "step": 4,
  "group": 7,
  "rollout": 38,
  "reward": 1.4412083647228098,
  "valid": true,
  "parsed": true,
  "ran": true,
  "msg": "ok",
  "advantage": 0.6756221972149155,
  "beta": 1.5415866566334988,
  "n_response_tokens": 1654,
  "sandbox_stdout": "",
  "parent_value": 1.909090909090909,
  "parent_is_seed": false
}