{
  "step": 36,
  "group": 4,
  "rollout": 16,
  "reward": 2.373285591348039,
  "valid": true,
  "parsed": true,
  "ran": true,
  "msg": "ok",
  "advantage": -0.9985654624221567,
  "beta": 89.22551674917449,
  "n_response_tokens": 1988,
  "sandbox_stdout": "Validation failed: Circle 0 at (0.09837646832622685,0.09837646832622685) r=0.7079320608830995 outside unit square\n",
  "parent_value": 2.457279085221333,
  "parent_is_seed": false
}