{
  "step": 34,
  "group": 6,
  "rollout": 55,
  "reward": 2.425288165121991,
  "valid": true,
  "parsed": true,
  "ran": true,
  "msg": "ok",
  "advantage": 0.4688443500943169,
  "beta": 72.0476360890125,
  "n_response_tokens": 2566,
  "sandbox_stdout": "",
  "parent_value": 2.4399669222617355,
  "parent_is_seed": false
}