{
  "step": 32,
  "group": 2,
  "rollout": 22,
  "reward": 2.3720882408679866,
  "valid": true,
  "parsed": true,
  "ran": true,
  "msg": "ok",
  "advantage": -0.5142104742526024,
  "beta": 48.780520602112695,
  "n_response_tokens": 2184,
  "sandbox_stdout": "",
  "parent_value": 2.40942403179486,
  "parent_is_seed": false
}