{
  "step": 40,
  "group": 6,
  "rollout": 53,
  "reward": 2.522076277552011,
  "valid": true,
  "parsed": true,
  "ran": true,
  "msg": "ok",
  "advantage": 1.383653226648215,
  "beta": 314.25280416101583,
  "n_response_tokens": 2649,
  "sandbox_stdout": "",
  "parent_value": 2.5231155112640264,
  "parent_is_seed": false
}