{
  "step": 30,
  "group": 3,
  "rollout": 56,
  "reward": 2.372001790283109,
  "valid": true,
  "parsed": true,
  "ran": true,
  "msg": "ok",
  "advantage": 0.08965961356854701,
  "beta": 52.97382015238213,
  "n_response_tokens": 1852,
  "sandbox_stdout": "Optimized layout is invalid.\n",
  "parent_value": 2.4026321017064376,
  "parent_is_seed": false
}