{
  "step": 2,
  "group": 7,
  "rollout": 44,
  "reward": 1.3000000000000003,
  "valid": true,
  "parsed": true,
  "ran": true,
  "msg": "ok",
  "advantage": 1.900790060426515,
  "beta": 1.897426216155886,
  "n_response_tokens": 1374,
  "sandbox_stdout": "Validation failed: Circle 0 at (0.0819803902718557,0.0819803902718557) r=1.0 outside unit square\n",
  "parent_value": 1.3000000000000003,
  "parent_is_seed": false
}