{
  "step": 31,
  "group": 4,
  "rollout": 40,
  "reward": 0.0,
  "valid": true,
  "parsed": true,
  "ran": true,
  "msg": "ok",
  "advantage": -1.0,
  "beta": 52.25478434319666,
  "n_response_tokens": 1982,
  "sandbox_stdout": "Validation failed: Circle 0 at (0.021579660461419816,0.02825869206296541) r=1.0 outside unit square\nInitial layout also failed: Circle 13 has negative radius -0.010470981856415262\n",
  "parent_value": 2.404303731129218,
  "parent_is_seed": false
}