{
  "step": 4,
  "group": 4,
  "rollout": 13,
  "reward": 1.9527678723709065,
  "valid": true,
  "parsed": true,
  "ran": true,
  "msg": "ok",
  "advantage": 2.1093334413567146,
  "beta": 1.9495086662170011,
  "n_response_tokens": 2631,
  "sandbox_stdout": "",
  "parent_value": 1.954945333515407,
  "parent_is_seed": false
}