{
  "step": 38,
  "group": 3,
  "rollout": 49,
  "reward": 2.487145380776731,
  "valid": true,
  "parsed": true,
  "ran": true,
  "msg": "ok",
  "advantage": 2.1482772587187444,
  "beta": 319.2673679001087,
  "n_response_tokens": 2640,
  "sandbox_stdout": "Genetic algorithm time: 28.0965 seconds\nRefinement time: 0.0174 seconds\n",
  "parent_value": 2.488982334221845,
  "parent_is_seed": false
}