{
  "step": 33,
  "group": 5,
  "rollout": 21,
  "reward": 2.4032626841184923,
  "valid": true,
  "parsed": true,
  "ran": true,
  "msg": "ok",
  "advantage": -0.19146193269294076,
  "beta": 93.09888914207674,
  "n_response_tokens": 2606,
  "sandbox_stdout": "",
  "parent_value": 2.4094656132629684,
  "parent_is_seed": false
}