{
  "step": 38,
  "group": 7,
  "rollout": 21,
  "reward": 2.475956140513281,
  "valid": true,
  "parsed": true,
  "ran": true,
  "msg": "ok",
  "advantage": -0.6394507355064827,
  "beta": 102.76617659573841,
  "n_response_tokens": 3184,
  "sandbox_stdout": "",
  "parent_value": 2.4786766578037396,
  "parent_is_seed": false
}