{
  "step": 20,
  "group": 6,
  "rollout": 22,
  "reward": 2.3720882408679866,
  "valid": true,
  "parsed": true,
  "ran": true,
  "msg": "ok",
  "advantage": 0.14545454545323344,
  "beta": 1048576.0,
  "n_response_tokens": 2518,
  "sandbox_stdout": "Validation failed: Circle 0 at (0.09427744881263406,0.09427744881263406) r=0.9999999999992697 outside unit square\nValidation failed: Circle 0 at (0.09427744881263406,0.09427744881263406) r=0.9999999999992697 outside unit square\nValidation failed: Circle 0 at (0.09427744881263406,0.09427744881263406) r=0.9999999999992697 outside unit square\nValidation failed: Circle 0 at (0.09427744881263406,0.09427744881263406) r=0.9999999999992697 outside unit square\nValidation failed: Circle 0 at (0.09427744881263406,0.09427744881263406) r=0.9999999999992697 outside unit square\nValidation failed: Circle 0 at (0.6958183822665669,0.94286519614615) r=0.9999999999995227 outside unit square\nInitial layout also failed: Circles 0 and 7 overlap\n",
  "parent_value": 2.3720882408679866,
  "parent_is_seed": false
}