{
  "step": 16,
  "group": 2,
  "rollout": 41,
  "reward": 0.0,
  "valid": true,
  "parsed": true,
  "ran": true,
  "msg": "ok",
  "advantage": -1.0,
  "beta": 1048576.0,
  "n_response_tokens": 2599,
  "sandbox_stdout": "Validation failed: Circle 0 at (6.397509909240122e-14,8.036843866717949e-18) r=0.9999999999980694 outside unit square\nInitial layout also failed: Circle 0 at (0.0,0.0) r=0.5 outside unit square\nValidation failed: Circle 0 at (6.397509909240122e-14,8.036843866717949e-18) r=0.9999999999980694 outside unit square\nInitial layout also failed: Circle 0 at (0.0,0.0) r=0.5 outside unit square\nValidation failed: Circle 0 at (6.397509909240122e-14,8.036843866717949e-18) r=0.9999999999980694 outside unit square\nInitial layout also failed: Circle 0 at (0.0,0.0) r=0.5 outside unit square\nValidation failed: Circle 0 at (6.397509909240122e-14,8.036843866717949e-18) r=0.9999999999980694 outside unit square\nInitial layout also failed: Circle 0 at (0.0,0.0) r=0.5 outside unit square\nValidation failed: Circle 0 at (6.397509909240122e-14,8.036843866717949e-18) r=0.9999999999980694 outside unit square\nInitial layout also failed: Circle 0 at (0.0,0.0) r=0.5 outside unit square\n",
  "parent_value": 2.3447877296013773,
  "parent_is_seed": false
}