{
  "step": 28,
  "group": 6,
  "rollout": 13,
  "reward": 0.0,
  "valid": true,
  "parsed": true,
  "ran": true,
  "msg": "ok",
  "advantage": -1.0,
  "beta": 67.26381515783808,
  "n_response_tokens": 1827,
  "sandbox_stdout": "Validation failed: Circle 0 at (0.003861668228147235,0.02221697839346034) r=0.9996592473196002 outside unit square\nInitial layout also failed: Circles 20 and 25 overlap\n",
  "parent_value": 2.3928335119262054,
  "parent_is_seed": false
}