{
  "step": 44,
  "group": 0,
  "rollout": 3,
  "reward": 2.5174495494759546,
  "valid": true,
  "parsed": true,
  "ran": true,
  "msg": "ok",
  "advantage": -0.24271961917134022,
  "beta": 220.21697401827097,
  "n_response_tokens": 2931,
  "sandbox_stdout": "",
  "parent_value": 2.5246120224575677,
  "parent_is_seed": false
}