{
  "step": 35,
  "group": 7,
  "rollout": 40,
  "reward": 2.4184015041287643,
  "valid": true,
  "parsed": true,
  "ran": true,
  "msg": "ok",
  "advantage": -0.7750813461395278,
  "beta": 130.31025307108035,
  "n_response_tokens": 2617,
  "sandbox_stdout": "",
  "parent_value": 2.444018378963807,
  "parent_is_seed": false
}