{
  "step": 30,
  "group": 0,
  "rollout": 13,
  "reward": 2.383262876512787,
  "valid": true,
  "parsed": true,
  "ran": true,
  "msg": "ok",
  "advantage": 0.6993119927301075,
  "beta": 79.14906656164504,
  "n_response_tokens": 1751,
  "sandbox_stdout": "Validation failed: Circle 0 at (0.09427744881263406,0.09427744881263406) r=0.9999999999995449 outside unit square\n",
  "parent_value": 2.4090704916247114,
  "parent_is_seed": false
}