{
  "step": 40,
  "group": 4,
  "rollout": 13,
  "reward": 2.520785791083022,
  "valid": true,
  "parsed": true,
  "ran": true,
  "msg": "ok",
  "advantage": 0.8444865739220839,
  "beta": 276.9206129610181,
  "n_response_tokens": 2797,
  "sandbox_stdout": "",
  "parent_value": 2.523218311990641,
  "parent_is_seed": false
}