{
  "step": 38,
  "group": 1,
  "rollout": 57,
  "reward": 2.5219013397963335,
  "valid": true,
  "parsed": true,
  "ran": true,
  "msg": "ok",
  "advantage": 1.5520672551173318,
  "beta": 320.3893807517825,
  "n_response_tokens": 2589,
  "sandbox_stdout": "",
  "parent_value": 2.5242063708350924,
  "parent_is_seed": false
}