{
  "step": 7,
  "group": 6,
  "rollout": 40,
  "reward": 0.0,
  "valid": true,
  "parsed": true,
  "ran": true,
  "msg": "ok",
  "advantage": -0.9461246052688765,
  "beta": 1.725587689437551,
  "n_response_tokens": 1623,
  "sandbox_stdout": "Validation failed: Circle 0 at (0.12979614654906535,0.057919738669251056) r=0.09163484906499741 outside unit square\nInitial layout also failed: Circle 0 at (0.15192859516436352,0.059402944473607035) r=0.1 outside unit square\n",
  "parent_value": 2.166666666666667,
  "parent_is_seed": false
}