{
  "step": 29,
  "group": 1,
  "rollout": 35,
  "reward": 2.37440768227398,
  "valid": true,
  "parsed": true,
  "ran": true,
  "msg": "ok",
  "advantage": 0.1378132370958418,
  "beta": 51.27841561185459,
  "n_response_tokens": 1778,
  "sandbox_stdout": "Validation failed: Circle 0 at (0.09427744881263406,0.09427744881263406) r=1.0 outside unit square\n",
  "parent_value": 2.407059662662967,
  "parent_is_seed": false
}