{
  "step": 38,
  "group": 0,
  "rollout": 21,
  "reward": 2.5227657632988687,
  "valid": true,
  "parsed": true,
  "ran": true,
  "msg": "ok",
  "advantage": 1.8043498313448398,
  "beta": 380.97043532781487,
  "n_response_tokens": 2614,
  "sandbox_stdout": "",
  "parent_value": 2.5246863732887537,
  "parent_is_seed": false
}