{
  "step": 27,
  "group": 4,
  "rollout": 59,
  "reward": 1.847264953848657,
  "valid": true,
  "parsed": true,
  "ran": true,
  "msg": "ok",
  "advantage": -1.0,
  "beta": 1048576.0,
  "n_response_tokens": 2394,
  "sandbox_stdout": "Validation failed: Circle 0 at (0.14417482155456246,0.0892994681353532) r=1.0 outside unit square\nValidation failed: Circle 0 at (0.09352037337637945,0.04833944673036952) r=0.9999999999995622 outside unit square\nInitial layout also failed: Circle 17 has negative radius -0.0003169586230788086\nValidation failed: Circle 0 at (0.06380223655926595,0.06660307878407996) r=0.9999999999996703 outside unit square\nValidation failed: Circle 0 at (0.07799006042060735,0.08621662671078628) r=0.9999999999989807 outside unit square\nInitial layout also failed: Circle 8 has negative radius -0.005047050870202288\nValidation failed: Circle 0 at (0.06795991856275162,0.06422772474378494) r=0.9999999999998254 outside unit square\n",
  "parent_value": 2.372778112070732,
  "parent_is_seed": false
}