{
  "step": 9,
  "group": 0,
  "rollout": 16,
  "reward": 0.0,
  "valid": true,
  "parsed": true,
  "ran": true,
  "msg": "ok",
  "advantage": -0.9739686268945172,
  "beta": 1.891792613734633,
  "n_response_tokens": 1625,
  "sandbox_stdout": "Validation failed: Circle 0 at (0.9098215707009587,0.9098215707009587) r=0.9999999999987508 outside unit square\nInitial layout also failed: Circles 0 and 1 overlap\n",
  "parent_value": 2.344639161775073,
  "parent_is_seed": false
}