{
  "step": 15,
  "group": 7,
  "rollout": 54,
  "reward": 7.240097410488033e-12,
  "valid": true,
  "parsed": true,
  "ran": true,
  "msg": "ok",
  "advantage": -0.8405877647593475,
  "beta": 1.2038172577966302,
  "n_response_tokens": 1812,
  "sandbox_stdout": "",
  "parent_value": 2.344639161775073,
  "parent_is_seed": false
}