{
  "step": 39,
  "group": 3,
  "rollout": 51,
  "reward": 2.518539248444911,
  "valid": true,
  "parsed": true,
  "ran": true,
  "msg": "ok",
  "advantage": -0.5176458325334528,
  "beta": 426.38284748588586,
  "n_response_tokens": 2623,
  "sandbox_stdout": "",
  "parent_value": 2.52329559660863,
  "parent_is_seed": false
}