{
  "step": 30,
  "group": 4,
  "rollout": 36,
  "reward": 2.375261146903817,
  "valid": true,
  "parsed": true,
  "ran": true,
  "msg": "ok",
  "advantage": -0.3820037571127156,
  "beta": 62.90415682442961,
  "n_response_tokens": 2267,
  "sandbox_stdout": "Validation failed: Circle 0 at (0.09427744881263406,0.09427744881263406) r=0.999999999998765 outside unit square\nValidation failed: Circle 0 at (0.004687758676792695,0.004757464474186034) r=1.0 outside unit square\nValidation failed: Circle 0 at (0.09427744881263406,0.09427744881263406) r=119204175.08976722 outside unit square\nValidation failed: Circle 0 at (0.003398921957735647,0.9999953703035572) r=1.000000002204563 outside unit square\nOptimization with method differential_evolution failed.\n",
  "parent_value": 2.402602009236336,
  "parent_is_seed": false
}