{
  "step": 38,
  "group": 4,
  "rollout": 27,
  "reward": 2.483265533482274,
  "valid": true,
  "parsed": true,
  "ran": true,
  "msg": "ok",
  "advantage": -0.07217991947985791,
  "beta": 319.9463200010128,
  "n_response_tokens": 2742,
  "sandbox_stdout": "Genetic algorithm time: 28.1405 seconds\nRefinement time: 0.0468 seconds\n",
  "parent_value": 2.487361741061314,
  "parent_is_seed": false
}