{
  "step": 39,
  "group": 4,
  "rollout": 8,
  "reward": 2.488534955899395,
  "valid": true,
  "parsed": true,
  "ran": true,
  "msg": "ok",
  "advantage": -0.11615123555844631,
  "beta": 103.93843225541761,
  "n_response_tokens": 3279,
  "sandbox_stdout": "",
  "parent_value": 2.50145878561204,
  "parent_is_seed": false
}