{
  "step": 31,
  "group": 4,
  "rollout": 14,
  "reward": 2.374778398549937,
  "valid": true,
  "parsed": true,
  "ran": true,
  "msg": "ok",
  "advantage": 0.3051794471684095,
  "beta": 52.25478434319666,
  "n_response_tokens": 2153,
  "sandbox_stdout": "Validation failed: Circle 0 at (0.09427744881263406,0.09427744881263406) r=0.9999999999989756 outside unit square\n",
  "parent_value": 2.404303731129218,
  "parent_is_seed": false
}