{
  "step": 40,
  "group": 3,
  "rollout": 11,
  "reward": 2.5206516957904874,
  "valid": true,
  "parsed": true,
  "ran": true,
  "msg": "ok",
  "advantage": 0.7131801052706357,
  "beta": 273.5942843002625,
  "n_response_tokens": 2490,
  "sandbox_stdout": "",
  "parent_value": 2.523369515512039,
  "parent_is_seed": false
}