{
  "step": 34,
  "group": 3,
  "rollout": 6,
  "reward": 2.2985668743897056,
  "valid": true,
  "parsed": true,
  "ran": true,
  "msg": "ok",
  "advantage": -0.9999999118975819,
  "beta": 123.81122692443421,
  "n_response_tokens": 2530,
  "sandbox_stdout": "",
  "parent_value": 2.441239966148949,
  "parent_is_seed": false
}