{
  "step": 8,
  "group": 3,
  "rollout": 43,
  "reward": 0.0,
  "valid": true,
  "parsed": true,
  "ran": true,
  "msg": "ok",
  "advantage": -0.9625097948317177,
  "beta": 1.885936117276728,
  "n_response_tokens": 1697,
  "sandbox_stdout": "Validation failed: Circle 0 at (0.5089678838959536,0.5097897266561209) r=0.9999999999994477 outside unit square\nInitial layout also failed: Circles 0 and 1 overlap\n",
  "parent_value": 2.166666666666667,
  "parent_is_seed": false
}