{
  "step": 9,
  "group": 2,
  "rollout": 57,
  "reward": 0.0,
  "valid": true,
  "parsed": true,
  "ran": true,
  "msg": "ok",
  "advantage": -0.925576902849262,
  "beta": 1.4968702338268125,
  "n_response_tokens": 1986,
  "sandbox_stdout": "Validation failed: Circle 0 at (0.13526764394856192,0.09017842929904128) r=1.0 outside unit square\nInitial layout also failed: Circles 0 and 6 overlap\n",
  "parent_value": 2.344639161775073,
  "parent_is_seed": false
}