{
  "step": 14,
  "group": 7,
  "rollout": 35,
  "reward": 2.344639161775073,
  "valid": true,
  "parsed": true,
  "ran": true,
  "msg": "ok",
  "advantage": 0.9090909090872645,
  "beta": 1048576.0,
  "n_response_tokens": 2053,
  "sandbox_stdout": "Validation failed: Circle 0 at (0.08474956934245734,0.08697820096297812) r=0.09905361683505207 outside unit square\n",
  "parent_value": 2.344639161775073,
  "parent_is_seed": false
}