{
  "step": 26,
  "group": 7,
  "rollout": 4,
  "reward": 1.4878633087151423,
  "valid": true,
  "parsed": true,
  "ran": true,
  "msg": "ok",
  "advantage": -1.0,
  "beta": 1048576.0,
  "n_response_tokens": 2090,
  "sandbox_stdout": "Validation failed: Circle 0 at (0.09427744881263406,0.09427744881263406) r=1.0 outside unit square\nValidation failed: Circle 0 at (0.09427744881263406,0.09427744881263406) r=1.0 outside unit square\nValidation failed: Circle 0 at (0.09427744881263406,0.09427744881263406) r=1.0 outside unit square\nValidation failed: Circle 0 at (0.09427744881263406,0.09427744881263406) r=1.0 outside unit square\nValidation failed: Circle 0 at (0.09427744881263406,0.09427744881263406) r=1.0 outside unit square\n",
  "parent_value": 2.3720882408679866,
  "parent_is_seed": false
}