{
  "step": 33,
  "group": 0,
  "rollout": 52,
  "reward": 2.430516940346991,
  "valid": true,
  "parsed": true,
  "ran": true,
  "msg": "ok",
  "advantage": -0.1817056155618456,
  "beta": 164.30730108282066,
  "n_response_tokens": 2466,
  "sandbox_stdout": "",
  "parent_value": 2.4480187753059144,
  "parent_is_seed": false
}