{
  "step": 42,
  "group": 0,
  "rollout": 42,
  "reward": 2.5148854448265303,
  "valid": true,
  "parsed": true,
  "ran": true,
  "msg": "ok",
  "advantage": -0.5075114064566819,
  "beta": 242.27491650058167,
  "n_response_tokens": 2507,
  "sandbox_stdout": "",
  "parent_value": 2.524262390113781,
  "parent_is_seed": false
}