{
  "step": 36,
  "group": 7,
  "rollout": 41,
  "reward": 2.324400308618408,
  "valid": true,
  "parsed": true,
  "ran": true,
  "msg": "ok",
  "advantage": -0.9999999988086343,
  "beta": 162.45529414173203,
  "n_response_tokens": 2137,
  "sandbox_stdout": "",
  "parent_value": 2.454851833591337,
  "parent_is_seed": false
}