{
  "step": 43,
  "group": 7,
  "rollout": 3,
  "reward": 2.521199367025785,
  "valid": true,
  "parsed": true,
  "ran": true,
  "msg": "ok",
  "advantage": 0.9091963673371943,
  "beta": 378.51711065645515,
  "n_response_tokens": 2517,
  "sandbox_stdout": "",
  "parent_value": 2.523781176935609,
  "parent_is_seed": false
}