{
  "step": 31,
  "group": 1,
  "rollout": 30,
  "reward": 2.40942403179486,
  "valid": true,
  "parsed": true,
  "ran": true,
  "msg": "ok",
  "advantage": 2.387032696270929,
  "beta": 79.37787019275669,
  "n_response_tokens": 1840,
  "sandbox_stdout": "",
  "parent_value": 2.408021928232649,
  "parent_is_seed": false
}