{
  "step": 26,
  "group": 5,
  "rollout": 29,
  "reward": 1.8185697697086194,
  "valid": true,
  "parsed": true,
  "ran": true,
  "msg": "ok",
  "advantage": -1.0,
  "beta": 3865.002803318575,
  "n_response_tokens": 2277,
  "sandbox_stdout": "Validation failed: Circle 0 at (0.11554297134902156,0.0930339831879177) r=0.9999999999997692 outside unit square\nValidation failed: Circle 0 at (0.04720552242227849,0.08020750752110356) r=1.0 outside unit square\nValidation failed: Circle 0 at (0.13370044649427823,0.0878631625325356) r=0.9999999999999792 outside unit square\nValidation failed: Circle 0 at (0.1282989039321562,0.1258824002816814) r=0.9999999999996542 outside unit square\nValidation failed: Circle 0 at (0.0729088659779862,0.062004512941514864) r=0.9999999999997885 outside unit square\n",
  "parent_value": 2.3720882408679866,
  "parent_is_seed": false
}