{
  "step": 43,
  "group": 5,
  "rollout": 43,
  "reward": 2.522005020887954,
  "valid": true,
  "parsed": true,
  "ran": true,
  "msg": "ok",
  "advantage": 1.1525641030719878,
  "beta": 464.20488523623,
  "n_response_tokens": 2547,
  "sandbox_stdout": "",
  "parent_value": 2.523896094142219,
  "parent_is_seed": false
}