{
  "step": 4,
  "group": 4,
  "rollout": 56,
  "reward": 1.236550746285792,
  "valid": true,
  "parsed": true,
  "ran": true,
  "msg": "ok",
  "advantage": -0.25794244267102473,
  "beta": 1.9495086662170011,
  "n_response_tokens": 1629,
  "sandbox_stdout": "",
  "parent_value": 1.954945333515407,
  "parent_is_seed": false
}