{
  "step": 8,
  "group": 0,
  "rollout": 59,
  "reward": 2.024915639714836,
  "valid": true,
  "parsed": true,
  "ran": true,
  "msg": "ok",
  "advantage": 0.8425713419079373,
  "beta": 1.300163134756406,
  "n_response_tokens": 1676,
  "sandbox_stdout": "Validation failed: Circle 0 at (0.07788137075826292,0.07788137075826292) r=1.0 outside unit square\n",
  "parent_value": 2.344639161775073,
  "parent_is_seed": false
}