{
  "step": 34,
  "group": 3,
  "rollout": 55,
  "reward": 2.417151719217296,
  "valid": true,
  "parsed": true,
  "ran": true,
  "msg": "ok",
  "advantage": -0.7897164560001968,
  "beta": 123.81122692443421,
  "n_response_tokens": 2666,
  "sandbox_stdout": "",
  "parent_value": 2.441239966148949,
  "parent_is_seed": false
}