{
  "step": 4,
  "group": 5,
  "rollout": 44,
  "reward": 1.0460949269126492,
  "valid": true,
  "parsed": true,
  "ran": true,
  "msg": "ok",
  "advantage": -0.24909395450705685,
  "beta": 1.6370943001318043,
  "n_response_tokens": 1701,
  "sandbox_stdout": "",
  "parent_value": 1.954945333515407,
  "parent_is_seed": false
}