{
  "step": 28,
  "group": 2,
  "rollout": 6,
  "reward": 2.3719508769130604,
  "valid": true,
  "parsed": true,
  "ran": true,
  "msg": "ok",
  "advantage": 1.2749775343340586,
  "beta": 1.6069237397144607,
  "n_response_tokens": 2068,
  "sandbox_stdout": "Validation failed: Circle 0 at (0.09427744881263406,0.09427744881263406) r=0.9999999999995224 outside unit square\n",
  "parent_value": 2.399375506994989,
  "parent_is_seed": false
}