{
  "step": 9,
  "group": 0,
  "rollout": 27,
  "reward": 0.0,
  "valid": true,
  "parsed": true,
  "ran": true,
  "msg": "ok",
  "advantage": -0.9739686268945172,
  "beta": 1.891792613734633,
  "n_response_tokens": 1697,
  "sandbox_stdout": "Validation failed: Circle 0 at (0.12289756236218159,0.12289756236218159) r=0.9999999999999492 outside unit square\nInitial layout also failed: Circles 3 and 4 overlap\n",
  "parent_value": 2.344639161775073,
  "parent_is_seed": false
}