{
  "step": 38,
  "group": 4,
  "rollout": 52,
  "reward": 2.484296779535109,
  "valid": true,
  "parsed": true,
  "ran": true,
  "msg": "ok",
  "advantage": 0.2979671580545984,
  "beta": 319.9463200010128,
  "n_response_tokens": 2624,
  "sandbox_stdout": "Genetic algorithm time: 28.5731 seconds\nRefinement time: 0.1717 seconds\n",
  "parent_value": 2.487361741061314,
  "parent_is_seed": false
}