{
  "step": 33,
  "group": 1,
  "rollout": 60,
  "reward": 2.4151719104209595,
  "valid": true,
  "parsed": true,
  "ran": true,
  "msg": "ok",
  "advantage": -0.6381721063542749,
  "beta": 105.68895740355242,
  "n_response_tokens": 2404,
  "sandbox_stdout": "",
  "parent_value": 2.4467914613662076,
  "parent_is_seed": false
}