{
  "step": 41,
  "group": 7,
  "rollout": 34,
  "reward": 2.5236227896086088,
  "valid": true,
  "parsed": true,
  "ran": true,
  "msg": "ok",
  "advantage": 3.568212391181879,
  "beta": 430.761047591019,
  "n_response_tokens": 2888,
  "sandbox_stdout": "",
  "parent_value": 2.523752582534882,
  "parent_is_seed": false
}