{
  "step": 16,
  "group": 6,
  "rollout": 16,
  "reward": 2.344639161775073,
  "valid": true,
  "parsed": true,
  "ran": true,
  "msg": "ok",
  "advantage": 0.3404255319130969,
  "beta": 1048576.0,
  "n_response_tokens": 1817,
  "sandbox_stdout": "",
  "parent_value": 2.344639161775073,
  "parent_is_seed": false
}