{
  "step": 43,
  "group": 6,
  "rollout": 54,
  "reward": 2.5193840131408898,
  "valid": true,
  "parsed": true,
  "ran": true,
  "msg": "ok",
  "advantage": 0.17594659557837522,
  "beta": 318.09534529313964,
  "n_response_tokens": 2515,
  "sandbox_stdout": "",
  "parent_value": 2.5238749787933243,
  "parent_is_seed": false
}