{
  "step": 35,
  "group": 7,
  "rollout": 47,
  "reward": 2.4153413702522597,
  "valid": true,
  "parsed": true,
  "ran": true,
  "msg": "ok",
  "advantage": -0.8492234985535928,
  "beta": 130.31025307108035,
  "n_response_tokens": 2683,
  "sandbox_stdout": "",
  "parent_value": 2.444018378963807,
  "parent_is_seed": false
}