{
  "step": 33,
  "group": 3,
  "rollout": 8,
  "reward": 2.438898000383939,
  "valid": true,
  "parsed": true,
  "ran": true,
  "msg": "ok",
  "advantage": 2.2867894471374766,
  "beta": 77.5778710892348,
  "n_response_tokens": 2541,
  "sandbox_stdout": "",
  "parent_value": 2.4393664032208555,
  "parent_is_seed": false
}