{
  "step": 34,
  "group": 0,
  "rollout": 41,
  "reward": 2.4388700613428664,
  "valid": true,
  "parsed": true,
  "ran": true,
  "msg": "ok",
  "advantage": 1.174588568904586,
  "beta": 67.45379404774611,
  "n_response_tokens": 2514,
  "sandbox_stdout": "",
  "parent_value": 2.4471547058281016,
  "parent_is_seed": false
}