{
  "step": 41,
  "group": 4,
  "rollout": 45,
  "reward": 2.5173301439608853,
  "valid": true,
  "parsed": true,
  "ran": true,
  "msg": "ok",
  "advantage": -0.6516966020692069,
  "beta": 400.04051307957127,
  "n_response_tokens": 2609,
  "sandbox_stdout": "",
  "parent_value": 2.524005778865525,
  "parent_is_seed": false
}