{
  "step": 7,
  "group": 3,
  "rollout": 8,
  "reward": 1.278894088240949,
  "valid": true,
  "parsed": true,
  "ran": true,
  "msg": "ok",
  "advantage": -0.5532888907568074,
  "beta": 1.9608868103635613,
  "n_response_tokens": 1846,
  "sandbox_stdout": "Validation failed: Circle 0 at (0.0819803902718557,0.0819803902718557) r=1.0 outside unit square\n",
  "parent_value": 2.166666666666667,
  "parent_is_seed": false
}