{
  "step": 36,
  "group": 1,
  "rollout": 55,
  "reward": 2.467270331800221,
  "valid": true,
  "parsed": true,
  "ran": true,
  "msg": "ok",
  "advantage": 0.6466885964268034,
  "beta": 3010.227299270278,
  "n_response_tokens": 2498,
  "sandbox_stdout": "",
  "parent_value": 2.4675276245824294,
  "parent_is_seed": false
}