{
  "step": 28,
  "group": 1,
  "rollout": 54,
  "reward": 2.3929890748050022,
  "valid": true,
  "parsed": true,
  "ran": true,
  "msg": "ok",
  "advantage": 2.164140835116947,
  "beta": 54.20618936775504,
  "n_response_tokens": 2023,
  "sandbox_stdout": "Validation failed: Circle 0 at (0.09427744881263406,0.09427744881263406) r=0.9999999999994382 outside unit square\n",
  "parent_value": 2.3995444443461387,
  "parent_is_seed": false
}