{
  "step": 26,
  "group": 1,
  "rollout": 23,
  "reward": 0.7771494679913827,
  "valid": true,
  "parsed": true,
  "ran": true,
  "msg": "ok",
  "advantage": -1.0,
  "beta": 29.769776805059447,
  "n_response_tokens": 1838,
  "sandbox_stdout": "Validation failed: Circle 0 at (0.25,0.25) r=0.9999999999998054 outside unit square\n",
  "parent_value": 2.398796531594696,
  "parent_is_seed": false
}