{
  "step": 28,
  "group": 6,
  "rollout": 54,
  "reward": 0.0,
  "valid": true,
  "parsed": true,
  "ran": true,
  "msg": "ok",
  "advantage": -1.0,
  "beta": 67.26381515783808,
  "n_response_tokens": 2445,
  "sandbox_stdout": "Validation failed: Circle 0 at (0.06244426527106961,0.3552705723748014) r=1.0 outside unit square\nValidation failed: Circle 0 at (0.8318672707614352,0.24973630571430483) r=0.9999999999998886 outside unit square\nValidation failed: Circle 0 at (0.09752935724109635,0.8838233601670917) r=0.9999999999986648 outside unit square\nValidation failed: Circle 0 at (0.09427744881263406,0.09427744881263406) r=0.9999999999998053 outside unit square\n",
  "parent_value": 2.3928335119262054,
  "parent_is_seed": false
}