{
  "step": 29,
  "group": 1,
  "rollout": 60,
  "reward": 2.347544607641649,
  "valid": true,
  "parsed": true,
  "ran": true,
  "msg": "ok",
  "advantage": -0.7168568860978043,
  "beta": 51.27841561185459,
  "n_response_tokens": 1879,
  "sandbox_stdout": "Validation failed: Circle 0 at (0.09427744881263406,0.09427744881263406) r=1.0 outside unit square\n",
  "parent_value": 2.407059662662967,
  "parent_is_seed": false
}