{
  "step": 37,
  "group": 3,
  "rollout": 48,
  "reward": 2.4672940608870486,
  "valid": true,
  "parsed": true,
  "ran": true,
  "msg": "ok",
  "advantage": -0.08915532104333801,
  "beta": 231.2679763796472,
  "n_response_tokens": 2539,
  "sandbox_stdout": "",
  "parent_value": 2.4675285817951207,
  "parent_is_seed": false
}