{
  "step": 37,
  "group": 0,
  "rollout": 28,
  "reward": 2.511924551742705,
  "valid": true,
  "parsed": true,
  "ran": true,
  "msg": "ok",
  "advantage": -0.8630978944448447,
  "beta": 296.832253782249,
  "n_response_tokens": 2480,
  "sandbox_stdout": "",
  "parent_value": 2.5200905075486832,
  "parent_is_seed": false
}