{
  "step": 17,
  "group": 5,
  "rollout": 14,
  "reward": 2.3447877296013773,
  "valid": true,
  "parsed": true,
  "ran": true,
  "msg": "ok",
  "advantage": 0.23529411764553299,
  "beta": 1048576.0,
  "n_response_tokens": 1891,
  "sandbox_stdout": "Validation failed: Circle 0 at (0.09837646832622685,0.09837646832622685) r=0.9999999999999784 outside unit square\n",
  "parent_value": 2.3447877296013773,
  "parent_is_seed": false
}