{
  "step": 2,
  "group": 7,
  "rollout": 27,
  "reward": 1.3000000000000003,
  "valid": true,
  "parsed": true,
  "ran": true,
  "msg": "ok",
  "advantage": 1.900790060426515,
  "beta": 1.897426216155886,
  "n_response_tokens": 1797,
  "sandbox_stdout": "",
  "parent_value": 1.3000000000000003,
  "parent_is_seed": false
}