{
  "step": 42,
  "group": 1,
  "rollout": 43,
  "reward": 2.5146809404020036,
  "valid": true,
  "parsed": true,
  "ran": true,
  "msg": "ok",
  "advantage": -0.8916276190300616,
  "beta": 422.8887557340278,
  "n_response_tokens": 2510,
  "sandbox_stdout": "",
  "parent_value": 2.5239718953942227,
  "parent_is_seed": false
}