{
  "step": 7,
  "group": 7,
  "rollout": 36,
  "reward": 2.166666666666667,
  "valid": true,
  "parsed": true,
  "ran": true,
  "msg": "ok",
  "advantage": 1.0784575026750938,
  "beta": 8.395492691874843,
  "n_response_tokens": 1599,
  "sandbox_stdout": "Validation failed: Circle 0 at (0.07533917879331381,0.07797212054451155) r=0.1245848038770962 outside unit square\n",
  "parent_value": 2.166666666666667,
  "parent_is_seed": false
}