{
  "step": 28,
  "group": 4,
  "rollout": 51,
  "reward": 2.393387017793199,
  "valid": true,
  "parsed": true,
  "ran": true,
  "msg": "ok",
  "advantage": 2.580438234923986,
  "beta": 46.64802035705313,
  "n_response_tokens": 1968,
  "sandbox_stdout": "Validation failed: Circle 0 at (0.09427744881263406,0.09427744881263406) r=0.999999999999734 outside unit square\nValidation failed: Circle 0 at (0.09427744881263406,0.09427744881263406) r=0.9999999999992358 outside unit square\nValidation failed: Circle 0 at (0.09427744881263406,0.09427744881263406) r=1.0 outside unit square\n",
  "parent_value": 2.3939640822977877,
  "parent_is_seed": false
}