{
  "step": 43,
  "group": 2,
  "rollout": 25,
  "reward": 2.521304983063246,
  "valid": true,
  "parsed": true,
  "ran": true,
  "msg": "ok",
  "advantage": 1.4933352498748755,
  "beta": 289.6180537368688,
  "n_response_tokens": 2581,
  "sandbox_stdout": "",
  "parent_value": 2.524092990041651,
  "parent_is_seed": false
}