{
  "step": 38,
  "group": 7,
  "rollout": 22,
  "reward": 2.4975229847010634,
  "valid": true,
  "parsed": true,
  "ran": true,
  "msg": "ok",
  "advantage": 2.4698907191028496,
  "beta": 102.76617659573841,
  "n_response_tokens": 3606,
  "sandbox_stdout": "",
  "parent_value": 2.4786766578037396,
  "parent_is_seed": false
}