{
  "step": 32,
  "group": 0,
  "rollout": 49,
  "reward": 2.4211342857415183,
  "valid": true,
  "parsed": true,
  "ran": true,
  "msg": "ok",
  "advantage": -0.5856751555046605,
  "beta": 111.51352701386892,
  "n_response_tokens": 2453,
  "sandbox_stdout": "",
  "parent_value": 2.4430108443828384,
  "parent_is_seed": false
}