{
  "step": 38,
  "group": 4,
  "rollout": 35,
  "reward": 2.4864557615979686,
  "valid": true,
  "parsed": true,
  "ran": true,
  "msg": "ok",
  "advantage": 1.6439530200466264,
  "beta": 319.9463200010128,
  "n_response_tokens": 2631,
  "sandbox_stdout": "Genetic algorithm time: 58.4758 seconds\nRefinement time: 0.0174 seconds\n",
  "parent_value": 2.487361741061314,
  "parent_is_seed": false
}