{
  "step": 41,
  "group": 1,
  "rollout": 59,
  "reward": 2.5156720780476887,
  "valid": true,
  "parsed": true,
  "ran": true,
  "msg": "ok",
  "advantage": -0.7954455200776822,
  "beta": 375.67299616790206,
  "n_response_tokens": 2556,
  "sandbox_stdout": "",
  "parent_value": 2.52421897174333,
  "parent_is_seed": false
}