{
  "step": 33,
  "group": 2,
  "rollout": 62,
  "reward": 2.3898525733303577,
  "valid": true,
  "parsed": true,
  "ran": true,
  "msg": "ok",
  "advantage": -0.9829575452521347,
  "beta": 101.43987472443779,
  "n_response_tokens": 3636,
  "sandbox_stdout": "",
  "parent_value": 2.4413857561100327,
  "parent_is_seed": false
}