{
  "step": 18,
  "group": 2,
  "rollout": 33,
  "reward": 0.0,
  "valid": true,
  "parsed": true,
  "ran": true,
  "msg": "ok",
  "advantage": -1.0,
  "beta": 1048576.0,
  "n_response_tokens": 2280,
  "sandbox_stdout": "Validation failed: Circle 0 at (0.09609263913953411,0.05432662954561701) r=1.0 outside unit square\nInitial layout also failed: Circles 1 and 6 overlap\nValidation failed: Circle 0 at (0.08078542483803133,0.04458815473567398) r=0.9999999999996806 outside unit square\nInitial layout also failed: Circles 1 and 5 overlap\nValidation failed: Circle 0 at (0.10901718968833059,0.08670094460351414) r=0.9999999999992308 outside unit square\nInitial layout also failed: Circles 0 and 5 overlap\nValidation failed: Circle 0 at (0.06591223159349348,0.11399049261814004) r=1.0 outside unit square\nInitial layout also failed: Circles 1 and 2 overlap\nValidation failed: Circle 0 at (0.10049655432025115,0.09617931412395178) r=1.0 outside unit square\nInitial layout also failed: Circles 0 and 1 overlap\n",
  "parent_value": 2.3720882408679866,
  "parent_is_seed": false
}