{
  "step": 41,
  "group": 6,
  "rollout": 0,
  "reward": 2.5212822043532506,
  "valid": true,
  "parsed": true,
  "ran": true,
  "msg": "ok",
  "advantage": 0.5243824928483294,
  "beta": 366.94999745105827,
  "n_response_tokens": 2579,
  "sandbox_stdout": "",
  "parent_value": 2.5239070567447666,
  "parent_is_seed": false
}