{
  "step": 31,
  "group": 3,
  "rollout": 49,
  "reward": 2.3267378050256955,
  "valid": true,
  "parsed": true,
  "ran": true,
  "msg": "ok",
  "advantage": -0.9999987132355698,
  "beta": 181.02105402282885,
  "n_response_tokens": 2171,
  "sandbox_stdout": "",
  "parent_value": 2.406077529622345,
  "parent_is_seed": false
}