{
  "step": 41,
  "group": 4,
  "rollout": 22,
  "reward": 2.514860711846029,
  "valid": true,
  "parsed": true,
  "ran": true,
  "msg": "ok",
  "advantage": -0.8707514743259781,
  "beta": 400.04051307957127,
  "n_response_tokens": 2524,
  "sandbox_stdout": "",
  "parent_value": 2.524005778865525,
  "parent_is_seed": false
}