{
  "step": 39,
  "group": 5,
  "rollout": 21,
  "reward": 2.4974917375760888,
  "valid": true,
  "parsed": true,
  "ran": true,
  "msg": "ok",
  "advantage": 2.554734934339172,
  "beta": 134.63200230371572,
  "n_response_tokens": 3171,
  "sandbox_stdout": "",
  "parent_value": 2.500820281852586,
  "parent_is_seed": false
}