{
  "step": 28,
  "group": 0,
  "rollout": 54,
  "reward": 2.3728875197263584,
  "valid": true,
  "parsed": true,
  "ran": true,
  "msg": "ok",
  "advantage": 0.6473049781631415,
  "beta": 55.22328552121206,
  "n_response_tokens": 1884,
  "sandbox_stdout": "Validation failed: Circle 0 at (0.09427744881263406,0.09427744881263406) r=0.9999999999996568 outside unit square\n",
  "parent_value": 2.403477911769514,
  "parent_is_seed": false
}