{
  "step": 44,
  "group": 1,
  "rollout": 7,
  "reward": 2.513999706833719,
  "valid": true,
  "parsed": true,
  "ran": true,
  "msg": "ok",
  "advantage": -0.7599012783365777,
  "beta": 300.27460318313985,
  "n_response_tokens": 2742,
  "sandbox_stdout": "",
  "parent_value": 2.524098168468562,
  "parent_is_seed": false
}