{
  "step": 33,
  "group": 3,
  "rollout": 59,
  "reward": 2.427319084972526,
  "valid": true,
  "parsed": true,
  "ran": true,
  "msg": "ok",
  "advantage": 0.2984729076670489,
  "beta": 77.5778710892348,
  "n_response_tokens": 3097,
  "sandbox_stdout": "",
  "parent_value": 2.4393664032208555,
  "parent_is_seed": false
}