{
  "step": 35,
  "group": 1,
  "rollout": 36,
  "reward": 2.466095636956842,
  "valid": true,
  "parsed": true,
  "ran": true,
  "msg": "ok",
  "advantage": 16.33922997592477,
  "beta": 395.0859733204306,
  "n_response_tokens": 2721,
  "sandbox_stdout": "",
  "parent_value": 2.4594117081556712,
  "parent_is_seed": false
}