{
  "step": 30,
  "group": 7,
  "rollout": 57,
  "reward": 2.37865198514355,
  "valid": true,
  "parsed": true,
  "ran": true,
  "msg": "ok",
  "advantage": 0.4638199365342368,
  "beta": 62.18499164497457,
  "n_response_tokens": 2133,
  "sandbox_stdout": "Validation failed: Circle 0 at (0.0869073570365883,0.08983998034427335) r=1.0 outside unit square\nValidation failed: Circle 0 at (0.0945635043387057,0.10378810862661025) r=0.9999999999993123 outside unit square\nValidation failed: Circle 0 at (0.0902121557727026,0.10296730829162933) r=0.9999999999997077 outside unit square\nValidation failed: Circle 0 at (0.09362938695814582,0.10181401504615854) r=0.9999999999992133 outside unit square\nValidation failed: Circle 0 at (0.10220552314849997,0.08974391606608235) r=0.9999999999990821 outside unit square\n",
  "parent_value": 2.4006060637964026,
  "parent_is_seed": false
}