{
  "step": 33,
  "group": 3,
  "rollout": 29,
  "reward": 2.418648720382683,
  "valid": true,
  "parsed": true,
  "ran": true,
  "msg": "ok",
  "advantage": -0.34392532400062836,
  "beta": 77.5778710892348,
  "n_response_tokens": 2715,
  "sandbox_stdout": "",
  "parent_value": 2.4393664032208555,
  "parent_is_seed": false
}