{
  "step": 11,
  "group": 5,
  "rollout": 2,
  "reward": 1.9499999999999997,
  "valid": true,
  "parsed": true,
  "ran": true,
  "msg": "ok",
  "advantage": -0.9961894596629925,
  "beta": 15.887343068338836,
  "n_response_tokens": 1587,
  "sandbox_stdout": "Validation failed: Circle 0 at (0.08333333333333333,0.08333333333333333) r=1.0 outside unit square\n",
  "parent_value": 2.344639161775073,
  "parent_is_seed": false
}