{
  "step": 35,
  "group": 3,
  "rollout": 32,
  "reward": 2.4389996564653385,
  "valid": true,
  "parsed": true,
  "ran": true,
  "msg": "ok",
  "advantage": -0.49825708317440087,
  "beta": 143.7215340298376,
  "n_response_tokens": 2630,
  "sandbox_stdout": "",
  "parent_value": 2.4542608554238403,
  "parent_is_seed": false
}