{
  "step": 27,
  "group": 3,
  "rollout": 27,
  "reward": 2.385997647164882,
  "valid": true,
  "parsed": true,
  "ran": true,
  "msg": "ok",
  "advantage": 2.687873945492234,
  "beta": 73.13282559833468,
  "n_response_tokens": 1845,
  "sandbox_stdout": "Validation failed: Circle 0 at (0.09427744881263406,0.09427744881263406) r=0.9999999999994487 outside unit square\n",
  "parent_value": 2.391734693758117,
  "parent_is_seed": false
}