{
  "step": 10,
  "group": 5,
  "rollout": 22,
  "reward": 0.0,
  "valid": true,
  "parsed": true,
  "ran": true,
  "msg": "ok",
  "advantage": -0.9997767601795028,
  "beta": 3.90050716574918,
  "n_response_tokens": 1674,
  "sandbox_stdout": "Validation failed: Circle 0 at (0.09222793905583766,0.09222793905583766) r=1.0 outside unit square\nInitial layout also failed: Circles 4 and 9 overlap\n",
  "parent_value": 2.344639161775073,
  "parent_is_seed": false
}