{
  "step": 28,
  "group": 0,
  "rollout": 17,
  "reward": 2.355595311081631,
  "valid": true,
  "parsed": true,
  "ran": true,
  "msg": "ok",
  "advantage": -0.3760899322228619,
  "beta": 55.22328552121206,
  "n_response_tokens": 1998,
  "sandbox_stdout": "Validation failed: Circle 0 at (0.09427744881263406,0.09427744881263406) r=0.9999999999992382 outside unit square\n",
  "parent_value": 2.403477911769514,
  "parent_is_seed": false
}