{
  "step": 18,
  "group": 0,
  "rollout": 40,
  "reward": 2.3720882408679866,
  "valid": true,
  "parsed": true,
  "ran": true,
  "msg": "ok",
  "advantage": 0.14545454545323344,
  "beta": 1048576.0,
  "n_response_tokens": 1960,
  "sandbox_stdout": "Validation failed: Circle 0 at (0.09074098569294176,0.09446675920086217) r=0.10148801996457191 outside unit square\nValidation failed: Circle 0 at (0.09074098569294176,0.09446675920086217) r=0.10148801996457191 outside unit square\nValidation failed: Circle 0 at (0.09074098569294176,0.09446675920086217) r=0.10148801996457191 outside unit square\nValidation failed: Circle 0 at (0.09074098569294176,0.09446675920086217) r=0.10148801996457191 outside unit square\nValidation failed: Circle 0 at (0.09074098569294176,0.09446675920086217) r=0.10148801996457191 outside unit square\n",
  "parent_value": 2.3720882408679866,
  "parent_is_seed": false
}