{
  "step": 4,
  "group": 1,
  "rollout": 10,
  "reward": 1.7333333333333334,
  "valid": true,
  "parsed": true,
  "ran": true,
  "msg": "ok",
  "advantage": -0.08328228629155388,
  "beta": 2.5302836037149787,
  "n_response_tokens": 1666,
  "sandbox_stdout": "Validation failed: Circle 0 at (0.16666666666666666,0.12371791482634838) r=1.0 outside unit square\n",
  "parent_value": 2.08,
  "parent_is_seed": false
}