{
  "step": 19,
  "group": 7,
  "rollout": 21,
  "reward": 0.0,
  "valid": true,
  "parsed": true,
  "ran": true,
  "msg": "ok",
  "advantage": -1.0,
  "beta": 1048576.0,
  "n_response_tokens": 2050,
  "sandbox_stdout": "Validation failed: Circle 0 at (0.8370447880482293,0.8851427966089639) r=0.9999999999999998 outside unit square\nInitial layout also failed: Circle 7 at (0.4034085123282637,0.9897644958488395) r=0.05 outside unit square\nValidation failed: Circle 0 at (0.5791441638851108,0.9546546757157564) r=0.9999999999999998 outside unit square\nInitial layout also failed: Circle 0 at (0.5791441638851108,0.9546546757157564) r=0.05 outside unit square\nValidation failed: Circle 0 at (0.49919644684531306,0.756770030278841) r=0.9999999999999998 outside unit square\nInitial layout also failed: Circle 1 at (0.049627587830315845,0.6994484257362727) r=0.05 outside unit square\nValidation failed: Circle 0 at (0.6197774343768788,0.720838119303016) r=0.9999999999999998 outside unit square\nInitial layout also failed: Circle 4 at (0.009111652550705451,0.175967063767428) r=0.05 outside unit square\nValidation failed: Circle 0 at (0.05525756134394366,0.35888907338196063) r=0.9999999999999998 outside unit square\nInitial layout also failed: Circle 8 at (0.9891181512596219,0.26064126999166526) r=0.05 outside unit square\n",
  "parent_value": 2.3720882408679866,
  "parent_is_seed": false
}