{
  "step": 40,
  "group": 5,
  "rollout": 33,
  "reward": 2.52008018171967,
  "valid": true,
  "parsed": true,
  "ran": true,
  "msg": "ok",
  "advantage": 0.5340938250031178,
  "beta": 243.31360438950858,
  "n_response_tokens": 2632,
  "sandbox_stdout": "",
  "parent_value": 2.5231526676882403,
  "parent_is_seed": false
}