{
  "step": 36,
  "group": 4,
  "rollout": 13,
  "reward": 2.450265404516535,
  "valid": true,
  "parsed": true,
  "ran": true,
  "msg": "ok",
  "advantage": 0.4102488088192262,
  "beta": 89.22551674917449,
  "n_response_tokens": 2639,
  "sandbox_stdout": "",
  "parent_value": 2.457279085221333,
  "parent_is_seed": false
}