{
  "step": 3,
  "group": 3,
  "rollout": 15,
  "reward": 0.0,
  "valid": true,
  "parsed": true,
  "ran": true,
  "msg": "ok",
  "advantage": -0.9314758004408474,
  "beta": 1.9051485216911168,
  "n_response_tokens": 1570,
  "sandbox_stdout": "Validation failed: Circle 0 at (0.08333333333333333,0.08333333333333333) r=1.0 outside unit square\nInitial layout also failed: Circle 0 at (0.08333333333333333,0.08333333333333333) r=0.1 outside unit square\n",
  "parent_value": 1.8200000000000003,
  "parent_is_seed": false
}