{
  "step": 13,
  "group": 0,
  "rollout": 26,
  "reward": 0.0,
  "valid": true,
  "parsed": true,
  "ran": true,
  "msg": "ok",
  "advantage": -1.0,
  "beta": 1048576.0,
  "n_response_tokens": 1761,
  "sandbox_stdout": "Validation failed: Circle 0 at (0.9999999999997083,0.9999999999997083) r=0.9999999999997083 outside unit square\nInitial layout also failed: Circle 0 at (0.0,0.0) r=0.09017842929904128 outside unit square\n",
  "parent_value": 2.344639161775073,
  "parent_is_seed": false
}