{
  "step": 17,
  "group": 0,
  "rollout": 34,
  "reward": 2.3720882408679866,
  "valid": true,
  "parsed": true,
  "ran": true,
  "msg": "ok",
  "advantage": 0.3999999999980399,
  "beta": 1048576.0,
  "n_response_tokens": 1982,
  "sandbox_stdout": "Validation failed: Circle 0 at (0.760271012746902,0.4335321287575966) r=0.9999999999981735 outside unit square\nValidation failed: Circle 0 at (0.7100836481098227,0.350715811490523) r=0.9999999999981735 outside unit square\nValidation failed: Circle 0 at (0.4421026578167938,0.2442675482682428) r=0.9999999999981735 outside unit square\nInitial layout also failed: Circles 1 and 14 overlap\nValidation failed: Circle 0 at (0.09427744881263406,0.09427744881263406) r=0.9999999999992697 outside unit square\n",
  "parent_value": 2.3720882408679866,
  "parent_is_seed": false
}