{
  "step": 33,
  "group": 2,
  "rollout": 3,
  "reward": 2.4354766943384316,
  "valid": true,
  "parsed": true,
  "ran": true,
  "msg": "ok",
  "advantage": 0.7929254709666911,
  "beta": 101.43987472443779,
  "n_response_tokens": 2488,
  "sandbox_stdout": "",
  "parent_value": 2.4413857561100327,
  "parent_is_seed": false
}