{
  "step": 30,
  "group": 3,
  "rollout": 42,
  "reward": 2.344639161775073,
  "valid": true,
  "parsed": true,
  "ran": true,
  "msg": "ok",
  "advantage": -0.7476120138634529,
  "beta": 52.97382015238213,
  "n_response_tokens": 1964,
  "sandbox_stdout": "Validation failed: Circle 0 at (0.09017842929904128,0.09017842929904128) r=0.9999999999987508 outside unit square\n",
  "parent_value": 2.4026321017064376,
  "parent_is_seed": false
}