{
  "step": 11,
  "group": 4,
  "rollout": 62,
  "reward": 2.1669885913421822,
  "valid": true,
  "parsed": true,
  "ran": true,
  "msg": "ok",
  "advantage": -0.9077308359233441,
  "beta": 17.375708763944267,
  "n_response_tokens": 2044,
  "sandbox_stdout": "Validation failed: Circle 0 has negative radius -5.0000000000024984e-301\n",
  "parent_value": 2.344639161775073,
  "parent_is_seed": false
}