{
  "step": 29,
  "group": 3,
  "rollout": 45,
  "reward": 2.399946568263035,
  "valid": true,
  "parsed": true,
  "ran": true,
  "msg": "ok",
  "advantage": 1.5140392272779062,
  "beta": 49.76737662183935,
  "n_response_tokens": 2021,
  "sandbox_stdout": "",
  "parent_value": 2.4020765974234912,
  "parent_is_seed": false
}