{
  "step": 40,
  "group": 6,
  "rollout": 62,
  "reward": 2.5142549648108368,
  "valid": true,
  "parsed": true,
  "ran": true,
  "msg": "ok",
  "advantage": -0.8027427481946493,
  "beta": 314.25280416101583,
  "n_response_tokens": 2705,
  "sandbox_stdout": "",
  "parent_value": 2.5231155112640264,
  "parent_is_seed": false
}