{
  "step": 27,
  "group": 1,
  "rollout": 14,
  "reward": 2.3709898245713603,
  "valid": true,
  "parsed": true,
  "ran": true,
  "msg": "ok",
  "advantage": 0.2341164200040211,
  "beta": 39.44664001953181,
  "n_response_tokens": 1920,
  "sandbox_stdout": "Validation failed: Circle 0 at (0.09427744881263406,0.09427744881263406) r=0.9999999999990539 outside unit square\n",
  "parent_value": 2.394801888020679,
  "parent_is_seed": false
}