{
  "step": 13,
  "group": 1,
  "rollout": 27,
  "reward": 1.6717102188387707,
  "valid": true,
  "parsed": true,
  "ran": true,
  "msg": "ok",
  "advantage": -1.0,
  "beta": 1048576.0,
  "n_response_tokens": 1749,
  "sandbox_stdout": "Validation failed: Circle 0 at (0.06429654687841425,0.06429654687841425) r=1.0 outside unit square\n",
  "parent_value": 2.344639161775073,
  "parent_is_seed": false
}