{
  "step": 43,
  "group": 2,
  "rollout": 24,
  "reward": 2.524041847989503,
  "valid": true,
  "parsed": true,
  "ran": true,
  "msg": "ok",
  "advantage": 4.785225600719112,
  "beta": 289.6180537368688,
  "n_response_tokens": 2651,
  "sandbox_stdout": "",
  "parent_value": 2.524092990041651,
  "parent_is_seed": false
}