{
  "step": 29,
  "group": 7,
  "rollout": 51,
  "reward": 2.38914047977556,
  "valid": true,
  "parsed": true,
  "ran": true,
  "msg": "ok",
  "advantage": 1.5805984477377977,
  "beta": 55.33364544242901,
  "n_response_tokens": 1981,
  "sandbox_stdout": "Validation failed: Circle 0 at (0.7178246857215049,0.0310977818045175) r=1.0 outside unit square\n",
  "parent_value": 2.397519152332408,
  "parent_is_seed": false
}