{
  "step": 33,
  "group": 2,
  "rollout": 38,
  "reward": 2.4221407948642777,
  "valid": true,
  "parsed": true,
  "ran": true,
  "msg": "ok",
  "advantage": -0.5460761076310002,
  "beta": 101.43987472443779,
  "n_response_tokens": 2677,
  "sandbox_stdout": "",
  "parent_value": 2.4413857561100327,
  "parent_is_seed": false
}