{
  "step": 26,
  "group": 0,
  "rollout": 12,
  "reward": 0.0,
  "valid": true,
  "parsed": true,
  "ran": true,
  "msg": "ok",
  "advantage": -1.0,
  "beta": 45.27851299194755,
  "n_response_tokens": 1829,
  "sandbox_stdout": "Validation failed: Circle 0 at (0.09427744881263406,0.09427744881263406) r=0.9999999999998621 outside unit square\nInitial layout also failed: Circles 14 and 19 overlap\n",
  "parent_value": 2.405841351161923,
  "parent_is_seed": false
}