{
  "step": 3,
  "group": 1,
  "rollout": 15,
  "reward": 1.1538311483547221,
  "valid": true,
  "parsed": true,
  "ran": true,
  "msg": "ok",
  "advantage": 0.1751930834675859,
  "beta": 1.6678495759542917,
  "n_response_tokens": 1893,
  "sandbox_stdout": "",
  "parent_value": 1.954945333515407,
  "parent_is_seed": false
}