{
  "step": 21,
  "group": 0,
  "rollout": 41,
  "reward": 2.3720882408679866,
  "valid": true,
  "parsed": true,
  "ran": true,
  "msg": "ok",
  "advantage": 0.2599999999984126,
  "beta": 1048576.0,
  "n_response_tokens": 2328,
  "sandbox_stdout": "Validation failed: Circle 0 at (0.09427744881263406,0.09427744881263406) r=0.9999999999992697 outside unit square\nValidation failed: Circle 0 at (0.40561712733557054,0.4531649581707955) r=0.9999999999998217 outside unit square\nInitial layout also failed: Circles 1 and 22 overlap\nValidation failed: Circle 0 at (0.7361888257770072,0.7534663384577799) r=0.9999999999994175 outside unit square\nInitial layout also failed: Circles 0 and 13 overlap\nValidation failed: Circle 0 at (0.1666584855386244,0.8657191464430406) r=0.999999999999643 outside unit square\nInitial layout also failed: Circles 0 and 17 overlap\nValidation failed: Circle 0 at (0.3444376734727007,0.026656222597956303) r=0.9999999999998277 outside unit square\nInitial layout also failed: Circles 1 and 15 overlap\nValidation failed: Circle 0 at (0.026699724619231202,0.7192591485183315) r=1.0 outside unit square\nInitial layout also failed: Circles 2 and 22 overlap\n",
  "parent_value": 2.3720882408679866,
  "parent_is_seed": false
}