{
  "step": 43,
  "group": 1,
  "rollout": 29,
  "reward": 2.515606550180612,
  "valid": true,
  "parsed": true,
  "ran": true,
  "msg": "ok",
  "advantage": -0.6622834544627261,
  "beta": 344.38339466378596,
  "n_response_tokens": 2508,
  "sandbox_stdout": "",
  "parent_value": 2.5241336752988364,
  "parent_is_seed": false
}