{
  "step": 17,
  "group": 5,
  "rollout": 36,
  "reward": 2.2539784485261127,
  "valid": true,
  "parsed": true,
  "ran": true,
  "msg": "ok",
  "advantage": -1.0,
  "beta": 1048576.0,
  "n_response_tokens": 1948,
  "sandbox_stdout": "Validation failed: Circle 0 at (0.10616305783599062,9.647089048504164e-07) r=1.0000000042626305 outside unit square\n",
  "parent_value": 2.3447877296013773,
  "parent_is_seed": false
}