{
  "step": 27,
  "group": 4,
  "rollout": 58,
  "reward": 2.2756108981542638,
  "valid": true,
  "parsed": true,
  "ran": true,
  "msg": "ok",
  "advantage": -1.0,
  "beta": 1048576.0,
  "n_response_tokens": 2426,
  "sandbox_stdout": "Validation failed: Circle 0 at (0.10196812895070284,0.10317066493013355) r=0.9999999999997455 outside unit square\nValidation failed: Circle 0 at (0.09427744881263406,0.10241210920420848) r=0.9999999999999936 outside unit square\nValidation failed: Circle 0 at (0.09427744881263406,0.10357588815558856) r=1.0 outside unit square\nValidation failed: Circle 0 at (0.09610649992443385,0.09427744881263406) r=0.9999999999997431 outside unit square\nValidation failed: Circle 0 at (0.09756282732180319,0.09620849838136461) r=0.9999999999997409 outside unit square\n",
  "parent_value": 2.372778112070732,
  "parent_is_seed": false
}