{
  "step": 35,
  "group": 4,
  "rollout": 57,
  "reward": 2.4330654824842775,
  "valid": true,
  "parsed": true,
  "ran": true,
  "msg": "ok",
  "advantage": 0.35728889588989765,
  "beta": 135.2202032808084,
  "n_response_tokens": 2441,
  "sandbox_stdout": "",
  "parent_value": 2.446787398863279,
  "parent_is_seed": false
}