{
  "step": 6,
  "group": 1,
  "rollout": 20,
  "reward": 1.9499999999999997,
  "valid": true,
  "parsed": true,
  "ran": true,
  "msg": "ok",
  "advantage": 0.7722100095828244,
  "beta": 2.294679247913112,
  "n_response_tokens": 2145,
  "sandbox_stdout": "Validation failed: Circle 0 at (0.08333333333333333,0.08333333333333333) r=1.0 outside unit square\n",
  "parent_value": 2.166666666666667,
  "parent_is_seed": false
}