{
  "step": 5,
  "group": 0,
  "rollout": 29,
  "reward": 2.166666666666667,
  "valid": true,
  "parsed": true,
  "ran": true,
  "msg": "ok",
  "advantage": 1.5745504914609905,
  "beta": 1.4918744921420715,
  "n_response_tokens": 1527,
  "sandbox_stdout": "Validation failed: Circle 0 at (0.0783165571497054,0.0803760219591381) r=0.09153483969223544 outside unit square\n",
  "parent_value": 2.166666666666667,
  "parent_is_seed": false
}