{
  "step": 35,
  "group": 2,
  "rollout": 62,
  "reward": 2.452549871701245,
  "valid": true,
  "parsed": true,
  "ran": true,
  "msg": "ok",
  "advantage": 0.21689513408456573,
  "beta": 236.45655487193744,
  "n_response_tokens": 2579,
  "sandbox_stdout": "",
  "parent_value": 2.4570864193979998,
  "parent_is_seed": false
}