{
  "step": 34,
  "group": 2,
  "rollout": 41,
  "reward": 2.4432064688116935,
  "valid": true,
  "parsed": true,
  "ran": true,
  "msg": "ok",
  "advantage": -0.00922544404832859,
  "beta": 152.50479158414757,
  "n_response_tokens": 2587,
  "sandbox_stdout": "",
  "parent_value": 2.443236410465048,
  "parent_is_seed": false
}