{
  "step": 38,
  "group": 1,
  "rollout": 44,
  "reward": 2.516793161470563,
  "valid": true,
  "parsed": true,
  "ran": true,
  "msg": "ok",
  "advantage": -0.5189604786244946,
  "beta": 320.3893807517825,
  "n_response_tokens": 2550,
  "sandbox_stdout": "",
  "parent_value": 2.5242063708350924,
  "parent_is_seed": false
}