{
  "step": 41,
  "group": 0,
  "rollout": 49,
  "reward": 2.519794165877207,
  "valid": true,
  "parsed": true,
  "ran": true,
  "msg": "ok",
  "advantage": -0.08378631174874474,
  "beta": 465.6355809687069,
  "n_response_tokens": 2519,
  "sandbox_stdout": "",
  "parent_value": 2.5246633502382383,
  "parent_is_seed": false
}