{
  "step": 37,
  "group": 3,
  "rollout": 20,
  "reward": 2.466931180605193,
  "valid": true,
  "parsed": true,
  "ran": true,
  "msg": "ok",
  "advantage": -0.1634496967774518,
  "beta": 231.2679763796472,
  "n_response_tokens": 2499,
  "sandbox_stdout": "",
  "parent_value": 2.4675285817951207,
  "parent_is_seed": false
}