{
  "step": 3,
  "group": 5,
  "rollout": 10,
  "reward": 1.9000000000000004,
  "valid": true,
  "parsed": true,
  "ran": true,
  "msg": "ok",
  "advantage": 4.612975164219161,
  "beta": 1.784461241899415,
  "n_response_tokens": 1408,
  "sandbox_stdout": "",
  "parent_value": 1.8000000000000003,
  "parent_is_seed": false
}