{
  "step": 36,
  "group": 2,
  "rollout": 40,
  "reward": 2.4627348159864586,
  "valid": true,
  "parsed": true,
  "ran": true,
  "msg": "ok",
  "advantage": 3.366522198655842,
  "beta": 454.33748546361795,
  "n_response_tokens": 2895,
  "sandbox_stdout": "",
  "parent_value": 2.466095636956842,
  "parent_is_seed": false
}