{
  "step": 32,
  "group": 5,
  "rollout": 7,
  "reward": 2.407759398245161,
  "valid": true,
  "parsed": true,
  "ran": true,
  "msg": "ok",
  "advantage": 1.7433531860024778,
  "beta": 74.48559677386788,
  "n_response_tokens": 2313,
  "sandbox_stdout": "",
  "parent_value": 2.4085945115224545,
  "parent_is_seed": false
}