{
  "step": 35,
  "group": 4,
  "rollout": 49,
  "reward": 2.424907214854382,
  "valid": true,
  "parsed": true,
  "ran": true,
  "msg": "ok",
  "advantage": -0.5560157429866157,
  "beta": 135.2202032808084,
  "n_response_tokens": 2413,
  "sandbox_stdout": "",
  "parent_value": 2.446787398863279,
  "parent_is_seed": false
}