{
  "step": 31,
  "group": 2,
  "rollout": 53,
  "reward": 2.40729686406837,
  "valid": true,
  "parsed": true,
  "ran": true,
  "msg": "ok",
  "advantage": 1.9568736790620713,
  "beta": 241.69467261557583,
  "n_response_tokens": 2385,
  "sandbox_stdout": "",
  "parent_value": 2.4079844195600115,
  "parent_is_seed": false
}