{
  "step": 5,
  "group": 2,
  "rollout": 18,
  "reward": 0.0,
  "valid": true,
  "parsed": true,
  "ran": true,
  "msg": "ok",
  "advantage": -0.9711333691822421,
  "beta": 2.0795806478983967,
  "n_response_tokens": 2154,
  "sandbox_stdout": "Validation failed: Circle 0 at (0.28446303977194,0.6302533294032827) r=1.0 outside unit square\nInitial layout also failed: Circles 0 and 15 overlap\n",
  "parent_value": 2.166666666666667,
  "parent_is_seed": false
}