{
  "step": 11,
  "group": 5,
  "rollout": 22,
  "reward": 0.0,
  "valid": true,
  "parsed": true,
  "ran": true,
  "msg": "ok",
  "advantage": -0.9999999999999999,
  "beta": 15.887343068338836,
  "n_response_tokens": 1643,
  "sandbox_stdout": "Validation failed: Circle 0 at (0.09427744881263406,0.09427744881263406) r=1.0 outside unit square\nInitial layout also failed: Circles 4 and 9 overlap\n",
  "parent_value": 2.344639161775073,
  "parent_is_seed": false
}