{
  "step": 30,
  "group": 7,
  "rollout": 17,
  "reward": 2.3801576247010416,
  "valid": true,
  "parsed": true,
  "ran": true,
  "msg": "ok",
  "advantage": 0.611170239287314,
  "beta": 62.18499164497457,
  "n_response_tokens": 1855,
  "sandbox_stdout": "Validation failed: Circle 0 at (1.6023221935995528e-06,2.1267478922636314e-06) r=1.0000000000556792 outside unit square\n",
  "parent_value": 2.4006060637964026,
  "parent_is_seed": false
}