{
  "step": 30,
  "group": 3,
  "rollout": 37,
  "reward": 2.3720882408679866,
  "valid": true,
  "parsed": true,
  "ran": true,
  "msg": "ok",
  "advantage": 0.0947481959567964,
  "beta": 52.97382015238213,
  "n_response_tokens": 1873,
  "sandbox_stdout": "Validation failed: Circle 0 at (5.3765919158144714e-08,0.9999999935712829) r=1.000000005576226 outside unit square\n",
  "parent_value": 2.4026321017064376,
  "parent_is_seed": false
}