{
  "step": 35,
  "group": 2,
  "rollout": 23,
  "reward": 2.452529192087465,
  "valid": true,
  "parsed": true,
  "ran": true,
  "msg": "ok",
  "advantage": 0.21084516170375256,
  "beta": 236.45655487193744,
  "n_response_tokens": 2697,
  "sandbox_stdout": "",
  "parent_value": 2.4570864193979998,
  "parent_is_seed": false
}