{
  "step": 31,
  "group": 4,
  "rollout": 5,
  "reward": 0.0,
  "valid": true,
  "parsed": true,
  "ran": true,
  "msg": "ok",
  "advantage": -1.0,
  "beta": 52.25478434319666,
  "n_response_tokens": 2141,
  "sandbox_stdout": "Validation failed for layout 25: Circle 0 at (0.05719402443862984,0.5291234919940179) r=0.4509212972469432 outside unit square\nValidation failed for layout 25: Circle 0 at (0.8934903142297352,0.0017235899923049316) r=0.11654729200578362 outside unit square\nValidation failed for layout 25: Circle 0 at (0.0,0.02771526362797408) r=0.26988697388825755 outside unit square\n",
  "parent_value": 2.404303731129218,
  "parent_is_seed": false
}