{
  "step": 26,
  "group": 0,
  "rollout": 33,
  "reward": 2.3720882408679866,
  "valid": true,
  "parsed": true,
  "ran": true,
  "msg": "ok",
  "advantage": 0.6139457546216389,
  "beta": 45.27851299194755,
  "n_response_tokens": 2141,
  "sandbox_stdout": "Validation failed for layout 'hex': Circle 0 at (0.09427744881263406,0.09427744881263406) r=0.9999999999992697 outside unit square\nValidation failed for layout 'square': Circle 0 at (0.09427744881263406,0.09427744881263406) r=1.0 outside unit square\nValidation failed for layout 'corner': Circle 0 at (0.889590754311355,0.23722882102439938) r=1.0 outside unit square\n",
  "parent_value": 2.405841351161923,
  "parent_is_seed": false
}