{
  "step": 17,
  "group": 2,
  "rollout": 20,
  "reward": 0.9857142857142855,
  "valid": true,
  "parsed": true,
  "ran": true,
  "msg": "ok",
  "advantage": -1.0,
  "beta": 1048576.0,
  "n_response_tokens": 2429,
  "sandbox_stdout": "Validation failed: Circle 0 at (0.041071428571428564,0.041071428571428564) r=0.9999999999986215 outside unit square\nValidation failed: Circle 0 at (0.041071428571428564,0.041071428571428564) r=0.9999999999986215 outside unit square\nValidation failed: Circle 0 at (0.041071428571428564,0.041071428571428564) r=0.9999999999986215 outside unit square\nValidation failed: Circle 0 at (0.041071428571428564,0.041071428571428564) r=0.9999999999986215 outside unit square\nValidation failed: Circle 0 at (0.041071428571428564,0.041071428571428564) r=0.9999999999986215 outside unit square\n",
  "parent_value": 2.3720882408679866,
  "parent_is_seed": false
}