{
  "step": 41,
  "group": 7,
  "rollout": 51,
  "reward": 2.520941174113588,
  "valid": true,
  "parsed": true,
  "ran": true,
  "msg": "ok",
  "advantage": 0.3709602810701329,
  "beta": 430.761047591019,
  "n_response_tokens": 2552,
  "sandbox_stdout": "",
  "parent_value": 2.523752582534882,
  "parent_is_seed": false
}