{
  "step": 28,
  "group": 2,
  "rollout": 4,
  "reward": 2.3609822846745043,
  "valid": true,
  "parsed": true,
  "ran": true,
  "msg": "ok",
  "advantage": 1.2338214741571503,
  "beta": 1.6069237397144607,
  "n_response_tokens": 2142,
  "sandbox_stdout": "Validation failed: Circle 0 at (0.04015404513027174,0.007177115851377152) r=0.9999148540114913 outside unit square\n",
  "parent_value": 2.399375506994989,
  "parent_is_seed": false
}