{
  "step": 7,
  "group": 7,
  "rollout": 33,
  "reward": 0.0,
  "valid": true,
  "parsed": true,
  "ran": true,
  "msg": "ok",
  "advantage": -0.9999999746646957,
  "beta": 8.395492691874843,
  "n_response_tokens": 1550,
  "sandbox_stdout": "Validation failed: Circle 0 at (0.0819803902718557,0.0819803902718557) r=0.9999999999996723 outside unit square\nInitial layout also failed: Circle 6 at (1.065745073534124,0.0819803902718557) r=0.0819803902718557 outside unit square\n",
  "parent_value": 2.166666666666667,
  "parent_is_seed": false
}