{
  "step": 42,
  "group": 1,
  "rollout": 20,
  "reward": 2.515174115300342,
  "valid": true,
  "parsed": true,
  "ran": true,
  "msg": "ok",
  "advantage": -0.8664427290639849,
  "beta": 422.8887557340278,
  "n_response_tokens": 2531,
  "sandbox_stdout": "",
  "parent_value": 2.5239718953942227,
  "parent_is_seed": false
}