{
  "step": 33,
  "group": 0,
  "rollout": 27,
  "reward": 2.431989685733896,
  "valid": true,
  "parsed": true,
  "ran": true,
  "msg": "ok",
  "advantage": 0.04604041959816407,
  "beta": 164.30730108282066,
  "n_response_tokens": 2466,
  "sandbox_stdout": "",
  "parent_value": 2.4480187753059144,
  "parent_is_seed": false
}