{
  "step": 33,
  "group": 4,
  "rollout": 39,
  "reward": 2.4164723638285714,
  "valid": true,
  "parsed": true,
  "ran": true,
  "msg": "ok",
  "advantage": -0.008274612100735323,
  "beta": 91.86277742483152,
  "n_response_tokens": 2589,
  "sandbox_stdout": "",
  "parent_value": 2.4125853851790726,
  "parent_is_seed": false
}