{
  "step": 14,
  "group": 1,
  "rollout": 8,
  "reward": 2.344639161775073,
  "valid": true,
  "parsed": true,
  "ran": true,
  "msg": "ok",
  "advantage": 0.49999999999775024,
  "beta": 1048576.0,
  "n_response_tokens": 1838,
  "sandbox_stdout": "Validation failed: Circle 0 at (0.09017842929904128,0.09017842929904128) r=0.09017863072940382 outside unit square\n",
  "parent_value": 2.344639161775073,
  "parent_is_seed": false
}