{
  "step": 41,
  "group": 7,
  "rollout": 22,
  "reward": 2.5239718953942227,
  "valid": true,
  "parsed": true,
  "ran": true,
  "msg": "ok",
  "advantage": 4.37274982975936,
  "beta": 430.761047591019,
  "n_response_tokens": 2415,
  "sandbox_stdout": "",
  "parent_value": 2.523752582534882,
  "parent_is_seed": false
}