{
  "step": 42,
  "group": 4,
  "rollout": 16,
  "reward": 2.5209322210232936,
  "valid": true,
  "parsed": true,
  "ran": true,
  "msg": "ok",
  "advantage": 0.8664877565270799,
  "beta": 303.5970272270128,
  "n_response_tokens": 2526,
  "sandbox_stdout": "",
  "parent_value": 2.523877628663616,
  "parent_is_seed": false
}