{
  "step": 35,
  "group": 0,
  "rollout": 47,
  "reward": 2.466595591045073,
  "valid": true,
  "parsed": true,
  "ran": true,
  "msg": "ok",
  "advantage": -0.05028240941517148,
  "beta": 153.3765931840558,
  "n_response_tokens": 2463,
  "sandbox_stdout": "",
  "parent_value": 2.466152689236886,
  "parent_is_seed": false
}