{
  "step": 4,
  "group": 4,
  "rollout": 35,
  "reward": 1.9500768214676094,
  "valid": true,
  "parsed": true,
  "ran": true,
  "msg": "ok",
  "advantage": 2.092265318383716,
  "beta": 1.9495086662170011,
  "n_response_tokens": 2116,
  "sandbox_stdout": "",
  "parent_value": 1.954945333515407,
  "parent_is_seed": false
}