{
  "step": 10,
  "group": 6,
  "rollout": 2,
  "reward": 0.0,
  "valid": true,
  "parsed": true,
  "ran": true,
  "msg": "ok",
  "advantage": -0.9999982805556591,
  "beta": 5.990287189984818,
  "n_response_tokens": 1803,
  "sandbox_stdout": "Validation failed: Circle 0 at (1.653868178623317e-13,0.09017842929904128) r=0.9999999999987707 outside unit square\nInitial layout also failed: Circle 0 at (0.0,0.09017842929904128) r=0.09017842929904128 outside unit square\n",
  "parent_value": 2.344639161775073,
  "parent_is_seed": false
}