{
  "step": 32,
  "group": 3,
  "rollout": 30,
  "reward": 2.40378503259977,
  "valid": true,
  "parsed": true,
  "ran": true,
  "msg": "ok",
  "advantage": -0.16929265776300606,
  "beta": 283.9057672309931,
  "n_response_tokens": 2699,
  "sandbox_stdout": "",
  "parent_value": 2.409399914695089,
  "parent_is_seed": false
}