{
  "step": 30,
  "group": 5,
  "rollout": 27,
  "reward": 2.3711942084551914,
  "valid": true,
  "parsed": true,
  "ran": true,
  "msg": "ok",
  "advantage": 0.22487130887458218,
  "beta": 68.12300387813981,
  "n_response_tokens": 2072,
  "sandbox_stdout": "Validation failed: Circle 0 at (0.09427744881263406,0.09427744881263406) r=1.0 outside unit square\n",
  "parent_value": 2.401442661079225,
  "parent_is_seed": false
}