{
  "step": 43,
  "group": 0,
  "rollout": 17,
  "reward": 2.5174899950332694,
  "valid": true,
  "parsed": true,
  "ran": true,
  "msg": "ok",
  "advantage": -0.7368172978965012,
  "beta": 421.7262199114717,
  "n_response_tokens": 2593,
  "sandbox_stdout": "",
  "parent_value": 2.524152134844358,
  "parent_is_seed": false
}