{
  "step": 30,
  "group": 3,
  "rollout": 27,
  "reward": 2.3732498173287855,
  "valid": true,
  "parsed": true,
  "ran": true,
  "msg": "ok",
  "advantage": 0.16551257788360973,
  "beta": 52.97382015238213,
  "n_response_tokens": 1349,
  "sandbox_stdout": "Validation failed: Circle 0 at (0.24291094677624198,0.6790997255807965) r=1.0 outside unit square\n",
  "parent_value": 2.4026321017064376,
  "parent_is_seed": false
}