{
  "step": 10,
  "group": 3,
  "rollout": 43,
  "reward": 0.0,
  "valid": true,
  "parsed": true,
  "ran": true,
  "msg": "ok",
  "advantage": -0.9226678136695827,
  "beta": 1.4711617277098277,
  "n_response_tokens": 2051,
  "sandbox_stdout": "Validation failed: Circle 0 has negative radius -5.0000000000024984e-301\nInitial layout also failed: Circle 0 at (0.05,0.05) r=0.09823148475635075 outside unit square\n",
  "parent_value": 2.344639161775073,
  "parent_is_seed": false
}