{
  "step": 17,
  "group": 5,
  "rollout": 53,
  "reward": 0.0,
  "valid": true,
  "parsed": true,
  "ran": true,
  "msg": "ok",
  "advantage": -1.0,
  "beta": 1048576.0,
  "n_response_tokens": 2410,
  "sandbox_stdout": "Validation failed: Circle 0 at (0.0019407876944940387,0.0048732850667788175) r=1.0 outside unit square\nInitial layout also failed: Circle 0 has negative radius -0.006940251543702829\n",
  "parent_value": 2.3447877296013773,
  "parent_is_seed": false
}