{
  "step": 42,
  "group": 6,
  "rollout": 40,
  "reward": 2.5199838497845652,
  "valid": true,
  "parsed": true,
  "ran": true,
  "msg": "ok",
  "advantage": 0.16970935979516089,
  "beta": 356.4581267513661,
  "n_response_tokens": 2765,
  "sandbox_stdout": "",
  "parent_value": 2.5237509837340886,
  "parent_is_seed": false
}