{
  "step": 41,
  "group": 4,
  "rollout": 10,
  "reward": 2.5237665263955487,
  "valid": true,
  "parsed": true,
  "ran": true,
  "msg": "ok",
  "advantage": 3.9015058404489222,
  "beta": 400.04051307957127,
  "n_response_tokens": 2541,
  "sandbox_stdout": "",
  "parent_value": 2.524005778865525,
  "parent_is_seed": false
}