{
  "step": 27,
  "group": 2,
  "rollout": 30,
  "reward": 2.344436975310297,
  "valid": true,
  "parsed": true,
  "ran": true,
  "msg": "ok",
  "advantage": -0.6283012009779014,
  "beta": 51.946147534671084,
  "n_response_tokens": 1787,
  "sandbox_stdout": "Validation failed: Circle 0 at (0.09427744881263406,0.09427744881263406) r=0.9999999999997724 outside unit square\n",
  "parent_value": 2.3936475354359117,
  "parent_is_seed": false
}