{
  "step": 41,
  "group": 1,
  "rollout": 18,
  "reward": 2.515405236087699,
  "valid": true,
  "parsed": true,
  "ran": true,
  "msg": "ok",
  "advantage": -0.815014143438737,
  "beta": 375.67299616790206,
  "n_response_tokens": 2599,
  "sandbox_stdout": "",
  "parent_value": 2.52421897174333,
  "parent_is_seed": false
}