{
  "step": 31,
  "group": 5,
  "rollout": 37,
  "reward": 2.3906667273082167,
  "valid": true,
  "parsed": true,
  "ran": true,
  "msg": "ok",
  "advantage": 0.9455578708540164,
  "beta": 69.37823052272641,
  "n_response_tokens": 2091,
  "sandbox_stdout": "Validation failed: Circle 0 at (0.09427744881263406,0.09427744881263406) r=0.9999999999992446 outside unit square\nValidation failed: Circle 0 at (0.013198627052523244,0.018238994545560633) r=1.0 outside unit square\nValidation failed: Circle 0 at (0.09427744881263406,0.09427744881263406) r=22351363.101218425 outside unit square\nValidation failed: Circle 0 at (0.00024429165792539114,0.9997731685604391) r=1.0000000052085862 outside unit square\nValidation failed: Circle 0 at (0.09427744881263406,0.09427744881263406) r=1.0 outside unit square\n",
  "parent_value": 2.4025735793620857,
  "parent_is_seed": false
}