{
  "step": 5,
  "group": 3,
  "rollout": 61,
  "reward": 0.0,
  "valid": true,
  "parsed": true,
  "ran": true,
  "msg": "ok",
  "advantage": -0.8756600027562824,
  "beta": 1.420072479034654,
  "n_response_tokens": 1808,
  "sandbox_stdout": "Validation failed: Circle 0 at (0.03932614353758155,0.00039651450899713566) r=1.0 outside unit square\nInitial layout also failed: Circle 0 at (0.0,0.0) r=0.075 outside unit square\n",
  "parent_value": 2.166666666666667,
  "parent_is_seed": false
}