{
  "step": 10,
  "group": 1,
  "rollout": 13,
  "reward": 0.0,
  "valid": true,
  "parsed": true,
  "ran": true,
  "msg": "ok",
  "advantage": -0.9999999964898924,
  "beta": 8.614698932045282,
  "n_response_tokens": 1672,
  "sandbox_stdout": "Validation failed: Circle 0 at (0.09837646832622685,0.09837646832622685) r=1.0 outside unit square\nInitial layout also failed: Circles 4 and 9 overlap\n",
  "parent_value": 2.344639161775073,
  "parent_is_seed": false
}