{
  "step": 35,
  "group": 5,
  "rollout": 18,
  "reward": 2.425265665894459,
  "valid": true,
  "parsed": true,
  "ran": true,
  "msg": "ok",
  "advantage": -0.6295886482601571,
  "beta": 170.15509041151668,
  "n_response_tokens": 2745,
  "sandbox_stdout": "",
  "parent_value": 2.4443887866092116,
  "parent_is_seed": false
}