{
  "step": 9,
  "group": 2,
  "rollout": 35,
  "reward": 0.0,
  "valid": true,
  "parsed": true,
  "ran": true,
  "msg": "ok",
  "advantage": -0.925576902849262,
  "beta": 1.4968702338268125,
  "n_response_tokens": 1653,
  "sandbox_stdout": "Validation failed: Circle 0 at (0.09823148475635075,0.09823148475635075) r=1.0 outside unit square\nInitial layout also failed: Circles 4 and 9 overlap\n",
  "parent_value": 2.344639161775073,
  "parent_is_seed": false
}