{
  "step": 29,
  "group": 3,
  "rollout": 15,
  "reward": 2.369441903571534,
  "valid": true,
  "parsed": true,
  "ran": true,
  "msg": "ok",
  "advantage": -0.46577174824638645,
  "beta": 49.76737662183935,
  "n_response_tokens": 2633,
  "sandbox_stdout": "",
  "parent_value": 2.4020765974234912,
  "parent_is_seed": false
}