{
  "step": 37,
  "group": 1,
  "rollout": 44,
  "reward": 2.479292238105814,
  "valid": true,
  "parsed": true,
  "ran": true,
  "msg": "ok",
  "advantage": -0.7477017615657112,
  "beta": 297.67710804837367,
  "n_response_tokens": 2553,
  "sandbox_stdout": "Genetic algorithm time: 28.0798 seconds\nRefinement time: 0.0151 seconds\n",
  "parent_value": 2.4888593497646676,
  "parent_is_seed": false
}