{
  "step": 33,
  "group": 4,
  "rollout": 52,
  "reward": 2.4111813983703314,
  "valid": true,
  "parsed": true,
  "ran": true,
  "msg": "ok",
  "advantage": -0.39370778338359125,
  "beta": 91.86277742483152,
  "n_response_tokens": 2553,
  "sandbox_stdout": "",
  "parent_value": 2.4125853851790726,
  "parent_is_seed": false
}