{
  "step": 43,
  "group": 4,
  "rollout": 60,
  "reward": 2.5197229167399864,
  "valid": true,
  "parsed": true,
  "ran": true,
  "msg": "ok",
  "advantage": -0.2058187404976426,
  "beta": 385.7938897634326,
  "n_response_tokens": 2914,
  "sandbox_stdout": "",
  "parent_value": 2.5239117899186727,
  "parent_is_seed": false
}