{
  "step": 29,
  "group": 7,
  "rollout": 12,
  "reward": 2.377438783923866,
  "valid": true,
  "parsed": true,
  "ran": true,
  "msg": "ok",
  "advantage": 0.324702188417177,
  "beta": 55.33364544242901,
  "n_response_tokens": 2126,
  "sandbox_stdout": "Validation failed: Circle 0 at (0.09427744881263406,0.09427744881263406) r=0.9999999999996134 outside unit square\nValidation failed: Circle 0 at (0.014218347841285745,0.01417782552896487) r=1.0 outside unit square\nValidation failed: Circle 0 at (0.09427744881263406,0.09427744881263406) r=14874561.131875008 outside unit square\n",
  "parent_value": 2.397519152332408,
  "parent_is_seed": false
}