{
  "step": 25,
  "group": 6,
  "rollout": 45,
  "reward": 2.3720882408679866,
  "valid": true,
  "parsed": true,
  "ran": true,
  "msg": "ok",
  "advantage": 0.1666666666653056,
  "beta": 1048576.0,
  "n_response_tokens": 2132,
  "sandbox_stdout": "Validation failed: Circle 0 at (0.09427744881263406,0.09427744881263406) r=0.9999999999992697 outside unit square\nValidation failed: Circle 0 at (0.2709136083303094,0.4194962397536206) r=0.9999999999966742 outside unit square\nInitial layout also failed: Circle 3 at (0.9555572173189661,0.6403702996411441) r=0.05 outside unit square\nValidation failed: Circle 0 at (0.25,0.25) r=0.9999999999966742 outside unit square\nInitial layout also failed: Circles 2 and 9 overlap\n",
  "parent_value": 2.3720882408679866,
  "parent_is_seed": false
}