{
  "step": 5,
  "group": 5,
  "rollout": 45,
  "reward": 1.733333333333333,
  "valid": true,
  "parsed": true,
  "ran": true,
  "msg": "ok",
  "advantage": -1.0,
  "beta": 90073.17400282042,
  "n_response_tokens": 2205,
  "sandbox_stdout": "Validation failed: Circle 0 at (0.3333333333333333,0.06666666666666667) r=1.0 outside unit square\n",
  "parent_value": 2.1500210936053263,
  "parent_is_seed": false
}