{
  "step": 7,
  "group": 3,
  "rollout": 21,
  "reward": 0.0,
  "valid": true,
  "parsed": true,
  "ran": true,
  "msg": "ok",
  "advantage": -0.9638508459352763,
  "beta": 1.9608868103635613,
  "n_response_tokens": 1752,
  "sandbox_stdout": "Validation failed: Circle 0 at (0.08333333333333333,0.12371791482634838) r=1.0 outside unit square\nInitial layout also failed: Circle 20 at (0.08333333333333333,1.1134612334371354) r=0.075 outside unit square\n",
  "parent_value": 2.166666666666667,
  "parent_is_seed": false
}