{
  "step": 41,
  "group": 6,
  "rollout": 32,
  "reward": 2.522189057768697,
  "valid": true,
  "parsed": true,
  "ran": true,
  "msg": "ok",
  "advantage": 1.1467576257776373,
  "beta": 366.94999745105827,
  "n_response_tokens": 2462,
  "sandbox_stdout": "",
  "parent_value": 2.5239070567447666,
  "parent_is_seed": false
}