{
  "step": 41,
  "group": 1,
  "rollout": 38,
  "reward": 2.5194223691786473,
  "valid": true,
  "parsed": true,
  "ran": true,
  "msg": "ok",
  "advantage": -0.1546036531964644,
  "beta": 375.67299616790206,
  "n_response_tokens": 2586,
  "sandbox_stdout": "",
  "parent_value": 2.52421897174333,
  "parent_is_seed": false
}