{
  "step": 30,
  "group": 4,
  "rollout": 19,
  "reward": 0.0,
  "valid": true,
  "parsed": true,
  "ran": true,
  "msg": "ok",
  "advantage": -1.0,
  "beta": 62.90415682442961,
  "n_response_tokens": 3107,
  "sandbox_stdout": "Validation failed: Circle 0 at (0.09427744881263406,0.09427744881263406) r=1.0 outside unit square\nInitial layout also failed: Circle 5 at (0.9929690995986257,0.11488873936907512) r=0.09427744881263406 outside unit square\nValidation failed: Circle 0 at (0.005632449910729573,0.1999959183883111) r=0.9999978615452796 outside unit square\nInitial layout also failed: Circle 5 at (0.9929690995986257,0.11488873936907512) r=0.09427744881263406 outside unit square\nValidation failed: Circle 0 at (0.09427744881263406,0.09427744881263406) r=70894626.1456645 outside unit square\nInitial layout also failed: Circle 5 at (0.9929690995986257,0.11488873936907512) r=0.09427744881263406 outside unit square\nValidation failed: Circle 0 at (0.9998167006084513,0.9999825278525449) r=1.0000000079698885 outside unit square\nInitial layout also failed: Circle 5 at (0.9929690995986257,0.11488873936907512) r=0.09427744881263406 outside unit square\nValidation failed: Circle 0 at (0.09427744881263406,0.09427744881263406) r=1.0 outside unit square\nInitial layout also failed: Circle 5 at (0.9929690995986257,0.11488873936907512) r=0.09427744881263406 outside unit square\n",
  "parent_value": 2.402602009236336,
  "parent_is_seed": false
}