{
  "step": 40,
  "group": 2,
  "rollout": 0,
  "reward": 2.5230813774710295,
  "valid": true,
  "parsed": true,
  "ran": true,
  "msg": "ok",
  "advantage": 2.8649004504132947,
  "beta": 326.88176199578004,
  "n_response_tokens": 2617,
  "sandbox_stdout": "",
  "parent_value": 2.523811099681761,
  "parent_is_seed": false
}