{
  "step": 38,
  "group": 0,
  "rollout": 17,
  "reward": 2.518322985333507,
  "valid": true,
  "parsed": true,
  "ran": true,
  "msg": "ok",
  "advantage": -0.5019586709785608,
  "beta": 380.97043532781487,
  "n_response_tokens": 2720,
  "sandbox_stdout": "",
  "parent_value": 2.5246863732887537,
  "parent_is_seed": false
}