{
  "step": 6,
  "group": 1,
  "rollout": 10,
  "reward": 2.6298680523719495,
  "raw_score": 2.6298680523719495,
  "valid": true,
  "parsed": true,
  "ran": true,
  "msg": "ok",
  "advantage": 1.5449245003154455,
  "beta": 1.2400989889719878,
  "n_response_tokens": 1944,
  "sandbox_stdout": "",
  "parent_value": 2.629754404757989,
  "parent_is_seed": false
}