{
  "step": 5,
  "group": 0,
  "rollout": 3,
  "reward": 2.3999999999999995,
  "raw_score": 2.3999999999999995,
  "valid": true,
  "parsed": true,
  "ran": true,
  "msg": "ok",
  "advantage": 1.2504065791479215,
  "beta": 2.081913138349191,
  "n_response_tokens": 2063,
  "sandbox_stdout": "",
  "parent_value": 2.3999999999999995,
  "parent_is_seed": false
}