{
  "step": 5,
  "group": 0,
  "rollout": 23,
  "reward": 0.0,
  "raw_score": null,
  "valid": false,
  "parsed": true,
  "ran": true,
  "msg": "Circle 0 at (0.10476194911674844,0.11032907213311341) r=6.063914009024254 outside unit square",
  "advantage": -0.9861327582687833,
  "beta": 2.081913138349191,
  "n_response_tokens": 2460,
  "sandbox_stdout": "Validation Failed: Circle 6 has negative radius -0.17677669529663687\nValidation Failed: Circle 0 has negative radius -0.08333333333333337\nValidation Failed: Circle 0 has negative radius -0.11785113019775795\nValidation Failed: Circle 5 has negative radius -0.016666666666666607\nValidation Failed: Circle 6 has negative radius -0.17677669529663687\nValidation Failed: Circle 0 has negative radius -0.18333333333333335\nValidation Failed: Circle 0 has negative radius -0.2592724864350675\nValidation Failed: Circle 5 has negative radius -0.1166666666666667\nValidation Failed: Circle 6 has negative radius -0.17677669529663675\nValidation Failed: Circle 0 has negative radius -0.2833333333333333\nValidation Failed: Circle 0 has negative radius -0.40069384267237695\nValidation Failed: Circle 4 has negative radius -0.050000000000000044\nValidation Failed: Circle 0 has negative radius -1.107479595179124e-34\nValidation Failed: Circle 0 has negative radius -0.3833333333333333\nValidation Failed: Circle 0 has negative radius -0.5421151989096864\nValidation Failed: Circle 4 has negative radius -0.1499999999999999\nValidation Failed: Circle 0 has negative radius -2.671847772772743e-35\nValidation Failed: Circle 0 has negative radius -0.4833333333333333\nValidation Failed: Circle 0 has negative radius -0.6835365551469959\nValidation Failed during refinement: Circle 0 at (0.10476194911674844,0.11032907213311341) r=6.063914009024254 outside unit square\n",
  "parent_value": 2.3999999999999995,
  "parent_is_seed": false
}