{
  "step": 5,
  "group": 2,
  "rollout": 16,
  "reward": 0.0,
  "raw_score": null,
  "valid": false,
  "parsed": true,
  "ran": true,
  "msg": "bad_centers_shape: (1, 2)",
  "advantage": -0.9973605092508516,
  "beta": 3.092091046249726,
  "n_response_tokens": 1569,
  "sandbox_stdout": "Validation Failed: Circle 0 at (0.08333333333333333,0.08333333333333333) r=1.0 outside unit square\n",
  "parent_value": 2.1666666666666665,
  "parent_is_seed": false
}