{
  "step": 5,
  "group": 3,
  "rollout": 9,
  "reward": 1.6999999999859998,
  "raw_score": 1.6999999999859998,
  "valid": true,
  "parsed": true,
  "ran": true,
  "msg": "ok",
  "advantage": -0.3554043024318594,
  "beta": 3.330507476493321,
  "n_response_tokens": 1472,
  "sandbox_stdout": "",
  "parent_value": 2.1666666666666665,
  "parent_is_seed": false
}