{
  "step": 5,
  "group": 2,
  "rollout": 3,
  "reward": 1.0833333333333333,
  "raw_score": 1.0833333333333333,
  "valid": true,
  "parsed": true,
  "ran": true,
  "msg": "ok",
  "advantage": -0.9245468639834097,
  "beta": 3.092091046249726,
  "n_response_tokens": 1638,
  "sandbox_stdout": "",
  "parent_value": 2.1666666666666665,
  "parent_is_seed": false
}