{
  "step": 5,
  "group": 1,
  "rollout": 5,
  "reward": 2.1666666666666665,
  "raw_score": 2.1666666666666665,
  "valid": true,
  "parsed": true,
  "ran": true,
  "msg": "ok",
  "advantage": 1.3444535344742747,
  "beta": 6.864389857698803,
  "n_response_tokens": 1482,
  "sandbox_stdout": "",
  "parent_value": 2.1666666666666665,
  "parent_is_seed": false
}