{
  "step": 5,
  "group": 3,
  "rollout": 20,
  "reward": 1.8571428571428563,
  "raw_score": 1.8571428571428563,
  "valid": true,
  "parsed": true,
  "ran": true,
  "msg": "ok",
  "advantage": 0.10926206049264309,
  "beta": 3.330507476493321,
  "n_response_tokens": 1427,
  "sandbox_stdout": "",
  "parent_value": 2.1666666666666665,
  "parent_is_seed": false
}