{
  "step": 5,
  "group": 3,
  "rollout": 21,
  "reward": 2.1666666666666665,
  "raw_score": 2.1666666666666665,
  "valid": true,
  "parsed": true,
  "ran": true,
  "msg": "ok",
  "advantage": 2.4060896896423194,
  "beta": 3.330507476493321,
  "n_response_tokens": 1985,
  "sandbox_stdout": "",
  "parent_value": 2.1666666666666665,
  "parent_is_seed": false
}