{
  "step": 5,
  "group": 0,
  "rollout": 2,
  "reward": 1.1428571428571421,
  "raw_score": 1.1428571428571421,
  "valid": true,
  "parsed": true,
  "ran": true,
  "msg": "ok",
  "advantage": -0.8493764909883946,
  "beta": 2.081913138349191,
  "n_response_tokens": 1904,
  "sandbox_stdout": "Validation Failed: Circle 2 at (1.25,0.25) r=0.0 outside unit square\n",
  "parent_value": 2.3999999999999995,
  "parent_is_seed": false
}