{
  "step": 5,
  "group": 2,
  "rollout": 8,
  "reward": 2.1666666666666665,
  "raw_score": 2.1666666666666665,
  "valid": true,
  "parsed": true,
  "ran": true,
  "msg": "ok",
  "advantage": 1.3632912741510639,
  "beta": 3.092091046249726,
  "n_response_tokens": 1508,
  "sandbox_stdout": "",
  "parent_value": 2.1666666666666665,
  "parent_is_seed": false
}