{
  "step": 0,
  "group": 2,
  "rollout": 39,
  "reward": 0.0,
  "raw_score": null,
  "valid": false,
  "parsed": true,
  "ran": true,
  "msg": "Circle 1 at (0.4131908831163084,0.048547605100155176) r=0.04972343035446991 outside unit square",
  "advantage": -0.3060581869150919,
  "beta": 1.3166674333980328,
  "n_response_tokens": 1968,
  "sandbox_stdout": "",
  "parent_value": 0.0,
  "parent_is_seed": true
}