{
  "step": 0,
  "group": 6,
  "rollout": 52,
  "reward": 0.0,
  "raw_score": null,
  "valid": false,
  "parsed": true,
  "ran": true,
  "msg": "Circle 0 at (0.0,0.0) r=0.09622504486493763 outside unit square",
  "advantage": -0.3060581869150919,
  "beta": 1.8117020377566844,
  "n_response_tokens": 1577,
  "sandbox_stdout": "Invalid packing: Circle 0 at (0.0,7.774172224673075e-08) r=0.5000000000005844 outside unit square\n",
  "parent_value": 0.0,
  "parent_is_seed": true
}