{
  "step": 0,
  "group": 4,
  "rollout": 30,
  "reward": 0.0,
  "raw_score": null,
  "valid": false,
  "parsed": true,
  "ran": true,
  "msg": "Circle 0 at (0.0,0.0) r=0.1 outside unit square",
  "advantage": -0.3060581869150918,
  "beta": 2.9492531309375707,
  "n_response_tokens": 1300,
  "sandbox_stdout": "Validation failed: Circle 0 at (1.448897273694807e-12,4.0996470955585065e-16) r=0.9999999999994982 outside unit square\n",
  "parent_value": 0.0,
  "parent_is_seed": true
}