{
  "step": 0,
  "group": 3,
  "rollout": 60,
  "reward": 0.0,
  "raw_score": null,
  "valid": false,
  "parsed": true,
  "ran": true,
  "msg": "Circle 0 at (0.08333333333333333,0.08333333333333333) r=1.0 outside unit square",
  "advantage": -0.3060581869150918,
  "beta": 33.59879073392818,
  "n_response_tokens": 1072,
  "sandbox_stdout": "",
  "parent_value": 0.0,
  "parent_is_seed": true
}