{
  "step": 0,
  "group": 7,
  "rollout": 59,
  "reward": 0.0,
  "raw_score": null,
  "valid": false,
  "parsed": true,
  "ran": true,
  "msg": "Circle 0 at (0.0037087049001862903,-0.004676743683254106) r=0.03 outside unit square",
  "advantage": -0.3060581869150919,
  "beta": 2.584522364148321,
  "n_response_tokens": 1795,
  "sandbox_stdout": "",
  "parent_value": 0.0,
  "parent_is_seed": true
}