{
  "step": 0,
  "group": 2,
  "rollout": 26,
  "reward": 0.0,
  "raw_score": null,
  "valid": false,
  "parsed": true,
  "ran": true,
  "msg": "Circle 0 at (0.35355339059327373,0.7071067811865475) r=12207031.150000062 outside unit square",
  "advantage": -0.3060581869150919,
  "beta": 1.3166674333980328,
  "n_response_tokens": 1720,
  "sandbox_stdout": "Validation failed: Circle 0 at (0.35355339059327373,0.7071067811865475) r=12207031.150000062 outside unit square\n",
  "parent_value": 0.0,
  "parent_is_seed": true
}