{
  "step": 10,
  "group": 1,
  "rollout": 53,
  "reward": 2.624543180690424,
  "raw_score": 2.624543180690424,
  "valid": true,
  "parsed": true,
  "ran": true,
  "msg": "ok",
  "advantage": -0.7428501541659669,
  "beta": 461.4486768978975,
  "n_response_tokens": 1910,
  "sandbox_stdout": "",
  "parent_value": 2.6310779580047807,
  "parent_is_seed": false
}