{
  "step": 10,
  "group": 3,
  "rollout": 61,
  "reward": 2.6176345941962857,
  "raw_score": 2.6176345941962857,
  "valid": true,
  "parsed": true,
  "ran": true,
  "msg": "ok",
  "advantage": -0.5485077637049032,
  "beta": 180.37599722779228,
  "n_response_tokens": 1649,
  "sandbox_stdout": "",
  "parent_value": 2.6310779580025954,
  "parent_is_seed": false
}