{
  "step": 10,
  "group": 2,
  "rollout": 7,
  "reward": 2.626109858143337,
  "raw_score": 2.626109858143337,
  "valid": true,
  "parsed": true,
  "ran": true,
  "msg": "ok",
  "advantage": 0.6847178550639803,
  "beta": 131.91021603825743,
  "n_response_tokens": 1305,
  "sandbox_stdout": "",
  "parent_value": 2.6310779580036634,
  "parent_is_seed": false
}