{
  "step": 10,
  "group": 2,
  "rollout": 39,
  "reward": 2.5983434673023496,
  "raw_score": 2.5983434673023496,
  "valid": true,
  "parsed": true,
  "ran": true,
  "msg": "ok",
  "advantage": -0.9578615273449484,
  "beta": 131.91021603825743,
  "n_response_tokens": 1167,
  "sandbox_stdout": "",
  "parent_value": 2.6310779580036634,
  "parent_is_seed": false
}