{
  "step": 10,
  "group": 2,
  "rollout": 62,
  "reward": 2.589643600237863,
  "raw_score": 2.589643600237863,
  "valid": true,
  "parsed": true,
  "ran": true,
  "msg": "ok",
  "advantage": -0.986631471108546,
  "beta": 131.91021603825743,
  "n_response_tokens": 2072,
  "sandbox_stdout": "",
  "parent_value": 2.6310779580036634,
  "parent_is_seed": false
}