{
  "step": 10,
  "group": 4,
  "rollout": 23,
  "reward": 0.0,
  "raw_score": null,
  "valid": false,
  "parsed": true,
  "ran": true,
  "msg": "Circle 1 at (0.20964114068176432,0.05246681566473951) r=1.0 outside unit square",
  "advantage": -1.0,
  "beta": 103.36213102107912,
  "n_response_tokens": 1644,
  "sandbox_stdout": "",
  "parent_value": 2.631077957511791,
  "parent_is_seed": false
}