{
  "step": 10,
  "group": 2,
  "rollout": 60,
  "reward": 2.6096170053822814,
  "raw_score": 2.6096170053822814,
  "valid": true,
  "parsed": true,
  "ran": true,
  "msg": "ok",
  "advantage": -0.8131419989213371,
  "beta": 131.91021603825743,
  "n_response_tokens": 1525,
  "sandbox_stdout": "",
  "parent_value": 2.6310779580036634,
  "parent_is_seed": false
}