{
  "step": 10,
  "group": 2,
  "rollout": 23,
  "reward": 2.612401729400281,
  "raw_score": 2.612401729400281,
  "valid": true,
  "parsed": true,
  "ran": true,
  "msg": "ok",
  "advantage": -0.7298439009580369,
  "beta": 131.91021603825743,
  "n_response_tokens": 1176,
  "sandbox_stdout": "",
  "parent_value": 2.6310779580036634,
  "parent_is_seed": false
}