{
  "step": 10,
  "group": 6,
  "rollout": 54,
  "reward": 2.516781437344135,
  "raw_score": 2.516781437344135,
  "valid": true,
  "parsed": true,
  "ran": true,
  "msg": "ok",
  "advantage": -0.9765834131729992,
  "beta": 44.0338774906903,
  "n_response_tokens": 2008,
  "sandbox_stdout": "",
  "parent_value": 2.6307140772579825,
  "parent_is_seed": false
}