{
  "step": 10,
  "group": 0,
  "rollout": 1,
  "reward": 2.6245431806904644,
  "raw_score": 2.6245431806904644,
  "valid": true,
  "parsed": true,
  "ran": true,
  "msg": "ok",
  "advantage": 0.6656854651668269,
  "beta": 142.98955916426982,
  "n_response_tokens": 1640,
  "sandbox_stdout": "",
  "parent_value": 2.6310779581656796,
  "parent_is_seed": false
}