{
  "step": 10,
  "group": 2,
  "rollout": 47,
  "reward": 2.6265269291506503,
  "raw_score": 2.6265269291506503,
  "valid": true,
  "parsed": true,
  "ran": true,
  "msg": "ok",
  "advantage": 0.782697399309749,
  "beta": 131.91021603825743,
  "n_response_tokens": 1782,
  "sandbox_stdout": "",
  "parent_value": 2.6310779580036634,
  "parent_is_seed": false
}