{
  "step": 10,
  "group": 6,
  "rollout": 47,
  "reward": 2.6180526378946034,
  "raw_score": 2.6180526378946034,
  "valid": true,
  "parsed": true,
  "ran": true,
  "msg": "ok",
  "advantage": 1.0903314457999995,
  "beta": 44.0338774906903,
  "n_response_tokens": 1816,
  "sandbox_stdout": "",
  "parent_value": 2.6307140772579825,
  "parent_is_seed": false
}