{
  "step": 10,
  "group": 1,
  "rollout": 61,
  "reward": 2.625119339901157,
  "raw_score": 2.625119339901157,
  "valid": true,
  "parsed": true,
  "ran": true,
  "msg": "ok",
  "advantage": -0.6641143420044717,
  "beta": 461.4486768978975,
  "n_response_tokens": 2006,
  "sandbox_stdout": "",
  "parent_value": 2.6310779580047807,
  "parent_is_seed": false
}