{
  "step": 10,
  "group": 3,
  "rollout": 49,
  "reward": 2.6226124817239076,
  "raw_score": 2.6226124817239076,
  "valid": true,
  "parsed": true,
  "ran": true,
  "msg": "ok",
  "advantage": 0.11982475888431154,
  "beta": 180.37599722779228,
  "n_response_tokens": 1903,
  "sandbox_stdout": "",
  "parent_value": 2.6310779580025954,
  "parent_is_seed": false
}