{
  "step": 10,
  "group": 1,
  "rollout": 4,
  "reward": 2.6275772537458084,
  "raw_score": 2.6275772537458084,
  "valid": true,
  "parsed": true,
  "ran": true,
  "msg": "ok",
  "advantage": 0.056036553668894706,
  "beta": 461.4486768978975,
  "n_response_tokens": 2187,
  "sandbox_stdout": "",
  "parent_value": 2.6310779580047807,
  "parent_is_seed": false
}