{
  "step": 10,
  "group": 6,
  "rollout": 13,
  "reward": 2.599492013657862,
  "raw_score": 2.599492013657862,
  "valid": true,
  "parsed": true,
  "ran": true,
  "msg": "ok",
  "advantage": -0.09365107478974799,
  "beta": 44.0338774906903,
  "n_response_tokens": 2180,
  "sandbox_stdout": "",
  "parent_value": 2.6307140772579825,
  "parent_is_seed": false
}