{
  "step": 10,
  "group": 2,
  "rollout": 26,
  "reward": 2.6259148824438148,
  "raw_score": 2.6259148824438148,
  "valid": true,
  "parsed": true,
  "ran": true,
  "msg": "ok",
  "advantage": 0.6408264437161946,
  "beta": 131.91021603825743,
  "n_response_tokens": 2046,
  "sandbox_stdout": "",
  "parent_value": 2.6310779580036634,
  "parent_is_seed": false
}