{
  "step": 10,
  "group": 3,
  "rollout": 58,
  "reward": 0.0,
  "raw_score": null,
  "valid": false,
  "parsed": true,
  "ran": true,
  "msg": "Circle 10 at (0.0752927384998924,0.3740837640645403) r=0.08148253547677368 outside unit square",
  "advantage": -1.0,
  "beta": 180.37599722779228,
  "n_response_tokens": 2619,
  "sandbox_stdout": "",
  "parent_value": 2.6310779580025954,
  "parent_is_seed": false
}