{
  "step": 10,
  "group": 6,
  "rollout": 9,
  "reward": 2.6128178321123,
  "raw_score": 2.6128178321123,
  "valid": true,
  "parsed": true,
  "ran": true,
  "msg": "ok",
  "advantage": 0.6487316748426997,
  "beta": 44.0338774906903,
  "n_response_tokens": 2700,
  "sandbox_stdout": "",
  "parent_value": 2.6307140772579825,
  "parent_is_seed": false
}