{
  "step": 10,
  "group": 0,
  "rollout": 29,
  "reward": 2.5899015399991074,
  "raw_score": 2.5899015399991074,
  "valid": true,
  "parsed": true,
  "ran": true,
  "msg": "ok",
  "advantage": -0.9885420368197814,
  "beta": 142.98955916426982,
  "n_response_tokens": 1290,
  "sandbox_stdout": "",
  "parent_value": 2.6310779581656796,
  "parent_is_seed": false
}