{
  "step": 10,
  "group": 4,
  "rollout": 25,
  "reward": 2.62548364390762,
  "raw_score": 2.62548364390762,
  "valid": true,
  "parsed": true,
  "ran": true,
  "msg": "ok",
  "advantage": 0.9506998382914962,
  "beta": 103.36213102107912,
  "n_response_tokens": 1657,
  "sandbox_stdout": "",
  "parent_value": 2.631077957511791,
  "parent_is_seed": false
}