{
  "step": 10,
  "group": 6,
  "rollout": 62,
  "reward": 2.613104430576817,
  "raw_score": 2.613104430576817,
  "valid": true,
  "parsed": true,
  "ran": true,
  "msg": "ok",
  "advantage": 0.6702257066435737,
  "beta": 44.0338774906903,
  "n_response_tokens": 1954,
  "sandbox_stdout": "",
  "parent_value": 2.6307140772579825,
  "parent_is_seed": false
}