{
  "step": 10,
  "group": 7,
  "rollout": 33,
  "reward": 2.630156307192194,
  "raw_score": 2.630156307192194,
  "valid": true,
  "parsed": true,
  "ran": true,
  "msg": "ok",
  "advantage": -0.016133996451682564,
  "beta": 1061.6231416981527,
  "n_response_tokens": 2243,
  "sandbox_stdout": "",
  "parent_value": 2.6301563071929532,
  "parent_is_seed": false
}