{
  "step": 10,
  "group": 4,
  "rollout": 3,
  "reward": 2.6241805868653962,
  "raw_score": 2.6241805868653962,
  "valid": true,
  "parsed": true,
  "ran": true,
  "msg": "ok",
  "advantage": 0.6982653003346226,
  "beta": 103.36213102107912,
  "n_response_tokens": 1439,
  "sandbox_stdout": "",
  "parent_value": 2.631077957511791,
  "parent_is_seed": false
}