{
  "step": 10,
  "group": 4,
  "rollout": 44,
  "reward": 2.6261098581432907,
  "raw_score": 2.6261098581432907,
  "valid": true,
  "parsed": true,
  "ran": true,
  "msg": "ok",
  "advantage": 1.0854562093042897,
  "beta": 103.36213102107912,
  "n_response_tokens": 1550,
  "sandbox_stdout": "",
  "parent_value": 2.631077957511791,
  "parent_is_seed": false
}