{
  "step": 10,
  "group": 6,
  "rollout": 50,
  "reward": 2.627505892374022,
  "raw_score": 2.627505892374022,
  "valid": true,
  "parsed": true,
  "ran": true,
  "msg": "ok",
  "advantage": 2.2247801767340274,
  "beta": 44.0338774906903,
  "n_response_tokens": 2052,
  "sandbox_stdout": "",
  "parent_value": 2.6307140772579825,
  "parent_is_seed": false
}