{
  "step": 10,
  "group": 3,
  "rollout": 12,
  "reward": 2.6160635538162347,
  "raw_score": 2.6160635538162347,
  "valid": true,
  "parsed": true,
  "ran": true,
  "msg": "ok",
  "advantage": -0.660520584921922,
  "beta": 180.37599722779228,
  "n_response_tokens": 2228,
  "sandbox_stdout": "",
  "parent_value": 2.6310779580025954,
  "parent_is_seed": false
}