{
  "step": 10,
  "group": 3,
  "rollout": 50,
  "reward": 2.6045007719781523,
  "raw_score": 2.6045007719781523,
  "valid": true,
  "parsed": true,
  "ran": true,
  "msg": "ok",
  "advantage": -0.9580257242691826,
  "beta": 180.37599722779228,
  "n_response_tokens": 1776,
  "sandbox_stdout": "",
  "parent_value": 2.6310779580025954,
  "parent_is_seed": false
}