{
  "step": 9,
  "group": 0,
  "rollout": 23,
  "reward": 2.6298680523724762,
  "raw_score": 2.6298680523724762,
  "valid": true,
  "parsed": true,
  "ran": true,
  "msg": "ok",
  "advantage": 5.56259022040156,
  "beta": 44.197820271340156,
  "n_response_tokens": 2464,
  "sandbox_stdout": "",
  "parent_value": 2.6298680523724762,
  "parent_is_seed": false
}