{
  "step": 12,
  "group": 3,
  "rollout": 14,
  "reward": 2.628720060272745,
  "raw_score": 2.628720060272745,
  "valid": true,
  "parsed": true,
  "ran": true,
  "msg": "ok",
  "advantage": -0.9396877486608819,
  "beta": 1378.7128880280393,
  "n_response_tokens": 2141,
  "sandbox_stdout": "",
  "parent_value": 2.6313341923021363,
  "parent_is_seed": false
}