{
  "step": 12,
  "group": 6,
  "rollout": 4,
  "reward": 2.631077958002492,
  "raw_score": 2.631077958002492,
  "valid": true,
  "parsed": true,
  "ran": true,
  "msg": "ok",
  "advantage": 1.7817035964835428,
  "beta": 229.7799605084339,
  "n_response_tokens": 1834,
  "sandbox_stdout": "",
  "parent_value": 2.6313341922976963,
  "parent_is_seed": false
}