{
  "step": 12,
  "group": 0,
  "rollout": 61,
  "reward": 2.630156307178404,
  "raw_score": 2.630156307178404,
  "valid": true,
  "parsed": true,
  "ran": true,
  "msg": "ok",
  "advantage": -0.33148918247504566,
  "beta": 464.6793689222155,
  "n_response_tokens": 1962,
  "sandbox_stdout": "",
  "parent_value": 2.6323260072585617,
  "parent_is_seed": false
}