{
  "step": 12,
  "group": 6,
  "rollout": 29,
  "reward": 2.626724068747877,
  "raw_score": 2.626724068747877,
  "valid": true,
  "parsed": true,
  "ran": true,
  "msg": "ok",
  "advantage": -0.004896091170032202,
  "beta": 229.7799605084339,
  "n_response_tokens": 1861,
  "sandbox_stdout": "",
  "parent_value": 2.6313341922976963,
  "parent_is_seed": false
}