{
  "step": 12,
  "group": 6,
  "rollout": 5,
  "reward": 2.6310779580043313,
  "raw_score": 2.6310779580043313,
  "valid": true,
  "parsed": true,
  "ran": true,
  "msg": "ok",
  "advantage": 1.7817035977111741,
  "beta": 229.7799605084339,
  "n_response_tokens": 1928,
  "sandbox_stdout": "",
  "parent_value": 2.6313341922976963,
  "parent_is_seed": false
}