{
  "step": 12,
  "group": 7,
  "rollout": 30,
  "reward": 2.6310934327905278,
  "raw_score": 2.6310934327905278,
  "valid": true,
  "parsed": true,
  "ran": true,
  "msg": "ok",
  "advantage": 3.371396905136381,
  "beta": 513.8518185476548,
  "n_response_tokens": 1744,
  "sandbox_stdout": "",
  "parent_value": 2.6310934327966593,
  "parent_is_seed": false
}