{
  "step": 12,
  "group": 1,
  "rollout": 56,
  "reward": 2.6301563069224168,
  "raw_score": 2.6301563069224168,
  "valid": true,
  "parsed": true,
  "ran": true,
  "msg": "ok",
  "advantage": -0.6243838938806738,
  "beta": 650.4240402582967,
  "n_response_tokens": 2462,
  "sandbox_stdout": "Invalid packing: Circle 0 at (0.0,0.0) r=1.0 outside unit square\n",
  "parent_value": 2.6323260072585617,
  "parent_is_seed": false
}