{
  "step": 12,
  "group": 5,
  "rollout": 9,
  "reward": 2.6323260072585617,
  "raw_score": 2.6323260072585617,
  "valid": true,
  "parsed": true,
  "ran": true,
  "msg": "ok",
  "advantage": 0.886713177663508,
  "beta": 1048576.0,
  "n_response_tokens": 2255,
  "sandbox_stdout": "",
  "parent_value": 2.6323260072585617,
  "parent_is_seed": false
}