{
  "step": 12,
  "group": 7,
  "rollout": 29,
  "reward": 2.6122883339486975,
  "raw_score": 2.6122883339486975,
  "valid": true,
  "parsed": true,
  "ran": true,
  "msg": "ok",
  "advantage": -0.9997400531364892,
  "beta": 513.8518185476548,
  "n_response_tokens": 1478,
  "sandbox_stdout": "",
  "parent_value": 2.6310934327966593,
  "parent_is_seed": false
}