{
  "step": 12,
  "group": 0,
  "rollout": 16,
  "reward": 2.6323260072585617,
  "raw_score": 2.6323260072585617,
  "valid": true,
  "parsed": true,
  "ran": true,
  "msg": "ok",
  "advantage": 0.8666698005387359,
  "beta": 464.6793689222155,
  "n_response_tokens": 2374,
  "sandbox_stdout": "",
  "parent_value": 2.6323260072585617,
  "parent_is_seed": false
}