{
  "step": 12,
  "group": 1,
  "rollout": 30,
  "reward": 2.6323260072585617,
  "raw_score": 2.6323260072585617,
  "valid": true,
  "parsed": true,
  "ran": true,
  "msg": "ok",
  "advantage": 0.5694090999985801,
  "beta": 650.4240402582967,
  "n_response_tokens": 1941,
  "sandbox_stdout": "",
  "parent_value": 2.6323260072585617,
  "parent_is_seed": false
}