{
  "step": 12,
  "group": 0,
  "rollout": 39,
  "reward": 0.0,
  "raw_score": 0.0,
  "valid": true,
  "parsed": true,
  "ran": true,
  "msg": "ok",
  "advantage": -1.0,
  "beta": 464.6793689222155,
  "n_response_tokens": 2062,
  "sandbox_stdout": "Invalid packing: Circle 0 at (0.13,0.13) r=1.0 outside unit square\nInvalid packing: Circle 0 at (0.14,0.14) r=1.0 outside unit square\nInvalid packing: Circle 0 at (0.7502308203908084,0.24921286449009594) r=1.0 outside unit square\nInvalid packing: Circle 0 at (0.3631006138402818,0.3022119351250502) r=1.0 outside unit square\n",
  "parent_value": 2.6323260072585617,
  "parent_is_seed": false
}