{
  "step": 12,
  "group": 1,
  "rollout": 3,
  "reward": 2.632326007258387,
  "raw_score": 2.632326007258387,
  "valid": true,
  "parsed": true,
  "ran": true,
  "msg": "ok",
  "advantage": 0.5694090998159882,
  "beta": 650.4240402582967,
  "n_response_tokens": 2173,
  "sandbox_stdout": "Invalid packing: Circle 0 at (1.0,1.0) r=1.0 outside unit square\n",
  "parent_value": 2.6323260072585617,
  "parent_is_seed": false
}