{
  "step": 12,
  "group": 6,
  "rollout": 59,
  "reward": 0.0,
  "raw_score": null,
  "valid": false,
  "parsed": true,
  "ran": true,
  "msg": "Circle 1 at (0.07657656717841595,0.0670206578986288) r=0.07701020780932635 outside unit square",
  "advantage": -1.0,
  "beta": 229.7799605084339,
  "n_response_tokens": 2170,
  "sandbox_stdout": "",
  "parent_value": 2.6313341922976963,
  "parent_is_seed": false
}