{
  "step": 12,
  "group": 7,
  "rollout": 27,
  "reward": 2.625389396796211,
  "raw_score": 2.625389396796211,
  "valid": true,
  "parsed": true,
  "ran": true,
  "msg": "ok",
  "advantage": -0.781193032959594,
  "beta": 513.8518185476548,
  "n_response_tokens": 1530,
  "sandbox_stdout": "",
  "parent_value": 2.6310934327966593,
  "parent_is_seed": false
}