{
  "step": 12,
  "group": 1,
  "rollout": 14,
  "reward": 2.6301562835690655,
  "raw_score": 2.6301562835690655,
  "valid": true,
  "parsed": true,
  "ran": true,
  "msg": "ok",
  "advantage": -0.624389633304677,
  "beta": 650.4240402582967,
  "n_response_tokens": 1923,
  "sandbox_stdout": "",
  "parent_value": 2.6323260072585617,
  "parent_is_seed": false
}