{
  "step": 12,
  "group": 6,
  "rollout": 28,
  "reward": 2.625137747738708,
  "raw_score": 2.625137747738708,
  "valid": true,
  "parsed": true,
  "ran": true,
  "msg": "ok",
  "advantage": -0.3121786339891428,
  "beta": 229.7799605084339,
  "n_response_tokens": 1671,
  "sandbox_stdout": "",
  "parent_value": 2.6313341922976963,
  "parent_is_seed": false
}