{
  "step": 12,
  "group": 4,
  "rollout": 18,
  "reward": 2.6313341919984277,
  "raw_score": 2.6313341919984277,
  "valid": true,
  "parsed": true,
  "ran": true,
  "msg": "ok",
  "advantage": 0.3114808285299435,
  "beta": 1048576.0,
  "n_response_tokens": 2197,
  "sandbox_stdout": "",
  "parent_value": 2.631334192927723,
  "parent_is_seed": false
}