{
  "step": 11,
  "group": 5,
  "rollout": 12,
  "reward": 2.6310919842511287,
  "raw_score": 2.6310919842511287,
  "valid": true,
  "parsed": true,
  "ran": true,
  "msg": "ok",
  "advantage": 1.4487746073910932,
  "beta": 245.7805066100698,
  "n_response_tokens": 1805,
  "sandbox_stdout": "",
  "parent_value": 2.6310919842511287,
  "parent_is_seed": false
}