{
  "step": 11,
  "group": 2,
  "rollout": 15,
  "reward": 2.612571794317105,
  "raw_score": 2.612571794317105,
  "valid": true,
  "parsed": true,
  "ran": true,
  "msg": "ok",
  "advantage": -0.8997744596064524,
  "beta": 222.9958809291849,
  "n_response_tokens": 1986,
  "sandbox_stdout": "",
  "parent_value": 2.6313341923025657,
  "parent_is_seed": false
}