{
  "step": 11,
  "group": 5,
  "rollout": 28,
  "reward": 2.628010095511345,
  "raw_score": 2.628010095511345,
  "valid": true,
  "parsed": true,
  "ran": true,
  "msg": "ok",
  "advantage": 0.12488900249059731,
  "beta": 245.7805066100698,
  "n_response_tokens": 1928,
  "sandbox_stdout": "Invalid packing: Circles 11 and 20 overlap\n",
  "parent_value": 2.6310919842511287,
  "parent_is_seed": false
}