{
  "step": 11,
  "group": 7,
  "rollout": 54,
  "reward": 2.625297673624338,
  "raw_score": 2.625297673624338,
  "valid": true,
  "parsed": true,
  "ran": true,
  "msg": "ok",
  "advantage": 0.7229210742563335,
  "beta": 124.06631374967333,
  "n_response_tokens": 1380,
  "sandbox_stdout": "",
  "parent_value": 2.631077958017691,
  "parent_is_seed": false
}