{
  "step": 11,
  "group": 0,
  "rollout": 53,
  "reward": 2.6176541269141778,
  "raw_score": 2.6176541269141778,
  "valid": true,
  "parsed": true,
  "ran": true,
  "msg": "ok",
  "advantage": -0.9999996656944845,
  "beta": 1072.3728211974271,
  "n_response_tokens": 2258,
  "sandbox_stdout": "",
  "parent_value": 2.6323260072585617,
  "parent_is_seed": false
}