{
  "step": 11,
  "group": 0,
  "rollout": 3,
  "reward": 2.630097592754364,
  "raw_score": 2.630097592754364,
  "valid": true,
  "parsed": true,
  "ran": true,
  "msg": "ok",
  "advantage": -0.7906732483560857,
  "beta": 1072.3728211974271,
  "n_response_tokens": 1979,
  "sandbox_stdout": "Invalid packing: Circle 25 at (0.07999999999999999,1.0) r=0.04799999999999999 outside unit square\n",
  "parent_value": 2.6323260072585617,
  "parent_is_seed": false
}