{
  "step": 11,
  "group": 7,
  "rollout": 40,
  "reward": 2.6243969289351137,
  "raw_score": 2.6243969289351137,
  "valid": true,
  "parsed": true,
  "ran": true,
  "msg": "ok",
  "advantage": 0.5363072367960651,
  "beta": 124.06631374967333,
  "n_response_tokens": 1652,
  "sandbox_stdout": "",
  "parent_value": 2.631077958017691,
  "parent_is_seed": false
}