{
  "step": 11,
  "group": 0,
  "rollout": 47,
  "reward": 2.623713862151355,
  "raw_score": 2.623713862151355,
  "valid": true,
  "parsed": true,
  "ran": true,
  "msg": "ok",
  "advantage": -0.9997780174216143,
  "beta": 1072.3728211974271,
  "n_response_tokens": 2650,
  "sandbox_stdout": "",
  "parent_value": 2.6323260072585617,
  "parent_is_seed": false
}