{
  "step": 11,
  "group": 3,
  "rollout": 30,
  "reward": 2.627846473706061,
  "raw_score": 2.627846473706061,
  "valid": true,
  "parsed": true,
  "ran": true,
  "msg": "ok",
  "advantage": -0.21702072456663646,
  "beta": 490.3829666049147,
  "n_response_tokens": 1363,
  "sandbox_stdout": "",
  "parent_value": 2.6310934327073388,
  "parent_is_seed": false
}