{
  "step": 11,
  "group": 2,
  "rollout": 29,
  "reward": 2.618528599612992,
  "raw_score": 2.618528599612992,
  "valid": true,
  "parsed": true,
  "ran": true,
  "msg": "ok",
  "advantage": -0.6199927927828075,
  "beta": 222.9958809291849,
  "n_response_tokens": 1838,
  "sandbox_stdout": "",
  "parent_value": 2.6313341923025657,
  "parent_is_seed": false
}