{
  "step": 11,
  "group": 3,
  "rollout": 59,
  "reward": 2.6239984641409384,
  "raw_score": 2.6239984641409384,
  "valid": true,
  "parsed": true,
  "ran": true,
  "msg": "ok",
  "advantage": -0.8825963436354572,
  "beta": 490.3829666049147,
  "n_response_tokens": 1406,
  "sandbox_stdout": "",
  "parent_value": 2.6310934327073388,
  "parent_is_seed": false
}