{
  "step": 11,
  "group": 7,
  "rollout": 22,
  "reward": 2.6161996952469946,
  "raw_score": 2.6161996952469946,
  "valid": true,
  "parsed": true,
  "ran": true,
  "msg": "ok",
  "advantage": -0.4528679117417186,
  "beta": 124.06631374967333,
  "n_response_tokens": 1698,
  "sandbox_stdout": "",
  "parent_value": 2.631077958017691,
  "parent_is_seed": false
}