{
  "step": 11,
  "group": 0,
  "rollout": 61,
  "reward": 2.6031309751044125,
  "raw_score": 2.6031309751044125,
  "valid": true,
  "parsed": true,
  "ran": true,
  "msg": "ok",
  "advantage": -0.9999999999999424,
  "beta": 1072.3728211974271,
  "n_response_tokens": 1833,
  "sandbox_stdout": "",
  "parent_value": 2.6323260072585617,
  "parent_is_seed": false
}