{
  "step": 11,
  "group": 2,
  "rollout": 5,
  "reward": 2.6221772768539835,
  "raw_score": 2.6221772768539835,
  "valid": true,
  "parsed": true,
  "ran": true,
  "msg": "ok",
  "advantage": -0.1361184065406571,
  "beta": 222.9958809291849,
  "n_response_tokens": 1952,
  "sandbox_stdout": "",
  "parent_value": 2.6313341923025657,
  "parent_is_seed": false
}