{
  "step": 11,
  "group": 7,
  "rollout": 53,
  "reward": 2.6221021531565945,
  "raw_score": 2.6221021531565945,
  "valid": true,
  "parsed": true,
  "ran": true,
  "msg": "ok",
  "advantage": 0.14872603227608838,
  "beta": 124.06631374967333,
  "n_response_tokens": 1488,
  "sandbox_stdout": "",
  "parent_value": 2.631077958017691,
  "parent_is_seed": false
}