{
  "step": 11,
  "group": 5,
  "rollout": 24,
  "reward": 2.6205129424262457,
  "raw_score": 2.6205129424262457,
  "valid": true,
  "parsed": true,
  "ran": true,
  "msg": "ok",
  "advantage": -0.8244594273492796,
  "beta": 245.7805066100698,
  "n_response_tokens": 1733,
  "sandbox_stdout": "",
  "parent_value": 2.6310919842511287,
  "parent_is_seed": false
}