{
  "step": 11,
  "group": 7,
  "rollout": 47,
  "reward": 2.627577252390489,
  "raw_score": 2.627577252390489,
  "valid": true,
  "parsed": true,
  "ran": true,
  "msg": "ok",
  "advantage": 1.306703301368759,
  "beta": 124.06631374967333,
  "n_response_tokens": 1678,
  "sandbox_stdout": "",
  "parent_value": 2.631077958017691,
  "parent_is_seed": false
}