{
  "step": 11,
  "group": 2,
  "rollout": 34,
  "reward": 2.616830721626871,
  "raw_score": 2.616830721626871,
  "valid": true,
  "parsed": true,
  "ran": true,
  "msg": "ok",
  "advantage": -0.7402626261267795,
  "beta": 222.9958809291849,
  "n_response_tokens": 1942,
  "sandbox_stdout": "",
  "parent_value": 2.6313341923025657,
  "parent_is_seed": false
}