{
  "step": 11,
  "group": 2,
  "rollout": 58,
  "reward": 2.6166933151939253,
  "raw_score": 2.6166933151939253,
  "valid": true,
  "parsed": true,
  "ran": true,
  "msg": "ok",
  "advantage": -0.7481318975461939,
  "beta": 222.9958809291849,
  "n_response_tokens": 1816,
  "sandbox_stdout": "",
  "parent_value": 2.6313341923025657,
  "parent_is_seed": false
}