{
  "step": 11,
  "group": 0,
  "rollout": 39,
  "reward": 2.630097592754364,
  "raw_score": 2.630097592754364,
  "valid": true,
  "parsed": true,
  "ran": true,
  "msg": "ok",
  "advantage": -0.7906732483560857,
  "beta": 1072.3728211974271,
  "n_response_tokens": 2344,
  "sandbox_stdout": "Invalid packing: Circles 1 and 2 overlap\n",
  "parent_value": 2.6323260072585617,
  "parent_is_seed": false
}