{
  "step": 11,
  "group": 6,
  "rollout": 6,
  "reward": 2.6241717025704805,
  "raw_score": 2.6241717025704805,
  "valid": true,
  "parsed": true,
  "ran": true,
  "msg": "ok",
  "advantage": 0.5540610106487738,
  "beta": 75.53984237777122,
  "n_response_tokens": 1581,
  "sandbox_stdout": "",
  "parent_value": 2.63107795802592,
  "parent_is_seed": false
}