{
  "step": 11,
  "group": 3,
  "rollout": 0,
  "reward": 2.629618791731074,
  "raw_score": 2.629618791731074,
  "valid": true,
  "parsed": true,
  "ran": true,
  "msg": "ok",
  "advantage": 0.8999469278871142,
  "beta": 490.3829666049147,
  "n_response_tokens": 1564,
  "sandbox_stdout": "",
  "parent_value": 2.6310934327073388,
  "parent_is_seed": false
}