{
  "step": 11,
  "group": 2,
  "rollout": 36,
  "reward": 2.6201311911147007,
  "raw_score": 2.6201311911147007,
  "valid": true,
  "parsed": true,
  "ran": true,
  "msg": "ok",
  "advantage": -0.4553431458834458,
  "beta": 222.9958809291849,
  "n_response_tokens": 1802,
  "sandbox_stdout": "",
  "parent_value": 2.6313341923025657,
  "parent_is_seed": false
}