{
  "step": 11,
  "group": 4,
  "rollout": 5,
  "reward": 2.6101114417859885,
  "raw_score": 2.6101114417859885,
  "valid": true,
  "parsed": true,
  "ran": true,
  "msg": "ok",
  "advantage": -0.9999999999934737,
  "beta": 1269.1922988644212,
  "n_response_tokens": 1606,
  "sandbox_stdout": "",
  "parent_value": 2.6310933913853503,
  "parent_is_seed": false
}