{
  "step": 11,
  "group": 5,
  "rollout": 22,
  "reward": 2.6195509855190275,
  "raw_score": 2.6195509855190275,
  "valid": true,
  "parsed": true,
  "ran": true,
  "msg": "ok",
  "advantage": -0.8615023410716512,
  "beta": 245.7805066100698,
  "n_response_tokens": 1695,
  "sandbox_stdout": "",
  "parent_value": 2.6310919842511287,
  "parent_is_seed": false
}