{
  "step": 11,
  "group": 7,
  "rollout": 4,
  "reward": 2.6052977088297316,
  "raw_score": 2.6052977088297316,
  "valid": true,
  "parsed": true,
  "ran": true,
  "msg": "ok",
  "advantage": -0.8594304169207735,
  "beta": 124.06631374967333,
  "n_response_tokens": 1530,
  "sandbox_stdout": "",
  "parent_value": 2.631077958017691,
  "parent_is_seed": false
}