{
  "step": 16,
  "group": 2,
  "rollout": 22,
  "reward": 2.1999999999999997,
  "raw_score": 2.1999999999999997,
  "valid": true,
  "parsed": true,
  "ran": true,
  "msg": "ok",
  "advantage": 0.8985295028575583,
  "algo": "reinforce",
  "n_response_tokens": 1793,
  "sandbox_stdout": "",
  "parent_value": 2.4999999999999996,
  "parent_is_seed": false
}