{
  "step": 16,
  "group": 3,
  "rollout": 5,
  "reward": 1.6749999999999998,
  "raw_score": 1.6749999999999998,
  "valid": true,
  "parsed": true,
  "ran": true,
  "msg": "ok",
  "advantage": 0.45029203649018823,
  "algo": "reinforce",
  "n_response_tokens": 1734,
  "sandbox_stdout": "",
  "parent_value": 2.4999999999999996,
  "parent_is_seed": false
}