{
  "step": 16,
  "group": 3,
  "rollout": 13,
  "reward": 0.7025794666305606,
  "raw_score": 0.7025794666305606,
  "valid": true,
  "parsed": true,
  "ran": true,
  "msg": "ok",
  "advantage": -0.4657120921063369,
  "algo": "reinforce",
  "n_response_tokens": 1784,
  "sandbox_stdout": "",
  "parent_value": 2.4999999999999996,
  "parent_is_seed": false
}