{
  "step": 16,
  "group": 1,
  "rollout": 6,
  "reward": 1.950000000000872,
  "raw_score": 1.950000000000872,
  "valid": true,
  "parsed": true,
  "ran": true,
  "msg": "ok",
  "advantage": 0.7451776707233037,
  "algo": "reinforce",
  "n_response_tokens": 1600,
  "sandbox_stdout": "",
  "parent_value": 2.500000000001484,
  "parent_is_seed": false
}