{
  "step": 5,
  "group": 4,
  "rollout": 21,
  "reward": 0.0,
  "raw_score": null,
  "valid": false,
  "parsed": true,
  "ran": false,
  "msg": "run_failed: Validation failed: Circle 0 at (0.12031424583296416,0.12031424583296435) r=0.12031424583396855 outside unit square",
  "advantage": -0.7312550334977115,
  "beta": 0.9680980509807113,
  "n_response_tokens": 1916,
  "sandbox_stdout": "",
  "parent_value": 2.6132826417396817,
  "parent_is_seed": false
}