{
  "step": 5,
  "group": 7,
  "rollout": 41,
  "reward": 0.0,
  "raw_score": null,
  "valid": false,
  "parsed": true,
  "ran": false,
  "msg": "run_failed: Validation failed: Circle 0 at (0.09940418583507188,0.0994041858350733) r=0.09940418583609459 outside unit square",
  "advantage": -0.4920120583458454,
  "beta": 0.9914548973873809,
  "n_response_tokens": 2000,
  "sandbox_stdout": "",
  "parent_value": 2.609005048527398,
  "parent_is_seed": false
}