{
  "step": 5,
  "group": 3,
  "rollout": 25,
  "reward": 2.6145182478644053,
  "raw_score": 2.6145182478644053,
  "valid": true,
  "parsed": true,
  "ran": true,
  "msg": "ok",
  "advantage": 2.2716391246107217,
  "beta": 21.787637511488487,
  "n_response_tokens": 2259,
  "sandbox_stdout": "",
  "parent_value": 2.6176579888767613,
  "parent_is_seed": false
}