{
  "step": 5,
  "group": 2,
  "rollout": 48,
  "reward": 2.6199932266265202,
  "raw_score": 2.6199932266265202,
  "valid": true,
  "parsed": true,
  "ran": true,
  "msg": "ok",
  "advantage": 1.9949254040730482,
  "beta": 1.0273969948357426,
  "n_response_tokens": 1826,
  "sandbox_stdout": "",
  "parent_value": 2.6212689832496325,
  "parent_is_seed": false
}