{
  "step": 5,
  "group": 5,
  "rollout": 30,
  "reward": 0.0,
  "raw_score": null,
  "valid": false,
  "parsed": true,
  "ran": true,
  "msg": "Circle 0 at (0.12459011202210057,0.12459011202209892) r=0.12459011202309982 outside unit square",
  "advantage": -0.6700859261578334,
  "beta": 0.9481916830420496,
  "n_response_tokens": 1247,
  "sandbox_stdout": "",
  "parent_value": 2.61328264173952,
  "parent_is_seed": false
}