{
  "step": 5,
  "group": 2,
  "rollout": 36,
  "reward": 0.0,
  "raw_score": null,
  "valid": false,
  "parsed": true,
  "ran": true,
  "msg": "Circle 0 at (0.08947224097630703,0.08947224097608567) r=0.08947224097716198 outside unit square",
  "advantage": -0.8056738163490391,
  "beta": 1.0273969948357426,
  "n_response_tokens": 1422,
  "sandbox_stdout": "",
  "parent_value": 2.6212689832496325,
  "parent_is_seed": false
}