{
  "step": 5,
  "group": 3,
  "rollout": 8,
  "reward": 2.626553047575498,
  "raw_score": 2.626553047575498,
  "valid": true,
  "parsed": true,
  "ran": true,
  "msg": "ok",
  "advantage": 3.319727197133961,
  "beta": 21.787637511488487,
  "n_response_tokens": 2284,
  "sandbox_stdout": "",
  "parent_value": 2.6176579888767613,
  "parent_is_seed": false
}