{
  "step": 5,
  "group": 7,
  "rollout": 26,
  "reward": 2.609005048527413,
  "raw_score": 2.609005048527413,
  "valid": true,
  "parsed": true,
  "ran": true,
  "msg": "ok",
  "advantage": 6.4912540869959185,
  "beta": 0.9914548973873809,
  "n_response_tokens": 2065,
  "sandbox_stdout": "",
  "parent_value": 2.609005048527398,
  "parent_is_seed": false
}