{
  "step": 5,
  "group": 2,
  "rollout": 20,
  "reward": 0.0,
  "raw_score": null,
  "valid": false,
  "parsed": true,
  "ran": false,
  "msg": "run_failed: Validation failed: Circle 0 at (0.14698127797646848,0.14698127797646693) r=0.1469812779774674 outside unit square",
  "advantage": -0.8056738163490391,
  "beta": 1.0273969948357426,
  "n_response_tokens": 1923,
  "sandbox_stdout": "",
  "parent_value": 2.6212689832496325,
  "parent_is_seed": false
}