{
  "step": 5,
  "group": 6,
  "rollout": 30,
  "reward": 2.566665720889446,
  "raw_score": 2.566665720889446,
  "valid": true,
  "parsed": true,
  "ran": true,
  "msg": "ok",
  "advantage": 1.659144248069658,
  "beta": 1.1241290233484775,
  "n_response_tokens": 1940,
  "sandbox_stdout": "",
  "parent_value": 2.6130712107630996,
  "parent_is_seed": false
}