{
  "step": 5,
  "group": 7,
  "rollout": 18,
  "reward": 0.0,
  "raw_score": null,
  "valid": false,
  "parsed": true,
  "ran": false,
  "msg": "run_failed: Validation failed: Circle 1 at (0.6481761448442298,0.840460050796771) r=0.1595399492042374 outside unit square",
  "advantage": -0.4920120583458454,
  "beta": 0.9914548973873809,
  "n_response_tokens": 1976,
  "sandbox_stdout": "",
  "parent_value": 2.609005048527398,
  "parent_is_seed": false
}