{
  "step": 5,
  "group": 0,
  "rollout": 30,
  "reward": 2.620583931603514,
  "raw_score": 2.620583931603514,
  "valid": true,
  "parsed": true,
  "ran": true,
  "msg": "ok",
  "advantage": 1.3439161678106402,
  "beta": 1.3655048875906886,
  "n_response_tokens": 2505,
  "sandbox_stdout": "",
  "parent_value": 2.6235348955257356,
  "parent_is_seed": false
}