{
  "step": 5,
  "group": 5,
  "rollout": 10,
  "reward": 0.0,
  "raw_score": null,
  "valid": false,
  "parsed": true,
  "ran": true,
  "msg": "Circle 4 at (0.9146701900516508,0.08532980994834968) r=0.08532980994934954 outside unit square",
  "advantage": -0.6700859261578334,
  "beta": 0.9481916830420496,
  "n_response_tokens": 1136,
  "sandbox_stdout": "",
  "parent_value": 2.61328264173952,
  "parent_is_seed": false
}