{
  "step": 5,
  "group": 6,
  "rollout": 13,
  "reward": 2.5494229110391653,
  "raw_score": 2.5494229110391653,
  "valid": true,
  "parsed": true,
  "ran": true,
  "msg": "ok",
  "advantage": 1.6059864700035962,
  "beta": 1.1241290233484775,
  "n_response_tokens": 2039,
  "sandbox_stdout": "",
  "parent_value": 2.6130712107630996,
  "parent_is_seed": false
}