{
  "step": 5,
  "group": 6,
  "rollout": 47,
  "reward": 2.6167387657368018,
  "raw_score": 2.6167387657368018,
  "valid": true,
  "parsed": true,
  "ran": true,
  "msg": "ok",
  "advantage": 1.8200085512559587,
  "beta": 1.1241290233484775,
  "n_response_tokens": 2122,
  "sandbox_stdout": "",
  "parent_value": 2.6130712107630996,
  "parent_is_seed": false
}