{
  "step": 5,
  "group": 6,
  "rollout": 0,
  "reward": 2.578662613591108,
  "raw_score": 2.578662613591108,
  "valid": true,
  "parsed": true,
  "ran": true,
  "msg": "ok",
  "advantage": 1.6967940078922066,
  "beta": 1.1241290233484775,
  "n_response_tokens": 1745,
  "sandbox_stdout": "",
  "parent_value": 2.6130712107630996,
  "parent_is_seed": false
}