{
  "step": 5,
  "group": 0,
  "rollout": 15,
  "reward": 2.5637200957625152,
  "raw_score": 2.5637200957625152,
  "valid": true,
  "parsed": true,
  "ran": true,
  "msg": "ok",
  "advantage": 1.1627910441020677,
  "beta": 1.3655048875906886,
  "n_response_tokens": 2299,
  "sandbox_stdout": "",
  "parent_value": 2.6235348955257356,
  "parent_is_seed": false
}