{
  "step": 5,
  "group": 7,
  "rollout": 43,
  "reward": 0.0,
  "raw_score": null,
  "valid": false,
  "parsed": true,
  "ran": false,
  "msg": "run_failed: Validation failed: Circle 0 at (0.1584317949727662,0.15843179497276827) r=0.15843179497376902 outside unit square",
  "advantage": -0.4920120583458454,
  "beta": 0.9914548973873809,
  "n_response_tokens": 1857,
  "sandbox_stdout": "",
  "parent_value": 2.609005048527398,
  "parent_is_seed": false
}