{
  "step": 5,
  "group": 5,
  "rollout": 42,
  "reward": 0.0,
  "raw_score": null,
  "valid": false,
  "parsed": true,
  "ran": true,
  "msg": "Circle 19 at (0.8663230352977666,0.7075696837392599) r=0.13367696470323387 outside unit square",
  "advantage": -0.6700859261578334,
  "beta": 0.9481916830420496,
  "n_response_tokens": 1622,
  "sandbox_stdout": "",
  "parent_value": 2.61328264173952,
  "parent_is_seed": false
}