{
  "step": 5,
  "group": 6,
  "rollout": 34,
  "reward": 2.592220138987606,
  "raw_score": 2.592220138987606,
  "valid": true,
  "parsed": true,
  "ran": true,
  "msg": "ok",
  "advantage": 1.740010269484443,
  "beta": 1.1241290233484775,
  "n_response_tokens": 2152,
  "sandbox_stdout": "",
  "parent_value": 2.6130712107630996,
  "parent_is_seed": false
}