{
  "step": 5,
  "group": 7,
  "rollout": 54,
  "reward": 0.0,
  "raw_score": null,
  "valid": false,
  "parsed": true,
  "ran": false,
  "msg": "run_failed: Validation failed: Circle 0 at (0.0839158674553263,0.08391586745532546) r=0.08391586745632618 outside unit square",
  "advantage": -0.4920120583458454,
  "beta": 0.9914548973873809,
  "n_response_tokens": 1997,
  "sandbox_stdout": "",
  "parent_value": 2.609005048527398,
  "parent_is_seed": false
}