{
  "step": 5,
  "group": 4,
  "rollout": 26,
  "reward": 0.0,
  "raw_score": null,
  "valid": false,
  "parsed": true,
  "ran": false,
  "msg": "run_failed: Validation failed: Circle 0 at (0.10952731813637719,0.3192287184076854) r=0.10952731813738033 outside unit square",
  "advantage": -0.7312550334977115,
  "beta": 0.9680980509807113,
  "n_response_tokens": 2118,
  "sandbox_stdout": "",
  "parent_value": 2.6132826417396817,
  "parent_is_seed": false
}