{
  "step": 5,
  "group": 3,
  "rollout": 33,
  "reward": 2.5334447263202757,
  "raw_score": 2.5334447263202757,
  "valid": true,
  "parsed": true,
  "ran": true,
  "msg": "ok",
  "advantage": -0.46380732349007125,
  "beta": 21.787637511488487,
  "n_response_tokens": 2103,
  "sandbox_stdout": "",
  "parent_value": 2.6176579888767613,
  "parent_is_seed": false
}