{
  "step": 5,
  "group": 5,
  "rollout": 20,
  "reward": 0.0,
  "raw_score": null,
  "valid": false,
  "parsed": true,
  "ran": true,
  "msg": "Circle 20 at (0.06574344825992506,0.9342565517401298) r=0.06574344826089035 outside unit square",
  "advantage": -0.6700859261578334,
  "beta": 0.9481916830420496,
  "n_response_tokens": 1699,
  "sandbox_stdout": "",
  "parent_value": 2.61328264173952,
  "parent_is_seed": false
}