{
  "step": 5,
  "group": 5,
  "rollout": 34,
  "reward": 0.0,
  "raw_score": null,
  "valid": false,
  "parsed": true,
  "ran": true,
  "msg": "Circle 0 at (0.12031424583315777,0.1203142458331573) r=0.12031424583415791 outside unit square",
  "advantage": -0.6700859261578334,
  "beta": 0.9481916830420496,
  "n_response_tokens": 1578,
  "sandbox_stdout": "",
  "parent_value": 2.61328264173952,
  "parent_is_seed": false
}