{
  "step": 5,
  "group": 2,
  "rollout": 13,
  "reward": 0.0,
  "raw_score": null,
  "valid": false,
  "parsed": true,
  "ran": false,
  "msg": "run_failed: Validation failed: Circle 0 at (0.1046039848134216,0.10460398481340395) r=0.10460398481442804 outside unit square",
  "advantage": -0.8056738163490391,
  "beta": 1.0273969948357426,
  "n_response_tokens": 2159,
  "sandbox_stdout": "",
  "parent_value": 2.6212689832496325,
  "parent_is_seed": false
}