{
  "step": 5,
  "group": 4,
  "rollout": 35,
  "reward": 0.0,
  "raw_score": null,
  "valid": false,
  "parsed": true,
  "ran": false,
  "msg": "run_failed: Validation failed: Circle 15 at (0.5086124777755946,0.8889563530614901) r=0.11104364693951009 outside unit square",
  "advantage": -0.7312550334977115,
  "beta": 0.9680980509807113,
  "n_response_tokens": 1802,
  "sandbox_stdout": "",
  "parent_value": 2.6132826417396817,
  "parent_is_seed": false
}