{
  "step": 5,
  "group": 6,
  "rollout": 9,
  "reward": 2.557820494497713,
  "raw_score": 2.557820494497713,
  "valid": true,
  "parsed": true,
  "ran": true,
  "msg": "ok",
  "advantage": 1.6317358907147033,
  "beta": 1.1241290233484775,
  "n_response_tokens": 1716,
  "sandbox_stdout": "",
  "parent_value": 2.6130712107630996,
  "parent_is_seed": false
}