{
  "step": 1,
  "group": 0,
  "rollout": 2,
  "reward": 0.0,
  "raw_score": null,
  "valid": false,
  "parsed": true,
  "ran": false,
  "msg": "run_failed: Packing is invalid: Circle 0 at (1.2632277034144594,1.2632277034144594) r=1.2632277034144594 outside unit square",
  "advantage": -0.6452501253848922,
  "beta": 1.2000036558140668,
  "n_response_tokens": 1423,
  "sandbox_stdout": "Return from COBYLA because the trust region radius reaches its lower bound.\nNumber of function values = 473   Least value of F = -135.00752483034236   Constraint violation = 1e+30\nThe corresponding X is:\n[1.2632277  1.2632277  1.2632277  1.2632277  1.2632277  1.2632277\n 1.2632277  1.2632277  1.2632277  1.2632277  1.2632277  1.2632277\n 1.89265057 1.5632277  2.41226581 1.5632277  2.93188105 1.5632277\n 3.45149629 1.5632277  1.37303532 2.0132277  1.89265057 2.0132277\n 2.41226581 2.0132277  2.93188105 2.0132277  3.45149629 2.0132277\n 1.37303532 2.4632277  1.89265057 2.4632277  2.41226581 2.4632277\n 2.93188105 2.4632277  3.45149629 2.4632277  1.9632277  1.9632277\n 1.9632277  1.9632277  1.9632277  1.9632277  1.9632277  1.9632277\n 1.9632277  1.9632277  1.9632277  1.9632277  1.2632277  1.2632277\n 1.2632277  1.2632277  1.2632277  1.2632277  1.2632277  1.2632277\n 1.2632277  1.2632277  1.2632277  1.2632277  1.2632277  1.2632277\n 1.2632277  1.2632277  1.2632277  1.2632277  1.2632277  1.2632277\n 1.2632277  1.2632277  1.2632277  1.2632277  1.2632277  1.2632277 ]\nThe constraint value is:\n[-1.26322770e+00 -1.26322770e+00 -1.26322770e+00 -1.26322770e+00\n -1.26322770e+00 -1.26322770e+00 -1.26322770e+00 -1.26322770e+00\n -1.26322770e+00 -1.26322770e+00 -1.26322770e+00 -1.26322770e+00\n -1.89265057e+00 -1.56322770e+00 -2.41226581e+00 -1.56322770e+00\n -2.93188105e+00 -1.56322770e+00 -3.45149629e+00 -1.56322770e+00\n -1.37303532e+00 -2.01322770e+00 -1.89265057e+00 -2.01322770e+00\n -2.41226581e+00 -2.01322770e+00 -2.93188105e+00 -2.01322770e+00\n -3.45149629e+00 -2.01322770e+00 -1.37303532e+00 -2.46322770e+00\n -1.89265057e+00 -2.46322770e+00 -2.41226581e+00 -2.46322770e+00\n -2.93188105e+00 -2.46322770e+00 -3.45149629e+00 -2.46322770e+00\n -1.96322770e+00 -1.96322770e+00 -1.96322770e+00 -1.96322770e+00\n -1.96322770e+00 -1.96322770e+00 -1.96322770e+00 -1.96322770e+00\n -1.96322770e+00 -1.96322770e+00 -1.96322770e+00 -1.96322770e+00\n -1.26322770e+00 -1.26322770e+00 -1.26322770e+00 -1.26322770e+00\n ",
  "parent_value": 2.0833333333333335,
  "parent_is_seed": false
}