{
  "step": 4,
  "group": 1,
  "rollout": 7,
  "reward": 1.588045780468036,
  "valid": true,
  "parsed": true,
  "ran": true,
  "msg": "ok",
  "advantage": 2.1177311430020374,
  "beta": 21.344244779776645,
  "n_response_tokens": 643,
  "sandbox_stdout": "",
  "parent_value": 1.5814606897533587,
  "parent_is_seed": false
}