{
  "step": 4,
  "group": 4,
  "rollout": 63,
  "reward": 0.0,
  "valid": false,
  "parsed": true,
  "ran": true,
  "msg": "Circle 6 at (0.8533676882646608,0.1466323117351763) r=0.14663231173635444 outside unit square",
  "advantage": -1.0,
  "beta": 29.186288231825728,
  "n_response_tokens": 649,
  "sandbox_stdout": "",
  "parent_value": 1.5677782066464296,
  "parent_is_seed": false
}