{
  "step": 1,
  "group": 0,
  "rollout": 26,
  "reward": 0.0,
  "valid": false,
  "parsed": true,
  "ran": true,
  "msg": "Circle 8 at (0.23210566533398408,0.7125506117921228) r=0.23210566533970645 outside unit square",
  "advantage": -0.9999999915453681,
  "beta": 12.289235012373146,
  "n_response_tokens": 702,
  "sandbox_stdout": "",
  "parent_value": 1.591012851674931,
  "parent_is_seed": false
}