{
  "step": 4,
  "group": 0,
  "rollout": 59,
  "reward": 0.0,
  "valid": false,
  "parsed": true,
  "ran": true,
  "msg": "Circle 1 at (0.19949505874701765,0.8005049418088929) r=0.19949505821035268 outside unit square",
  "advantage": -1.0,
  "beta": 36.22936870812301,
  "n_response_tokens": 648,
  "sandbox_stdout": "",
  "parent_value": 1.5880457830998613,
  "parent_is_seed": false
}