{
  "step": 2,
  "group": 1,
  "rollout": 39,
  "reward": 0.0,
  "valid": false,
  "parsed": true,
  "ran": true,
  "msg": "Circle 3 at (0.9529593183339399,0.5978251289408081) r=0.047040681793666744 outside unit square",
  "advantage": -0.9507331610662988,
  "beta": 2.431748416353429,
  "n_response_tokens": 646,
  "sandbox_stdout": "",
  "parent_value": 1.5879038476438043,
  "parent_is_seed": false
}