{
  "step": 3,
  "group": 1,
  "rollout": 50,
  "reward": 1.584928913637047,
  "valid": true,
  "parsed": true,
  "ran": true,
  "msg": "ok",
  "advantage": 1.98542122853451,
  "beta": 30.934139837393133,
  "n_response_tokens": 682,
  "sandbox_stdout": "",
  "parent_value": 1.5910128481216317,
  "parent_is_seed": false
}