{
  "step": 4,
  "group": 3,
  "rollout": 41,
  "reward": 0.0,
  "valid": false,
  "parsed": true,
  "ran": true,
  "msg": "Circle 1 at (0.147343572888938,0.8526564541053921) r=0.14734357289771316 outside unit square",
  "advantage": -1.0,
  "beta": 35.00357194596222,
  "n_response_tokens": 640,
  "sandbox_stdout": "",
  "parent_value": 1.5684506415635615,
  "parent_is_seed": false
}