{
  "step": 2,
  "group": 0,
  "rollout": 63,
  "reward": 1.5195379082592728,
  "valid": true,
  "parsed": true,
  "ran": true,
  "msg": "ok",
  "advantage": -0.8750125839954616,
  "beta": 45.54379717139084,
  "n_response_tokens": 629,
  "sandbox_stdout": "",
  "parent_value": 1.5879038476842378,
  "parent_is_seed": false
}