{
  "step": 1,
  "group": 0,
  "rollout": 47,
  "reward": 0.0,
  "valid": false,
  "parsed": true,
  "ran": true,
  "msg": "Circle 2 at (0.4573791066140382,0.8506584576464394) r=0.14934154235456995 outside unit square",
  "advantage": -0.9999999915453681,
  "beta": 12.289235012373146,
  "n_response_tokens": 668,
  "sandbox_stdout": "",
  "parent_value": 1.591012851674931,
  "parent_is_seed": false
}