{
  "step": 4,
  "group": 2,
  "rollout": 30,
  "reward": 1.5698643743810559,
  "valid": true,
  "parsed": true,
  "ran": true,
  "msg": "ok",
  "advantage": 1.137675999447855,
  "beta": 4.6160500271627205,
  "n_response_tokens": 640,
  "sandbox_stdout": "",
  "parent_value": 1.5749021002702845,
  "parent_is_seed": false
}