{
  "step": 1,
  "group": 0,
  "rollout": 14,
  "reward": 1.5677781663318375,
  "valid": true,
  "parsed": true,
  "ran": true,
  "msg": "ok",
  "advantage": 1.0340296509908353,
  "beta": 12.289235012373146,
  "n_response_tokens": 672,
  "sandbox_stdout": "",
  "parent_value": 1.591012851674931,
  "parent_is_seed": false
}