{
  "step": 2,
  "group": 1,
  "rollout": 60,
  "reward": 1.5445785941777181,
  "valid": true,
  "parsed": true,
  "ran": true,
  "msg": "ok",
  "advantage": 1.1787234726382394,
  "beta": 2.431748416353429,
  "n_response_tokens": 649,
  "sandbox_stdout": "",
  "parent_value": 1.5879038476438043,
  "parent_is_seed": false
}