{
  "step": 0,
  "group": 5,
  "rollout": 15,
  "reward": 0.0,
  "valid": false,
  "parsed": true,
  "ran": true,
  "msg": "Circle 0 at (0.9877747465505933,0.716220151286558) r=0.05 outside unit square",
  "advantage": -0.338071225785913,
  "beta": 3.3606878934731887,
  "n_response_tokens": 399,
  "sandbox_stdout": "",
  "parent_value": 0.0,
  "parent_is_seed": true
}