{
  "step": 4,
  "group": 3,
  "rollout": 30,
  "reward": 0.0,
  "valid": false,
  "parsed": true,
  "ran": true,
  "msg": "Circle 0 at (0.8921571290617789,0.5400078624817862) r=0.10784287094668892 outside unit square",
  "advantage": -1.0,
  "beta": 35.00357194596222,
  "n_response_tokens": 640,
  "sandbox_stdout": "",
  "parent_value": 1.5684506415635615,
  "parent_is_seed": false
}