{
  "step": 3,
  "group": 2,
  "rollout": 28,
  "reward": 1.5203279223954347,
  "valid": true,
  "parsed": true,
  "ran": true,
  "msg": "ok",
  "advantage": -0.33873846879986313,
  "beta": 21.007330162503674,
  "n_response_tokens": 647,
  "sandbox_stdout": "",
  "parent_value": 1.5814606823258806,
  "parent_is_seed": false
}