{
  "step": 4,
  "group": 3,
  "rollout": 28,
  "reward": 0.0,
  "valid": false,
  "parsed": true,
  "ran": true,
  "msg": "Circle 0 at (0.7193711820981404,0.719371182089652) r=0.28062881790998706 outside unit square",
  "advantage": -1.0,
  "beta": 35.00357194596222,
  "n_response_tokens": 640,
  "sandbox_stdout": "",
  "parent_value": 1.5684506415635615,
  "parent_is_seed": false
}