{
  "step": 1,
  "group": 0,
  "rollout": 39,
  "reward": 1.535094509718935,
  "valid": true,
  "parsed": true,
  "ran": true,
  "msg": "ok",
  "advantage": 0.34680944824942683,
  "beta": 12.289235012373146,
  "n_response_tokens": 705,
  "sandbox_stdout": "",
  "parent_value": 1.591012851674931,
  "parent_is_seed": false
}