{
  "step": 4,
  "group": 2,
  "rollout": 36,
  "reward": 1.5337848358901482,
  "valid": true,
  "parsed": true,
  "ran": true,
  "msg": "ok",
  "advantage": 0.8003520270999609,
  "beta": 4.6160500271627205,
  "n_response_tokens": 640,
  "sandbox_stdout": "",
  "parent_value": 1.5749021002702845,
  "parent_is_seed": false
}