{
  "step": 0,
  "group": 5,
  "rollout": 11,
  "reward": 0.0,
  "valid": false,
  "parsed": true,
  "ran": true,
  "msg": "Circle 5 at (0.020584494295802447,0.9699098521619943) r=0.020584494984722406 outside unit square",
  "advantage": -0.338071225785913,
  "beta": 3.3606878934731887,
  "n_response_tokens": 451,
  "sandbox_stdout": "",
  "parent_value": 0.0,
  "parent_is_seed": true
}