{
  "step": 4,
  "group": 1,
  "rollout": 16,
  "reward": 0.0,
  "valid": false,
  "parsed": true,
  "ran": true,
  "msg": "Circle 1 at (0.37488897437498236,0.12896542546649575) r=0.12896542548160284 outside unit square",
  "advantage": -0.9999999999999943,
  "beta": 21.344244779776645,
  "n_response_tokens": 643,
  "sandbox_stdout": "",
  "parent_value": 1.5814606897533587,
  "parent_is_seed": false
}