{
  "step": 1,
  "group": 0,
  "rollout": 35,
  "reward": 0.0,
  "valid": false,
  "parsed": true,
  "ran": true,
  "msg": "Circle 1 at (0.8558709241179834,0.6657383479225133) r=0.1441290758839147 outside unit square",
  "advantage": -0.9999999915453681,
  "beta": 12.289235012373146,
  "n_response_tokens": 702,
  "sandbox_stdout": "",
  "parent_value": 1.591012851674931,
  "parent_is_seed": false
}