{
  "step": 4,
  "group": 0,
  "rollout": 32,
  "reward": 0.0,
  "valid": false,
  "parsed": true,
  "ran": true,
  "msg": "Circle 0 at (0.20552319400022181,0.20552319499734292) r=0.20552319502028885 outside unit square",
  "advantage": -1.0,
  "beta": 36.22936870812301,
  "n_response_tokens": 648,
  "sandbox_stdout": "",
  "parent_value": 1.5880457830998613,
  "parent_is_seed": false
}