{
  "step": 0,
  "group": 5,
  "rollout": 46,
  "reward": 0.0,
  "valid": false,
  "parsed": true,
  "ran": true,
  "msg": "Circle 0 at (0.983128306171052,0.362298102843864) r=0.1 outside unit square",
  "advantage": -0.338071225785913,
  "beta": 3.3606878934731887,
  "n_response_tokens": 657,
  "sandbox_stdout": "",
  "parent_value": 0.0,
  "parent_is_seed": true
}