{
  "step": 3,
  "group": 0,
  "rollout": 25,
  "reward": 1.5697948183538848,
  "valid": true,
  "parsed": true,
  "ran": true,
  "msg": "ok",
  "advantage": 0.7608308354230902,
  "beta": 30.441306883348037,
  "n_response_tokens": 688,
  "sandbox_stdout": "",
  "parent_value": 1.591012852549486,
  "parent_is_seed": false
}