{
  "step": 2,
  "group": 0,
  "rollout": 35,
  "reward": 1.58492866609391,
  "valid": true,
  "parsed": true,
  "ran": true,
  "msg": "ok",
  "advantage": 1.5505422595844824,
  "beta": 45.54379717139084,
  "n_response_tokens": 663,
  "sandbox_stdout": "",
  "parent_value": 1.5879038476842378,
  "parent_is_seed": false
}