{
  "step": 3,
  "group": 3,
  "rollout": 43,
  "reward": 0.0,
  "valid": false,
  "parsed": true,
  "ran": true,
  "msg": "Circle 0 at (0.8872096308752305,0.1127903691029706) r=0.11279036912780778 outside unit square",
  "advantage": -0.9510617065098126,
  "beta": 2.422308247641621,
  "n_response_tokens": 646,
  "sandbox_stdout": "",
  "parent_value": 1.5395092265794996,
  "parent_is_seed": false
}