{
  "step": 2,
  "group": 1,
  "rollout": 9,
  "reward": 0.0,
  "valid": false,
  "parsed": true,
  "ran": true,
  "msg": "Circle 8 at (0.19356537766298504,0.4039803997627309) r=0.19356537766564463 outside unit square",
  "advantage": -0.9507331610662988,
  "beta": 2.431748416353429,
  "n_response_tokens": 646,
  "sandbox_stdout": "",
  "parent_value": 1.5879038476438043,
  "parent_is_seed": false
}