{
  "step": 4,
  "group": 4,
  "rollout": 25,
  "reward": 1.4964933537425034,
  "valid": true,
  "parsed": true,
  "ran": true,
  "msg": "ok",
  "advantage": -0.7914972556117187,
  "beta": 29.186288231825728,
  "n_response_tokens": 649,
  "sandbox_stdout": "",
  "parent_value": 1.5677782066464296,
  "parent_is_seed": false
}