{
  "step": 3,
  "group": 1,
  "rollout": 7,
  "reward": 1.5494580927782873,
  "valid": true,
  "parsed": true,
  "ran": true,
  "msg": "ok",
  "advantage": -0.034008994788236935,
  "beta": 30.934139837393133,
  "n_response_tokens": 682,
  "sandbox_stdout": "",
  "parent_value": 1.5910128481216317,
  "parent_is_seed": false
}