{
  "step": 2,
  "group": 1,
  "rollout": 15,
  "reward": 0.0,
  "valid": false,
  "parsed": true,
  "ran": true,
  "msg": "Circle 0 at (0.22123074768363443,0.2212307476880288) r=0.22123074768845868 outside unit square",
  "advantage": -0.9507331610662988,
  "beta": 2.431748416353429,
  "n_response_tokens": 646,
  "sandbox_stdout": "",
  "parent_value": 1.5879038476438043,
  "parent_is_seed": false
}