{
  "step": 4,
  "group": 3,
  "rollout": 3,
  "reward": 1.574901963571927,
  "valid": true,
  "parsed": true,
  "ran": true,
  "msg": "ok",
  "advantage": 0.8454951849643697,
  "beta": 35.00357194596222,
  "n_response_tokens": 640,
  "sandbox_stdout": "",
  "parent_value": 1.5684506415635615,
  "parent_is_seed": false
}