{
  "step": 3,
  "group": 1,
  "rollout": 6,
  "reward": 0.0,
  "valid": false,
  "parsed": true,
  "ran": true,
  "msg": "Circle 2 at (0.20324867183465462,0.7967513282462414) r=0.20324867176125028 outside unit square",
  "advantage": -1.0,
  "beta": 30.934139837393133,
  "n_response_tokens": 682,
  "sandbox_stdout": "",
  "parent_value": 1.5910128481216317,
  "parent_is_seed": false
}