{
  "step": 1,
  "group": 0,
  "rollout": 1,
  "reward": 0.0,
  "valid": false,
  "parsed": true,
  "ran": true,
  "msg": "Circle 1 at (0.8568307669978115,0.8568307629150274) r=0.14316923707975535 outside unit square",
  "advantage": -0.9999999915453681,
  "beta": 12.289235012373146,
  "n_response_tokens": 632,
  "sandbox_stdout": "",
  "parent_value": 1.591012851674931,
  "parent_is_seed": false
}