{
  "step": 3,
  "group": 3,
  "rollout": 6,
  "reward": 1.5910128526278031,
  "valid": true,
  "parsed": true,
  "ran": true,
  "msg": "ok",
  "advantage": 1.394701228541125,
  "beta": 2.422308247641621,
  "n_response_tokens": 646,
  "sandbox_stdout": "",
  "parent_value": 1.5395092265794996,
  "parent_is_seed": false
}