{
  "step": 4,
  "group": 4,
  "rollout": 26,
  "reward": 0.0,
  "valid": false,
  "parsed": true,
  "ran": true,
  "msg": "Circle 3 at (0.7953337631646241,0.5654355090420758) r=0.2046662368399975 outside unit square",
  "advantage": -1.0,
  "beta": 29.186288231825728,
  "n_response_tokens": 649,
  "sandbox_stdout": "",
  "parent_value": 1.5677782066464296,
  "parent_is_seed": false
}