{
  "step": 2,
  "group": 0,
  "rollout": 48,
  "reward": 0.0,
  "valid": false,
  "parsed": true,
  "ran": true,
  "msg": "Circle 1 at (0.2589618407577153,0.7410381595147739) r=0.25896184074227635 outside unit square",
  "advantage": -1.0,
  "beta": 45.54379717139084,
  "n_response_tokens": 711,
  "sandbox_stdout": "",
  "parent_value": 1.5879038476842378,
  "parent_is_seed": false
}