{
  "step": 3,
  "group": 2,
  "rollout": 47,
  "reward": 1.5849288206784302,
  "valid": true,
  "parsed": true,
  "ran": true,
  "msg": "ok",
  "advantage": 1.6491392962251203,
  "beta": 21.007330162503674,
  "n_response_tokens": 647,
  "sandbox_stdout": "",
  "parent_value": 1.5814606823258806,
  "parent_is_seed": false
}