{
  "step": 4,
  "group": 4,
  "rollout": 2,
  "reward": 0.0,
  "valid": false,
  "parsed": true,
  "ran": true,
  "msg": "Circle 5 at (0.1817360278704698,0.8182639721262472) r=0.18173602787369836 outside unit square",
  "advantage": -1.0,
  "beta": 29.186288231825728,
  "n_response_tokens": 649,
  "sandbox_stdout": "",
  "parent_value": 1.5677782066464296,
  "parent_is_seed": false
}