{
  "step": 3,
  "group": 1,
  "rollout": 19,
  "reward": 1.5310784149237384,
  "valid": true,
  "parsed": true,
  "ran": true,
  "msg": "ok",
  "advantage": -0.4565337397033675,
  "beta": 30.934139837393133,
  "n_response_tokens": 682,
  "sandbox_stdout": "",
  "parent_value": 1.5910128481216317,
  "parent_is_seed": false
}