{
  "step": 0,
  "group": 5,
  "rollout": 14,
  "reward": 0.0,
  "valid": false,
  "parsed": true,
  "ran": true,
  "msg": "Circle 7 at (0.9922706019152548,0.26631485758431217) r=0.1 outside unit square",
  "advantage": -0.338071225785913,
  "beta": 3.3606878934731887,
  "n_response_tokens": 531,
  "sandbox_stdout": "",
  "parent_value": 0.0,
  "parent_is_seed": true
}