{
  "step": 2,
  "group": 0,
  "rollout": 47,
  "reward": 1.5445786198180915,
  "valid": true,
  "parsed": true,
  "ran": true,
  "msg": "ok",
  "advantage": -0.6073599742633576,
  "beta": 45.54379717139084,
  "n_response_tokens": 683,
  "sandbox_stdout": "",
  "parent_value": 1.5879038476842378,
  "parent_is_seed": false
}