{
  "step": 4,
  "group": 3,
  "rollout": 18,
  "reward": 0.0,
  "valid": false,
  "parsed": true,
  "ran": true,
  "msg": "Circle 5 at (0.09290783305247523,0.4817468344318273) r=0.09290783305360466 outside unit square",
  "advantage": -1.0,
  "beta": 35.00357194596222,
  "n_response_tokens": 640,
  "sandbox_stdout": "",
  "parent_value": 1.5684506415635615,
  "parent_is_seed": false
}