{
  "step": 0,
  "group": 1,
  "rollout": 6,
  "reward": 0.0,
  "valid": false,
  "parsed": true,
  "ran": true,
  "msg": "Circle 0 at (0.6277718032819772,0.6739834770780642) r=0.49999999999977235 outside unit square",
  "advantage": -0.3890419074659949,
  "beta": 2.075647913693072,
  "n_response_tokens": 624,
  "sandbox_stdout": "",
  "parent_value": 0.0,
  "parent_is_seed": true
}