{
  "step": 4,
  "group": 3,
  "rollout": 31,
  "reward": 0.0,
  "valid": false,
  "parsed": true,
  "ran": true,
  "msg": "Circle 1 at (0.4501145103938532,0.18644353412572096) r=0.18644353412905368 outside unit square",
  "advantage": -1.0,
  "beta": 35.00357194596222,
  "n_response_tokens": 640,
  "sandbox_stdout": "",
  "parent_value": 1.5684506415635615,
  "parent_is_seed": false
}