{
  "step": 4,
  "group": 2,
  "rollout": 58,
  "reward": 0.0,
  "valid": false,
  "parsed": true,
  "ran": true,
  "msg": "Circle 1 at (0.22571643737596953,0.7742835626217619) r=0.22571643737763086 outside unit square",
  "advantage": -0.9985266230085396,
  "beta": 4.6160500271627205,
  "n_response_tokens": 640,
  "sandbox_stdout": "",
  "parent_value": 1.5749021002702845,
  "parent_is_seed": false
}