{
  "step": 3,
  "group": 1,
  "rollout": 4,
  "reward": 0.0,
  "valid": false,
  "parsed": true,
  "ran": true,
  "msg": "Circle 6 at (0.7275910143789392,0.7275910143304891) r=0.27240898566960436 outside unit square",
  "advantage": -1.0,
  "beta": 30.934139837393133,
  "n_response_tokens": 682,
  "sandbox_stdout": "",
  "parent_value": 1.5910128481216317,
  "parent_is_seed": false
}