{
  "step": 2,
  "group": 0,
  "rollout": 43,
  "reward": 1.5849288443276563,
  "valid": true,
  "parsed": true,
  "ran": true,
  "msg": "ok",
  "advantage": 1.5505638017491337,
  "beta": 45.54379717139084,
  "n_response_tokens": 682,
  "sandbox_stdout": "",
  "parent_value": 1.5879038476842378,
  "parent_is_seed": false
}