{
  "step": 2,
  "group": 1,
  "rollout": 45,
  "reward": 1.5807485685457328,
  "valid": true,
  "parsed": true,
  "ran": true,
  "msg": "ok",
  "advantage": 1.3866245650188564,
  "beta": 2.431748416353429,
  "n_response_tokens": 649,
  "sandbox_stdout": "",
  "parent_value": 1.5879038476438043,
  "parent_is_seed": false
}