{
  "step": 0,
  "group": 4,
  "rollout": 27,
  "reward": 0.0,
  "valid": false,
  "parsed": true,
  "ran": true,
  "msg": "Circle 0 at (0.3745401188473625,0.9507143064099162) r=0.05 outside unit square",
  "advantage": -0.37083453273972067,
  "beta": 2.9738097518991573,
  "n_response_tokens": 664,
  "sandbox_stdout": "",
  "parent_value": 0.0,
  "parent_is_seed": true
}