{
  "step": 2,
  "group": 0,
  "rollout": 11,
  "reward": 0.0,
  "valid": false,
  "parsed": true,
  "ran": true,
  "msg": "Circle 1 at (0.8928576259156914,0.892857625955159) r=0.1071423740749959 outside unit square",
  "advantage": -1.0,
  "beta": 45.54379717139084,
  "n_response_tokens": 629,
  "sandbox_stdout": "",
  "parent_value": 1.5879038476842378,
  "parent_is_seed": false
}