{
  "step": 4,
  "group": 0,
  "rollout": 49,
  "reward": 1.5337848339813756,
  "valid": true,
  "parsed": true,
  "ran": true,
  "msg": "ok",
  "advantage": -0.6000560581514799,
  "beta": 36.22936870812301,
  "n_response_tokens": 648,
  "sandbox_stdout": "",
  "parent_value": 1.5880457830998613,
  "parent_is_seed": false
}