{
  "step": 3,
  "group": 0,
  "rollout": 40,
  "reward": 1.5108698421950904,
  "valid": true,
  "parsed": true,
  "ran": true,
  "msg": "ok",
  "advantage": -0.7137818206458444,
  "beta": 30.441306883348037,
  "n_response_tokens": 688,
  "sandbox_stdout": "",
  "parent_value": 1.591012852549486,
  "parent_is_seed": false
}