{
  "step": 4,
  "group": 0,
  "rollout": 29,
  "reward": 0.0,
  "valid": false,
  "parsed": true,
  "ran": true,
  "msg": "Circle 1 at (0.8320355394623491,0.16796446053388145) r=0.1679644605356378 outside unit square",
  "advantage": -1.0,
  "beta": 36.22936870812301,
  "n_response_tokens": 648,
  "sandbox_stdout": "",
  "parent_value": 1.5880457830998613,
  "parent_is_seed": false
}