{
  "step": 2,
  "group": 1,
  "rollout": 2,
  "reward": 1.5799760279332682,
  "valid": true,
  "parsed": true,
  "ran": true,
  "msg": "ok",
  "advantage": 1.3819758418493726,
  "beta": 2.431748416353429,
  "n_response_tokens": 646,
  "sandbox_stdout": "",
  "parent_value": 1.5879038476438043,
  "parent_is_seed": false
}