{
  "step": 4,
  "group": 1,
  "rollout": 35,
  "reward": 1.551839246724962,
  "valid": true,
  "parsed": true,
  "ran": true,
  "msg": "ok",
  "advantage": 0.40216104735463554,
  "beta": 21.344244779776645,
  "n_response_tokens": 643,
  "sandbox_stdout": "",
  "parent_value": 1.5814606897533587,
  "parent_is_seed": false
}