{
  "step": 3,
  "group": 0,
  "rollout": 4,
  "reward": 1.580748586295818,
  "valid": true,
  "parsed": true,
  "ran": true,
  "msg": "ok",
  "advantage": 1.4852073369567367,
  "beta": 30.441306883348037,
  "n_response_tokens": 688,
  "sandbox_stdout": "",
  "parent_value": 1.591012852549486,
  "parent_is_seed": false
}