{
  "step": 4,
  "group": 3,
  "rollout": 55,
  "reward": 1.5442778370205672,
  "valid": true,
  "parsed": true,
  "ran": true,
  "msg": "ok",
  "advantage": -0.38015646697822514,
  "beta": 35.00357194596222,
  "n_response_tokens": 640,
  "sandbox_stdout": "",
  "parent_value": 1.5684506415635615,
  "parent_is_seed": false
}