{
  "step": 4,
  "group": 1,
  "rollout": 3,
  "reward": 1.5337848358893147,
  "valid": true,
  "parsed": true,
  "ran": true,
  "msg": "ok",
  "advantage": -0.05298029505243462,
  "beta": 21.344244779776645,
  "n_response_tokens": 643,
  "sandbox_stdout": "",
  "parent_value": 1.5814606897533587,
  "parent_is_seed": false
}