{
  "step": 3,
  "group": 0,
  "rollout": 34,
  "reward": 1.5826490772121646,
  "valid": true,
  "parsed": true,
  "ran": true,
  "msg": "ok",
  "advantage": 1.6394268139072712,
  "beta": 30.441306883348037,
  "n_response_tokens": 688,
  "sandbox_stdout": "",
  "parent_value": 1.591012852549486,
  "parent_is_seed": false
}