{
  "step": 4,
  "group": 0,
  "rollout": 52,
  "reward": 1.5814603519145116,
  "valid": true,
  "parsed": true,
  "ran": true,
  "msg": "ok",
  "advantage": 1.3178148522546027,
  "beta": 36.22936870812301,
  "n_response_tokens": 648,
  "sandbox_stdout": "",
  "parent_value": 1.5880457830998613,
  "parent_is_seed": false
}