{
  "step": 3,
  "group": 1,
  "rollout": 14,
  "reward": 1.5814606897533587,
  "valid": true,
  "parsed": true,
  "ran": true,
  "msg": "ok",
  "advantage": 1.668843107688521,
  "beta": 30.934139837393133,
  "n_response_tokens": 643,
  "sandbox_stdout": "",
  "parent_value": 1.5910128481216317,
  "parent_is_seed": false
}