{
  "step": 3,
  "group": 0,
  "rollout": 23,
  "reward": 0.0,
  "valid": false,
  "parsed": true,
  "ran": true,
  "msg": "Circle 1 at (0.7787692523305151,0.2212307476915604) r=0.2212307476911938 outside unit square",
  "advantage": -1.0,
  "beta": 30.441306883348037,
  "n_response_tokens": 688,
  "sandbox_stdout": "",
  "parent_value": 1.591012852549486,
  "parent_is_seed": false
}