{
  "step": 2,
  "group": 0,
  "rollout": 38,
  "reward": 1.5310784670553077,
  "valid": true,
  "parsed": true,
  "ran": true,
  "msg": "ok",
  "advantage": -0.7882965008041958,
  "beta": 45.54379717139084,
  "n_response_tokens": 629,
  "sandbox_stdout": "",
  "parent_value": 1.5879038476842378,
  "parent_is_seed": false
}