{
  "step": 3,
  "group": 3,
  "rollout": 8,
  "reward": 0.0,
  "valid": false,
  "parsed": true,
  "ran": true,
  "msg": "Circle 4 at (0.8726018447151914,0.12739815524616452) r=0.1273981552483634 outside unit square",
  "advantage": -0.9510617065098126,
  "beta": 2.422308247641621,
  "n_response_tokens": 646,
  "sandbox_stdout": "",
  "parent_value": 1.5395092265794996,
  "parent_is_seed": false
}