{
  "step": 2,
  "group": 0,
  "rollout": 4,
  "reward": 1.5806789525896772,
  "valid": true,
  "parsed": true,
  "ran": true,
  "msg": "ok",
  "advantage": 1.0868568878114964,
  "beta": 45.54379717139084,
  "n_response_tokens": 668,
  "sandbox_stdout": "",
  "parent_value": 1.5879038476842378,
  "parent_is_seed": false
}