{
  "step": 3,
  "group": 2,
  "rollout": 30,
  "reward": 1.5749020958005058,
  "valid": true,
  "parsed": true,
  "ran": true,
  "msg": "ok",
  "advantage": 1.1289848484195755,
  "beta": 21.007330162503674,
  "n_response_tokens": 647,
  "sandbox_stdout": "",
  "parent_value": 1.5814606823258806,
  "parent_is_seed": false
}