{
  "step": 2,
  "group": 0,
  "rollout": 10,
  "reward": 1.535265045417269,
  "valid": true,
  "parsed": true,
  "ran": true,
  "msg": "ok",
  "advantage": -0.7436444051311388,
  "beta": 45.54379717139084,
  "n_response_tokens": 702,
  "sandbox_stdout": "",
  "parent_value": 1.5879038476842378,
  "parent_is_seed": false
}