{
  "step": 3,
  "group": 3,
  "rollout": 31,
  "reward": 0.0,
  "valid": false,
  "parsed": true,
  "ran": true,
  "msg": "Circle 0 at (0.14210940959434668,0.14210940958267798) r=0.14210940958636534 outside unit square",
  "advantage": -0.9510617065098126,
  "beta": 2.422308247641621,
  "n_response_tokens": 646,
  "sandbox_stdout": "",
  "parent_value": 1.5395092265794996,
  "parent_is_seed": false
}