{
  "step": 4,
  "group": 1,
  "rollout": 27,
  "reward": 0.0,
  "valid": false,
  "parsed": true,
  "ran": true,
  "msg": "Circle 5 at (0.17775956200614748,0.8222404507933415) r=0.1777595620055932 outside unit square",
  "advantage": -0.9999999999999943,
  "beta": 21.344244779776645,
  "n_response_tokens": 644,
  "sandbox_stdout": "",
  "parent_value": 1.5814606897533587,
  "parent_is_seed": false
}