{
  "step": 2,
  "group": 0,
  "rollout": 49,
  "reward": 1.5677782073722546,
  "valid": true,
  "parsed": true,
  "ran": true,
  "msg": "ok",
  "advantage": 0.14282088297048934,
  "beta": 45.54379717139084,
  "n_response_tokens": 702,
  "sandbox_stdout": "",
  "parent_value": 1.5879038476842378,
  "parent_is_seed": false
}