{
  "step": 3,
  "group": 1,
  "rollout": 20,
  "reward": 1.567778202958719,
  "valid": true,
  "parsed": true,
  "ran": true,
  "msg": "ok",
  "advantage": 0.7226711612055639,
  "beta": 30.934139837393133,
  "n_response_tokens": 643,
  "sandbox_stdout": "",
  "parent_value": 1.5910128481216317,
  "parent_is_seed": false
}