{
  "step": 0,
  "group": 0,
  "rollout": 6,
  "reward": 0.0,
  "valid": false,
  "parsed": true,
  "ran": true,
  "msg": "Circle 0 at (0.5916418677351362,0.7292340368356558) r=0.5 outside unit square",
  "advantage": -0.5511963398632649,
  "beta": 2.4893395095678246,
  "n_response_tokens": 717,
  "sandbox_stdout": "",
  "parent_value": 0.0,
  "parent_is_seed": true
}