{
  "step": 3,
  "group": 3,
  "rollout": 40,
  "reward": 1.563455628767513,
  "valid": true,
  "parsed": true,
  "ran": true,
  "msg": "ok",
  "advantage": 1.2345835996992491,
  "beta": 2.422308247641621,
  "n_response_tokens": 646,
  "sandbox_stdout": "",
  "parent_value": 1.5395092265794996,
  "parent_is_seed": false
}