{
  "step": 3,
  "group": 2,
  "rollout": 16,
  "reward": 1.5872630706865218,
  "valid": true,
  "parsed": true,
  "ran": true,
  "msg": "ok",
  "advantage": 1.7881735872803404,
  "beta": 21.007330162503674,
  "n_response_tokens": 647,
  "sandbox_stdout": "",
  "parent_value": 1.5814606823258806,
  "parent_is_seed": false
}