{
  "step": 2,
  "group": 0,
  "rollout": 31,
  "reward": 1.5537604471677702,
  "valid": true,
  "parsed": true,
  "ran": true,
  "msg": "ok",
  "advantage": -0.4015700192242876,
  "beta": 45.54379717139084,
  "n_response_tokens": 669,
  "sandbox_stdout": "",
  "parent_value": 1.5879038476842378,
  "parent_is_seed": false
}