{
  "step": 17,
  "group": 4,
  "rollout": 9,
  "reward": 2.6281675976518213,
  "raw_score": 2.6281675976518213,
  "valid": true,
  "parsed": true,
  "ran": true,
  "msg": "ok",
  "advantage": -1.0,
  "beta": 157197.3391671595,
  "n_response_tokens": 2622,
  "sandbox_stdout": "",
  "parent_value": 2.6323261021360387,
  "parent_is_seed": false
}