{
  "step": 17,
  "group": 5,
  "rollout": 28,
  "reward": 2.613464023363758,
  "raw_score": 2.613464023363758,
  "valid": true,
  "parsed": true,
  "ran": true,
  "msg": "ok",
  "advantage": -0.9999242348445386,
  "beta": 546.4222736921168,
  "n_response_tokens": 2426,
  "sandbox_stdout": "Invalid packing: Circle 0 at (1.0,0.0) r=1.0 outside unit square\n",
  "parent_value": 2.632326007258675,
  "parent_is_seed": false
}