{
  "step": 17,
  "group": 4,
  "rollout": 3,
  "reward": 2.6323414522248036,
  "raw_score": 2.6323414522248036,
  "valid": true,
  "parsed": true,
  "ran": true,
  "msg": "ok",
  "advantage": 15.78690783569915,
  "beta": 157197.3391671595,
  "n_response_tokens": 2506,
  "sandbox_stdout": "",
  "parent_value": 2.6323261021360387,
  "parent_is_seed": false
}