{
  "step": 17,
  "group": 0,
  "rollout": 30,
  "reward": 2.635312776568061,
  "raw_score": 2.635312776568061,
  "valid": true,
  "parsed": true,
  "ran": true,
  "msg": "ok",
  "advantage": -0.1691156417993095,
  "beta": 11775.181155813138,
  "n_response_tokens": 1959,
  "sandbox_stdout": "Invalid packing: Circle 23 at (0.1307657926346356,0.13076732579025682) r=0.13076632504222094 outside unit square\n",
  "parent_value": 2.635312776568061,
  "parent_is_seed": false
}