{
  "step": 17,
  "group": 2,
  "rollout": 44,
  "reward": 2.6352252590089096,
  "raw_score": 2.6352252590089096,
  "valid": true,
  "parsed": true,
  "ran": true,
  "msg": "ok",
  "advantage": -0.6349510282051176,
  "beta": 10957.213835246546,
  "n_response_tokens": 2345,
  "sandbox_stdout": "Invalid packing: Circle 25 at (0.07999999999999999,1.0) r=0.04799999999999999 outside unit square\nInvalid packing: Circle 3 at (0.0,0.0) r=1.0 outside unit square\nInvalid packing: Circle 25 at (0.07999999999999999,1.0) r=0.04799999999999999 outside unit square\n",
  "parent_value": 2.635312776568061,
  "parent_is_seed": false
}