{
  "step": 17,
  "group": 5,
  "rollout": 62,
  "reward": 2.4960737827973407,
  "raw_score": 2.4960737827973407,
  "valid": true,
  "parsed": true,
  "ran": true,
  "msg": "ok",
  "advantage": -1.0,
  "beta": 546.4222736921168,
  "n_response_tokens": 1908,
  "sandbox_stdout": "Invalid packing: Circle 18 at (0.8678442793648997,0.33721601932744705) r=0.13218364784212172 outside unit square\nInvalid packing: Circle 0 at (0.0,0.0) r=1.0 outside unit square\n",
  "parent_value": 2.632326007258675,
  "parent_is_seed": false
}