{
  "step": 17,
  "group": 2,
  "rollout": 41,
  "reward": 2.635312776568061,
  "raw_score": 2.635312776568061,
  "valid": true,
  "parsed": true,
  "ran": true,
  "msg": "ok",
  "advantage": -0.03864205465531878,
  "beta": 10957.213835246546,
  "n_response_tokens": 2146,
  "sandbox_stdout": "Invalid packing: Circles 4 and 8 overlap\nInvalid packing: Circles 4 and 8 overlap\n",
  "parent_value": 2.635312776568061,
  "parent_is_seed": false
}