{
  "step": 17,
  "group": 1,
  "rollout": 38,
  "reward": 2.6323414358108086,
  "raw_score": 2.6323414358108086,
  "valid": true,
  "parsed": true,
  "ran": true,
  "msg": "ok",
  "advantage": 0.3755056618826331,
  "beta": 1048576.0,
  "n_response_tokens": 2376,
  "sandbox_stdout": "Invalid packing: Circles 0 and 4 overlap\nInvalid packing: Circle 2 at (0.8951001624484255,0.9040268869164555) r=0.09597333753307014 outside unit square\n",
  "parent_value": 2.6323414358108086,
  "parent_is_seed": false
}