{
  "step": 17,
  "group": 5,
  "rollout": 21,
  "reward": 2.344144778203478,
  "raw_score": 2.344144778203478,
  "valid": true,
  "parsed": true,
  "ran": true,
  "msg": "ok",
  "advantage": -1.0,
  "beta": 546.4222736921168,
  "n_response_tokens": 2448,
  "sandbox_stdout": "Invalid packing: Circle 0 at (0.9999292657101472,7.07342898527532e-05) r=0.9999292657101472 outside unit square\nInvalid packing: Circle 0 at (0.9999999592441292,0.9999999998001622) r=4.075587082323681e-08 outside unit square\n",
  "parent_value": 2.632326007258675,
  "parent_is_seed": false
}