{
  "step": 11,
  "group": 0,
  "rollout": 52,
  "reward": 2.631093589113889,
  "raw_score": 2.631093589113889,
  "valid": true,
  "parsed": true,
  "ran": true,
  "msg": "ok",
  "advantage": 4.26258491677138,
  "beta": 231.12231286513278,
  "n_response_tokens": 1785,
  "sandbox_stdout": "",
  "parent_value": 2.6310935891138763,
  "parent_is_seed": false
}