{
  "step": 7,
  "group": 1,
  "rollout": 2,
  "reward": 0.05386649714390648,
  "raw_score": 0.05386649714390648,
  "valid": true,
  "parsed": true,
  "ran": true,
  "msg": "ok",
  "advantage": 9.884273639783066,
  "algo": "a2c",
  "value_baseline": -9.83040714263916,
  "n_response_tokens": 1294,
  "sandbox_stdout": "",
  "parent_value": 2.4000000000001886,
  "parent_is_seed": false
}