{
  "step": 7,
  "group": 0,
  "rollout": 14,
  "reward": 1.602270936374011,
  "raw_score": 1.602270936374011,
  "valid": true,
  "parsed": true,
  "ran": true,
  "msg": "ok",
  "advantage": 11.432678079013172,
  "algo": "a2c",
  "value_baseline": -9.83040714263916,
  "n_response_tokens": 1740,
  "sandbox_stdout": "",
  "parent_value": 2.417958680155799,
  "parent_is_seed": false
}