{
  "step": 7,
  "group": 0,
  "rollout": 20,
  "reward": 1.9237463452873955,
  "raw_score": 1.9237463452873955,
  "valid": true,
  "parsed": true,
  "ran": true,
  "msg": "ok",
  "advantage": 11.754153487926555,
  "algo": "a2c",
  "value_baseline": -9.83040714263916,
  "n_response_tokens": 1687,
  "sandbox_stdout": "",
  "parent_value": 2.417958680155799,
  "parent_is_seed": false
}