{
  "step": 7,
  "group": 2,
  "rollout": 23,
  "reward": 0.7143593539448726,
  "raw_score": 0.7143593539448726,
  "valid": true,
  "parsed": true,
  "ran": true,
  "msg": "ok",
  "advantage": 10.544766496584034,
  "algo": "a2c",
  "value_baseline": -9.83040714263916,
  "n_response_tokens": 1256,
  "sandbox_stdout": "",
  "parent_value": 2.4000000000000443,
  "parent_is_seed": false
}