{
  "step": 7,
  "group": 3,
  "rollout": 18,
  "reward": 2.134496953440015,
  "raw_score": 2.134496953440015,
  "valid": true,
  "parsed": true,
  "ran": true,
  "msg": "ok",
  "advantage": 11.964904096079175,
  "algo": "a2c",
  "value_baseline": -9.83040714263916,
  "n_response_tokens": 1536,
  "sandbox_stdout": "",
  "parent_value": 2.376865959399548,
  "parent_is_seed": false
}