{
  "step": 7,
  "group": 0,
  "rollout": 4,
  "reward": 2.2472135954999573,
  "raw_score": 2.2472135954999573,
  "valid": true,
  "parsed": true,
  "ran": true,
  "msg": "ok",
  "advantage": 12.077620738139117,
  "algo": "a2c",
  "value_baseline": -9.83040714263916,
  "n_response_tokens": 1426,
  "sandbox_stdout": "",
  "parent_value": 2.417958680155799,
  "parent_is_seed": false
}