{
  "step": 8,
  "group": 0,
  "rollout": 8,
  "reward": 2.4707106781186545,
  "raw_score": 2.4707106781186545,
  "valid": true,
  "parsed": true,
  "ran": true,
  "msg": "ok",
  "advantage": 0.9166666653242168,
  "beta": 1048576.0,
  "n_response_tokens": 2096,
  "sandbox_stdout": "Validation Failed: Circle 25 at (1.05,0.05) r=0.0 outside unit square\n",
  "parent_value": 2.470710678118657,
  "parent_is_seed": false
}