{
  "step": 8,
  "group": 2,
  "rollout": 14,
  "reward": 0.0,
  "raw_score": 0.0,
  "valid": true,
  "parsed": true,
  "ran": true,
  "msg": "ok",
  "advantage": -0.9979053778428801,
  "beta": 2.891778521536709,
  "n_response_tokens": 2113,
  "sandbox_stdout": "Validation Failed: Circle 0 at (0.08333333333333333,0.07216878364870322) r=0.9999999999992298 outside unit square\nValidation Failed: Circle 0 at (0.08333333333333333,0.07216878364870322) r=0.9999999999992298 outside unit square\nValidation Failed: Circle 0 at (0.08333333333333333,0.07216878364870322) r=0.9999999999992298 outside unit square\n",
  "parent_value": 2.400000000000002,
  "parent_is_seed": false
}