{
  "step": 8,
  "group": 3,
  "rollout": 19,
  "reward": 2.166666340808169,
  "raw_score": 2.166666340808169,
  "valid": true,
  "parsed": true,
  "ran": true,
  "msg": "ok",
  "advantage": -0.9999763026118832,
  "beta": 46.788434713907165,
  "n_response_tokens": 2985,
  "sandbox_stdout": "Validation Failed: Circle 8 at (0.4528002426985738,0.9538085387560848) r=0.05 outside unit square\nValidation Failed: Circles 6 and 12 overlap\nValidation Failed: Circle 25 at (0.9943599344347015,0.29072359534345904) r=0.05 outside unit square\nValidation Failed: Circles 4 and 25 overlap\nValidation Failed: Circle 8 at (0.32269755647873233,0.9675081213427074) r=0.05 outside unit square\nValidation Failed: Circle 11 at (-0.031273615391925746,0.7788339032262614) r=0.05 outside unit square\nValidation Failed: Circle 24 at (0.5,1.1102230246251565e-16) r=0.05 outside unit square\nValidation Failed: Circle 18 at (0.9999999999999999,0.9) r=0.05 outside unit square\nValidation Failed: Circle 0 at (1.0,0.5) r=0.05 outside unit square\n",
  "parent_value": 2.400000000000002,
  "parent_is_seed": false
}