{
  "step": 8,
  "group": 1,
  "rollout": 11,
  "reward": 2.3999999999999995,
  "raw_score": 2.3999999999999995,
  "valid": true,
  "parsed": true,
  "ran": true,
  "msg": "ok",
  "advantage": 1.0909090909046353,
  "beta": 166.10026041666666,
  "n_response_tokens": 2529,
  "sandbox_stdout": "",
  "parent_value": 2.400000000000002,
  "parent_is_seed": false
}