{
  "step": 8,
  "group": 3,
  "rollout": 14,
  "reward": 2.432405681547403,
  "raw_score": 2.432405681547403,
  "valid": true,
  "parsed": true,
  "ran": true,
  "msg": "ok",
  "advantage": 7.026282775442697,
  "beta": 46.788434713907165,
  "n_response_tokens": 2636,
  "sandbox_stdout": "",
  "parent_value": 2.400000000000002,
  "parent_is_seed": false
}