{
  "step": 8,
  "group": 0,
  "rollout": 9,
  "reward": 2.4707106781186545,
  "raw_score": 2.4707106781186545,
  "valid": true,
  "parsed": true,
  "ran": true,
  "msg": "ok",
  "advantage": 0.9166666653242168,
  "beta": 1048576.0,
  "n_response_tokens": 2234,
  "sandbox_stdout": "",
  "parent_value": 2.470710678118657,
  "parent_is_seed": false
}