{
  "step": 17,
  "group": 0,
  "rollout": 21,
  "reward": 1.1511966668906823,
  "raw_score": 1.1511966668906823,
  "valid": true,
  "parsed": true,
  "ran": true,
  "msg": "ok",
  "advantage": 0.3171809727330408,
  "algo": "reinforce",
  "n_response_tokens": 1779,
  "sandbox_stdout": "",
  "parent_value": 2.500000000001484,
  "parent_is_seed": false
}