{
  "step": 17,
  "group": 1,
  "rollout": 15,
  "reward": 1.1500000000000001,
  "raw_score": 1.1500000000000001,
  "valid": true,
  "parsed": true,
  "ran": true,
  "msg": "ok",
  "advantage": -0.03983142312391785,
  "algo": "reinforce",
  "n_response_tokens": 1861,
  "sandbox_stdout": "",
  "parent_value": 2.500000000001484,
  "parent_is_seed": false
}