{
  "step": 17,
  "group": 1,
  "rollout": 8,
  "reward": 0.9999999999999998,
  "raw_score": 0.9999999999999998,
  "valid": true,
  "parsed": true,
  "ran": true,
  "msg": "ok",
  "advantage": -0.18398000058842648,
  "algo": "reinforce",
  "n_response_tokens": 2044,
  "sandbox_stdout": "",
  "parent_value": 2.500000000001484,
  "parent_is_seed": false
}