{
  "step": 17,
  "group": 3,
  "rollout": 9,
  "reward": 1.6000000004125878,
  "raw_score": 1.6000000004125878,
  "valid": true,
  "parsed": true,
  "ran": true,
  "msg": "ok",
  "advantage": 0.9762111539711883,
  "algo": "reinforce",
  "n_response_tokens": 1831,
  "sandbox_stdout": "",
  "parent_value": 2.500000000001484,
  "parent_is_seed": false
}