{
  "step": 17,
  "group": 0,
  "rollout": 23,
  "reward": 2.500000000001484,
  "raw_score": 2.500000000001484,
  "valid": true,
  "parsed": true,
  "ran": true,
  "msg": "ok",
  "advantage": 1.6869184012931184,
  "algo": "reinforce",
  "n_response_tokens": 1790,
  "sandbox_stdout": "",
  "parent_value": 2.500000000001484,
  "parent_is_seed": false
}