{
  "step": 17,
  "group": 3,
  "rollout": 14,
  "reward": 1.8699999999999999,
  "raw_score": 1.8699999999999999,
  "valid": true,
  "parsed": true,
  "ran": true,
  "msg": "ok",
  "advantage": 1.2615175084017722,
  "algo": "reinforce",
  "n_response_tokens": 1852,
  "sandbox_stdout": "",
  "parent_value": 2.500000000001484,
  "parent_is_seed": false
}