{
  "step": 17,
  "group": 1,
  "rollout": 9,
  "reward": 1.6749999999999998,
  "raw_score": 1.6749999999999998,
  "valid": true,
  "parsed": true,
  "ran": true,
  "msg": "ok",
  "advantage": 0.4646885980018609,
  "algo": "reinforce",
  "n_response_tokens": 1929,
  "sandbox_stdout": "",
  "parent_value": 2.500000000001484,
  "parent_is_seed": false
}