{
  "step": 17,
  "group": 1,
  "rollout": 17,
  "reward": 0.3005203820042827,
  "raw_score": 0.3005203820042827,
  "valid": true,
  "parsed": true,
  "ran": true,
  "msg": "ok",
  "advantage": -0.8561732799184284,
  "algo": "reinforce",
  "n_response_tokens": 2010,
  "sandbox_stdout": "",
  "parent_value": 2.500000000001484,
  "parent_is_seed": false
}