{
  "step": 6,
  "group": 2,
  "rollout": 13,
  "reward": 1.5147054159622184,
  "raw_score": 1.5147054159622184,
  "valid": true,
  "parsed": true,
  "ran": true,
  "msg": "ok",
  "advantage": 0.8155426912800892,
  "algo": "reinforce",
  "n_response_tokens": 1538,
  "sandbox_stdout": "",
  "parent_value": 2.1666663131160284,
  "parent_is_seed": false
}