{
  "step": 6,
  "group": 2,
  "rollout": 1,
  "reward": 2.1665006613018196,
  "raw_score": 2.1665006613018196,
  "valid": true,
  "parsed": true,
  "ran": true,
  "msg": "ok",
  "advantage": 1.4950036281140504,
  "algo": "reinforce",
  "n_response_tokens": 1597,
  "sandbox_stdout": "",
  "parent_value": 2.1666663131160284,
  "parent_is_seed": false
}