{
  "step": 6,
  "group": 2,
  "rollout": 5,
  "reward": 1.8571426930850585,
  "raw_score": 1.8571426930850585,
  "valid": true,
  "parsed": true,
  "ran": true,
  "msg": "ok",
  "advantage": 1.1725148459320114,
  "algo": "reinforce",
  "n_response_tokens": 1960,
  "sandbox_stdout": "",
  "parent_value": 2.1666663131160284,
  "parent_is_seed": false
}