{
  "step": 6,
  "group": 1,
  "rollout": 14,
  "reward": 1.3000000000000003,
  "raw_score": 1.3000000000000003,
  "valid": true,
  "parsed": true,
  "ran": true,
  "msg": "ok",
  "advantage": 0.5087324615225661,
  "algo": "reinforce",
  "n_response_tokens": 1566,
  "sandbox_stdout": "",
  "parent_value": 2.1666663131160284,
  "parent_is_seed": false
}