{
  "step": 6,
  "group": 2,
  "rollout": 18,
  "reward": 1.5147057320222694,
  "raw_score": 1.5147057320222694,
  "valid": true,
  "parsed": true,
  "ran": true,
  "msg": "ok",
  "advantage": 0.8155430207554265,
  "algo": "reinforce",
  "n_response_tokens": 1711,
  "sandbox_stdout": "",
  "parent_value": 2.1666663131160284,
  "parent_is_seed": false
}