{
  "step": 4,
  "group": 4,
  "rollout": 14,
  "reward": 2.544273483203648,
  "raw_score": 2.544273483203648,
  "valid": true,
  "parsed": true,
  "ran": true,
  "msg": "ok",
  "advantage": -0.9992132148406319,
  "beta": 101.70319848389411,
  "n_response_tokens": 1212,
  "sandbox_stdout": "| niter |f evals|CG iter|  obj func   |tr radius |   opt    |  c viol  |\n|-------|-------|-------|-------------|----------|----------|----------|\n|   1   |  79   |   0   | -7.5056e+00 | 1.00e+00 | 7.50e-02 | 4.86e-01 |\n|   2   |  158  |   1   | -3.9507e+00 | 7.00e+00 | 7.07e-02 | 2.93e-01 |\n|   3   |  237  |   3   | +2.4212e+00 | 4.90e+01 | 3.03e-02 | 4.19e-01 |\n|   4   |  316  |   6   | +5.9051e+00 | 4.90e+01 | 2.45e-02 | 4.38e-01 |\n|   5   |  395  |  15   | +5.9051e+00 | 1.09e+01 | 2.45e-02 | 4.38e-01 |\n|   6   |  474  |  17   | +5.9051e+00 | 2.43e+00 | 2.45e-02 | 4.38e-01 |\n|   7   |  553  |  18   | +7.4177e+00 | 1.70e+01 | 1.31e-02 | 3.67e-01 |\n|   8   |  632  |  21   | +7.4177e+00 | 8.49e+00 | 1.31e-02 | 3.67e-01 |\n|   9   |  711  |  23   | +7.4177e+00 | 3.30e+00 | 1.31e-02 | 3.67e-01 |\n|  10   |  790  |  24   | +7.4364e+00 | 2.31e+01 | 5.23e-03 | 3.22e-01 |\n|  11   |  869  |  29   | +4.6869e+00 | 4.62e+01 | 8.88e-03 | 1.94e-01 |\n|  12   |  948  |  30   | +2.0051e+00 | 4.62e+01 | 5.89e-03 | 8.36e-02 |\n|  13   | 1027  |  31   | +6.0547e-01 | 4.62e+01 | 4.08e-03 | 2.51e-02 |\n|  14   | 1027  |  31   | +6.0547e-01 | 2.31e+02 | 9.39e-04 | 2.51e-02 |\n|  15   | 1106  |  33   | -7.7594e-01 | 2.31e+02 | 5.21e-04 | 0.00e+00 |\n|  16   | 1106  |  33   | -7.7594e-01 | 1.16e+03 | 1.16e-03 | 0.00e+00 |\n|  17   | 1185  |  34   | -1.7679e+00 | 1.16e+03 | 3.74e-04 | 0.00e+00 |\n|  18   | 1264  |  36   | -2.0270e+00 | 1.16e+03 | 2.98e-04 | 0.00e+00 |\n|  19   | 1343  |  42   | -2.0699e+00 | 1.16e+03 | 1.75e-04 | 0.00e+00 |\n|  20   | 1422  |  43   | -2.1152e+00 | 1.16e+03 | 1.18e-04 | 0.00e+00 |\n|  21   | 1422  |  43   | -2.1152e+00 | 5.78e+03 | 2.27e-04 | 0.00e+00 |\n|  22   | 1501  |  44   | -2.3725e+00 | 5.78e+03 | 1.39e-04 | 0.00e+00 |\n|  23   | 1580  |  46   | -2.4631e+00 | 5.78e+03 | 1.70e-04 | 0.00e+00 |\n|  24   | 1659  |  48   | -2.4804e+00 | 5.78e+03 | 1.31e-04 | 0.00e+00 |\n|  25   | 1738  |  50   | -2.4941e+00 | 5.78e+03 | 1.59e-04 | 0.00e+00 |\n|  26   | 1817  |  51   | -2.",
  "parent_value": 2.622145305018622,
  "parent_is_seed": false
}