{
  "step": 4,
  "group": 0,
  "rollout": 45,
  "reward": 2.6178189918080594,
  "raw_score": 2.6178189918080594,
  "valid": true,
  "parsed": true,
  "ran": true,
  "msg": "ok",
  "advantage": 1.090271505594055,
  "beta": 108.35401788969877,
  "n_response_tokens": 1610,
  "sandbox_stdout": "",
  "parent_value": 2.6270835277602997,
  "parent_is_seed": false
}