{
  "step": 4,
  "group": 3,
  "rollout": 11,
  "reward": 2.514544910677958,
  "raw_score": 2.514544910677958,
  "valid": true,
  "parsed": true,
  "ran": true,
  "msg": "ok",
  "advantage": -0.26000893781494683,
  "beta": 10.844960616193246,
  "n_response_tokens": 1536,
  "sandbox_stdout": "",
  "parent_value": 2.622177276854083,
  "parent_is_seed": false
}