{
  "step": 4,
  "group": 0,
  "rollout": 14,
  "reward": 2.618052637895956,
  "raw_score": 2.618052637895956,
  "valid": true,
  "parsed": true,
  "ran": true,
  "msg": "ok",
  "advantage": 1.1456907221703059,
  "beta": 108.35401788969877,
  "n_response_tokens": 1697,
  "sandbox_stdout": "",
  "parent_value": 2.6270835277602997,
  "parent_is_seed": false
}