{
  "step": 4,
  "group": 3,
  "rollout": 23,
  "reward": 0.0,
  "raw_score": null,
  "valid": false,
  "parsed": true,
  "ran": true,
  "msg": "Circle 0 at (0.9347605883393464,0.06523941166065339) r=1.0 outside unit square",
  "advantage": -0.9999999999989507,
  "beta": 10.844960616193246,
  "n_response_tokens": 1373,
  "sandbox_stdout": "",
  "parent_value": 2.622177276854083,
  "parent_is_seed": false
}