{
  "step": 4,
  "group": 1,
  "rollout": 23,
  "reward": 2.6058303491723356,
  "raw_score": 2.6058303491723356,
  "valid": true,
  "parsed": true,
  "ran": true,
  "msg": "ok",
  "advantage": 0.37316626378956985,
  "beta": 40.67811250994451,
  "n_response_tokens": 1595,
  "sandbox_stdout": "",
  "parent_value": 2.625338207152255,
  "parent_is_seed": false
}