{
  "step": 4,
  "group": 4,
  "rollout": 24,
  "reward": 2.5935099824955614,
  "raw_score": 2.5935099824955614,
  "valid": true,
  "parsed": true,
  "ran": true,
  "msg": "ok",
  "advantage": -0.8821319131696859,
  "beta": 101.70319848389411,
  "n_response_tokens": 1285,
  "sandbox_stdout": "",
  "parent_value": 2.622145305018622,
  "parent_is_seed": false
}