{
  "step": 4,
  "group": 1,
  "rollout": 36,
  "reward": 2.6281967899373764,
  "raw_score": 2.6281967899373764,
  "valid": true,
  "parsed": true,
  "ran": true,
  "msg": "ok",
  "advantage": 2.5247927370611234,
  "beta": 40.67811250994451,
  "n_response_tokens": 1686,
  "sandbox_stdout": "",
  "parent_value": 2.625338207152255,
  "parent_is_seed": false
}