{
  "step": 4,
  "group": 2,
  "rollout": 15,
  "reward": 2.6209050681618002,
  "raw_score": 2.6209050681618002,
  "valid": true,
  "parsed": true,
  "ran": true,
  "msg": "ok",
  "advantage": 1.8066208011429716,
  "beta": 58.2606151693766,
  "n_response_tokens": 1467,
  "sandbox_stdout": "",
  "parent_value": 2.622177282868072,
  "parent_is_seed": false
}