{
  "step": 4,
  "group": 1,
  "rollout": 32,
  "reward": 2.6180526376996394,
  "raw_score": 2.6180526376996394,
  "valid": true,
  "parsed": true,
  "ran": true,
  "msg": "ok",
  "advantage": 1.2897366734790228,
  "beta": 40.67811250994451,
  "n_response_tokens": 1601,
  "sandbox_stdout": "",
  "parent_value": 2.625338207152255,
  "parent_is_seed": false
}