{
  "step": 4,
  "group": 0,
  "rollout": 32,
  "reward": 2.6094917327652296,
  "raw_score": 2.6094917327652296,
  "valid": true,
  "parsed": true,
  "ran": true,
  "msg": "ok",
  "advantage": -0.16850196323540445,
  "beta": 108.35401788969877,
  "n_response_tokens": 1518,
  "sandbox_stdout": "",
  "parent_value": 2.6270835277602997,
  "parent_is_seed": false
}