{
  "step": 4,
  "group": 5,
  "rollout": 3,
  "reward": 2.5514727348836437,
  "raw_score": 2.5514727348836437,
  "valid": true,
  "parsed": true,
  "ran": true,
  "msg": "ok",
  "advantage": -0.7234399495875969,
  "beta": 29.030978596970904,
  "n_response_tokens": 2150,
  "sandbox_stdout": "",
  "parent_value": 2.622144930552858,
  "parent_is_seed": false
}