{
  "step": 4,
  "group": 2,
  "rollout": 2,
  "reward": 2.6191648240907033,
  "raw_score": 2.6191648240907033,
  "valid": true,
  "parsed": true,
  "ran": true,
  "msg": "ok",
  "advantage": 1.5251674019418533,
  "beta": 58.2606151693766,
  "n_response_tokens": 1103,
  "sandbox_stdout": "",
  "parent_value": 2.622177282868072,
  "parent_is_seed": false
}