{
  "step": 4,
  "group": 1,
  "rollout": 12,
  "reward": 2.5919872524967427,
  "raw_score": 2.5919872524967427,
  "valid": true,
  "parsed": true,
  "ran": true,
  "msg": "ok",
  "advantage": -0.22534134437500286,
  "beta": 40.67811250994451,
  "n_response_tokens": 1416,
  "sandbox_stdout": "",
  "parent_value": 2.625338207152255,
  "parent_is_seed": false
}