{
  "step": 4,
  "group": 5,
  "rollout": 33,
  "reward": 2.4960753537073095,
  "raw_score": 2.4960753537073095,
  "valid": true,
  "parsed": true,
  "ran": true,
  "msg": "ok",
  "advantage": -0.9448154447617356,
  "beta": 29.030978596970904,
  "n_response_tokens": 1076,
  "sandbox_stdout": "",
  "parent_value": 2.622144930552858,
  "parent_is_seed": false
}