{
  "step": 4,
  "group": 7,
  "rollout": 9,
  "reward": 2.603392278552997,
  "raw_score": 2.603392278552997,
  "valid": true,
  "parsed": true,
  "ran": true,
  "msg": "ok",
  "advantage": -0.893154140663841,
  "beta": 154.52171221756606,
  "n_response_tokens": 1861,
  "sandbox_stdout": "",
  "parent_value": 2.6221448837416492,
  "parent_is_seed": false
}