{
  "step": 4,
  "group": 1,
  "rollout": 59,
  "reward": 2.51898651337935,
  "raw_score": 2.51898651337935,
  "valid": true,
  "parsed": true,
  "ran": true,
  "msg": "ok",
  "advantage": -0.960697321134082,
  "beta": 40.67811250994451,
  "n_response_tokens": 1735,
  "sandbox_stdout": "",
  "parent_value": 2.625338207152255,
  "parent_is_seed": false
}