{
  "step": 4,
  "group": 5,
  "rollout": 22,
  "reward": 2.622144930552858,
  "raw_score": 2.622144930552858,
  "valid": true,
  "parsed": true,
  "ran": true,
  "msg": "ok",
  "advantage": 1.2179319292000952,
  "beta": 29.030978596970904,
  "n_response_tokens": 2030,
  "sandbox_stdout": "",
  "parent_value": 2.622144930552858,
  "parent_is_seed": false
}