{
  "step": 4,
  "group": 5,
  "rollout": 50,
  "reward": 0.0,
  "raw_score": null,
  "valid": false,
  "parsed": true,
  "ran": true,
  "msg": "Circle 0 at (0.6236080002938378,0.36291093995593415) r=1.0 outside unit square",
  "advantage": -1.0,
  "beta": 29.030978596970904,
  "n_response_tokens": 2307,
  "sandbox_stdout": "",
  "parent_value": 2.622144930552858,
  "parent_is_seed": false
}