{
  "step": 4,
  "group": 1,
  "rollout": 53,
  "reward": 2.5599676722286464,
  "raw_score": 2.5599676722286464,
  "valid": true,
  "parsed": true,
  "ran": true,
  "msg": "ok",
  "advantage": -0.7912759974572506,
  "beta": 40.67811250994451,
  "n_response_tokens": 1546,
  "sandbox_stdout": "",
  "parent_value": 2.625338207152255,
  "parent_is_seed": false
}