{
  "step": 4,
  "group": 7,
  "rollout": 29,
  "reward": 2.608952059295516,
  "raw_score": 2.608952059295516,
  "valid": true,
  "parsed": true,
  "ran": true,
  "msg": "ok",
  "advantage": -0.7471478240510875,
  "beta": 154.52171221756606,
  "n_response_tokens": 2087,
  "sandbox_stdout": "",
  "parent_value": 2.6221448837416492,
  "parent_is_seed": false
}