{
  "step": 4,
  "group": 4,
  "rollout": 32,
  "reward": 2.622144614851615,
  "raw_score": 2.622144614851615,
  "valid": true,
  "parsed": true,
  "ran": true,
  "msg": "ok",
  "advantage": 1.2414793280943268,
  "beta": 101.70319848389411,
  "n_response_tokens": 1271,
  "sandbox_stdout": "",
  "parent_value": 2.622145305018622,
  "parent_is_seed": false
}