{
  "step": 4,
  "group": 5,
  "rollout": 55,
  "reward": 2.612256273790049,
  "raw_score": 2.612256273790049,
  "valid": true,
  "parsed": true,
  "ran": true,
  "msg": "ok",
  "advantage": 0.6499596546797763,
  "beta": 29.030978596970904,
  "n_response_tokens": 2594,
  "sandbox_stdout": "",
  "parent_value": 2.622144930552858,
  "parent_is_seed": false
}