{
  "step": 4,
  "group": 3,
  "rollout": 34,
  "reward": 2.622177276854083,
  "raw_score": 2.622177276854083,
  "valid": true,
  "parsed": true,
  "ran": true,
  "msg": "ok",
  "advantage": 1.4412044130547823,
  "beta": 10.844960616193246,
  "n_response_tokens": 1258,
  "sandbox_stdout": "",
  "parent_value": 2.622177276854083,
  "parent_is_seed": false
}