{
  "step": 4,
  "group": 4,
  "rollout": 60,
  "reward": 2.6221449305526074,
  "raw_score": 2.6221449305526074,
  "valid": true,
  "parsed": true,
  "ran": true,
  "msg": "ok",
  "advantage": 1.2415538589342048,
  "beta": 101.70319848389411,
  "n_response_tokens": 1294,
  "sandbox_stdout": "",
  "parent_value": 2.622145305018622,
  "parent_is_seed": false
}