{
  "step": 4,
  "group": 1,
  "rollout": 33,
  "reward": 2.6190052198490017,
  "raw_score": 2.6190052198490017,
  "valid": true,
  "parsed": true,
  "ran": true,
  "msg": "ok",
  "advantage": 1.383626533077992,
  "beta": 40.67811250994451,
  "n_response_tokens": 1694,
  "sandbox_stdout": "",
  "parent_value": 2.625338207152255,
  "parent_is_seed": false
}