{
  "step": 4,
  "group": 4,
  "rollout": 6,
  "reward": 2.5766113894971165,
  "raw_score": 2.5766113894971165,
  "valid": true,
  "parsed": true,
  "ran": true,
  "msg": "ok",
  "advantage": -0.9788975137963718,
  "beta": 101.70319848389411,
  "n_response_tokens": 1151,
  "sandbox_stdout": "",
  "parent_value": 2.622145305018622,
  "parent_is_seed": false
}