{
  "step": 4,
  "group": 1,
  "rollout": 45,
  "reward": 2.49702471752679,
  "raw_score": 2.49702471752679,
  "valid": true,
  "parsed": true,
  "ran": true,
  "msg": "ok",
  "advantage": -0.9839202643768401,
  "beta": 40.67811250994451,
  "n_response_tokens": 1675,
  "sandbox_stdout": "",
  "parent_value": 2.625338207152255,
  "parent_is_seed": false
}