{
  "step": 4,
  "group": 1,
  "rollout": 39,
  "reward": 2.508095367905902,
  "raw_score": 2.508095367905902,
  "valid": true,
  "parsed": true,
  "ran": true,
  "msg": "ok",
  "advantage": -0.974769888539812,
  "beta": 40.67811250994451,
  "n_response_tokens": 1609,
  "sandbox_stdout": "",
  "parent_value": 2.625338207152255,
  "parent_is_seed": false
}