{
  "step": 18,
  "group": 2,
  "rollout": 10,
  "reward": 2.6093881532076306,
  "raw_score": 2.6093881532076306,
  "valid": true,
  "parsed": true,
  "ran": true,
  "msg": "ok",
  "advantage": 1.1990493006468999,
  "beta": 1.6197743712506036,
  "n_response_tokens": 2416,
  "sandbox_stdout": "",
  "parent_value": 2.6298370788885137,
  "parent_is_seed": false
}