{
  "step": 18,
  "group": 0,
  "rollout": 15,
  "reward": 2.629837078888302,
  "raw_score": 2.629837078888302,
  "valid": true,
  "parsed": true,
  "ran": true,
  "msg": "ok",
  "advantage": 1.0909090908976982,
  "beta": 16.131240172955977,
  "n_response_tokens": 2601,
  "sandbox_stdout": "",
  "parent_value": 2.6298370788885137,
  "parent_is_seed": false
}