{
  "step": 18,
  "group": 1,
  "rollout": 18,
  "reward": 2.6298370788885137,
  "raw_score": 2.6298370788885137,
  "valid": true,
  "parsed": true,
  "ran": true,
  "msg": "ok",
  "advantage": 1.2582233704553274,
  "beta": 1.61696740881801,
  "n_response_tokens": 2359,
  "sandbox_stdout": "",
  "parent_value": 2.6298370788885137,
  "parent_is_seed": false
}