{
  "step": 18,
  "group": 3,
  "rollout": 3,
  "reward": 2.6298370788883254,
  "raw_score": 2.6298370788883254,
  "valid": true,
  "parsed": true,
  "ran": true,
  "msg": "ok",
  "advantage": 0.4374997161774066,
  "beta": 1048576.0,
  "n_response_tokens": 2497,
  "sandbox_stdout": "",
  "parent_value": 2.6298370788885137,
  "parent_is_seed": false
}