{
  "step": 8,
  "group": 0,
  "rollout": 7,
  "reward": 2.5921681492357727,
  "raw_score": 2.5921681492357727,
  "valid": true,
  "parsed": true,
  "ran": true,
  "msg": "ok",
  "advantage": 1.4337596250515308,
  "beta": 1.3490090041910536,
  "n_response_tokens": 2497,
  "sandbox_stdout": "",
  "parent_value": 2.6267396954726667,
  "parent_is_seed": false
}