{
  "step": 8,
  "group": 0,
  "rollout": 3,
  "reward": 2.5841728638712302,
  "raw_score": 2.5841728638712302,
  "valid": true,
  "parsed": true,
  "ran": true,
  "msg": "ok",
  "advantage": 1.4049208687197958,
  "beta": 1.3490090041910536,
  "n_response_tokens": 2514,
  "sandbox_stdout": "",
  "parent_value": 2.6267396954726667,
  "parent_is_seed": false
}