{
  "step": 8,
  "group": 0,
  "rollout": 18,
  "reward": 2.626739695469479,
  "raw_score": 2.626739695469479,
  "valid": true,
  "parsed": true,
  "ran": true,
  "msg": "ok",
  "advantage": 1.5628994326179444,
  "beta": 1.3490090041910536,
  "n_response_tokens": 2225,
  "sandbox_stdout": "",
  "parent_value": 2.6267396954726667,
  "parent_is_seed": false
}