{
  "step": 8,
  "group": 3,
  "rollout": 10,
  "reward": 0.0,
  "raw_score": null,
  "valid": false,
  "parsed": true,
  "ran": true,
  "msg": "bad_centers_shape: (0,)",
  "advantage": -0.9334244223979538,
  "beta": 1.3415477123341706,
  "n_response_tokens": 2335,
  "sandbox_stdout": "Final validation failed: Circle 6 at (0.28985701557421206,0.8934634127479216) r=0.10653658728094428 outside unit square\n",
  "parent_value": 2.6252193461887092,
  "parent_is_seed": false
}