{
  "step": 8,
  "group": 3,
  "rollout": 12,
  "reward": 2.6252193461887092,
  "raw_score": 2.6252193461887092,
  "valid": true,
  "parsed": true,
  "ran": true,
  "msg": "ok",
  "advantage": 1.4901612192496771,
  "beta": 1.3415477123341706,
  "n_response_tokens": 2426,
  "sandbox_stdout": "",
  "parent_value": 2.6252193461887092,
  "parent_is_seed": false
}