{
  "step": 10,
  "group": 1,
  "rollout": 5,
  "reward": 0.0,
  "raw_score": null,
  "valid": false,
  "parsed": true,
  "ran": false,
  "msg": "run_failed: Packing is invalid: Circle 0 at (0.08333333333333333,0.08333333333333333) r=1.1196116135138188 outside unit square",
  "advantage": -0.8497296538688465,
  "beta": 1.3112083146289615,
  "n_response_tokens": 2023,
  "sandbox_stdout": "",
  "parent_value": 2.172216666666667,
  "parent_is_seed": false
}