{
  "step": 10,
  "group": 0,
  "rollout": 8,
  "reward": 2.166666183967,
  "raw_score": 2.166666183967,
  "valid": true,
  "parsed": true,
  "ran": true,
  "msg": "ok",
  "advantage": -0.2837122533606904,
  "beta": 375.8443794487789,
  "n_response_tokens": 1829,
  "sandbox_stdout": "",
  "parent_value": 2.172216666666667,
  "parent_is_seed": false
}