{
  "step": 10,
  "group": 2,
  "rollout": 19,
  "reward": 0.0,
  "raw_score": null,
  "valid": false,
  "parsed": true,
  "ran": false,
  "msg": "run_failed: Packing is invalid: Circle 0 at (0.6566138517072297,0.6566138517072297) r=0.6566138517072299 outside unit square",
  "advantage": -0.7712466554442068,
  "beta": 1.204769033007703,
  "n_response_tokens": 1675,
  "sandbox_stdout": "",
  "parent_value": 2.171666666666667,
  "parent_is_seed": false
}