{
  "step": 10,
  "group": 3,
  "rollout": 4,
  "reward": 2.148753890345693,
  "raw_score": 2.148753890345693,
  "valid": true,
  "parsed": true,
  "ran": true,
  "msg": "ok",
  "advantage": -0.7645924310993923,
  "beta": 107.88731780167498,
  "n_response_tokens": 1795,
  "sandbox_stdout": "",
  "parent_value": 2.171666666666667,
  "parent_is_seed": false
}