{
  "step": 10,
  "group": 1,
  "rollout": 6,
  "reward": 2.172216666666667,
  "raw_score": 2.172216666666667,
  "valid": true,
  "parsed": true,
  "ran": true,
  "msg": "ok",
  "advantage": 1.9014210377640728,
  "beta": 1.3112083146289615,
  "n_response_tokens": 1846,
  "sandbox_stdout": "",
  "parent_value": 2.172216666666667,
  "parent_is_seed": false
}