{
  "step": 15,
  "group": 2,
  "rollout": 18,
  "reward": 2.4999999999999996,
  "raw_score": 2.4999999999999996,
  "valid": true,
  "parsed": true,
  "ran": true,
  "msg": "ok",
  "advantage": 1.0911549307816364,
  "algo": "reinforce",
  "n_response_tokens": 1602,
  "sandbox_stdout": "",
  "parent_value": 2.4999999999999996,
  "parent_is_seed": false
}