{
  "step": 15,
  "group": 2,
  "rollout": 15,
  "reward": 0.9833333333333325,
  "raw_score": 0.9833333333333325,
  "valid": true,
  "parsed": true,
  "ran": true,
  "msg": "ok",
  "advantage": -1.008435060331482,
  "algo": "reinforce",
  "n_response_tokens": 1958,
  "sandbox_stdout": "",
  "parent_value": 2.4999999999999996,
  "parent_is_seed": false
}