{
  "step": 15,
  "group": 0,
  "rollout": 2,
  "reward": 0.00025000000000000006,
  "raw_score": 0.00025000000000000006,
  "valid": true,
  "parsed": true,
  "ran": true,
  "msg": "ok",
  "advantage": -1.458516649350576,
  "algo": "reinforce",
  "n_response_tokens": 1790,
  "sandbox_stdout": "",
  "parent_value": 2.500000000001484,
  "parent_is_seed": false
}