{
  "step": 15,
  "group": 2,
  "rollout": 14,
  "reward": 1.8749999999999998,
  "raw_score": 1.8749999999999998,
  "valid": true,
  "parsed": true,
  "ran": true,
  "msg": "ok",
  "advantage": 0.225939275103154,
  "algo": "reinforce",
  "n_response_tokens": 1621,
  "sandbox_stdout": "",
  "parent_value": 2.4999999999999996,
  "parent_is_seed": false
}