{
  "step": 15,
  "group": 0,
  "rollout": 9,
  "reward": 1.7499999999999991,
  "raw_score": 1.7499999999999991,
  "valid": true,
  "parsed": true,
  "ran": true,
  "msg": "ok",
  "advantage": 0.303897034315863,
  "algo": "reinforce",
  "n_response_tokens": 1629,
  "sandbox_stdout": "",
  "parent_value": 2.500000000001484,
  "parent_is_seed": false
}