{
  "step": 15,
  "group": 0,
  "rollout": 12,
  "reward": 2.090670624387539,
  "raw_score": 2.090670624387539,
  "valid": true,
  "parsed": true,
  "ran": true,
  "msg": "ok",
  "advantage": 0.6470332366555058,
  "algo": "reinforce",
  "n_response_tokens": 1763,
  "sandbox_stdout": "",
  "parent_value": 2.500000000001484,
  "parent_is_seed": false
}