{
  "step": 15,
  "group": 0,
  "rollout": 19,
  "reward": 2.500000000001484,
  "raw_score": 2.500000000001484,
  "valid": true,
  "parsed": true,
  "ran": true,
  "msg": "ok",
  "advantage": 1.0593251027556099,
  "algo": "reinforce",
  "n_response_tokens": 1712,
  "sandbox_stdout": "",
  "parent_value": 2.500000000001484,
  "parent_is_seed": false
}