{
  "step": 15,
  "group": 3,
  "rollout": 14,
  "reward": 0.6324555320336755,
  "raw_score": 0.6324555320336755,
  "valid": true,
  "parsed": true,
  "ran": true,
  "msg": "ok",
  "advantage": 0.09523605603690136,
  "algo": "reinforce",
  "n_response_tokens": 1557,
  "sandbox_stdout": "",
  "parent_value": 2.2000000000014843,
  "parent_is_seed": false
}