{
  "step": 15,
  "group": 3,
  "rollout": 9,
  "reward": 0.6999999999999998,
  "raw_score": 0.6999999999999998,
  "valid": true,
  "parsed": true,
  "ran": true,
  "msg": "ok",
  "advantage": 0.18001693443105451,
  "algo": "reinforce",
  "n_response_tokens": 1682,
  "sandbox_stdout": "",
  "parent_value": 2.2000000000014843,
  "parent_is_seed": false
}