{
  "step": 15,
  "group": 1,
  "rollout": 18,
  "reward": 1.1500000000017758,
  "raw_score": 1.1500000000017758,
  "valid": true,
  "parsed": true,
  "ran": true,
  "msg": "ok",
  "advantage": 0.5044751119261552,
  "algo": "reinforce",
  "n_response_tokens": 1677,
  "sandbox_stdout": "",
  "parent_value": 2.500000000001484,
  "parent_is_seed": false
}