{
  "step": 15,
  "group": 0,
  "rollout": 8,
  "reward": 1.8750000000020313,
  "raw_score": 1.8750000000020313,
  "valid": true,
  "parsed": true,
  "ran": true,
  "msg": "ok",
  "advantage": 0.4298017123909517,
  "algo": "reinforce",
  "n_response_tokens": 1646,
  "sandbox_stdout": "",
  "parent_value": 2.500000000001484,
  "parent_is_seed": false
}