{
  "step": 12,
  "group": 0,
  "rollout": 13,
  "reward": 2.2630680317480603,
  "raw_score": 2.2630680317480603,
  "valid": true,
  "parsed": true,
  "ran": true,
  "msg": "ok",
  "advantage": -0.2858931484590087,
  "beta": 5.451867286326964,
  "n_response_tokens": 2573,
  "sandbox_stdout": "",
  "parent_value": 2.470713607050845,
  "parent_is_seed": false
}