{
  "step": 12,
  "group": 2,
  "rollout": 14,
  "reward": 2.4707136070508424,
  "raw_score": 2.4707136070508424,
  "valid": true,
  "parsed": true,
  "ran": true,
  "msg": "ok",
  "advantage": 1.709073462077757,
  "beta": 1.2636537894261346,
  "n_response_tokens": 2775,
  "sandbox_stdout": "Validation Failed: Circle 7 at (1.0714285714285714,0.07142857142857142) r=0.0 outside unit square\n",
  "parent_value": 2.4707136070508424,
  "parent_is_seed": false
}