{
  "step": 12,
  "group": 0,
  "rollout": 6,
  "reward": 2.470713607050845,
  "raw_score": 2.470713607050845,
  "valid": true,
  "parsed": true,
  "ran": true,
  "msg": "ok",
  "advantage": 1.3698451524099045,
  "beta": 5.451867286326964,
  "n_response_tokens": 2670,
  "sandbox_stdout": "Validation Failed: Circle 25 has negative radius -0.0005821815085768067\n",
  "parent_value": 2.470713607050845,
  "parent_is_seed": false
}