{
  "step": 12,
  "group": 0,
  "rollout": 9,
  "reward": 2.4707106781186545,
  "raw_score": 2.4707106781186545,
  "valid": true,
  "parsed": true,
  "ran": true,
  "msg": "ok",
  "advantage": 1.3698034116490847,
  "beta": 5.451867286326964,
  "n_response_tokens": 2504,
  "sandbox_stdout": "Validation Failed: Circle 25 at (0.0376359425440843,-0.04198090931648099) r=0.0 outside unit square\nValidation Failed: Circle 25 at (-0.030647278208173992,-0.012164968759277292) r=0.0 outside unit square\nValidation Failed: Circle 25 at (0.025381349297399478,-0.02393524928076257) r=0.0 outside unit square\nValidation Failed: Circle 25 at (0.032031400737889265,-0.03135823979948281) r=0.0 outside unit square\nValidation Failed: Circle 25 at (0.03880028696265336,-0.009539981148866242) r=0.0 outside unit square\n",
  "parent_value": 2.470713607050845,
  "parent_is_seed": false
}