{
  "step": 12,
  "group": 3,
  "rollout": 17,
  "reward": 2.3999999999999995,
  "raw_score": 2.3999999999999995,
  "valid": true,
  "parsed": true,
  "ran": true,
  "msg": "ok",
  "advantage": 2.766019670270915,
  "beta": 1.049492825888529,
  "n_response_tokens": 2647,
  "sandbox_stdout": "",
  "parent_value": 2.4707136070508424,
  "parent_is_seed": false
}