{
  "step": 38,
  "group": 7,
  "rollout": 0,
  "reward": 2.635983083334135,
  "raw_score": 2.635983083334135,
  "valid": true,
  "parsed": true,
  "ran": true,
  "msg": "ok",
  "advantage": 0.06779661016835137,
  "beta": 1048576.0,
  "n_response_tokens": 2520,
  "sandbox_stdout": "Invalid packing: Circles 1 and 5 overlap\nInvalid packing: Circle 0 at (0.0,1.0) r=1.0 outside unit square\nInvalid packing: Circle 3 at (0.9102539423680175,0.08974603243228543) r=0.08974605842288484 outside unit square\n",
  "parent_value": 2.635983083334135,
  "parent_is_seed": false
}