{
  "step": 38,
  "group": 0,
  "rollout": 14,
  "reward": 2.635983083334135,
  "raw_score": 2.635983083334135,
  "valid": true,
  "parsed": true,
  "ran": true,
  "msg": "ok",
  "advantage": 0.10526315789351526,
  "beta": 1048576.0,
  "n_response_tokens": 2532,
  "sandbox_stdout": "Invalid packing: Circles 1 and 5 overlap\nInvalid packing: Circle 0 at (0.0,1.0) r=1.0 outside unit square\nInvalid packing: Circle 2 at (0.9118855841910478,0.911885584037679) r=0.08811441959571185 outside unit square\n",
  "parent_value": 2.635983083334135,
  "parent_is_seed": false
}