{
  "step": 38,
  "group": 2,
  "rollout": 22,
  "reward": 2.6330352269620008,
  "raw_score": 2.6330352269620008,
  "valid": true,
  "parsed": true,
  "ran": true,
  "msg": "ok",
  "advantage": -1.0,
  "beta": 1048576.0,
  "n_response_tokens": 2428,
  "sandbox_stdout": "Invalid packing: Circle 4 at (0.8634162612071588,0.13658373922952488) r=0.13658373910763774 outside unit square\nInvalid packing: Circles 0 and 16 overlap\n",
  "parent_value": 2.635983083334135,
  "parent_is_seed": false
}