{
  "step": 7,
  "group": 0,
  "rollout": 0,
  "reward": 2.166666666666667,
  "raw_score": 2.166666666666667,
  "valid": true,
  "parsed": true,
  "ran": true,
  "msg": "ok",
  "advantage": 1.7791324275733005,
  "beta": 1.4377901186589932,
  "n_response_tokens": 1583,
  "sandbox_stdout": "",
  "parent_value": 2.166666666666667,
  "parent_is_seed": false
}