{
  "step": 7,
  "group": 3,
  "rollout": 8,
  "reward": 0.0,
  "raw_score": null,
  "valid": false,
  "parsed": true,
  "ran": false,
  "msg": "run_failed: Packing is invalid: Circle 0 at (0.05559526556082282,0.054201582284929176) r=1.0 outside unit square",
  "advantage": -0.8603980844646533,
  "beta": 1.3536351047200263,
  "n_response_tokens": 1664,
  "sandbox_stdout": "",
  "parent_value": 2.166666666666667,
  "parent_is_seed": false
}