{
  "step": 19,
  "group": 2,
  "rollout": 13,
  "reward": 2.635312776718689,
  "raw_score": 2.635312776718689,
  "valid": true,
  "parsed": true,
  "ran": true,
  "msg": "ok",
  "advantage": 0.26019504509581437,
  "beta": 1048576.0,
  "n_response_tokens": 1918,
  "sandbox_stdout": "",
  "parent_value": 2.635312776568061,
  "parent_is_seed": false
}