{
  "step": 15,
  "group": 3,
  "rollout": 41,
  "reward": 2.6323260072585617,
  "raw_score": 2.6323260072585617,
  "valid": true,
  "parsed": true,
  "ran": true,
  "msg": "ok",
  "advantage": 1.0819288475802016,
  "beta": 2072.335900822712,
  "n_response_tokens": 2054,
  "sandbox_stdout": "Invalid packing: Circles 4 and 8 overlap\n",
  "parent_value": 2.6323260072585617,
  "parent_is_seed": false
}