{
  "step": 15,
  "group": 5,
  "rollout": 29,
  "reward": 2.612614705081005,
  "raw_score": 2.612614705081005,
  "valid": true,
  "parsed": true,
  "ran": true,
  "msg": "ok",
  "advantage": -0.9916831039120463,
  "beta": 285.30209467635365,
  "n_response_tokens": 2556,
  "sandbox_stdout": "Invalid packing: Circle 2 at (1.0,1.0) r=1.0 outside unit square\nInvalid packing: Circle 1 at (0.9554492142237849,0.0) r=0.9552920015596957 outside unit square\n",
  "parent_value": 2.6323260072585617,
  "parent_is_seed": false
}