{
  "step": 15,
  "group": 2,
  "rollout": 30,
  "reward": 2.6146671284064533,
  "raw_score": 2.6146671284064533,
  "valid": true,
  "parsed": true,
  "ran": true,
  "msg": "ok",
  "advantage": -0.999999974300496,
  "beta": 1030.3978848831625,
  "n_response_tokens": 2128,
  "sandbox_stdout": "",
  "parent_value": 2.6323260072585617,
  "parent_is_seed": false
}