{
  "step": 15,
  "group": 2,
  "rollout": 7,
  "reward": 2.5991727432126384,
  "raw_score": 2.5991727432126384,
  "valid": true,
  "parsed": true,
  "ran": true,
  "msg": "ok",
  "advantage": -0.999999999999997,
  "beta": 1030.3978848831625,
  "n_response_tokens": 2252,
  "sandbox_stdout": "Invalid packing: Circle 0 at (1.0,0.0) r=1.0 outside unit square\nInvalid packing: Circle 1 at (0.9554492142237849,0.0) r=0.9552920015596957 outside unit square\n",
  "parent_value": 2.6323260072585617,
  "parent_is_seed": false
}