{
  "step": 15,
  "group": 5,
  "rollout": 3,
  "reward": 2.621340445341796,
  "raw_score": 2.621340445341796,
  "valid": true,
  "parsed": true,
  "ran": true,
  "msg": "ok",
  "advantage": -0.8995940403965667,
  "beta": 285.30209467635365,
  "n_response_tokens": 1590,
  "sandbox_stdout": "",
  "parent_value": 2.6323260072585617,
  "parent_is_seed": false
}