{
  "step": 15,
  "group": 5,
  "rollout": 45,
  "reward": 2.571402389375425,
  "raw_score": 2.571402389375425,
  "valid": true,
  "parsed": true,
  "ran": true,
  "msg": "ok",
  "advantage": -0.999999934914117,
  "beta": 285.30209467635365,
  "n_response_tokens": 2434,
  "sandbox_stdout": "Invalid packing: Circle 0 at (1.0,1.0) r=1.0 outside unit square\nInvalid packing: Circle 0 at (0.0,0.0) r=1.0 outside unit square\n",
  "parent_value": 2.6323260072585617,
  "parent_is_seed": false
}