{
  "step": 15,
  "group": 6,
  "rollout": 20,
  "reward": 0.0,
  "raw_score": 0.0,
  "valid": true,
  "parsed": true,
  "ran": true,
  "msg": "ok",
  "advantage": -1.0,
  "beta": 751.3316974560909,
  "n_response_tokens": 1848,
  "sandbox_stdout": "Invalid packing: Circle 0 at (0.010851541830919784,0.023349190947226775) r=1.0 outside unit square\nInvalid packing: Circle 0 at (5.903873814060549e-06,1.0) r=1.1693156181901272e-06 outside unit square\n",
  "parent_value": 2.6323260072585617,
  "parent_is_seed": false
}