{
  "step": 15,
  "group": 6,
  "rollout": 0,
  "reward": 2.612341927498922,
  "raw_score": 2.612341927498922,
  "valid": true,
  "parsed": true,
  "ran": true,
  "msg": "ok",
  "advantage": -0.9999996913480745,
  "beta": 751.3316974560909,
  "n_response_tokens": 1997,
  "sandbox_stdout": "",
  "parent_value": 2.6323260072585617,
  "parent_is_seed": false
}