{
  "step": 15,
  "group": 3,
  "rollout": 25,
  "reward": 2.630097592744593,
  "raw_score": 2.630097592744593,
  "valid": true,
  "parsed": true,
  "ran": true,
  "msg": "ok",
  "advantage": -0.9800977987977338,
  "beta": 2072.335900822712,
  "n_response_tokens": 1797,
  "sandbox_stdout": "",
  "parent_value": 2.6323260072585617,
  "parent_is_seed": false
}