{
  "step": 15,
  "group": 7,
  "rollout": 45,
  "reward": 0.0,
  "raw_score": 0.0,
  "valid": true,
  "parsed": true,
  "ran": true,
  "msg": "ok",
  "advantage": -1.0,
  "beta": 1048576.0,
  "n_response_tokens": 2553,
  "sandbox_stdout": "Invalid packing: Circle 0 at (0.2734745746645961,0.2857117172241214) r=1.0 outside unit square\nInvalid packing: Circle 0 at (0.22306486971243797,0.22088721698526642) r=1.0 outside unit square\nInvalid packing: Circle 0 at (0.2734745746645961,0.2857117172241214) r=1.0 outside unit square\n",
  "parent_value": 2.6323260072585617,
  "parent_is_seed": false
}