{
  "step": 15,
  "group": 3,
  "rollout": 23,
  "reward": 2.6300975927510972,
  "raw_score": 2.6300975927510972,
  "valid": true,
  "parsed": true,
  "ran": true,
  "msg": "ok",
  "advantage": -0.9800977985293925,
  "beta": 2072.335900822712,
  "n_response_tokens": 1925,
  "sandbox_stdout": "Invalid packing: Circle 13 at (0.0,0.0) r=1.0 outside unit square\n",
  "parent_value": 2.6323260072585617,
  "parent_is_seed": false
}