{
  "step": 15,
  "group": 1,
  "rollout": 62,
  "reward": 2.593024848434347,
  "raw_score": 2.593024848434347,
  "valid": true,
  "parsed": true,
  "ran": true,
  "msg": "ok",
  "advantage": -0.9999999999999825,
  "beta": 810.1604658380588,
  "n_response_tokens": 2181,
  "sandbox_stdout": "Invalid packing: Circles 0 and 1 overlap\n",
  "parent_value": 2.632326026503453,
  "parent_is_seed": false
}