{
  "step": 15,
  "group": 6,
  "rollout": 38,
  "reward": 2.6323260072585617,
  "raw_score": 2.6323260072585617,
  "valid": true,
  "parsed": true,
  "ran": true,
  "msg": "ok",
  "advantage": 0.040817900247225314,
  "beta": 751.3316974560909,
  "n_response_tokens": 2045,
  "sandbox_stdout": "",
  "parent_value": 2.6323260072585617,
  "parent_is_seed": false
}