{
  "step": 15,
  "group": 6,
  "rollout": 62,
  "reward": 2.608827656140625,
  "raw_score": 2.608827656140625,
  "valid": true,
  "parsed": true,
  "ran": true,
  "msg": "ok",
  "advantage": -0.9999999779826514,
  "beta": 751.3316974560909,
  "n_response_tokens": 1960,
  "sandbox_stdout": "",
  "parent_value": 2.6323260072585617,
  "parent_is_seed": false
}