{
  "step": 15,
  "group": 2,
  "rollout": 28,
  "reward": 2.632326007258387,
  "raw_score": 2.632326007258387,
  "valid": true,
  "parsed": true,
  "ran": true,
  "msg": "ok",
  "advantage": 1.1212235264430954,
  "beta": 1030.3978848831625,
  "n_response_tokens": 2603,
  "sandbox_stdout": "Invalid packing: Circle 0 at (3.546412973848843e-10,3.546412973848843e-10) r=0.9999999996453587 outside unit square\nInvalid packing: Circle 5 at (1.0,0.0) r=1.0 outside unit square\n",
  "parent_value": 2.6323260072585617,
  "parent_is_seed": false
}