{
  "step": 43,
  "group": 0,
  "rollout": 43,
  "reward": 2.539482655891725,
  "raw_score": 2.539482655891725,
  "valid": true,
  "parsed": true,
  "ran": true,
  "msg": "ok",
  "advantage": -1.0,
  "beta": 1048576.0,
  "n_response_tokens": 2212,
  "sandbox_stdout": "Invalid packing: Circle 6 at (0.9294076075531332,0.07059239130437489) r=0.0705923933557006 outside unit square\n",
  "parent_value": 2.6359830833537847,
  "parent_is_seed": false
}