{
  "step": 43,
  "group": 4,
  "rollout": 60,
  "reward": 2.635983083334135,
  "raw_score": 2.635983083334135,
  "valid": true,
  "parsed": true,
  "ran": true,
  "msg": "ok",
  "advantage": 0.1666666666653056,
  "beta": 1048576.0,
  "n_response_tokens": 2239,
  "sandbox_stdout": "Invalid packing: Circles 1 and 5 overlap\nInvalid packing: Circle 0 at (0.0,1.0) r=1.0 outside unit square\nInvalid packing: Circle 3 at (0.6911403416505142,0.13874520365595308) r=0.13874520914847 outside unit square\n",
  "parent_value": 2.635983083334135,
  "parent_is_seed": false
}