{
  "step": 43,
  "group": 4,
  "rollout": 62,
  "reward": 0.0,
  "raw_score": 0.0,
  "valid": true,
  "parsed": true,
  "ran": true,
  "msg": "ok",
  "advantage": -1.0,
  "beta": 1048576.0,
  "n_response_tokens": 1963,
  "sandbox_stdout": "Invalid packing: Circles 1 and 5 overlap\nInvalid packing: Circle 0 at (0.9833202162913107,0.016679783708689225) r=0.9833202162913107 outside unit square\nInvalid packing: Circle 4 at (0.11031473639725731,0.7371554874685553) r=0.1103147367774223 outside unit square\n",
  "parent_value": 2.635983083334135,
  "parent_is_seed": false
}