{
  "step": 43,
  "group": 6,
  "rollout": 10,
  "reward": 2.635983083334135,
  "raw_score": 2.635983083334135,
  "valid": true,
  "parsed": true,
  "ran": true,
  "msg": "ok",
  "advantage": 0.7499999999969376,
  "beta": 1048576.0,
  "n_response_tokens": 2097,
  "sandbox_stdout": "Invalid packing: Circle 1 at (0.40341148433207,0.1780179859681023) r=0.17801798630621823 outside unit square\nInvalid packing: Circle 0 at (1.0,0.0) r=1.0 outside unit square\n",
  "parent_value": 2.635983083334135,
  "parent_is_seed": false
}