{
  "step": 43,
  "group": 6,
  "rollout": 50,
  "reward": 2.635983083334135,
  "raw_score": 2.635983083334135,
  "valid": true,
  "parsed": true,
  "ran": true,
  "msg": "ok",
  "advantage": 0.7499999999969376,
  "beta": 1048576.0,
  "n_response_tokens": 2321,
  "sandbox_stdout": "Invalid packing: Circle 0 at (0.0,0.0) r=1.0 outside unit square\nInvalid packing: Circle 3 at (0.32035140510866855,0.8902489230181553) r=0.10975117189946063 outside unit square\n",
  "parent_value": 2.635983083334135,
  "parent_is_seed": false
}