{
  "step": 43,
  "group": 0,
  "rollout": 32,
  "reward": 2.6359830833537847,
  "raw_score": 2.6359830833537847,
  "valid": true,
  "parsed": true,
  "ran": true,
  "msg": "ok",
  "advantage": 0.06779661016835137,
  "beta": 1048576.0,
  "n_response_tokens": 3135,
  "sandbox_stdout": "Invalid packing: Circle 0 at (0.07999999999999999,0.07999999999999999) r=1.0 outside unit square\nInvalid packing: Circle 0 at (0.07999999999999999,0.07999999999999999) r=1.0 outside unit square\nInvalid packing: Circle 5 at (0.9116438690078492,0.4663142364327204) r=0.08835614499408838 outside unit square\nInvalid packing: Circle 1 at (0.0,1.0) r=1.0 outside unit square\nInvalid packing: Circle 9 at (0.8661392242852735,0.29840212921059933) r=0.13386077572597943 outside unit square\nInvalid packing: Circle 0 at (0.0,0.0) r=1.0 outside unit square\nInvalid packing: Circle 0 at (0.0,1.0) r=1.0 outside unit square\n",
  "parent_value": 2.6359830833537847,
  "parent_is_seed": false
}