{
  "step": 43,
  "group": 2,
  "rollout": 56,
  "reward": 2.6359830833537847,
  "raw_score": 2.6359830833537847,
  "valid": true,
  "parsed": true,
  "ran": true,
  "msg": "ok",
  "advantage": 0.10526315789351526,
  "beta": 1048576.0,
  "n_response_tokens": 3251,
  "sandbox_stdout": "Invalid packing: Circle 0 at (1.0,0.0) r=1.0 outside unit square\nInvalid packing: Circle 9 at (0.8707528386953552,0.29407266779065877) r=0.12924716255307037 outside unit square\nInvalid packing: Circle 9 at (0.7336217065551158,0.877052168118183) r=0.12294783188947946 outside unit square\nInvalid packing: Circle 3 at (0.44556319213400214,0.949011618459708) r=0.05098838634816501 outside unit square\nInvalid packing: Circle 4 at (0.9149711031353788,0.08502889709358194) r=0.08502889698866221 outside unit square\nInvalid packing: Circle 1 at (0.0,1.0) r=1.0 outside unit square\nInvalid packing: Circle 9 at (0.8661392242852735,0.29840212921059933) r=0.13386077572597943 outside unit square\nInvalid packing: Circle 3 at (0.8004051134188463,0.9539752417790021) r=0.046024758282685346 outside unit square\n",
  "parent_value": 2.6359830833537847,
  "parent_is_seed": false
}