{
  "step": 43,
  "group": 6,
  "rollout": 62,
  "reward": 2.635983083334135,
  "raw_score": 2.635983083334135,
  "valid": true,
  "parsed": true,
  "ran": true,
  "msg": "ok",
  "advantage": 0.7499999999969376,
  "beta": 1048576.0,
  "n_response_tokens": 2103,
  "sandbox_stdout": "",
  "parent_value": 2.635983083334135,
  "parent_is_seed": false
}