{
  "step": 43,
  "group": 4,
  "rollout": 24,
  "reward": 2.610643427471815,
  "raw_score": 2.610643427471815,
  "valid": true,
  "parsed": true,
  "ran": true,
  "msg": "ok",
  "advantage": -1.0,
  "beta": 1048576.0,
  "n_response_tokens": 2189,
  "sandbox_stdout": "Invalid packing: Circles 1 and 5 overlap\nInvalid packing: Circle 0 at (0.07999999999999999,0.07999999999999999) r=1.0 outside unit square\nInvalid packing: Circle 0 at (0.13192611878866572,0.7145333741803209) r=0.13192612434665046 outside unit square\n",
  "parent_value": 2.635983083334135,
  "parent_is_seed": false
}