{
  "step": 10,
  "group": 2,
  "rollout": 20,
  "reward": 1.7205745259405498,
  "raw_score": 1.7205745259405498,
  "valid": true,
  "parsed": true,
  "ran": true,
  "msg": "ok",
  "advantage": 0.6473329771106742,
  "algo": "reinforce",
  "n_response_tokens": 1686,
  "sandbox_stdout": "",
  "parent_value": 2.1666666004056916,
  "parent_is_seed": false
}