{
  "step": 10,
  "group": 1,
  "rollout": 17,
  "reward": 2.1666666666666665,
  "raw_score": 2.1666666666666665,
  "valid": true,
  "parsed": true,
  "ran": true,
  "msg": "ok",
  "advantage": 1.4669034496571258,
  "algo": "reinforce",
  "n_response_tokens": 1926,
  "sandbox_stdout": "",
  "parent_value": 2.1666666666666665,
  "parent_is_seed": false
}