{
  "step": 10,
  "group": 2,
  "rollout": 2,
  "reward": 1.4330626345522997,
  "raw_score": 1.4330626345522997,
  "valid": true,
  "parsed": true,
  "ran": true,
  "msg": "ok",
  "advantage": 0.3608535362990508,
  "algo": "reinforce",
  "n_response_tokens": 1839,
  "sandbox_stdout": "",
  "parent_value": 2.1666666004056916,
  "parent_is_seed": false
}