{
  "step": 10,
  "group": 2,
  "rollout": 22,
  "reward": 2.150020011393077,
  "raw_score": 2.150020011393077,
  "valid": true,
  "parsed": true,
  "ran": true,
  "msg": "ok",
  "advantage": 1.075236330733647,
  "algo": "reinforce",
  "n_response_tokens": 1746,
  "sandbox_stdout": "",
  "parent_value": 2.1666666004056916,
  "parent_is_seed": false
}