{
  "step": 23,
  "group": 3,
  "rollout": 29,
  "reward": 2.635312777158725,
  "raw_score": 2.635312777158725,
  "valid": true,
  "parsed": true,
  "ran": true,
  "msg": "ok",
  "advantage": -0.9999999972167197,
  "beta": 31126.402484898375,
  "n_response_tokens": 2726,
  "sandbox_stdout": "Invalid packing: Circle 2 at (0.08945166206031593,0.0) r=0.06108589271932643 outside unit square\n",
  "parent_value": 2.63596744972135,
  "parent_is_seed": false
}