{
  "step": 23,
  "group": 3,
  "rollout": 61,
  "reward": 2.635312777159695,
  "raw_score": 2.635312777159695,
  "valid": true,
  "parsed": true,
  "ran": true,
  "msg": "ok",
  "advantage": -0.9999999972167196,
  "beta": 31126.402484898375,
  "n_response_tokens": 2449,
  "sandbox_stdout": "",
  "parent_value": 2.63596744972135,
  "parent_is_seed": false
}