{
  "step": 23,
  "group": 3,
  "rollout": 17,
  "reward": 2.635312777152125,
  "raw_score": 2.635312777152125,
  "valid": true,
  "parsed": true,
  "ran": true,
  "msg": "ok",
  "advantage": -0.9999999972167203,
  "beta": 31126.402484898375,
  "n_response_tokens": 2497,
  "sandbox_stdout": "",
  "parent_value": 2.63596744972135,
  "parent_is_seed": false
}