{
  "step": 23,
  "group": 2,
  "rollout": 11,
  "reward": 2.6356465381759184,
  "raw_score": 2.6356465381759184,
  "valid": true,
  "parsed": true,
  "ran": true,
  "msg": "ok",
  "advantage": -0.9496281973565558,
  "beta": 11482.07839838551,
  "n_response_tokens": 2883,
  "sandbox_stdout": "",
  "parent_value": 2.635967454767965,
  "parent_is_seed": false
}