{
  "step": 23,
  "group": 2,
  "rollout": 43,
  "reward": 2.6359674486380293,
  "raw_score": 2.6359674486380293,
  "valid": true,
  "parsed": true,
  "ran": true,
  "msg": "ok",
  "advantage": 1.070804909747579,
  "beta": 11482.07839838551,
  "n_response_tokens": 3048,
  "sandbox_stdout": "Invalid packing: Circle 12 at (0.9558501276598621,0.8895061949056564) r=0.0441516886358953 outside unit square\nInvalid packing: Circle 4 at (1.0,0.432220631781886) r=1.0 outside unit square\n",
  "parent_value": 2.635967454767965,
  "parent_is_seed": false
}