{
  "step": 23,
  "group": 3,
  "rollout": 32,
  "reward": 2.6359674489315994,
  "raw_score": 2.6359674489315994,
  "valid": true,
  "parsed": true,
  "ran": true,
  "msg": "ok",
  "advantage": 1.033396717093003,
  "beta": 31126.402484898375,
  "n_response_tokens": 2393,
  "sandbox_stdout": "",
  "parent_value": 2.63596744972135,
  "parent_is_seed": false
}