{
  "step": 23,
  "group": 6,
  "rollout": 10,
  "reward": 2.635961758775448,
  "raw_score": 2.635961758775448,
  "valid": true,
  "parsed": true,
  "ran": true,
  "msg": "ok",
  "advantage": 0.12499999999873457,
  "beta": 1048576.0,
  "n_response_tokens": 2525,
  "sandbox_stdout": "Invalid packing: Circle 0 at (0.49947347576458845,0.49947347576458845) r=0.5005265242354116 outside unit square\n",
  "parent_value": 2.635961758775448,
  "parent_is_seed": false
}