{
  "step": 23,
  "group": 6,
  "rollout": 46,
  "reward": 2.635961758775448,
  "raw_score": 2.635961758775448,
  "valid": true,
  "parsed": true,
  "ran": true,
  "msg": "ok",
  "advantage": 0.12499999999873457,
  "beta": 1048576.0,
  "n_response_tokens": 2663,
  "sandbox_stdout": "Invalid packing: Circle 1 at (0.0,1.0) r=1.0 outside unit square\n",
  "parent_value": 2.635961758775448,
  "parent_is_seed": false
}