{
  "step": 23,
  "group": 3,
  "rollout": 62,
  "reward": 2.632326007258063,
  "raw_score": 2.632326007258063,
  "valid": true,
  "parsed": true,
  "ran": true,
  "msg": "ok",
  "advantage": -1.0,
  "beta": 31126.402484898375,
  "n_response_tokens": 2509,
  "sandbox_stdout": "",
  "parent_value": 2.63596744972135,
  "parent_is_seed": false
}