{
  "step": 23,
  "group": 2,
  "rollout": 57,
  "reward": 2.6359674489342155,
  "raw_score": 2.6359674489342155,
  "valid": true,
  "parsed": true,
  "ran": true,
  "msg": "ok",
  "advantage": 1.0708121837076146,
  "beta": 11482.07839838551,
  "n_response_tokens": 2504,
  "sandbox_stdout": "",
  "parent_value": 2.635967454767965,
  "parent_is_seed": false
}