{
  "step": 23,
  "group": 3,
  "rollout": 10,
  "reward": 0.0,
  "raw_score": null,
  "valid": false,
  "parsed": true,
  "ran": false,
  "msg": "run_failed: Circle 2 at (-0.02460024028379937,-0.010862396603904242) r=0.005 outside unit square",
  "advantage": -1.0,
  "beta": 31126.402484898375,
  "n_response_tokens": 2701,
  "sandbox_stdout": "Invalid packing: Circle 2 at (0.0,0.0) r=1.0 outside unit square\nInvalid packing: Circle 0 at (0.9999983099844145,0.9999994045147185) r=1.6900155854620336e-06 outside unit square\nInvalid packing: Circle 2 at (1.0,1.0) r=0.9995672897863147 outside unit square\nInvalid packing: Circle 0 at (0.0,1.0) r=1.0 outside unit square\nInvalid packing: Circle 0 at (9.980882017225709e-11,9.980882017225709e-11) r=0.9999999999001912 outside unit square\nInvalid packing: Circles 14 and 20 overlap\nInvalid packing: Circle 2 at (-0.02460024028379937,-0.010862396603904242) r=0.005 outside unit square\n",
  "parent_value": 2.63596744972135,
  "parent_is_seed": false
}