{
  "step": 23,
  "group": 1,
  "rollout": 20,
  "reward": 2.635982928097856,
  "raw_score": 2.635982928097856,
  "valid": true,
  "parsed": true,
  "ran": true,
  "msg": "ok",
  "advantage": 0.14542913811113167,
  "beta": 1048576.0,
  "n_response_tokens": 2333,
  "sandbox_stdout": "Invalid packing: Circle 0 at (0.8424826881164651,0.1575173229461254) r=0.15751731303257957 outside unit square\n",
  "parent_value": 2.635982928097856,
  "parent_is_seed": false
}