{
  "step": 23,
  "group": 2,
  "rollout": 23,
  "reward": 2.63596744893433,
  "raw_score": 2.63596744893433,
  "valid": true,
  "parsed": true,
  "ran": true,
  "msg": "ok",
  "advantage": 1.070812186521438,
  "beta": 11482.07839838551,
  "n_response_tokens": 2744,
  "sandbox_stdout": "",
  "parent_value": 2.635967454767965,
  "parent_is_seed": false
}