{
  "step": 23,
  "group": 3,
  "rollout": 58,
  "reward": 2.6359674489034175,
  "raw_score": 2.6359674489034175,
  "valid": true,
  "parsed": true,
  "ran": true,
  "msg": "ok",
  "advantage": 1.0333948758249352,
  "beta": 31126.402484898375,
  "n_response_tokens": 2824,
  "sandbox_stdout": "Invalid packing: Circles 0 and 3 overlap\n",
  "parent_value": 2.63596744972135,
  "parent_is_seed": false
}