{
  "step": 23,
  "group": 5,
  "rollout": 17,
  "reward": 2.635967448843938,
  "raw_score": 2.635967448843938,
  "valid": true,
  "parsed": true,
  "ran": true,
  "msg": "ok",
  "advantage": 0.17105234387889756,
  "beta": 1048576.0,
  "n_response_tokens": 2281,
  "sandbox_stdout": "Invalid packing: Circle 0 at (1.0,0.0) r=1.0 outside unit square\n",
  "parent_value": 2.635967448933533,
  "parent_is_seed": false
}