{
  "step": 23,
  "group": 3,
  "rollout": 46,
  "reward": 2.6359671561450173,
  "raw_score": 2.6359671561450173,
  "valid": true,
  "parsed": true,
  "ran": true,
  "msg": "ok",
  "advantage": 1.0143599361104059,
  "beta": 31126.402484898375,
  "n_response_tokens": 2436,
  "sandbox_stdout": "",
  "parent_value": 2.63596744972135,
  "parent_is_seed": false
}