{
  "step": 11,
  "group": 1,
  "rollout": 4,
  "reward": 2.588447548769173,
  "raw_score": 2.588447548769173,
  "valid": true,
  "parsed": true,
  "ran": true,
  "msg": "ok",
  "advantage": -0.4771488714727966,
  "beta": 37.606609736942325,
  "n_response_tokens": 2576,
  "sandbox_stdout": "Validation failed during optimization: Circle 5 at (0.0,0.0) r=1.0 outside unit square\nValidation failed during optimization: Circle 8 at (0.9693155361739745,0.9693154730348867) r=0.030684468000822557 outside unit square\nValidation failed during optimization: Circle 0 at (0.6089832547803942,0.12930570414243545) r=0.12930570519681933 outside unit square\nValidation failed during optimization: Circle 2 at (0.9023731676349609,0.9717648738928313) r=0.02823512620308936 outside unit square\nValidation failed during optimization: Circles 2 and 3 overlap\nValidation failed during optimization: Circle 13 at (0.5129834547127305,0.8781656881443848) r=0.12183431185664763 outside unit square\nValidation failed during optimization: Circle 6 at (0.13186688823570228,0.8681331117542503) r=0.13186688824764362 outside unit square\nValidation failed during optimization: Circle 7 at (0.14350947439120743,0.8564905256125384) r=0.143509474390896 outside unit square\nValidation failed during optimization: Circle 16 at (0.9141921029698515,0.08580789702730626) r=0.08580789702886965 outside unit square\nValidation failed during optimization: Circle 0 at (0.9408600613223906,0.940860061353134) r=0.05913993874631803 outside unit square\nValidation failed during optimization: Circle 10 at (0.8989489530507005,0.11698272687874374) r=0.10770295524718501 outside unit square\nValidation failed during optimization: Circle 0 at (0.0,0.0) r=1.0 outside unit square\n",
  "parent_value": 2.6298370788882153,
  "parent_is_seed": false
}