{
  "step": 11,
  "group": 2,
  "rollout": 12,
  "reward": 2.6166519857892396,
  "raw_score": 2.6166519857892396,
  "valid": true,
  "parsed": true,
  "ran": true,
  "msg": "ok",
  "advantage": -0.3602356491051085,
  "beta": 110.69788074876429,
  "n_response_tokens": 2680,
  "sandbox_stdout": "Validation failed during optimization: Circles 1 and 11 overlap\nValidation failed during optimization: Circle 10 at (0.5384955446084398,0.846518965875685) r=0.15348103413222375 outside unit square\nValidation failed during optimization: Circle 14 at (0.8644568624668387,0.6976711857292061) r=0.1355431375346889 outside unit square\nValidation failed during optimization: Circles 4 and 12 overlap\nValidation failed during optimization: Circle 3 at (0.7348190058703415,0.10040697878594479) r=0.10040697878777026 outside unit square\nValidation failed during optimization: Circles 2 and 5 overlap\nValidation failed during optimization: Circle 0 at (0.10755206961768453,0.10755206961513006) r=0.10755206961701173 outside unit square\nValidation failed during optimization: Circle 8 at (0.8732710413569228,0.12672895864233952) r=0.12672895864539707 outside unit square\nValidation failed during optimization: Circle 21 at (0.19508906211556193,0.07024741188661017) r=0.07024741188770996 outside unit square\nValidation failed during optimization: Circle 0 at (0.09857876961390555,0.0985787696144477) r=0.09857876961573953 outside unit square\n",
  "parent_value": 2.6298370788880994,
  "parent_is_seed": false
}