{
  "step": 11,
  "group": 1,
  "rollout": 9,
  "reward": 2.6179792508091517,
  "raw_score": 2.6179792508091517,
  "valid": true,
  "parsed": true,
  "ran": true,
  "msg": "ok",
  "advantage": 0.6644938180432072,
  "beta": 37.606609736942325,
  "n_response_tokens": 2351,
  "sandbox_stdout": "Validation failed during optimization: Circle 13 at (0.8708609259558591,0.870860925965715) r=0.12913907404420585 outside unit square\nValidation failed during optimization: Circle 2 at (0.8593635745542708,0.14063642544786586) r=0.140636425448005 outside unit square\nValidation failed during optimization: Circle 14 at (0.6777641864480566,0.8546078049450776) r=0.1453921950564308 outside unit square\nValidation failed during optimization: Circle 4 at (0.8637003991642976,0.13629960083682924) r=0.1362996008372725 outside unit square\nValidation failed during optimization: Circle 16 at (0.5990687501027279,0.8577520430171638) r=0.14224795698468432 outside unit square\nValidation failed during optimization: Circles 2 and 3 overlap\nValidation failed during optimization: Circle 13 at (0.8863818441429291,0.11361815585346785) r=0.11361815585738577 outside unit square\nValidation failed during optimization: Circle 5 at (0.09939656117876361,0.7858022511576689) r=0.09939656118011095 outside unit square\nValidation failed during optimization: Circles 1 and 5 overlap\nValidation failed during optimization: Circle 6 at (0.8624612146671164,0.1375387853321149) r=0.1375387853332273 outside unit square\n",
  "parent_value": 2.6298370788882153,
  "parent_is_seed": false
}