{
  "step": 11,
  "group": 2,
  "rollout": 19,
  "reward": 2.6053088268772235,
  "raw_score": 2.6053088268772235,
  "valid": true,
  "parsed": true,
  "ran": true,
  "msg": "ok",
  "advantage": -0.8212943520924318,
  "beta": 110.69788074876429,
  "n_response_tokens": 2836,
  "sandbox_stdout": "Validation failed during optimization: Circle 2 at (0.874395707751049,0.1256042922903679) r=0.12560429229068504 outside unit square\nValidation failed during optimization: Circle 16 at (0.11395158212639352,0.8860484178720411) r=0.11395158212966934 outside unit square\nValidation failed during optimization: Circle 24 at (0.8915209101457259,0.10847908981744805) r=0.10847908985466449 outside unit square\nValidation failed during optimization: Circle 1 at (1.0,1.0) r=1.0 outside unit square\nValidation failed during optimization: Circle 2 at (0.877215433591292,0.12278456643298531) r=0.12278456643302642 outside unit square\nValidation failed during optimization: Circles 15 and 17 overlap\nValidation failed during optimization: Circles 4 and 5 overlap\nValidation failed during optimization: Circles 1 and 19 overlap\n",
  "parent_value": 2.6298370788880994,
  "parent_is_seed": false
}