{
  "step": 11,
  "group": 2,
  "rollout": 22,
  "reward": 2.614282959004379,
  "raw_score": 2.614282959004379,
  "valid": true,
  "parsed": true,
  "ran": true,
  "msg": "ok",
  "advantage": -0.5109534664481246,
  "beta": 110.69788074876429,
  "n_response_tokens": 2768,
  "sandbox_stdout": "Validation failed during optimization: Circles 3 and 5 overlap\nValidation failed during optimization: Circle 1 at (0.6048277160054923,0.11517017293974077) r=0.11517017294074389 outside unit square\nValidation failed during optimization: Circle 0 at (0.11863861231081684,0.11863861231498168) r=0.11863861231273592 outside unit square\nValidation failed during optimization: Circle 0 at (0.07877792175892699,0.07877792175828989) r=0.07877792178335154 outside unit square\nValidation failed during optimization: Circle 1 at (0.9084114785624725,0.6404831750938155) r=0.09158852143896824 outside unit square\nValidation failed during optimization: Circle 9 at (0.5325730413345844,0.11686667669009464) r=0.11686667669404227 outside unit square\nValidation failed during optimization: Circles 0 and 22 overlap\nValidation failed during optimization: Circle 18 at (0.8761218375531946,0.4488088235686777) r=0.12387816245236032 outside unit square\nValidation failed during optimization: Circle 7 at (0.8697109623515297,0.8697109623545302) r=0.13028903764853103 outside unit square\nValidation failed during optimization: Circle 1 at (0.3109107504176111,0.14142021375044944) r=0.14142021375377353 outside unit square\nValidation failed during optimization: Circle 0 at (0.10376882636819713,0.103768826369315) r=0.10376882636937626 outside unit square\nValidation failed during optimization: Circle 4 at (0.9345693252531018,0.06543067474865877) r=0.0654306747489047 outside unit square\nValidation failed during optimization: Circle 2 at (0.6331992362478175,0.12458671521052325) r=0.12458671521670792 outside unit square\nValidation failed during optimization: Circle 16 at (0.23989665485622114,0.0802660866569008) r=0.08026608665971917 outside unit square\nValidation failed during optimization: Circle 7 at (0.32220004486107995,0.14690832614924437) r=0.14690832616701238 outside unit square\n",
  "parent_value": 2.6298370788880994,
  "parent_is_seed": false
}