{
  "step": 26,
  "group": 3,
  "rollout": 12,
  "reward": 2.6359674489297533,
  "raw_score": 2.6359674489297533,
  "valid": true,
  "parsed": true,
  "ran": true,
  "msg": "ok",
  "advantage": 0.9077061115834324,
  "beta": 1048576.0,
  "n_response_tokens": 2257,
  "sandbox_stdout": "Invalid packing: Circles 0 and 2 overlap\n",
  "parent_value": 2.6359674549858605,
  "parent_is_seed": false
}