{
  "step": 26,
  "group": 1,
  "rollout": 4,
  "reward": 2.6359829285475165,
  "raw_score": 2.6359829285475165,
  "valid": true,
  "parsed": true,
  "ran": true,
  "msg": "ok",
  "advantage": 0.18671672366957526,
  "beta": 1048576.0,
  "n_response_tokens": 2240,
  "sandbox_stdout": "",
  "parent_value": 2.635982930149548,
  "parent_is_seed": false
}