{
  "step": 26,
  "group": 4,
  "rollout": 16,
  "reward": 2.6359674487173983,
  "raw_score": 2.6359674487173983,
  "valid": true,
  "parsed": true,
  "ran": true,
  "msg": "ok",
  "advantage": 0.7278691273251965,
  "beta": 1048576.0,
  "n_response_tokens": 2646,
  "sandbox_stdout": "Invalid packing: Circle 0 at (0.056778625488091004,0.9410312715206658) r=0.05896648176314175 outside unit square\n",
  "parent_value": 2.6359674489375533,
  "parent_is_seed": false
}