{
  "step": 26,
  "group": 3,
  "rollout": 13,
  "reward": 2.6359674489255513,
  "raw_score": 2.6359674489255513,
  "valid": true,
  "parsed": true,
  "ran": true,
  "msg": "ok",
  "advantage": 0.9076974515564316,
  "beta": 1048576.0,
  "n_response_tokens": 2518,
  "sandbox_stdout": "Invalid packing: Circle 0 at (1.0,1.0) r=1.0 outside unit square\n",
  "parent_value": 2.6359674549858605,
  "parent_is_seed": false
}