{
  "step": 26,
  "group": 4,
  "rollout": 58,
  "reward": 2.6359674488868046,
  "raw_score": 2.6359674488868046,
  "valid": true,
  "parsed": true,
  "ran": true,
  "msg": "ok",
  "advantage": 0.7281845055327161,
  "beta": 1048576.0,
  "n_response_tokens": 2511,
  "sandbox_stdout": "",
  "parent_value": 2.6359674489375533,
  "parent_is_seed": false
}