{
  "step": 26,
  "group": 3,
  "rollout": 16,
  "reward": 2.632326007258517,
  "raw_score": 2.632326007258517,
  "valid": true,
  "parsed": true,
  "ran": true,
  "msg": "ok",
  "advantage": -1.0,
  "beta": 1048576.0,
  "n_response_tokens": 2529,
  "sandbox_stdout": "Invalid packing: Circle 0 at (0.23016833977467996,0.8257632710155153) r=0.174238102015177 outside unit square\n",
  "parent_value": 2.6359674549858605,
  "parent_is_seed": false
}