{
  "step": 26,
  "group": 3,
  "rollout": 17,
  "reward": 2.63596744893379,
  "raw_score": 2.63596744893379,
  "valid": true,
  "parsed": true,
  "ran": true,
  "msg": "ok",
  "advantage": 0.9077144311782388,
  "beta": 1048576.0,
  "n_response_tokens": 2391,
  "sandbox_stdout": "",
  "parent_value": 2.6359674549858605,
  "parent_is_seed": false
}