{
  "step": 26,
  "group": 4,
  "rollout": 13,
  "reward": 2.6359674489332994,
  "raw_score": 2.6359674489332994,
  "valid": true,
  "parsed": true,
  "ran": true,
  "msg": "ok",
  "advantage": 0.7282710737597817,
  "beta": 1048576.0,
  "n_response_tokens": 2494,
  "sandbox_stdout": "",
  "parent_value": 2.6359674489375533,
  "parent_is_seed": false
}