{
  "step": 26,
  "group": 3,
  "rollout": 35,
  "reward": 2.6353127771460465,
  "raw_score": 2.6353127771460465,
  "valid": true,
  "parsed": true,
  "ran": true,
  "msg": "ok",
  "advantage": -1.0,
  "beta": 1048576.0,
  "n_response_tokens": 2367,
  "sandbox_stdout": "",
  "parent_value": 2.6359674549858605,
  "parent_is_seed": false
}