{
  "step": 18,
  "group": 3,
  "rollout": 14,
  "reward": 1.9242462120253276,
  "raw_score": 1.9242462120253276,
  "valid": true,
  "parsed": true,
  "ran": true,
  "msg": "ok",
  "advantage": -0.8253968755741983,
  "algo": "ppo",
  "ppo_epochs": 4,
  "ppo_clip": 0.2,
  "n_response_tokens": 2077,
  "sandbox_stdout": "",
  "parent_value": 2.4707106781224923,
  "parent_is_seed": false
}