{
  "step": 38,
  "group": 7,
  "rollout": 46,
  "reward": 2.635983083334135,
  "raw_score": 2.635983083334135,
  "valid": true,
  "parsed": true,
  "ran": true,
  "msg": "ok",
  "advantage": 0.06779661016835137,
  "beta": 1048576.0,
  "n_response_tokens": 2669,
  "sandbox_stdout": "Invalid packing: Circles 1 and 5 overlap\nInvalid packing: Circle 0 at (0.0,1.0) r=1.0 outside unit square\nInvalid packing: Circle 21 at (0.8953742265623998,0.4870190423522233) r=0.1046257734412396 outside unit square\nInvalid packing: Circle 12 at (0.07549718944501085,0.924502810429206) r=0.07549718949669817 outside unit square\n",
  "parent_value": 2.635983083334135,
  "parent_is_seed": false
}