{
  "step": 38,
  "group": 3,
  "rollout": 46,
  "reward": 2.534752716728378,
  "raw_score": 2.534752716728378,
  "valid": true,
  "parsed": true,
  "ran": true,
  "msg": "ok",
  "advantage": -1.0,
  "beta": 1048576.0,
  "n_response_tokens": 2547,
  "sandbox_stdout": "Invalid packing: Circles 6 and 10 overlap\nInvalid packing: Circle 1 at (0.9059513486302402,0.4363145975780424) r=0.09404865161198109 outside unit square\nInvalid packing: Circle 5 at (0.15605137237544014,0.429375324642073) r=0.15605137326029556 outside unit square\nInvalid packing: Circle 1 at (0.9059513486302402,0.4363145975780424) r=0.09404865161198109 outside unit square\n",
  "parent_value": 2.635983083334135,
  "parent_is_seed": false
}