{
  "step": 38,
  "group": 5,
  "rollout": 29,
  "reward": 2.635983083334135,
  "raw_score": 2.635983083334135,
  "valid": true,
  "parsed": true,
  "ran": true,
  "msg": "ok",
  "advantage": 0.21153846153699374,
  "beta": 1048576.0,
  "n_response_tokens": 2183,
  "sandbox_stdout": "Invalid packing: Circle 0 at (0.07999999999999999,0.07999999999999999) r=1.0 outside unit square\nInvalid packing: Circle 0 at (0.07999999999999999,0.07999999999999999) r=1.0 outside unit square\nInvalid packing: Circle 0 at (0.8743804283741012,0.125619572175358) r=0.12561957174204844 outside unit square\nInvalid packing: Circle 2 at (0.5142838270176718,0.8909783961322104) r=0.10902160774473034 outside unit square\n",
  "parent_value": 2.635983083334135,
  "parent_is_seed": false
}