{
  "step": 11,
  "group": 1,
  "rollout": 1,
  "reward": 1.8571428571428563,
  "raw_score": 1.8571428571428563,
  "valid": true,
  "parsed": true,
  "ran": true,
  "msg": "ok",
  "advantage": 0.9204988967707568,
  "algo": "reinforce",
  "n_response_tokens": 1792,
  "sandbox_stdout": "",
  "parent_value": 2.1666666666666665,
  "parent_is_seed": false
}