{
  "step": 11,
  "group": 3,
  "rollout": 3,
  "reward": 0.31819805153394637,
  "raw_score": 0.31819805153394637,
  "valid": true,
  "parsed": true,
  "ran": true,
  "msg": "ok",
  "advantage": -0.5386509822363029,
  "algo": "reinforce",
  "n_response_tokens": 1925,
  "sandbox_stdout": "",
  "parent_value": 2.1666666666666665,
  "parent_is_seed": false
}