{
  "step": 11,
  "group": 0,
  "rollout": 6,
  "reward": 2.1999999999999997,
  "raw_score": 2.1999999999999997,
  "valid": true,
  "parsed": true,
  "ran": true,
  "msg": "ok",
  "advantage": 1.062716068572823,
  "algo": "reinforce",
  "n_response_tokens": 1635,
  "sandbox_stdout": "",
  "parent_value": 2.1666666666666665,
  "parent_is_seed": false
}