{
  "step": 11,
  "group": 3,
  "rollout": 14,
  "reward": 1.7499999999999991,
  "raw_score": 1.7499999999999991,
  "valid": true,
  "parsed": true,
  "ran": true,
  "msg": "ok",
  "advantage": 1.1781344068285813,
  "algo": "reinforce",
  "n_response_tokens": 1586,
  "sandbox_stdout": "",
  "parent_value": 2.1666666666666665,
  "parent_is_seed": false
}