{
  "step": 25,
  "group": 4,
  "rollout": 56,
  "reward": 2.635967448933533,
  "raw_score": 2.635967448933533,
  "valid": true,
  "parsed": true,
  "ran": true,
  "msg": "ok",
  "advantage": 0.4651162790676209,
  "beta": 1048576.0,
  "n_response_tokens": 2274,
  "sandbox_stdout": "Invalid packing: Circle 0 at (1.3722034343033587e-10,1.3722034343033587e-10) r=0.9999999998627797 outside unit square\n",
  "parent_value": 2.635967448933533,
  "parent_is_seed": false
}