{
  "step": 25,
  "group": 7,
  "rollout": 49,
  "reward": 2.635967448934597,
  "raw_score": 2.635967448934597,
  "valid": true,
  "parsed": true,
  "ran": true,
  "msg": "ok",
  "advantage": 0.28571818519393033,
  "beta": 1048576.0,
  "n_response_tokens": 2161,
  "sandbox_stdout": "",
  "parent_value": 2.635967448933533,
  "parent_is_seed": false
}