{
  "step": 25,
  "group": 2,
  "rollout": 2,
  "reward": 2.6359161588387803,
  "raw_score": 2.6359161588387803,
  "valid": true,
  "parsed": true,
  "ran": true,
  "msg": "ok",
  "advantage": -0.9717636265668456,
  "beta": 83028.59716214534,
  "n_response_tokens": 2395,
  "sandbox_stdout": "",
  "parent_value": 2.635967463117973,
  "parent_is_seed": false
}