{
  "step": 25,
  "group": 7,
  "rollout": 28,
  "reward": 2.635967448843938,
  "raw_score": 2.635967448843938,
  "valid": true,
  "parsed": true,
  "ran": true,
  "msg": "ok",
  "advantage": 0.2855934729017475,
  "beta": 1048576.0,
  "n_response_tokens": 2164,
  "sandbox_stdout": "Invalid packing: Circle 1 at (0.5448351136020263,0.922759543151248) r=0.07724586644787838 outside unit square\n",
  "parent_value": 2.635967448933533,
  "parent_is_seed": false
}