{
  "step": 25,
  "group": 2,
  "rollout": 25,
  "reward": 2.635671334531573,
  "raw_score": 2.635671334531573,
  "valid": true,
  "parsed": true,
  "ran": true,
  "msg": "ok",
  "advantage": -0.9999999999580697,
  "beta": 83028.59716214534,
  "n_response_tokens": 2488,
  "sandbox_stdout": "Invalid packing: Circles 8 and 18 overlap\n",
  "parent_value": 2.635967463117973,
  "parent_is_seed": false
}