{
  "step": 25,
  "group": 0,
  "rollout": 34,
  "reward": 2.63303507261184,
  "raw_score": 2.63303507261184,
  "valid": true,
  "parsed": true,
  "ran": true,
  "msg": "ok",
  "advantage": -1.0,
  "beta": 1048576.0,
  "n_response_tokens": 2286,
  "sandbox_stdout": "Invalid packing: Circles 1 and 2 overlap\nInvalid packing: Circle 1 at (0.9999993298310355,0.9999993299688514) r=6.701689646786826e-07 outside unit square\n",
  "parent_value": 2.635982930149548,
  "parent_is_seed": false
}