{
  "step": 25,
  "group": 3,
  "rollout": 52,
  "reward": 2.485139048718537,
  "raw_score": 2.485139048718537,
  "valid": true,
  "parsed": true,
  "ran": true,
  "msg": "ok",
  "advantage": -1.0,
  "beta": 1048576.0,
  "n_response_tokens": 2202,
  "sandbox_stdout": "Invalid packing: Circle 0 at (0.9093554762376284,0.9093547347276544) r=0.09064745762802053 outside unit square\nInvalid packing: Circle 1 at (1.0,1.0) r=1.0 outside unit square\n",
  "parent_value": 2.635967448933533,
  "parent_is_seed": false
}