{
  "step": 25,
  "group": 5,
  "rollout": 42,
  "reward": 2.635967448933533,
  "raw_score": 2.635967448933533,
  "valid": true,
  "parsed": true,
  "ran": true,
  "msg": "ok",
  "advantage": 0.3125051375126271,
  "beta": 1048576.0,
  "n_response_tokens": 2451,
  "sandbox_stdout": "Invalid packing: Circle 0 at (0.0,1.0) r=1.0 outside unit square\n",
  "parent_value": 2.635967448933533,
  "parent_is_seed": false
}