{
  "step": 25,
  "group": 2,
  "rollout": 30,
  "reward": 2.635967448863626,
  "raw_score": 2.635967448863626,
  "valid": true,
  "parsed": true,
  "ran": true,
  "msg": "ok",
  "advantage": 1.0608843965432708,
  "beta": 83028.59716214534,
  "n_response_tokens": 2526,
  "sandbox_stdout": "",
  "parent_value": 2.635967463117973,
  "parent_is_seed": false
}