{
  "step": 25,
  "group": 2,
  "rollout": 58,
  "reward": 2.635594932477793,
  "raw_score": 2.635594932477793,
  "valid": true,
  "parsed": true,
  "ran": true,
  "msg": "ok",
  "advantage": -0.9999999999999263,
  "beta": 83028.59716214534,
  "n_response_tokens": 2356,
  "sandbox_stdout": "",
  "parent_value": 2.635967463117973,
  "parent_is_seed": false
}