{
  "step": 25,
  "group": 1,
  "rollout": 35,
  "reward": 2.635312777157976,
  "raw_score": 2.635312777157976,
  "valid": true,
  "parsed": true,
  "ran": true,
  "msg": "ok",
  "advantage": -0.994343244305552,
  "beta": 8976.00716573912,
  "n_response_tokens": 2574,
  "sandbox_stdout": "Invalid packing: Circles 13 and 24 overlap\n",
  "parent_value": 2.635967448934944,
  "parent_is_seed": false
}