{
  "step": 20,
  "group": 5,
  "rollout": 26,
  "reward": 2.598277790368844,
  "raw_score": 2.598277790368844,
  "valid": true,
  "parsed": true,
  "ran": true,
  "msg": "ok",
  "advantage": -1.0,
  "beta": 4371.926886216488,
  "n_response_tokens": 2509,
  "sandbox_stdout": "Invalid packing: Circle 0 at (0.0,1.0) r=1.0 outside unit square\nInvalid packing: Circle 12 at (0.9242777754195307,0.7355691286194366) r=0.0757300804517903 outside unit square\n",
  "parent_value": 2.635312776864959,
  "parent_is_seed": false
}