{
  "step": 20,
  "group": 5,
  "rollout": 59,
  "reward": 2.585212606854372,
  "raw_score": 2.585212606854372,
  "valid": true,
  "parsed": true,
  "ran": true,
  "msg": "ok",
  "advantage": -1.0,
  "beta": 4371.926886216488,
  "n_response_tokens": 1683,
  "sandbox_stdout": "",
  "parent_value": 2.635312776864959,
  "parent_is_seed": false
}