{
  "step": 20,
  "group": 5,
  "rollout": 12,
  "reward": 2.635312776864959,
  "raw_score": 2.635312776864959,
  "valid": true,
  "parsed": true,
  "ran": true,
  "msg": "ok",
  "advantage": -0.223259776667447,
  "beta": 4371.926886216488,
  "n_response_tokens": 1980,
  "sandbox_stdout": "",
  "parent_value": 2.635312776864959,
  "parent_is_seed": false
}