{
  "step": 29,
  "group": 6,
  "rollout": 2,
  "reward": 2.635967448934513,
  "raw_score": 2.635967448934513,
  "valid": true,
  "parsed": true,
  "ran": true,
  "msg": "ok",
  "advantage": 0.2857141685859268,
  "beta": 1048576.0,
  "n_response_tokens": 2570,
  "sandbox_stdout": "",
  "parent_value": 2.635967448934669,
  "parent_is_seed": false
}