{
  "step": 29,
  "group": 7,
  "rollout": 21,
  "reward": 2.635967448819303,
  "raw_score": 2.635967448819303,
  "valid": true,
  "parsed": true,
  "ran": true,
  "msg": "ok",
  "advantage": 2.3249120858211185,
  "beta": 3647.662511441558,
  "n_response_tokens": 2756,
  "sandbox_stdout": "",
  "parent_value": 2.635967448934602,
  "parent_is_seed": false
}