{
  "step": 29,
  "group": 6,
  "rollout": 10,
  "reward": 2.6359674489346068,
  "raw_score": 2.6359674489346068,
  "valid": true,
  "parsed": true,
  "ran": true,
  "msg": "ok",
  "advantage": 0.28571429749128363,
  "beta": 1048576.0,
  "n_response_tokens": 2733,
  "sandbox_stdout": "",
  "parent_value": 2.635967448934669,
  "parent_is_seed": false
}