{
  "step": 29,
  "group": 5,
  "rollout": 52,
  "reward": 2.6359674489261495,
  "raw_score": 2.6359674489261495,
  "valid": true,
  "parsed": true,
  "ran": true,
  "msg": "ok",
  "advantage": 0.707676861386205,
  "beta": 1048576.0,
  "n_response_tokens": 2433,
  "sandbox_stdout": "",
  "parent_value": 2.635967448934777,
  "parent_is_seed": false
}