{
  "step": 29,
  "group": 7,
  "rollout": 18,
  "reward": 2.635967448934511,
  "raw_score": 2.635967448934511,
  "valid": true,
  "parsed": true,
  "ran": true,
  "msg": "ok",
  "advantage": 2.324913556822557,
  "beta": 3647.662511441558,
  "n_response_tokens": 2632,
  "sandbox_stdout": "",
  "parent_value": 2.635967448934602,
  "parent_is_seed": false
}