{
  "step": 29,
  "group": 4,
  "rollout": 2,
  "reward": 2.632326007258836,
  "raw_score": 2.632326007258836,
  "valid": true,
  "parsed": true,
  "ran": true,
  "msg": "ok",
  "advantage": -0.9999085642322892,
  "beta": 2753.2598377033387,
  "n_response_tokens": 2477,
  "sandbox_stdout": "",
  "parent_value": 2.635967448939271,
  "parent_is_seed": false
}