{
  "step": 29,
  "group": 3,
  "rollout": 33,
  "reward": 2.6359674488998945,
  "raw_score": 2.6359674488998945,
  "valid": true,
  "parsed": true,
  "ran": true,
  "msg": "ok",
  "advantage": 0.871705943084514,
  "beta": 1048576.0,
  "n_response_tokens": 2807,
  "sandbox_stdout": "",
  "parent_value": 2.635967450578181,
  "parent_is_seed": false
}