{
  "step": 29,
  "group": 3,
  "rollout": 47,
  "reward": 2.635967448934349,
  "raw_score": 2.635967448934349,
  "valid": true,
  "parsed": true,
  "ran": true,
  "msg": "ok",
  "advantage": 0.8717755750411553,
  "beta": 1048576.0,
  "n_response_tokens": 2701,
  "sandbox_stdout": "",
  "parent_value": 2.635967450578181,
  "parent_is_seed": false
}