{
  "step": 29,
  "group": 5,
  "rollout": 49,
  "reward": 2.635967448920782,
  "raw_score": 2.635967448920782,
  "valid": true,
  "parsed": true,
  "ran": true,
  "msg": "ok",
  "advantage": 0.7076669893140601,
  "beta": 1048576.0,
  "n_response_tokens": 2357,
  "sandbox_stdout": "",
  "parent_value": 2.635967448934777,
  "parent_is_seed": false
}