{
  "step": 29,
  "group": 5,
  "rollout": 14,
  "reward": 2.635967448784246,
  "raw_score": 2.635967448784246,
  "valid": true,
  "parsed": true,
  "ran": true,
  "msg": "ok",
  "advantage": 0.7074158980248821,
  "beta": 1048576.0,
  "n_response_tokens": 2396,
  "sandbox_stdout": "",
  "parent_value": 2.635967448934777,
  "parent_is_seed": false
}