{
  "step": 29,
  "group": 2,
  "rollout": 51,
  "reward": 2.633035072610395,
  "raw_score": 2.633035072610395,
  "valid": true,
  "parsed": true,
  "ran": true,
  "msg": "ok",
  "advantage": -1.0,
  "beta": 1048576.0,
  "n_response_tokens": 2659,
  "sandbox_stdout": "Invalid packing: Circle 8 at (0.0,0.0) r=1.0 outside unit square\nInvalid packing: Circle 8 at (0.0,0.0) r=1.0 outside unit square\nInvalid packing: Circle 1 at (0.5721122130263105,0.8597984610188882) r=0.14020174519130432 outside unit square\n",
  "parent_value": 2.6359829364320713,
  "parent_is_seed": false
}