{
  "step": 29,
  "group": 6,
  "rollout": 58,
  "reward": 2.635967448934597,
  "raw_score": 2.635967448934597,
  "valid": true,
  "parsed": true,
  "ran": true,
  "msg": "ok",
  "advantage": 0.2857142840509139,
  "beta": 1048576.0,
  "n_response_tokens": 2597,
  "sandbox_stdout": "Invalid packing: Circle 6 at (0.16305909233022162,0.16310587901085047) r=0.1631048752938916 outside unit square\n",
  "parent_value": 2.635967448934669,
  "parent_is_seed": false
}