{
  "step": 29,
  "group": 7,
  "rollout": 61,
  "reward": 2.635312777160398,
  "raw_score": 2.635312777160398,
  "valid": true,
  "parsed": true,
  "ran": true,
  "msg": "ok",
  "advantage": -0.7086982776627615,
  "beta": 3647.662511441558,
  "n_response_tokens": 2570,
  "sandbox_stdout": "",
  "parent_value": 2.635967448934602,
  "parent_is_seed": false
}