{
  "step": 34,
  "group": 0,
  "rollout": 23,
  "reward": 2.466152689236886,
  "valid": true,
  "parsed": true,
  "ran": true,
  "msg": "ok",
  "advantage": 15.762411278888841,
  "beta": 67.45379404774611,
  "n_response_tokens": 2804,
  "sandbox_stdout": "",
  "parent_value": 2.4471547058281016,
  "parent_is_seed": false
}