{
  "step": 11,
  "group": 0,
  "rollout": 21,
  "reward": 2.6071391321389443,
  "raw_score": 2.6071391321389443,
  "valid": true,
  "parsed": true,
  "ran": true,
  "msg": "ok",
  "advantage": 8.440221331235623,
  "algo": "a2c",
  "value_baseline": -5.83308219909668,
  "n_response_tokens": 1824,
  "sandbox_stdout": "",
  "parent_value": 2.616508976238759,
  "parent_is_seed": false
}