{
  "step": 11,
  "group": 2,
  "rollout": 19,
  "reward": 2.4179586801562536,
  "raw_score": 2.4179586801562536,
  "valid": true,
  "parsed": true,
  "ran": true,
  "msg": "ok",
  "advantage": 8.251040879252933,
  "algo": "a2c",
  "value_baseline": -5.83308219909668,
  "n_response_tokens": 1799,
  "sandbox_stdout": "",
  "parent_value": 2.4179586801562536,
  "parent_is_seed": false
}