{
  "step": 11,
  "group": 3,
  "rollout": 1,
  "reward": 2.3433635369988983,
  "raw_score": 2.3433635369988983,
  "valid": true,
  "parsed": true,
  "ran": true,
  "msg": "ok",
  "advantage": 8.176445736095578,
  "algo": "a2c",
  "value_baseline": -5.83308219909668,
  "n_response_tokens": 1988,
  "sandbox_stdout": "",
  "parent_value": 2.4179586801562536,
  "parent_is_seed": false
}