{
  "step": 11,
  "group": 0,
  "rollout": 10,
  "reward": 2.6076559016974366,
  "raw_score": 2.6076559016974366,
  "valid": true,
  "parsed": true,
  "ran": true,
  "msg": "ok",
  "advantage": 8.440738100794116,
  "algo": "a2c",
  "value_baseline": -5.83308219909668,
  "n_response_tokens": 1690,
  "sandbox_stdout": "",
  "parent_value": 2.616508976238759,
  "parent_is_seed": false
}