{
  "step": 24,
  "group": 5,
  "rollout": 39,
  "reward": 2.6323260072568715,
  "raw_score": 2.6323260072568715,
  "valid": true,
  "parsed": true,
  "ran": true,
  "msg": "ok",
  "advantage": -1.0,
  "beta": 1048576.0,
  "n_response_tokens": 2029,
  "sandbox_stdout": "",
  "parent_value": 2.6359674489342155,
  "parent_is_seed": false
}