{
  "step": 24,
  "group": 2,
  "rollout": 14,
  "reward": 2.6359674489331204,
  "raw_score": 2.6359674489331204,
  "valid": true,
  "parsed": true,
  "ran": true,
  "msg": "ok",
  "advantage": 0.1666666666653056,
  "beta": 1048576.0,
  "n_response_tokens": 2155,
  "sandbox_stdout": "",
  "parent_value": 2.6359674489331204,
  "parent_is_seed": false
}