{
  "step": 24,
  "group": 1,
  "rollout": 25,
  "reward": 2.635967448933533,
  "raw_score": 2.635967448933533,
  "valid": true,
  "parsed": true,
  "ran": true,
  "msg": "ok",
  "advantage": 0.24101315955829983,
  "beta": 1048576.0,
  "n_response_tokens": 2196,
  "sandbox_stdout": "Invalid packing: Circle 2 at (2.450368563936631e-09,0.9999999975496314) r=0.9999999975496314 outside unit square\n",
  "parent_value": 2.635967448933533,
  "parent_is_seed": false
}