{
  "step": 24,
  "group": 5,
  "rollout": 32,
  "reward": 2.635967448864893,
  "raw_score": 2.635967448864893,
  "valid": true,
  "parsed": true,
  "ran": true,
  "msg": "ok",
  "advantage": 0.7904841066368586,
  "beta": 1048576.0,
  "n_response_tokens": 2635,
  "sandbox_stdout": "",
  "parent_value": 2.6359674489342155,
  "parent_is_seed": false
}