{
  "step": 24,
  "group": 4,
  "rollout": 20,
  "reward": 2.635312777067007,
  "raw_score": 2.635312777067007,
  "valid": true,
  "parsed": true,
  "ran": true,
  "msg": "ok",
  "advantage": 1.5392786614902105,
  "beta": 1.178341489973726,
  "n_response_tokens": 2061,
  "sandbox_stdout": "Invalid packing: Circle 2 at (0.47899420575608764,0.14579776550826473) r=0.1458018988436527 outside unit square\n",
  "parent_value": 2.635967448933534,
  "parent_is_seed": false
}