{
  "step": 24,
  "group": 1,
  "rollout": 6,
  "reward": 2.635967329157787,
  "raw_score": 2.635967329157787,
  "valid": true,
  "parsed": true,
  "ran": true,
  "msg": "ok",
  "advantage": 0.09200107827058002,
  "beta": 1048576.0,
  "n_response_tokens": 2433,
  "sandbox_stdout": "",
  "parent_value": 2.635967448933533,
  "parent_is_seed": false
}