{
  "step": 24,
  "group": 5,
  "rollout": 63,
  "reward": 2.63596744892789,
  "raw_score": 2.63596744892789,
  "valid": true,
  "parsed": true,
  "ran": true,
  "msg": "ok",
  "advantage": 0.7906057460032707,
  "beta": 1048576.0,
  "n_response_tokens": 2496,
  "sandbox_stdout": "Invalid packing: Circles 0 and 10 overlap\n",
  "parent_value": 2.6359674489342155,
  "parent_is_seed": false
}