{
  "step": 24,
  "group": 5,
  "rollout": 59,
  "reward": 2.6359674489329676,
  "raw_score": 2.6359674489329676,
  "valid": true,
  "parsed": true,
  "ran": true,
  "msg": "ok",
  "advantage": 0.7906155508545094,
  "beta": 1048576.0,
  "n_response_tokens": 2583,
  "sandbox_stdout": "Invalid packing: Circle 2 at (0.9216379986967608,0.8425760845357518) r=0.07836606055867285 outside unit square\n",
  "parent_value": 2.6359674489342155,
  "parent_is_seed": false
}