{
  "step": 4,
  "group": 1,
  "rollout": 17,
  "reward": 2.1666666666666643,
  "raw_score": 2.1666666666666643,
  "valid": true,
  "parsed": true,
  "ran": true,
  "msg": "ok",
  "advantage": 1.9577406654510208,
  "beta": 2.999240064014529,
  "n_response_tokens": 1663,
  "sandbox_stdout": "",
  "parent_value": 2.1666666666666665,
  "parent_is_seed": false
}