{
  "step": 4,
  "group": 3,
  "rollout": 12,
  "reward": 1.3000000000000003,
  "raw_score": 1.3000000000000003,
  "valid": true,
  "parsed": true,
  "ran": true,
  "msg": "ok",
  "advantage": -0.23782071798188298,
  "beta": 1.4686823396349185,
  "n_response_tokens": 1455,
  "sandbox_stdout": "",
  "parent_value": 2.166666484000107,
  "parent_is_seed": false
}