{
  "step": 4,
  "group": 3,
  "rollout": 11,
  "reward": 0.0,
  "raw_score": null,
  "valid": false,
  "parsed": true,
  "ran": true,
  "msg": "bad_centers_shape: (1, 2)",
  "advantage": -0.8901563255481342,
  "beta": 1.4686823396349185,
  "n_response_tokens": 1593,
  "sandbox_stdout": "differential_evolution step 1: f(x)= -17.869763401344755\ndifferential_evolution step 2: f(x)= -18.499585083825302\ndifferential_evolution step 3: f(x)= -18.934855823212725\ndifferential_evolution step 4: f(x)= -18.934855823212725\ndifferential_evolution step 5: f(x)= -19.227455567674042\ndifferential_evolution step 6: f(x)= -20.31031830906154\ndifferential_evolution step 7: f(x)= -20.31031830906154\ndifferential_evolution step 8: f(x)= -20.573659565262503\ndifferential_evolution step 9: f(x)= -20.573659565262503\ndifferential_evolution step 10: f(x)= -20.573659565262503\ndifferential_evolution step 11: f(x)= -20.573659565262503\ndifferential_evolution step 12: f(x)= -21.034160489282915\ndifferential_evolution step 13: f(x)= -21.034160489282915\ndifferential_evolution step 14: f(x)= -21.034160489282915\ndifferential_evolution step 15: f(x)= -21.034160489282915\ndifferential_evolution step 16: f(x)= -21.20136489602941\ndifferential_evolution step 17: f(x)= -21.20136489602941\ndifferential_evolution step 18: f(x)= -21.20136489602941\ndifferential_evolution step 19: f(x)= -21.20136489602941\ndifferential_evolution step 20: f(x)= -22.112563047597728\ndifferential_evolution step 21: f(x)= -22.548757233640725\ndifferential_evolution step 22: f(x)= -22.548757233640725\ndifferential_evolution step 23: f(x)= -22.548757233640725\ndifferential_evolution step 24: f(x)= -22.548757233640725\ndifferential_evolution step 25: f(x)= -22.548757233640725\ndifferential_evolution step 26: f(x)= -22.548757233640725\ndifferential_evolution step 27: f(x)= -22.74684522859459\ndifferential_evolution step 28: f(x)= -22.74684522859459\ndifferential_evolution step 29: f(x)= -22.74684522859459\ndifferential_evolution step 30: f(x)= -22.74684522859459\ndifferential_evolution step 31: f(x)= -22.74684522859459\ndifferential_evolution step 32: f(x)= -23.323404157540445\ndifferential_evolution step 33: f(x)= -23.323404157540445\ndifferential_evolution step 34: f(x)= -23.323404157540445\ndifferential_evolution step 35: f(x)= -23.323404",
  "parent_value": 2.166666484000107,
  "parent_is_seed": false
}