{
  "step": 4,
  "group": 1,
  "rollout": 22,
  "reward": 1.4999999999999996,
  "raw_score": 1.4999999999999996,
  "valid": true,
  "parsed": true,
  "ran": true,
  "msg": "ok",
  "advantage": -0.6395833481714228,
  "beta": 2.999240064014529,
  "n_response_tokens": 1565,
  "sandbox_stdout": "",
  "parent_value": 2.1666666666666665,
  "parent_is_seed": false
}