{
  "step": 4,
  "group": 1,
  "rollout": 15,
  "reward": 0.0,
  "raw_score": null,
  "valid": false,
  "parsed": true,
  "ran": true,
  "msg": "bad_centers_shape: (1, 2)",
  "advantage": -0.9960527329239424,
  "beta": 2.999240064014529,
  "n_response_tokens": 1614,
  "sandbox_stdout": "Validation Failed: Circle 3 at (1.1666666666666667,0.16666666666666666) r=0.0 outside unit square\n",
  "parent_value": 2.1666666666666665,
  "parent_is_seed": false
}