{
  "step": 4,
  "group": 0,
  "rollout": 14,
  "reward": 2.1666666666666665,
  "raw_score": 2.1666666666666665,
  "valid": true,
  "parsed": true,
  "ran": true,
  "msg": "ok",
  "advantage": 1.5602149666371599,
  "beta": 3.799968476265447,
  "n_response_tokens": 1380,
  "sandbox_stdout": "",
  "parent_value": 2.1666666666666665,
  "parent_is_seed": false
}