{
  "step": 4,
  "group": 2,
  "rollout": 20,
  "reward": 0.0,
  "raw_score": null,
  "valid": false,
  "parsed": true,
  "ran": true,
  "msg": "bad_centers_shape: (1, 2)",
  "advantage": -0.6992108965931423,
  "beta": 1.1679558204019345,
  "n_response_tokens": 1353,
  "sandbox_stdout": "Validation Failed: Circle 0 at (0.08088483664254364,0.035911414919678177) r=0.05 outside unit square\n",
  "parent_value": 2.1666665396798304,
  "parent_is_seed": false
}