{
  "step": 4,
  "group": 3,
  "rollout": 18,
  "reward": 2.1666665396798304,
  "raw_score": 2.1666665396798304,
  "valid": true,
  "parsed": true,
  "ran": true,
  "msg": "ok",
  "advantage": 1.9752676408320284,
  "beta": 1.4686823396349185,
  "n_response_tokens": 1655,
  "sandbox_stdout": "",
  "parent_value": 2.166666484000107,
  "parent_is_seed": false
}