{
  "step": 4,
  "group": 1,
  "rollout": 10,
  "reward": 0.0,
  "raw_score": null,
  "valid": false,
  "parsed": true,
  "ran": true,
  "msg": "bad_centers_shape: (1, 2)",
  "advantage": -0.9960527329239424,
  "beta": 2.999240064014529,
  "n_response_tokens": 1819,
  "sandbox_stdout": "Validation Failed: Circle 0 at (0.6396396396396397,1.0540540540540542) r=0.0 outside unit square\n",
  "parent_value": 2.1666666666666665,
  "parent_is_seed": false
}