{
  "step": 4,
  "group": 3,
  "rollout": 22,
  "reward": 0.0,
  "raw_score": null,
  "valid": false,
  "parsed": true,
  "ran": true,
  "msg": "bad_centers_shape: (1, 2)",
  "advantage": -0.8901563255481342,
  "beta": 1.4686823396349185,
  "n_response_tokens": 1409,
  "sandbox_stdout": "Validation Failed: Circle 0 at (0.3745401188473625,0.9507143064099162) r=0.05 outside unit square\n",
  "parent_value": 2.166666484000107,
  "parent_is_seed": false
}