{
  "step": 26,
  "group": 4,
  "rollout": 5,
  "reward": 2.63596744893208,
  "raw_score": 2.63596744893208,
  "valid": true,
  "parsed": true,
  "ran": true,
  "msg": "ok",
  "advantage": 0.7282688031856117,
  "beta": 1048576.0,
  "n_response_tokens": 2766,
  "sandbox_stdout": "",
  "parent_value": 2.6359674489375533,
  "parent_is_seed": false
}