{
  "step": 26,
  "group": 3,
  "rollout": 0,
  "reward": 2.635967448934673,
  "raw_score": 2.635967448934673,
  "valid": true,
  "parsed": true,
  "ran": true,
  "msg": "ok",
  "advantage": 0.907716250694159,
  "beta": 1048576.0,
  "n_response_tokens": 2527,
  "sandbox_stdout": "",
  "parent_value": 2.6359674549858605,
  "parent_is_seed": false
}