{
  "step": 26,
  "group": 5,
  "rollout": 34,
  "reward": 2.635967448934597,
  "raw_score": 2.635967448934597,
  "valid": true,
  "parsed": true,
  "ran": true,
  "msg": "ok",
  "advantage": 0.1666666666653056,
  "beta": 1048576.0,
  "n_response_tokens": 2275,
  "sandbox_stdout": "Invalid packing: Circle 0 at (0.17025784420160472,0.17025801615909705) r=0.17025824519238117 outside unit square\n",
  "parent_value": 2.635967448934597,
  "parent_is_seed": false
}