{
  "step": 26,
  "group": 3,
  "rollout": 56,
  "reward": 2.635967197809354,
  "raw_score": 2.635967197809354,
  "valid": true,
  "parsed": true,
  "ran": true,
  "msg": "ok",
  "advantage": 0.45586031307591557,
  "beta": 1048576.0,
  "n_response_tokens": 2360,
  "sandbox_stdout": "Invalid packing: Circle 1 at (0.6058174220181431,0.9272102884125443) r=0.1492456125205212 outside unit square\n",
  "parent_value": 2.6359674549858605,
  "parent_is_seed": false
}