{
  "step": 26,
  "group": 1,
  "rollout": 63,
  "reward": 2.635982930149548,
  "raw_score": 2.635982930149548,
  "valid": true,
  "parsed": true,
  "ran": true,
  "msg": "ok",
  "advantage": 0.18874955427744422,
  "beta": 1048576.0,
  "n_response_tokens": 2296,
  "sandbox_stdout": "Invalid packing: Circle 0 at (1.0,1.0) r=1.0 outside unit square\nInvalid packing: Circle 9 at (0.9200000270014602,0.0799999867534849) r=0.07999998261005405 outside unit square\n",
  "parent_value": 2.635982930149548,
  "parent_is_seed": false
}