{
  "step": 26,
  "group": 3,
  "rollout": 14,
  "reward": 2.6323260072582264,
  "raw_score": 2.6323260072582264,
  "valid": true,
  "parsed": true,
  "ran": true,
  "msg": "ok",
  "advantage": -1.0,
  "beta": 1048576.0,
  "n_response_tokens": 2359,
  "sandbox_stdout": "Invalid packing: Circle 1 at (1.0,0.9524507904738481) r=0.047077161948661704 outside unit square\n",
  "parent_value": 2.6359674549858605,
  "parent_is_seed": false
}