{
  "step": 26,
  "group": 0,
  "rollout": 16,
  "reward": 2.635967448933534,
  "raw_score": 2.635967448933534,
  "valid": true,
  "parsed": true,
  "ran": true,
  "msg": "ok",
  "advantage": 0.47093366462863506,
  "beta": 1048576.0,
  "n_response_tokens": 2013,
  "sandbox_stdout": "Invalid packing: Circle 6 has negative radius -1.0000000000152802e-06\n",
  "parent_value": 2.635967448933534,
  "parent_is_seed": false
}