{
  "step": 26,
  "group": 5,
  "rollout": 9,
  "reward": 2.635967448934597,
  "raw_score": 2.635967448934597,
  "valid": true,
  "parsed": true,
  "ran": true,
  "msg": "ok",
  "advantage": 0.1666666666653056,
  "beta": 1048576.0,
  "n_response_tokens": 2380,
  "sandbox_stdout": "",
  "parent_value": 2.635967448934597,
  "parent_is_seed": false
}