{
  "step": 26,
  "group": 4,
  "rollout": 39,
  "reward": 2.6359674488298275,
  "raw_score": 2.6359674488298275,
  "valid": true,
  "parsed": true,
  "ran": true,
  "msg": "ok",
  "advantage": 0.7280784265187059,
  "beta": 1048576.0,
  "n_response_tokens": 2509,
  "sandbox_stdout": "",
  "parent_value": 2.6359674489375533,
  "parent_is_seed": false
}