{
  "step": 26,
  "group": 3,
  "rollout": 34,
  "reward": 2.632326007258316,
  "raw_score": 2.632326007258316,
  "valid": true,
  "parsed": true,
  "ran": true,
  "msg": "ok",
  "advantage": -1.0,
  "beta": 1048576.0,
  "n_response_tokens": 2483,
  "sandbox_stdout": "Invalid packing: Circle 0 at (0.7650317953944569,0.8520334576670311) r=0.1737018121352423 outside unit square\nInvalid packing: Circle 0 at (1.0,0.0) r=1.0 outside unit square\n",
  "parent_value": 2.6359674549858605,
  "parent_is_seed": false
}