{
  "step": 26,
  "group": 4,
  "rollout": 52,
  "reward": 2.635967448922174,
  "raw_score": 2.635967448922174,
  "valid": true,
  "parsed": true,
  "ran": true,
  "msg": "ok",
  "advantage": 0.7282503592250087,
  "beta": 1048576.0,
  "n_response_tokens": 2596,
  "sandbox_stdout": "",
  "parent_value": 2.6359674489375533,
  "parent_is_seed": false
}