{
  "step": 26,
  "group": 7,
  "rollout": 10,
  "reward": 2.635967448933533,
  "raw_score": 2.635967448933533,
  "valid": true,
  "parsed": true,
  "ran": true,
  "msg": "ok",
  "advantage": 0.18868135222495042,
  "beta": 1048576.0,
  "n_response_tokens": 2272,
  "sandbox_stdout": "Invalid packing: Circle 9 at (0.49715140426393684,0.10729508689095549) r=0.10734761391018845 outside unit square\n",
  "parent_value": 2.635967448933533,
  "parent_is_seed": false
}