{
  "step": 26,
  "group": 4,
  "rollout": 60,
  "reward": 2.635967448797143,
  "raw_score": 2.635967448797143,
  "valid": true,
  "parsed": true,
  "ran": true,
  "msg": "ok",
  "advantage": 0.728017578027917,
  "beta": 1048576.0,
  "n_response_tokens": 2570,
  "sandbox_stdout": "",
  "parent_value": 2.6359674489375533,
  "parent_is_seed": false
}