{
  "step": 26,
  "group": 0,
  "rollout": 8,
  "reward": 2.6359674489313094,
  "raw_score": 2.6359674489313094,
  "valid": true,
  "parsed": true,
  "ran": true,
  "msg": "ok",
  "advantage": 0.4709301535776682,
  "beta": 1048576.0,
  "n_response_tokens": 2304,
  "sandbox_stdout": "Invalid packing: Circle 0 at (1.0,0.0) r=1.055 outside unit square\n",
  "parent_value": 2.635967448933534,
  "parent_is_seed": false
}