{
  "step": 26,
  "group": 4,
  "rollout": 8,
  "reward": 2.6359674449395563,
  "raw_score": 2.6359674449395563,
  "valid": true,
  "parsed": true,
  "ran": true,
  "msg": "ok",
  "advantage": 0.7208513705498152,
  "beta": 1048576.0,
  "n_response_tokens": 2738,
  "sandbox_stdout": "Invalid packing: Circle 1 at (1.0,1.0) r=1.0 outside unit square\n",
  "parent_value": 2.6359674489375533,
  "parent_is_seed": false
}