{
  "step": 27,
  "group": 5,
  "rollout": 57,
  "reward": 2.6323260072588424,
  "raw_score": 2.6323260072588424,
  "valid": true,
  "parsed": true,
  "ran": true,
  "msg": "ok",
  "advantage": -1.0,
  "beta": 266734.3374448105,
  "n_response_tokens": 2481,
  "sandbox_stdout": "",
  "parent_value": 2.6359674489337483,
  "parent_is_seed": false
}