{
  "step": 27,
  "group": 5,
  "rollout": 20,
  "reward": 2.632326007259597,
  "raw_score": 2.632326007259597,
  "valid": true,
  "parsed": true,
  "ran": true,
  "msg": "ok",
  "advantage": -1.0,
  "beta": 266734.3374448105,
  "n_response_tokens": 2424,
  "sandbox_stdout": "Invalid packing: Circle 0 at (0.4803530775440072,0.8158926043750007) r=0.18410935280409552 outside unit square\n",
  "parent_value": 2.6359674489337483,
  "parent_is_seed": false
}