{
  "step": 27,
  "group": 1,
  "rollout": 0,
  "reward": 2.6359669807113986,
  "raw_score": 2.6359669807113986,
  "valid": true,
  "parsed": true,
  "ran": true,
  "msg": "ok",
  "advantage": 0.21030104579643938,
  "beta": 1048576.0,
  "n_response_tokens": 2455,
  "sandbox_stdout": "Invalid packing: Circles 2 and 4 overlap\n",
  "parent_value": 2.635967448934673,
  "parent_is_seed": false
}