{
  "step": 27,
  "group": 5,
  "rollout": 0,
  "reward": 2.632326007258554,
  "raw_score": 2.632326007258554,
  "valid": true,
  "parsed": true,
  "ran": true,
  "msg": "ok",
  "advantage": -1.0,
  "beta": 266734.3374448105,
  "n_response_tokens": 2372,
  "sandbox_stdout": "Invalid packing: Circle 0 at (0.0,1.0) r=0.5215194961044183 outside unit square\n",
  "parent_value": 2.6359674489337483,
  "parent_is_seed": false
}