{
  "step": 27,
  "group": 6,
  "rollout": 41,
  "reward": 2.635967448933534,
  "raw_score": 2.635967448933534,
  "valid": true,
  "parsed": true,
  "ran": true,
  "msg": "ok",
  "advantage": 1.032258064511999,
  "beta": 1048576.0,
  "n_response_tokens": 2072,
  "sandbox_stdout": "",
  "parent_value": 2.635967448933534,
  "parent_is_seed": false
}