{
  "step": 27,
  "group": 1,
  "rollout": 59,
  "reward": 2.33254486293762,
  "raw_score": 2.33254486293762,
  "valid": true,
  "parsed": true,
  "ran": true,
  "msg": "ok",
  "advantage": -1.0,
  "beta": 1048576.0,
  "n_response_tokens": 2458,
  "sandbox_stdout": "Invalid packing: Circle 4 at (1.5695988845264812e-09,1.5695988845264812e-09) r=0.9999999984304012 outside unit square\nInvalid packing: Circle 0 at (0.03828051707252467,1.0) r=0.26659988143414204 outside unit square\n",
  "parent_value": 2.635967448934673,
  "parent_is_seed": false
}