{
  "step": 27,
  "group": 5,
  "rollout": 34,
  "reward": 2.6323260072581216,
  "raw_score": 2.6323260072581216,
  "valid": true,
  "parsed": true,
  "ran": true,
  "msg": "ok",
  "advantage": -1.0,
  "beta": 266734.3374448105,
  "n_response_tokens": 2329,
  "sandbox_stdout": "Invalid packing: Circle 3 at (0.13961092435392777,0.8595345653310529) r=0.14046444223554727 outside unit square\n",
  "parent_value": 2.6359674489337483,
  "parent_is_seed": false
}