{
  "step": 27,
  "group": 3,
  "rollout": 21,
  "reward": 2.635967448934597,
  "raw_score": 2.635967448934597,
  "valid": true,
  "parsed": true,
  "ran": true,
  "msg": "ok",
  "advantage": 0.18867924729726115,
  "beta": 1048576.0,
  "n_response_tokens": 2454,
  "sandbox_stdout": "Invalid packing: Circle 0 at (1.0,1.0) r=1.0 outside unit square\n",
  "parent_value": 2.635967448934597,
  "parent_is_seed": false
}