{
  "step": 27,
  "group": 1,
  "rollout": 44,
  "reward": 2.6359674489326475,
  "raw_score": 2.6359674489326475,
  "valid": true,
  "parsed": true,
  "ran": true,
  "msg": "ok",
  "advantage": 1.001881021134046,
  "beta": 1048576.0,
  "n_response_tokens": 2346,
  "sandbox_stdout": "",
  "parent_value": 2.635967448934673,
  "parent_is_seed": false
}