{
  "step": 27,
  "group": 1,
  "rollout": 48,
  "reward": 2.6359674489337017,
  "raw_score": 2.6359674489337017,
  "valid": true,
  "parsed": true,
  "ran": true,
  "msg": "ok",
  "advantage": 1.0018833044959008,
  "beta": 1048576.0,
  "n_response_tokens": 2501,
  "sandbox_stdout": "",
  "parent_value": 2.635967448934673,
  "parent_is_seed": false
}