{
  "step": 27,
  "group": 2,
  "rollout": 48,
  "reward": 2.635967448934619,
  "raw_score": 2.635967448934619,
  "valid": true,
  "parsed": true,
  "ran": true,
  "msg": "ok",
  "advantage": 0.12509555172443587,
  "beta": 1048576.0,
  "n_response_tokens": 2418,
  "sandbox_stdout": "",
  "parent_value": 2.635967448934597,
  "parent_is_seed": false
}