{
  "step": 27,
  "group": 1,
  "rollout": 22,
  "reward": 2.635967448933727,
  "raw_score": 2.635967448933727,
  "valid": true,
  "parsed": true,
  "ran": true,
  "msg": "ok",
  "advantage": 1.0018833593197018,
  "beta": 1048576.0,
  "n_response_tokens": 2471,
  "sandbox_stdout": "",
  "parent_value": 2.635967448934673,
  "parent_is_seed": false
}