{
  "step": 11,
  "group": 0,
  "rollout": 19,
  "reward": 2.3999999999999995,
  "raw_score": 2.3999999999999995,
  "valid": true,
  "parsed": true,
  "ran": true,
  "msg": "ok",
  "advantage": 0.4804267513286647,
  "algo": "ppo",
  "ppo_epochs": 4,
  "ppo_clip": 0.2,
  "n_response_tokens": 1955,
  "sandbox_stdout": "",
  "parent_value": 2.4535533905932736,
  "parent_is_seed": false
}