{
  "step": 11,
  "group": 3,
  "rollout": 13,
  "reward": 2.626846850573884,
  "raw_score": 2.626846850573884,
  "valid": true,
  "parsed": true,
  "ran": true,
  "msg": "ok",
  "advantage": -0.5227197960850638,
  "beta": 490.3829666049147,
  "n_response_tokens": 1418,
  "sandbox_stdout": "",
  "parent_value": 2.6310934327073388,
  "parent_is_seed": false
}