{
  "step": 11,
  "group": 4,
  "rollout": 62,
  "reward": 2.612518227941211,
  "raw_score": 2.612518227941211,
  "valid": true,
  "parsed": true,
  "ran": true,
  "msg": "ok",
  "advantage": -0.9999999998615479,
  "beta": 1269.1922988644212,
  "n_response_tokens": 1108,
  "sandbox_stdout": "",
  "parent_value": 2.6310933913853503,
  "parent_is_seed": false
}