{
  "step": 11,
  "group": 5,
  "rollout": 9,
  "reward": 0.0,
  "raw_score": 0.0,
  "valid": true,
  "parsed": true,
  "ran": true,
  "msg": "ok",
  "advantage": -1.0,
  "beta": 245.7805066100698,
  "n_response_tokens": 1583,
  "sandbox_stdout": "Invalid packing: Circle 0 at (0.08545626623530167,0.0854562662353021) r=1.0 outside unit square\nInvalid packing: Circle 0 at (0.06674928706339166,0.06674928706339359) r=1.0 outside unit square\nInvalid packing: Circle 0 at (0.28332568655363644,0.39006605463083766) r=1.0 outside unit square\nInvalid packing: Circle 0 at (0.07214552508755513,0.07214552508638543) r=1.0 outside unit square\n",
  "parent_value": 2.6310919842511287,
  "parent_is_seed": false
}