{
  "step": 11,
  "group": 5,
  "rollout": 45,
  "reward": 0.0,
  "raw_score": 0.0,
  "valid": true,
  "parsed": true,
  "ran": true,
  "msg": "ok",
  "advantage": -1.0,
  "beta": 245.7805066100698,
  "n_response_tokens": 1998,
  "sandbox_stdout": "Invalid packing: Circle 0 at (0.9998718247428084,0.9980787330766496) r=0.9999108379954875 outside unit square\nInvalid packing: Circle 0 at (0.4222354773571,0.046288084477210605) r=0.993647857137268 outside unit square\nInvalid packing: Circle 0 at (0.00401152214614719,0.999999774725223) r=0.9999813431389759 outside unit square\nInvalid packing: Circle 0 at (0.3671930644525446,0.0001794897024234198) r=1.0 outside unit square\nInvalid packing: Circle 0 at (0.9993992852053115,0.035926084664531135) r=1.0 outside unit square\nInvalid packing: Circle 0 at (0.9993992852053115,0.035926084664531135) r=1.0 outside unit square\n",
  "parent_value": 2.6310919842511287,
  "parent_is_seed": false
}