{
  "step": 11,
  "group": 3,
  "rollout": 60,
  "reward": 2.626293546708484,
  "raw_score": 2.626293546708484,
  "valid": true,
  "parsed": true,
  "ran": true,
  "msg": "ok",
  "advantage": -0.6367925070858238,
  "beta": 490.3829666049147,
  "n_response_tokens": 1632,
  "sandbox_stdout": "",
  "parent_value": 2.6310934327073388,
  "parent_is_seed": false
}