{
  "step": 11,
  "group": 3,
  "rollout": 52,
  "reward": 2.6302146451063884,
  "raw_score": 2.6302146451063884,
  "valid": true,
  "parsed": true,
  "ran": true,
  "msg": "ok",
  "advantage": 1.5710377033074674,
  "beta": 490.3829666049147,
  "n_response_tokens": 1719,
  "sandbox_stdout": "",
  "parent_value": 2.6310934327073388,
  "parent_is_seed": false
}