{
  "step": 11,
  "group": 5,
  "rollout": 16,
  "reward": 2.621379292055579,
  "raw_score": 2.621379292055579,
  "valid": true,
  "parsed": true,
  "ran": true,
  "msg": "ok",
  "advantage": -0.7826598859021627,
  "beta": 245.7805066100698,
  "n_response_tokens": 2048,
  "sandbox_stdout": "",
  "parent_value": 2.6310919842511287,
  "parent_is_seed": false
}