{
  "step": 11,
  "group": 3,
  "rollout": 16,
  "reward": 2.630214644762674,
  "raw_score": 2.630214644762674,
  "valid": true,
  "parsed": true,
  "ran": true,
  "msg": "ok",
  "advantage": 1.5710372522696003,
  "beta": 490.3829666049147,
  "n_response_tokens": 1311,
  "sandbox_stdout": "",
  "parent_value": 2.6310934327073388,
  "parent_is_seed": false
}