{
  "step": 11,
  "group": 7,
  "rollout": 56,
  "reward": 2.6281967900017693,
  "raw_score": 2.6281967900017693,
  "valid": true,
  "parsed": true,
  "ran": true,
  "msg": "ok",
  "advantage": 1.4983054887437048,
  "beta": 124.06631374967333,
  "n_response_tokens": 1567,
  "sandbox_stdout": "",
  "parent_value": 2.631077958017691,
  "parent_is_seed": false
}