{
  "step": 11,
  "group": 6,
  "rollout": 32,
  "reward": 2.624657240972714,
  "raw_score": 2.624657240972714,
  "valid": true,
  "parsed": true,
  "ran": true,
  "msg": "ok",
  "advantage": 0.6136052714180713,
  "beta": 75.53984237777122,
  "n_response_tokens": 1559,
  "sandbox_stdout": "",
  "parent_value": 2.63107795802592,
  "parent_is_seed": false
}