{
  "step": 11,
  "group": 6,
  "rollout": 17,
  "reward": 0.0,
  "raw_score": null,
  "valid": false,
  "parsed": true,
  "ran": true,
  "msg": "Circle 0 at (0.8532875415125071,0.16102902338709013) r=1.0 outside unit square",
  "advantage": -1.0,
  "beta": 75.53984237777122,
  "n_response_tokens": 1817,
  "sandbox_stdout": "",
  "parent_value": 2.63107795802592,
  "parent_is_seed": false
}