{
  "step": 11,
  "group": 5,
  "rollout": 29,
  "reward": 2.5660385402809873,
  "raw_score": 2.5660385402809873,
  "valid": true,
  "parsed": true,
  "ran": true,
  "msg": "ok",
  "advantage": -0.9999997317680419,
  "beta": 245.7805066100698,
  "n_response_tokens": 1675,
  "sandbox_stdout": "Invalid packing: Circle 0 at (0.0,0.0) r=1.0 outside unit square\n",
  "parent_value": 2.6310919842511287,
  "parent_is_seed": false
}