{
  "step": 11,
  "group": 4,
  "rollout": 32,
  "reward": 2.593957264283023,
  "raw_score": 2.593957264283023,
  "valid": true,
  "parsed": true,
  "ran": true,
  "msg": "ok",
  "advantage": -1.0,
  "beta": 1269.1922988644212,
  "n_response_tokens": 2007,
  "sandbox_stdout": "",
  "parent_value": 2.6310933913853503,
  "parent_is_seed": false
}