{
  "step": 11,
  "group": 5,
  "rollout": 58,
  "reward": 2.6195077443233474,
  "raw_score": 2.6195077443233474,
  "valid": true,
  "parsed": true,
  "ran": true,
  "msg": "ok",
  "advantage": -0.8629696629746996,
  "beta": 245.7805066100698,
  "n_response_tokens": 1890,
  "sandbox_stdout": "",
  "parent_value": 2.6310919842511287,
  "parent_is_seed": false
}