{
  "step": 11,
  "group": 3,
  "rollout": 8,
  "reward": 2.6310934327966593,
  "raw_score": 2.6310934327966593,
  "valid": true,
  "parsed": true,
  "ran": true,
  "msg": "ok",
  "advantage": 3.045002121252418,
  "beta": 490.3829666049147,
  "n_response_tokens": 1473,
  "sandbox_stdout": "",
  "parent_value": 2.6310934327073388,
  "parent_is_seed": false
}