{
  "step": 11,
  "group": 1,
  "rollout": 27,
  "reward": 2.6323260072585617,
  "raw_score": 2.6323260072585617,
  "valid": true,
  "parsed": true,
  "ran": true,
  "msg": "ok",
  "advantage": 1.3527115317347898,
  "beta": 487.1272219990986,
  "n_response_tokens": 2248,
  "sandbox_stdout": "",
  "parent_value": 2.6323260072585617,
  "parent_is_seed": false
}