{
  "step": 11,
  "group": 2,
  "rollout": 17,
  "reward": 2.6258789434208802,
  "raw_score": 2.6258789434208802,
  "valid": true,
  "parsed": true,
  "ran": true,
  "msg": "ok",
  "advantage": 1.0074903584342452,
  "beta": 222.9958809291849,
  "n_response_tokens": 1928,
  "sandbox_stdout": "",
  "parent_value": 2.6313341923025657,
  "parent_is_seed": false
}