{
  "step": 11,
  "group": 7,
  "rollout": 28,
  "reward": 2.6278310021640707,
  "raw_score": 2.6278310021640707,
  "valid": true,
  "parsed": true,
  "ran": true,
  "msg": "ok",
  "advantage": 1.383268511237207,
  "beta": 124.06631374967333,
  "n_response_tokens": 1441,
  "sandbox_stdout": "",
  "parent_value": 2.631077958017691,
  "parent_is_seed": false
}