{
  "step": 11,
  "group": 3,
  "rollout": 4,
  "reward": 2.627374855182647,
  "raw_score": 2.627374855182647,
  "valid": true,
  "parsed": true,
  "ran": true,
  "msg": "ok",
  "advantage": -0.38027881928631435,
  "beta": 490.3829666049147,
  "n_response_tokens": 1420,
  "sandbox_stdout": "",
  "parent_value": 2.6310934327073388,
  "parent_is_seed": false
}