{
  "step": 11,
  "group": 0,
  "rollout": 4,
  "reward": 2.5897283178310735,
  "raw_score": 2.5897283178310735,
  "valid": true,
  "parsed": true,
  "ran": true,
  "msg": "ok",
  "advantage": -1.0,
  "beta": 1072.3728211974271,
  "n_response_tokens": 1998,
  "sandbox_stdout": "Invalid packing: Circle 0 at (0.0,1.0) r=1.0 outside unit square\nInvalid packing: Circle 1 at (0.5933911232033352,0.10311558335255241) r=0.1228099925495445 outside unit square\n",
  "parent_value": 2.6323260072585617,
  "parent_is_seed": false
}