{
  "step": 11,
  "group": 0,
  "rollout": 46,
  "reward": 0.0,
  "raw_score": 0.0,
  "valid": true,
  "parsed": true,
  "ran": true,
  "msg": "ok",
  "advantage": -1.0,
  "beta": 1072.3728211974271,
  "n_response_tokens": 2227,
  "sandbox_stdout": "Invalid packing: Circle 25 at (0.07999999999999999,1.0) r=0.04799999999999999 outside unit square\nInvalid packing: Circle 1 at (0.06310174349215228,0.714700450206589) r=1.0 outside unit square\nInvalid packing: Circle 1 at (0.0014801744311645172,0.004785809615381664) r=1.0 outside unit square\nInvalid packing: Circle 0 at (3.615086547483422e-08,0.5061912183822499) r=1.0 outside unit square\n",
  "parent_value": 2.6323260072585617,
  "parent_is_seed": false
}