{
  "step": 11,
  "group": 2,
  "rollout": 53,
  "reward": 2.625483643907751,
  "raw_score": 2.625483643907751,
  "valid": true,
  "parsed": true,
  "ran": true,
  "msg": "ok",
  "advantage": 0.8331763156143324,
  "beta": 222.9958809291849,
  "n_response_tokens": 1929,
  "sandbox_stdout": "",
  "parent_value": 2.6313341923025657,
  "parent_is_seed": false
}