{
  "step": 11,
  "group": 1,
  "rollout": 63,
  "reward": 2.6190360608040706,
  "raw_score": 2.6190360608040706,
  "valid": true,
  "parsed": true,
  "ran": true,
  "msg": "ok",
  "advantage": -0.9964997988428811,
  "beta": 487.1272219990986,
  "n_response_tokens": 2482,
  "sandbox_stdout": "",
  "parent_value": 2.6323260072585617,
  "parent_is_seed": false
}