{
  "step": 11,
  "group": 2,
  "rollout": 16,
  "reward": 2.6165375519478067,
  "raw_score": 2.6165375519478067,
  "valid": true,
  "parsed": true,
  "ran": true,
  "msg": "ok",
  "advantage": -0.7567634289765364,
  "beta": 222.9958809291849,
  "n_response_tokens": 1860,
  "sandbox_stdout": "",
  "parent_value": 2.6313341923025657,
  "parent_is_seed": false
}