{
  "step": 2,
  "group": 1,
  "rollout": 19,
  "reward": 0.0,
  "raw_score": null,
  "valid": false,
  "parsed": true,
  "ran": false,
  "msg": "run_failed: Packing is invalid: Circle 0 at (1.2132277034144596,1.2132277034144596) r=1.1632277034144596 outside unit square",
  "advantage": -0.7995798963825036,
  "beta": 1.2983075612978694,
  "n_response_tokens": 1552,
  "sandbox_stdout": "",
  "parent_value": 2.0833333333333335,
  "parent_is_seed": false
}