{
  "step": 2,
  "group": 0,
  "rollout": 23,
  "reward": 1.4365442749244304,
  "raw_score": 1.4365442749244304,
  "valid": true,
  "parsed": true,
  "ran": true,
  "msg": "ok",
  "advantage": 1.783377334019729,
  "beta": 1.2274510306607824,
  "n_response_tokens": 1651,
  "sandbox_stdout": "",
  "parent_value": 2.0833333333333335,
  "parent_is_seed": false
}