{
  "step": 4,
  "group": 3,
  "rollout": 22,
  "reward": 1.5454545454546063,
  "raw_score": 1.5454545454546063,
  "valid": true,
  "parsed": true,
  "ran": true,
  "msg": "ok",
  "advantage": 14.282544656233416,
  "algo": "a2c",
  "value_baseline": -12.737090110778809,
  "n_response_tokens": 1401,
  "sandbox_stdout": "",
  "parent_value": 1.8155273291282832,
  "parent_is_seed": false
}