{
  "step": 4,
  "group": 0,
  "rollout": 17,
  "reward": 0.0,
  "raw_score": null,
  "valid": false,
  "parsed": true,
  "ran": true,
  "msg": "bad_centers_shape: (0,)",
  "advantage": 12.732268333435059,
  "algo": "a2c",
  "value_baseline": -12.732268333435059,
  "n_response_tokens": 2183,
  "sandbox_stdout": "Validation failed: Circle 2 at (0.10733170893987468,0.8917498605445665) r=0.1074358653378662 outside unit square\n",
  "parent_value": 2.1406560313721417,
  "parent_is_seed": false
}