{
  "step": 4,
  "group": 2,
  "rollout": 18,
  "reward": 2.0943385701725363,
  "raw_score": 2.0943385701725363,
  "valid": true,
  "parsed": true,
  "ran": true,
  "msg": "ok",
  "advantage": 14.829782639081227,
  "algo": "a2c",
  "value_baseline": -12.735444068908691,
  "n_response_tokens": 1588,
  "sandbox_stdout": "",
  "parent_value": 2.0943385701718458,
  "parent_is_seed": false
}