{
  "step": 4,
  "group": 3,
  "rollout": 12,
  "reward": 0.8524445503517499,
  "raw_score": 0.8524445503517499,
  "valid": true,
  "parsed": true,
  "ran": true,
  "msg": "ok",
  "advantage": 13.589534661130559,
  "algo": "a2c",
  "value_baseline": -12.737090110778809,
  "n_response_tokens": 1231,
  "sandbox_stdout": "",
  "parent_value": 1.8155273291282832,
  "parent_is_seed": false
}