{
  "step": 4,
  "group": 0,
  "rollout": 10,
  "reward": 0.0,
  "raw_score": null,
  "valid": false,
  "parsed": true,
  "ran": true,
  "msg": "bad_centers_shape: (0,)",
  "advantage": 12.732268333435059,
  "algo": "a2c",
  "value_baseline": -12.732268333435059,
  "n_response_tokens": 1747,
  "sandbox_stdout": "Validation failed: Circle 0 at (0.12698477684848822,0.11809081688587542) r=0.11870598402775445 outside unit square\n",
  "parent_value": 2.1406560313721417,
  "parent_is_seed": false
}