{
  "step": 4,
  "group": 1,
  "rollout": 21,
  "reward": 0.0,
  "raw_score": null,
  "valid": false,
  "parsed": true,
  "ran": true,
  "msg": "bad_centers_shape: (0,)",
  "advantage": 12.733138084411621,
  "algo": "a2c",
  "value_baseline": -12.733138084411621,
  "n_response_tokens": 2357,
  "sandbox_stdout": "Validation failed: Circle 7 at (0.6641592607781157,0.057542253060518245) r=0.058074041334362364 outside unit square\n",
  "parent_value": 2.1406560313721417,
  "parent_is_seed": false
}