{
  "step": 4,
  "group": 1,
  "rollout": 6,
  "reward": 0.0,
  "raw_score": null,
  "valid": false,
  "parsed": true,
  "ran": true,
  "msg": "bad_centers_shape: (0,)",
  "advantage": 12.733138084411621,
  "algo": "a2c",
  "value_baseline": -12.733138084411621,
  "n_response_tokens": 2021,
  "sandbox_stdout": "Validation failed: Circle 5 at (0.6135849471185091,0.11252451244532387) r=0.11253894834495047 outside unit square\n",
  "parent_value": 2.1406560313721417,
  "parent_is_seed": false
}