{
  "step": 4,
  "group": 3,
  "rollout": 15,
  "reward": 2.0763347248703847,
  "raw_score": 2.0763347248703847,
  "valid": true,
  "parsed": true,
  "ran": true,
  "msg": "ok",
  "advantage": 14.813424835649194,
  "algo": "a2c",
  "value_baseline": -12.737090110778809,
  "n_response_tokens": 1462,
  "sandbox_stdout": "",
  "parent_value": 1.8155273291282832,
  "parent_is_seed": false
}