{
  "step": 5,
  "group": 1,
  "rollout": 26,
  "reward": 2.631093589098471,
  "raw_score": 2.631093589098471,
  "valid": true,
  "parsed": true,
  "ran": true,
  "msg": "ok",
  "advantage": 1.5310452216327977,
  "beta": 11.283125900410129,
  "n_response_tokens": 1736,
  "sandbox_stdout": "",
  "parent_value": 2.6282124181496993,
  "parent_is_seed": false
}