{
  "step": 14,
  "group": 5,
  "rollout": 49,
  "reward": 2.6323260072585617,
  "raw_score": 2.6323260072585617,
  "valid": true,
  "parsed": true,
  "ran": true,
  "msg": "ok",
  "advantage": 1.3772283306139954,
  "beta": 301.5609584819325,
  "n_response_tokens": 2077,
  "sandbox_stdout": "Invalid packing: Circle 25 at (0.07999999999999999,1.0) r=0.04799999999999999 outside unit square\n",
  "parent_value": 2.6323260072585617,
  "parent_is_seed": false
}