{
  "step": 14,
  "group": 4,
  "rollout": 54,
  "reward": 2.6323260072585617,
  "raw_score": 2.6323260072585617,
  "valid": true,
  "parsed": true,
  "ran": true,
  "msg": "ok",
  "advantage": 0.3954026888627158,
  "beta": 753.565594549526,
  "n_response_tokens": 1819,
  "sandbox_stdout": "",
  "parent_value": 2.6323260072585617,
  "parent_is_seed": false
}