{
  "step": 14,
  "group": 0,
  "rollout": 8,
  "reward": 2.621873782375685,
  "raw_score": 2.621873782375685,
  "valid": true,
  "parsed": true,
  "ran": true,
  "msg": "ok",
  "advantage": 3.930053228543936,
  "beta": 0.9339634384227647,
  "n_response_tokens": 1740,
  "sandbox_stdout": "",
  "parent_value": 2.6359674489314338,
  "parent_is_seed": false
}