{
  "step": 14,
  "group": 0,
  "rollout": 20,
  "reward": 2.622942527822399,
  "raw_score": 2.622942527822399,
  "valid": true,
  "parsed": true,
  "ran": true,
  "msg": "ok",
  "advantage": 3.9353624137545076,
  "beta": 0.9339634384227647,
  "n_response_tokens": 1670,
  "sandbox_stdout": "",
  "parent_value": 2.6359674489314338,
  "parent_is_seed": false
}