{
  "step": 14,
  "group": 0,
  "rollout": 32,
  "reward": 2.6210533658912447,
  "raw_score": 2.6210533658912447,
  "valid": true,
  "parsed": true,
  "ran": true,
  "msg": "ok",
  "advantage": 3.925981818341203,
  "beta": 0.9339634384227647,
  "n_response_tokens": 1813,
  "sandbox_stdout": "",
  "parent_value": 2.6359674489314338,
  "parent_is_seed": false
}