{
  "step": 14,
  "group": 1,
  "rollout": 3,
  "reward": 2.6089519977742843,
  "raw_score": 2.6089519977742843,
  "valid": true,
  "parsed": true,
  "ran": true,
  "msg": "ok",
  "advantage": -0.9996361994715265,
  "beta": 372.74910916234523,
  "n_response_tokens": 2117,
  "sandbox_stdout": "Invalid packing: Circle 0 at (1.0,1.0) r=1.0 outside unit square\nInvalid packing: Circle 1 at (0.0,0.0) r=1.0 outside unit square\n",
  "parent_value": 2.6323260072585617,
  "parent_is_seed": false
}