{
  "step": 14,
  "group": 5,
  "rollout": 48,
  "reward": 2.6208977663712876,
  "raw_score": 2.6208977663712876,
  "valid": true,
  "parsed": true,
  "ran": true,
  "msg": "ok",
  "advantage": -0.9269240560861891,
  "beta": 301.5609584819325,
  "n_response_tokens": 2349,
  "sandbox_stdout": "Invalid packing: Circle 1 at (0.9554492142237849,0.0) r=0.9552920015596957 outside unit square\n",
  "parent_value": 2.6323260072585617,
  "parent_is_seed": false
}