{
  "step": 14,
  "group": 1,
  "rollout": 57,
  "reward": 2.6208977626598586,
  "raw_score": 2.6208977626598586,
  "valid": true,
  "parsed": true,
  "ran": true,
  "msg": "ok",
  "advantage": -0.9687470478626994,
  "beta": 372.74910916234523,
  "n_response_tokens": 2399,
  "sandbox_stdout": "Invalid packing: Circle 2 at (0.9732516389373563,0.9732537754701143) r=0.026747079178198574 outside unit square\n",
  "parent_value": 2.6323260072585617,
  "parent_is_seed": false
}