{
  "step": 14,
  "group": 5,
  "rollout": 60,
  "reward": 2.6097938591401215,
  "raw_score": 2.6097938591401215,
  "valid": true,
  "parsed": true,
  "ran": true,
  "msg": "ok",
  "advantage": -0.9974352121462264,
  "beta": 301.5609584819325,
  "n_response_tokens": 2435,
  "sandbox_stdout": "",
  "parent_value": 2.6323260072585617,
  "parent_is_seed": false
}