{
  "step": 14,
  "group": 1,
  "rollout": 59,
  "reward": 2.608163944885584,
  "raw_score": 2.608163944885584,
  "valid": true,
  "parsed": true,
  "ran": true,
  "msg": "ok",
  "advantage": -0.9997287995442224,
  "beta": 372.74910916234523,
  "n_response_tokens": 2233,
  "sandbox_stdout": "",
  "parent_value": 2.6323260072585617,
  "parent_is_seed": false
}