{
  "step": 14,
  "group": 2,
  "rollout": 44,
  "reward": 2.6323260072585617,
  "raw_score": 2.6323260072585617,
  "valid": true,
  "parsed": true,
  "ran": true,
  "msg": "ok",
  "advantage": 1.1978312474695167,
  "beta": 511.33918848405295,
  "n_response_tokens": 2427,
  "sandbox_stdout": "Invalid packing: Circle 1 at (0.0,1.0) r=1.0 outside unit square\n",
  "parent_value": 2.6323260072585617,
  "parent_is_seed": false
}