{
  "step": 14,
  "group": 1,
  "rollout": 53,
  "reward": 2.632326007258387,
  "raw_score": 2.632326007258387,
  "valid": true,
  "parsed": true,
  "ran": true,
  "msg": "ok",
  "advantage": 1.2920964212902892,
  "beta": 372.74910916234523,
  "n_response_tokens": 2098,
  "sandbox_stdout": "Invalid packing: Circle 0 at (0.0,0.5730759121080949) r=1.0 outside unit square\n",
  "parent_value": 2.6323260072585617,
  "parent_is_seed": false
}