{
  "step": 15,
  "group": 0,
  "rollout": 6,
  "reward": 2.6298370788885137,
  "raw_score": 2.6298370788885137,
  "valid": true,
  "parsed": true,
  "ran": true,
  "msg": "ok",
  "advantage": 1.1347384302668986,
  "beta": 3.5188433931459593,
  "n_response_tokens": 2239,
  "sandbox_stdout": "",
  "parent_value": 2.6298370788885137,
  "parent_is_seed": false
}