{
  "step": 15,
  "group": 2,
  "rollout": 13,
  "reward": 2.629837078888227,
  "raw_score": 2.629837078888227,
  "valid": true,
  "parsed": true,
  "ran": true,
  "msg": "ok",
  "advantage": 0.9166663671490269,
  "beta": 1048576.0,
  "n_response_tokens": 2352,
  "sandbox_stdout": "",
  "parent_value": 2.6298370788884,
  "parent_is_seed": false
}