{
  "step": 15,
  "group": 1,
  "rollout": 20,
  "reward": 2.6066903030501605,
  "raw_score": 2.6066903030501605,
  "valid": true,
  "parsed": true,
  "ran": true,
  "msg": "ok",
  "advantage": 1.1832570185340452,
  "beta": 1.6189633784282835,
  "n_response_tokens": 2536,
  "sandbox_stdout": "",
  "parent_value": 2.6298370788885137,
  "parent_is_seed": false
}