{
  "step": 15,
  "group": 2,
  "rollout": 12,
  "reward": 2.6298370788883205,
  "raw_score": 2.6298370788883205,
  "valid": true,
  "parsed": true,
  "ran": true,
  "msg": "ok",
  "advantage": 0.9166665711636222,
  "beta": 1048576.0,
  "n_response_tokens": 3286,
  "sandbox_stdout": "",
  "parent_value": 2.6298370788884,
  "parent_is_seed": false
}