{
  "step": 15,
  "group": 3,
  "rollout": 3,
  "reward": 2.6298370788884,
  "raw_score": 2.6298370788884,
  "valid": true,
  "parsed": true,
  "ran": true,
  "msg": "ok",
  "advantage": 2.2069571762487574,
  "beta": 1.0163683825421999,
  "n_response_tokens": 2276,
  "sandbox_stdout": "",
  "parent_value": 2.6298370788884,
  "parent_is_seed": false
}