{
  "step": 0,
  "group": 6,
  "rollout": 20,
  "reward": 0.0,
  "raw_score": null,
  "valid": false,
  "parsed": true,
  "ran": true,
  "msg": "Circle 0 at (0.4,0.41339745962155616) r=12207031.100000063 outside unit square",
  "advantage": -0.3060581869150919,
  "beta": 1.8117020377566844,
  "n_response_tokens": 1413,
  "sandbox_stdout": "",
  "parent_value": 0.0,
  "parent_is_seed": true
}