{
  "step": 18,
  "group": 3,
  "rollout": 4,
  "reward": 2.5912197341306893,
  "raw_score": 2.5912197341306893,
  "valid": true,
  "parsed": true,
  "ran": true,
  "msg": "ok",
  "advantage": 1.2683482875211922,
  "algo": "a2c",
  "value_baseline": 1.322871446609497,
  "n_response_tokens": 1950,
  "sandbox_stdout": "",
  "parent_value": 2.6285702647754943,
  "parent_is_seed": false
}