{
  "step": 6,
  "group": 0,
  "rollout": 56,
  "reward": 2.6172027055326357,
  "raw_score": 2.6172027055326357,
  "valid": true,
  "parsed": true,
  "ran": true,
  "msg": "ok",
  "advantage": 1.1201053464171449,
  "beta": 2.042546167268219,
  "n_response_tokens": 1316,
  "sandbox_stdout": "",
  "parent_value": 2.624920351844854,
  "parent_is_seed": false
}