{
  "step": 6,
  "group": 7,
  "rollout": 50,
  "reward": 2.6220589624090134,
  "raw_score": 2.6220589624090134,
  "valid": true,
  "parsed": true,
  "ran": true,
  "msg": "ok",
  "advantage": -0.9702851135393702,
  "beta": 551.6381221945699,
  "n_response_tokens": 1800,
  "sandbox_stdout": "",
  "parent_value": 2.6297131710577433,
  "parent_is_seed": false
}