{
  "step": 6,
  "group": 7,
  "rollout": 3,
  "reward": 2.629728644497369,
  "raw_score": 2.629728644497369,
  "valid": true,
  "parsed": true,
  "ran": true,
  "msg": "ok",
  "advantage": 1.111234224364515,
  "beta": 551.6381221945699,
  "n_response_tokens": 1840,
  "sandbox_stdout": "",
  "parent_value": 2.6297131710577433,
  "parent_is_seed": false
}