{
  "step": 6,
  "group": 2,
  "rollout": 38,
  "reward": 2.6263278690999625,
  "raw_score": 2.6263278690999625,
  "valid": true,
  "parsed": true,
  "ran": true,
  "msg": "ok",
  "advantage": -0.7594077203332753,
  "beta": 486.66074589233637,
  "n_response_tokens": 2258,
  "sandbox_stdout": "",
  "parent_value": 2.631334137554158,
  "parent_is_seed": false
}