{
  "step": 6,
  "group": 7,
  "rollout": 21,
  "reward": 0.0,
  "raw_score": 0.0,
  "valid": true,
  "parsed": true,
  "ran": true,
  "msg": "ok",
  "advantage": -1.0,
  "beta": 551.6381221945699,
  "n_response_tokens": 1947,
  "sandbox_stdout": "Invalid packing: Circle 0 at (0.0721459099954426,0.07214590999502403) r=1.0 outside unit square\nInvalid packing: Circle 0 at (0.22554215794359891,0.27368847207725994) r=1.0 outside unit square\nInvalid packing: Circle 0 at (0.2570439581405516,0.334667449952675) r=1.0 outside unit square\nInvalid packing: Circle 0 at (0.3057527445662946,0.23530350438946254) r=1.0 outside unit square\n",
  "parent_value": 2.6297131710577433,
  "parent_is_seed": false
}