{
  "step": 6,
  "group": 4,
  "rollout": 39,
  "reward": 2.6280673599752995,
  "raw_score": 2.6280673599752995,
  "valid": true,
  "parsed": true,
  "ran": true,
  "msg": "ok",
  "advantage": 1.27840927301779,
  "beta": 1.578343394606049,
  "n_response_tokens": 1617,
  "sandbox_stdout": "",
  "parent_value": 2.6310779685753896,
  "parent_is_seed": false
}