{
  "step": 6,
  "group": 3,
  "rollout": 29,
  "reward": 2.546764273600978,
  "raw_score": 2.546764273600978,
  "valid": true,
  "parsed": true,
  "ran": true,
  "msg": "ok",
  "advantage": 1.6149088320856908,
  "beta": 1.0831039667609328,
  "n_response_tokens": 1462,
  "sandbox_stdout": "",
  "parent_value": 2.63107796985997,
  "parent_is_seed": false
}