{
  "step": 6,
  "group": 7,
  "rollout": 0,
  "reward": 2.621461610858455,
  "raw_score": 2.621461610858455,
  "valid": true,
  "parsed": true,
  "ran": true,
  "msg": "ok",
  "advantage": -0.9786298763095598,
  "beta": 551.6381221945699,
  "n_response_tokens": 1867,
  "sandbox_stdout": "",
  "parent_value": 2.6297131710577433,
  "parent_is_seed": false
}