{
  "step": 6,
  "group": 5,
  "rollout": 15,
  "reward": 2.5857568775707067,
  "raw_score": 2.5857568775707067,
  "valid": true,
  "parsed": true,
  "ran": true,
  "msg": "ok",
  "advantage": -0.957309532592093,
  "beta": 104.56275320711272,
  "n_response_tokens": 1243,
  "sandbox_stdout": "",
  "parent_value": 2.6301991711942496,
  "parent_is_seed": false
}