{
  "step": 6,
  "group": 2,
  "rollout": 37,
  "reward": 2.6084317869074036,
  "raw_score": 2.6084317869074036,
  "valid": true,
  "parsed": true,
  "ran": true,
  "msg": "ok",
  "advantage": -0.9999604436094708,
  "beta": 486.66074589233637,
  "n_response_tokens": 1726,
  "sandbox_stdout": "",
  "parent_value": 2.631334137554158,
  "parent_is_seed": false
}