{
  "step": 6,
  "group": 3,
  "rollout": 10,
  "reward": 2.621033110705306,
  "raw_score": 2.621033110705306,
  "valid": true,
  "parsed": true,
  "ran": true,
  "msg": "ok",
  "advantage": 1.8438334401404686,
  "beta": 1.0831039667609328,
  "n_response_tokens": 1314,
  "sandbox_stdout": "",
  "parent_value": 2.63107796985997,
  "parent_is_seed": false
}