{
  "step": 6,
  "group": 1,
  "rollout": 23,
  "reward": 2.591113799095514,
  "raw_score": 2.591113799095514,
  "valid": true,
  "parsed": true,
  "ran": true,
  "msg": "ok",
  "advantage": 0.4191850890829585,
  "beta": 25.164819209865747,
  "n_response_tokens": 1240,
  "sandbox_stdout": "",
  "parent_value": 2.625937534107383,
  "parent_is_seed": false
}