{
  "step": 6,
  "group": 0,
  "rollout": 4,
  "reward": 0.0,
  "raw_score": null,
  "valid": false,
  "parsed": true,
  "ran": true,
  "msg": "Circle 0 at (0.8740606248287764,0.1259393751712235) r=1.0 outside unit square",
  "advantage": -0.9902182310289056,
  "beta": 2.042546167268219,
  "n_response_tokens": 1178,
  "sandbox_stdout": "",
  "parent_value": 2.624920351844854,
  "parent_is_seed": false
}