{
  "step": 6,
  "group": 3,
  "rollout": 2,
  "reward": 2.618264879483249,
  "raw_score": 2.618264879483249,
  "valid": true,
  "parsed": true,
  "ran": true,
  "msg": "ok",
  "advantage": 1.8349364802821113,
  "beta": 1.0831039667609328,
  "n_response_tokens": 1428,
  "sandbox_stdout": "",
  "parent_value": 2.63107796985997,
  "parent_is_seed": false
}