{
  "step": 6,
  "group": 7,
  "rollout": 28,
  "reward": 2.5890817651575726,
  "raw_score": 2.5890817651575726,
  "valid": true,
  "parsed": true,
  "ran": true,
  "msg": "ok",
  "advantage": -0.9999999996264831,
  "beta": 551.6381221945699,
  "n_response_tokens": 1726,
  "sandbox_stdout": "",
  "parent_value": 2.6297131710577433,
  "parent_is_seed": false
}