{
  "step": 6,
  "group": 1,
  "rollout": 27,
  "reward": 2.556026142890912,
  "raw_score": 2.556026142890912,
  "valid": true,
  "parsed": true,
  "ran": true,
  "msg": "ok",
  "advantage": -0.42074702910092787,
  "beta": 25.164819209865747,
  "n_response_tokens": 1393,
  "sandbox_stdout": "",
  "parent_value": 2.625937534107383,
  "parent_is_seed": false
}