{
  "step": 6,
  "group": 4,
  "rollout": 26,
  "reward": 2.6042012781752084,
  "raw_score": 2.6042012781752084,
  "valid": true,
  "parsed": true,
  "ran": true,
  "msg": "ok",
  "advantage": 1.191250900743019,
  "beta": 1.578343394606049,
  "n_response_tokens": 1718,
  "sandbox_stdout": "",
  "parent_value": 2.6310779685753896,
  "parent_is_seed": false
}