{
  "step": 6,
  "group": 1,
  "rollout": 32,
  "reward": 2.6189957111767543,
  "raw_score": 2.6189957111767543,
  "valid": true,
  "parsed": true,
  "ran": true,
  "msg": "ok",
  "advantage": 1.9297110465229417,
  "beta": 25.164819209865747,
  "n_response_tokens": 1622,
  "sandbox_stdout": "",
  "parent_value": 2.625937534107383,
  "parent_is_seed": false
}