{
  "step": 6,
  "group": 1,
  "rollout": 57,
  "reward": 2.5925047574652798,
  "raw_score": 2.5925047574652798,
  "valid": true,
  "parsed": true,
  "ran": true,
  "msg": "ok",
  "advantage": 0.47092114709660304,
  "beta": 25.164819209865747,
  "n_response_tokens": 1436,
  "sandbox_stdout": "",
  "parent_value": 2.625937534107383,
  "parent_is_seed": false
}