{
  "step": 6,
  "group": 6,
  "rollout": 33,
  "reward": 2.591609473087169,
  "raw_score": 2.591609473087169,
  "valid": true,
  "parsed": true,
  "ran": true,
  "msg": "ok",
  "advantage": -0.8868808046860539,
  "beta": 88.46946181981902,
  "n_response_tokens": 1257,
  "sandbox_stdout": "",
  "parent_value": 2.630199171193378,
  "parent_is_seed": false
}