{
  "step": 6,
  "group": 2,
  "rollout": 63,
  "reward": 2.6297131376596883,
  "raw_score": 2.6297131376596883,
  "valid": true,
  "parsed": true,
  "ran": true,
  "msg": "ok",
  "advantage": 0.2699422687601192,
  "beta": 486.66074589233637,
  "n_response_tokens": 2642,
  "sandbox_stdout": "Invalid packing: Circle 0 at (1.0,0.3605176221794006) r=1.0 outside unit square\n",
  "parent_value": 2.631334137554158,
  "parent_is_seed": false
}