{
  "step": 6,
  "group": 7,
  "rollout": 55,
  "reward": 2.6297131551251933,
  "raw_score": 2.6297131551251933,
  "valid": true,
  "parsed": true,
  "ran": true,
  "msg": "ok",
  "advantage": 1.0926749080534353,
  "beta": 551.6381221945699,
  "n_response_tokens": 1817,
  "sandbox_stdout": "",
  "parent_value": 2.6297131710577433,
  "parent_is_seed": false
}