{
  "step": 2,
  "group": 0,
  "rollout": 54,
  "reward": 1.9000000000000004,
  "valid": true,
  "parsed": true,
  "ran": true,
  "msg": "ok",
  "advantage": 9.42810163539834,
  "beta": 1.551026780216441,
  "n_response_tokens": 1575,
  "sandbox_stdout": "",
  "parent_value": 1.8000000000000003,
  "parent_is_seed": false
}