{
  "step": 2,
  "group": 1,
  "rollout": 25,
  "reward": 0.0,
  "valid": false,
  "parsed": true,
  "ran": true,
  "msg": "Circle 0 at (0.08571428571428572,0.014285714285714285) r=0.05 outside unit square",
  "advantage": -0.908376406762928,
  "beta": 1.8486453249596786,
  "n_response_tokens": 1322,
  "sandbox_stdout": "",
  "parent_value": 1.865630244022143,
  "parent_is_seed": false
}