{
  "step": 2,
  "group": 3,
  "rollout": 37,
  "reward": 0.0,
  "valid": false,
  "parsed": true,
  "ran": true,
  "msg": "Circle 0 at (0.0,0.0) r=0.03448275862191883 outside unit square",
  "advantage": -0.4117332247261605,
  "beta": 2.2885335948639223,
  "n_response_tokens": 1190,
  "sandbox_stdout": "",
  "parent_value": 1.5534841740454728,
  "parent_is_seed": false
}