{
  "step": 2,
  "group": 7,
  "rollout": 58,
  "reward": 1.1928203230195513,
  "valid": true,
  "parsed": true,
  "ran": true,
  "msg": "ok",
  "advantage": 4.122252703282205,
  "beta": 2.656420647555711,
  "n_response_tokens": 1418,
  "sandbox_stdout": "",
  "parent_value": 0.8156921938085309,
  "parent_is_seed": false
}