{
  "step": 2,
  "group": 2,
  "rollout": 0,
  "reward": 1.277107236241168,
  "valid": true,
  "parsed": true,
  "ran": true,
  "msg": "ok",
  "advantage": -0.32037576389392486,
  "beta": 2.051978923228676,
  "n_response_tokens": 1356,
  "sandbox_stdout": "",
  "parent_value": 1.8571428571427493,
  "parent_is_seed": false
}