{
  "step": 2,
  "group": 3,
  "rollout": 17,
  "reward": 1.2000000000057582,
  "valid": true,
  "parsed": true,
  "ran": true,
  "msg": "ok",
  "advantage": 9.612734457197828,
  "beta": 2.2885335948639223,
  "n_response_tokens": 1473,
  "sandbox_stdout": "",
  "parent_value": 1.5534841740454728,
  "parent_is_seed": false
}