{
  "step": 2,
  "group": 1,
  "rollout": 49,
  "reward": 0.0,
  "valid": false,
  "parsed": true,
  "ran": true,
  "msg": "Circle 6 at (0.03571428571428571,0.2357142857142857) r=0.05 outside unit square",
  "advantage": -0.908376406762928,
  "beta": 1.8486453249596786,
  "n_response_tokens": 1779,
  "sandbox_stdout": "",
  "parent_value": 1.865630244022143,
  "parent_is_seed": false
}