{
  "step": 2,
  "group": 0,
  "rollout": 31,
  "reward": 0.0,
  "valid": false,
  "parsed": true,
  "ran": true,
  "msg": "Circle 1 at (0.8223636276926294,0.9847157911362519) r=0.0152842088647486 outside unit square",
  "advantage": -0.6105217614516252,
  "beta": 1.180077091082147,
  "n_response_tokens": 1044,
  "sandbox_stdout": "",
  "parent_value": 2.2264101615266316,
  "parent_is_seed": false
}