{
  "step": 2,
  "group": 5,
  "rollout": 12,
  "reward": 0.9800000000000001,
  "valid": true,
  "parsed": true,
  "ran": true,
  "msg": "ok",
  "advantage": 0.5900073913764559,
  "beta": 1.9939268809723976,
  "n_response_tokens": 1209,
  "sandbox_stdout": "",
  "parent_value": 1.3000000000000012,
  "parent_is_seed": false
}