{
  "step": 2,
  "group": 1,
  "rollout": 58,
  "reward": 0.0,
  "valid": false,
  "parsed": true,
  "ran": true,
  "msg": "Circle 1 at (1.2005835262155649,0.5005794339199913) r=0.05 outside unit square",
  "advantage": -0.908376406762928,
  "beta": 1.8486453249596786,
  "n_response_tokens": 1669,
  "sandbox_stdout": "",
  "parent_value": 1.865630244022143,
  "parent_is_seed": false
}