{
  "step": 2,
  "group": 0,
  "rollout": 52,
  "reward": 0.0,
  "valid": false,
  "parsed": true,
  "ran": true,
  "msg": "Circle 10 at (0.19,0.9139972375637908) r=0.16613574036096224 outside unit square",
  "advantage": -0.6105217614516252,
  "beta": 1.180077091082147,
  "n_response_tokens": 1574,
  "sandbox_stdout": "",
  "parent_value": 2.2264101615266316,
  "parent_is_seed": false
}