{
  "step": 2,
  "group": 4,
  "rollout": 21,
  "reward": 1.614260883145629,
  "valid": true,
  "parsed": true,
  "ran": true,
  "msg": "ok",
  "advantage": 4.54114735612588,
  "beta": 1.8962528276499147,
  "n_response_tokens": 1192,
  "sandbox_stdout": "",
  "parent_value": 1.3000000000000012,
  "parent_is_seed": false
}