{
  "step": 2,
  "group": 1,
  "rollout": 14,
  "reward": 1.6514756189019268,
  "valid": true,
  "parsed": true,
  "ran": true,
  "msg": "ok",
  "advantage": 0.9991299926835517,
  "beta": 1.8486453249596786,
  "n_response_tokens": 1507,
  "sandbox_stdout": "",
  "parent_value": 1.865630244022143,
  "parent_is_seed": false
}