{
  "step": 2,
  "group": 1,
  "rollout": 2,
  "reward": 1.2100000000000002,
  "valid": true,
  "parsed": true,
  "ran": true,
  "msg": "ok",
  "advantage": -0.1314820966207968,
  "beta": 1.8486453249596786,
  "n_response_tokens": 1557,
  "sandbox_stdout": "",
  "parent_value": 1.865630244022143,
  "parent_is_seed": false
}