{
  "step": 2,
  "group": 5,
  "rollout": 57,
  "reward": 0.0,
  "valid": false,
  "parsed": true,
  "ran": true,
  "msg": "Circle 14 at (0.07411100060630071,0.7348446322321301) r=0.18183736809105103 outside unit square",
  "advantage": -0.7794741524361196,
  "beta": 1.9939268809723976,
  "n_response_tokens": 863,
  "sandbox_stdout": "",
  "parent_value": 1.3000000000000012,
  "parent_is_seed": false
}