{
  "step": 2,
  "group": 4,
  "rollout": 2,
  "reward": 1.3000000000000012,
  "valid": true,
  "parsed": true,
  "ran": true,
  "msg": "ok",
  "advantage": 1.9374928763765245,
  "beta": 1.8962528276499147,
  "n_response_tokens": 1190,
  "sandbox_stdout": "",
  "parent_value": 1.3000000000000012,
  "parent_is_seed": false
}