{
  "step": 2,
  "group": 6,
  "rollout": 56,
  "reward": 0.0,
  "valid": false,
  "parsed": true,
  "ran": true,
  "msg": "Circle 9 at (0.4999999999999999,0.0) r=0.05 outside unit square",
  "advantage": -0.6267120777078306,
  "beta": 1.922589211806919,
  "n_response_tokens": 1827,
  "sandbox_stdout": "Validation failed: Circle 7 at (0.06698729810778059,0.2500000000000001) r=0.14999999999618924 outside unit square\nValidation failed even with fallback: Circle 9 at (0.4999999999999999,0.0) r=0.05 outside unit square\n",
  "parent_value": 1.3000000000000003,
  "parent_is_seed": false
}