{
  "step": 2,
  "group": 0,
  "rollout": 29,
  "reward": 0.0,
  "valid": false,
  "parsed": true,
  "ran": true,
  "msg": "Circle 24 at (0.9285714285714286,0.125) r=0.07142857142957185 outside unit square",
  "advantage": -0.6105217614516252,
  "beta": 1.180077091082147,
  "n_response_tokens": 1172,
  "sandbox_stdout": "",
  "parent_value": 2.2264101615266316,
  "parent_is_seed": false
}