{
  "step": 2,
  "group": 4,
  "rollout": 37,
  "reward": 0.0,
  "valid": false,
  "parsed": true,
  "ran": true,
  "msg": "Circle 0 at (0.1,0.1) r=0.4999999999999985 outside unit square",
  "advantage": -0.7605356908633061,
  "beta": 1.8962528276499147,
  "n_response_tokens": 1039,
  "sandbox_stdout": "",
  "parent_value": 1.3000000000000012,
  "parent_is_seed": false
}