{
  "step": 2,
  "group": 2,
  "rollout": 28,
  "reward": 1.3385163418284571,
  "valid": true,
  "parsed": true,
  "ran": true,
  "msg": "ok",
  "advantage": -0.22798806416054662,
  "beta": 2.051978923228676,
  "n_response_tokens": 1241,
  "sandbox_stdout": "",
  "parent_value": 1.8571428571427493,
  "parent_is_seed": false
}