{
  "step": 2,
  "group": 4,
  "rollout": 11,
  "reward": 0.0,
  "valid": false,
  "parsed": true,
  "ran": true,
  "msg": "Circle 0 at (0.07044438075752531,0.08071626891148968) r=0.5 outside unit square",
  "advantage": -0.7605356908633061,
  "beta": 1.8962528276499147,
  "n_response_tokens": 1475,
  "sandbox_stdout": "",
  "parent_value": 1.3000000000000012,
  "parent_is_seed": false
}