{
  "step": 2,
  "group": 1,
  "rollout": 24,
  "reward": 1.3000000000000003,
  "valid": true,
  "parsed": true,
  "ran": true,
  "msg": "ok",
  "advantage": 0.02830277713964735,
  "beta": 1.8486453249596786,
  "n_response_tokens": 1464,
  "sandbox_stdout": "",
  "parent_value": 1.865630244022143,
  "parent_is_seed": false
}