{
  "step": 2,
  "group": 2,
  "rollout": 37,
  "reward": 1.8571428571426962,
  "valid": true,
  "parsed": true,
  "ran": true,
  "msg": "ok",
  "advantage": 1.2910161417959034,
  "beta": 2.051978923228676,
  "n_response_tokens": 1485,
  "sandbox_stdout": "",
  "parent_value": 1.8571428571427493,
  "parent_is_seed": false
}