{
  "step": 2,
  "group": 7,
  "rollout": 36,
  "reward": 0.0,
  "valid": false,
  "parsed": true,
  "ran": true,
  "msg": "Circle 11 at (0.05727198717339527,0.7323615860218845) r=0.06 outside unit square",
  "advantage": -0.8001203291339549,
  "beta": 2.656420647555711,
  "n_response_tokens": 1341,
  "sandbox_stdout": "",
  "parent_value": 0.8156921938085309,
  "parent_is_seed": false
}