{
  "step": 2,
  "group": 6,
  "rollout": 11,
  "reward": 1.3000000000000003,
  "valid": true,
  "parsed": true,
  "ran": true,
  "msg": "ok",
  "advantage": 3.8669499721137264,
  "beta": 1.922589211806919,
  "n_response_tokens": 1339,
  "sandbox_stdout": "Validation failed: Circle 0 at (0.1,0.1) r=0.24999999999999584 outside unit square\n",
  "parent_value": 1.3000000000000003,
  "parent_is_seed": false
}