{
  "step": 2,
  "group": 3,
  "rollout": 36,
  "reward": 0.0,
  "valid": false,
  "parsed": true,
  "ran": true,
  "msg": "Circle 2 at (1.0730519480486806,0.5) r=0.09090909090656073 outside unit square",
  "advantage": -0.4117332247261605,
  "beta": 2.2885335948639223,
  "n_response_tokens": 1501,
  "sandbox_stdout": "",
  "parent_value": 1.5534841740454728,
  "parent_is_seed": false
}