{
  "step": 2,
  "group": 1,
  "rollout": 22,
  "reward": 1.514212074626608,
  "valid": true,
  "parsed": true,
  "ran": true,
  "msg": "ok",
  "advantage": 0.5401409817091558,
  "beta": 1.8486453249596786,
  "n_response_tokens": 1504,
  "sandbox_stdout": "",
  "parent_value": 1.865630244022143,
  "parent_is_seed": false
}