{
  "step": 2,
  "group": 1,
  "rollout": 38,
  "reward": 1.0346508256433418,
  "valid": true,
  "parsed": true,
  "ran": true,
  "msg": "ok",
  "advantage": -0.37433181002827376,
  "beta": 1.8486453249596786,
  "n_response_tokens": 1278,
  "sandbox_stdout": "",
  "parent_value": 1.865630244022143,
  "parent_is_seed": false
}