{
  "step": 2,
  "group": 2,
  "rollout": 38,
  "reward": 1.832285518634319,
  "valid": true,
  "parsed": true,
  "ran": true,
  "msg": "ok",
  "advantage": 1.1731592449452197,
  "beta": 2.051978923228676,
  "n_response_tokens": 1541,
  "sandbox_stdout": "",
  "parent_value": 1.8571428571427493,
  "parent_is_seed": false
}