{
  "step": 2,
  "group": 0,
  "rollout": 59,
  "reward": 2.2264101615266316,
  "valid": true,
  "parsed": true,
  "ran": true,
  "msg": "ok",
  "advantage": 4.853703045430794,
  "beta": 1.180077091082147,
  "n_response_tokens": 1447,
  "sandbox_stdout": "",
  "parent_value": 2.2264101615266316,
  "parent_is_seed": false
}