{
  "step": 2,
  "group": 2,
  "rollout": 11,
  "reward": 2.1666666666669756,
  "valid": true,
  "parsed": true,
  "ran": true,
  "msg": "ok",
  "advantage": 3.4679515016083506,
  "beta": 2.051978923228676,
  "n_response_tokens": 1510,
  "sandbox_stdout": "",
  "parent_value": 1.8571428571427493,
  "parent_is_seed": false
}