{
  "step": 2,
  "group": 1,
  "rollout": 59,
  "reward": 1.3500000000000543,
  "valid": true,
  "parsed": true,
  "ran": true,
  "msg": "ok",
  "advantage": 0.1296680179705989,
  "beta": 1.8486453249596786,
  "n_response_tokens": 1545,
  "sandbox_stdout": "",
  "parent_value": 1.865630244022143,
  "parent_is_seed": false
}