{
  "step": 2,
  "group": 1,
  "rollout": 61,
  "reward": 1.8307692307692458,
  "valid": true,
  "parsed": true,
  "ran": true,
  "msg": "ok",
  "advantage": 1.8199273856355518,
  "beta": 1.8486453249596786,
  "n_response_tokens": 1605,
  "sandbox_stdout": "",
  "parent_value": 1.865630244022143,
  "parent_is_seed": false
}