{
  "step": 2,
  "group": 5,
  "rollout": 32,
  "reward": 0.0,
  "valid": false,
  "parsed": true,
  "ran": true,
  "msg": "Circle 0 at (0.08482083239741703,0.09899665418300296) r=0.1 outside unit square",
  "advantage": -0.7794741524361196,
  "beta": 1.9939268809723976,
  "n_response_tokens": 1172,
  "sandbox_stdout": "",
  "parent_value": 1.3000000000000012,
  "parent_is_seed": false
}