{
  "step": 38,
  "group": 1,
  "rollout": 29,
  "reward": 2.524760949479983,
  "valid": true,
  "parsed": true,
  "ran": true,
  "msg": "ok",
  "advantage": 5.792161690424511,
  "beta": 320.3893807517825,
  "n_response_tokens": 2603,
  "sandbox_stdout": "",
  "parent_value": 2.5242063708350924,
  "parent_is_seed": false
}