{
  "step": 35,
  "group": 7,
  "rollout": 54,
  "reward": 2.6301130664602415,
  "raw_score": 2.6301130664602415,
  "valid": true,
  "parsed": true,
  "ran": true,
  "msg": "ok",
  "advantage": -1.0,
  "beta": 1048576.0,
  "n_response_tokens": 2132,
  "sandbox_stdout": "",
  "parent_value": 2.6359829364320713,
  "parent_is_seed": false
}