{
  "step": 35,
  "group": 0,
  "rollout": 23,
  "reward": 2.630171925229362,
  "raw_score": 2.630171925229362,
  "valid": true,
  "parsed": true,
  "ran": true,
  "msg": "ok",
  "advantage": -1.0,
  "beta": 1048576.0,
  "n_response_tokens": 2200,
  "sandbox_stdout": "Invalid packing: Circle 0 at (1.0,1.0) r=1.0 outside unit square\nInvalid packing: Circle 0 at (1.0,1.0) r=1.5 outside unit square\nInvalid packing: Circles 0 and 6 overlap\nInvalid packing: Circle 1 at (0.4833458006323455,0.9068959892178023) r=0.0931045831671593 outside unit square\n",
  "parent_value": 2.635983083334135,
  "parent_is_seed": false
}