{
  "step": 14,
  "group": 2,
  "rollout": 2,
  "reward": 2.606525313813624,
  "raw_score": 2.606525313813624,
  "valid": true,
  "parsed": true,
  "ran": true,
  "msg": "ok",
  "advantage": 5.38726152177566,
  "algo": "a2c",
  "value_baseline": -2.780736207962036,
  "n_response_tokens": 1720,
  "sandbox_stdout": "",
  "parent_value": 2.6276441945731066,
  "parent_is_seed": false
}