{
  "step": 14,
  "group": 0,
  "rollout": 7,
  "reward": 2.627644194590752,
  "raw_score": 2.627644194590752,
  "valid": true,
  "parsed": true,
  "ran": true,
  "msg": "ok",
  "advantage": 5.408380879389947,
  "algo": "a2c",
  "value_baseline": -2.7807366847991943,
  "n_response_tokens": 1681,
  "sandbox_stdout": "",
  "parent_value": 2.627644194590752,
  "parent_is_seed": false
}