{
  "step": 14,
  "group": 1,
  "rollout": 13,
  "reward": 2.5900877967831555,
  "raw_score": 2.5900877967831555,
  "valid": true,
  "parsed": true,
  "ran": true,
  "msg": "ok",
  "advantage": 5.3708237663266125,
  "algo": "a2c",
  "value_baseline": -2.780735969543457,
  "n_response_tokens": 1743,
  "sandbox_stdout": "",
  "parent_value": 2.6276441945731066,
  "parent_is_seed": false
}