{
  "step": 17,
  "group": 3,
  "rollout": 16,
  "reward": 1.7750000000027517,
  "raw_score": 1.7750000000027517,
  "valid": true,
  "parsed": true,
  "ran": true,
  "msg": "ok",
  "advantage": -1.0752700986620098,
  "algo": "ppo",
  "ppo_epochs": 4,
  "ppo_clip": 0.2,
  "n_response_tokens": 2050,
  "sandbox_stdout": "",
  "parent_value": 2.4707106781224923,
  "parent_is_seed": false
}