{
  "step": 17,
  "group": 0,
  "rollout": 21,
  "reward": 1.5387286764208854,
  "raw_score": 1.5387286764208854,
  "valid": true,
  "parsed": true,
  "ran": true,
  "msg": "ok",
  "advantage": -2.8856225891804237,
  "algo": "ppo",
  "ppo_epochs": 4,
  "ppo_clip": 0.2,
  "n_response_tokens": 1951,
  "sandbox_stdout": "",
  "parent_value": 2.4707106781224923,
  "parent_is_seed": false
}