{
  "step": 16,
  "group": 0,
  "rollout": 1,
  "reward": 2.079443907455768,
  "raw_score": 2.079443907455768,
  "valid": true,
  "parsed": true,
  "ran": true,
  "msg": "ok",
  "advantage": -0.04288081325667148,
  "beta": 2.436522710810537,
  "n_response_tokens": 2523,
  "sandbox_stdout": "Validation Failed: Circle 7 at (-0.03664315079761816,0.3017834977258084) r=0.0 outside unit square\nValidation Failed: Circle 1 at (0.24705795010445242,-0.009404359141658034) r=0.0 outside unit square\nValidation Failed: Circle 5 at (-0.01984131054049075,0.2444033813975296) r=0.0 outside unit square\nValidation Failed: Circle 10 at (-0.009684355755311042,0.3697080401089529) r=0.0 outside unit square\nValidation Failed: Circle 25 at (0.054362412389524856,-0.04867945457184211) r=0.0 outside unit square\nValidation Failed: Circle 0 at (-0.016298129784925244,0.0841559618047784) r=0.0 outside unit square\nValidation Failed: Circle 2 at (0.30244418500656683,-0.007130107414024853) r=0.0 outside unit square\nValidation Failed: Circle 25 at (-0.02642292076755469,-0.05278987813874647) r=0.0 outside unit square\nValidation Failed: Circle 0 at (0.11193530690598326,-0.019165384668353283) r=0.0 outside unit square\nValidation Failed: Circle 1 at (0.32486797231790276,-0.01695063528123414) r=0.0 outside unit square\nValidation Failed: Circle 1 at (0.2721929966546059,-0.013334077047568685) r=0.0 outside unit square\nValidation Failed: Circle 2 at (0.36008918059240236,-0.011923092110108807) r=0.0 outside unit square\nValidation Failed: Circle 4 at (0.6959427216440625,-0.008568875289916025) r=0.0 outside unit square\nValidation Failed: Circle 10 at (-0.013843895862611533,0.43776877917764245) r=0.0 outside unit square\nValidation Failed: Circle 20 at (-0.0010352726036346183,0.8048252775044578) r=0.0 outside unit square\nValidation Failed: Circle 25 at (-0.09753312606082372,0.03434241843439731) r=0.0 outside unit square\nValidation Failed: Circle 0 at (-0.0027780857434677036,0.14546740011465398) r=0.0 outside unit square\nValidation Failed: Circle 10 at (-0.007301058459428356,0.3565904843407242) r=0.0 outside unit square\nValidation Failed: Circle 25 at (-0.008770159771075606,0.009236217426626142) r=0.0 outside unit square\nValidation Failed: Circle 5 at (-0.0159888698543222,0.23082452728897565) r=0.0 out",
  "parent_value": 2.476764630166502,
  "parent_is_seed": false
}