{
  "step": 16,
  "group": 2,
  "rollout": 16,
  "reward": 0.042842945379650735,
  "raw_score": 0.042842945379650735,
  "valid": true,
  "parsed": true,
  "ran": true,
  "msg": "ok",
  "advantage": -0.9999779368258318,
  "beta": 4.705120583330727,
  "n_response_tokens": 3879,
  "sandbox_stdout": "Validation Failed: Circle 4 at (1.125,0.125) r=0.0 outside unit square\nValidation Failed: Circle 4 at (1.125,0.125) r=0.0 outside unit square\nValidation Failed: Circle 5 at (1.1,0.1) r=0.0 outside unit square\nValidation Failed: Circle 0 at (-0.04731718561565636,0.004532437043049356) r=0.0 outside unit square\nValidation Failed: Circle 1 at (-0.026075436771753103,-0.005364080601143406) r=0.0 outside unit square\nValidation Failed: Circle 2 at (-0.02498795222327377,-0.04137616064937997) r=0.0 outside unit square\nValidation Failed: Circle 3 at (0.004118205613260303,-0.04522263001080018) r=0.0 outside unit square\nValidation Failed: Circle 4 at (0.04381468682961638,-0.018963545839454) r=0.0 outside unit square\nValidation Failed: Circle 5 at (-0.035336545113128184,0.04013750071794914) r=0.0 outside unit square\nValidation Failed: Circle 6 at (-0.044219545899375434,-0.003571055833147943) r=0.0 outside unit square\nValidation Failed: Circle 7 at (-0.022526682840464742,0.009820931297691224) r=0.0 outside unit square\nValidation Failed: Circle 8 at (0.035104068646452255,-0.012517619075585927) r=0.0 outside unit square\nValidation Failed: Circle 9 at (0.03369896868493519,-0.018317856993102136) r=0.0 outside unit square\nValidation Failed: Circle 10 at (-0.0014024940751728027,-0.045867505766836514) r=0.0 outside unit square\nValidation Failed: Circle 13 at (0.027102439706892342,-0.045530083014709524) r=0.0 outside unit square\nValidation Failed: Circle 14 at (0.005167970226934174,-0.03996592049340802) r=0.0 outside unit square\nValidation Failed: Circle 15 at (0.009211617686538907,-0.04012196410016369) r=0.0 outside unit square\nValidation Failed: Circle 17 at (-0.03157073754953697,0.016835399811381532) r=0.0 outside unit square\nValidation Failed: Circle 18 at (0.007001234423591449,-0.029485751958561103) r=0.0 outside unit square\nValidation Failed: Circle 20 at (-0.02822778192023352,-0.025433458365897624) r=0.0 outside unit square\nValidation Failed: Circle 21 at (-0.0312128532253099,-0.03",
  "parent_value": 2.4707136070508424,
  "parent_is_seed": false
}