{
  "step": 16,
  "group": 0,
  "rollout": 2,
  "reward": 2.472075184446495,
  "raw_score": 2.472075184446495,
  "valid": true,
  "parsed": true,
  "ran": true,
  "msg": "ok",
  "advantage": 1.669423927225286,
  "beta": 2.436522710810537,
  "n_response_tokens": 3376,
  "sandbox_stdout": "Validation Failed: Circle 5 at (1.1,0.1) r=0.0 outside unit square\nValidation Failed: Circle 25 at (1.0034329130610922,-0.030343794740803363) r=0.0 outside unit square\nValidation Failed: Circle 25 at (1.0228087000092205,0.021841144572668662) r=0.0 outside unit square\n",
  "parent_value": 2.476764630166502,
  "parent_is_seed": false
}