{
  "step": 16,
  "group": 3,
  "rollout": 20,
  "reward": 1.310008858315455,
  "raw_score": 1.310008858315455,
  "valid": true,
  "parsed": true,
  "ran": true,
  "msg": "ok",
  "advantage": -0.2322303642091108,
  "beta": 1.3497882216724915,
  "n_response_tokens": 3521,
  "sandbox_stdout": "Validation Failed: Circle 4 at (1.125,0.125) r=0.0 outside unit square\nValidation Failed: Circle 4 at (1.125,0.125) r=0.0 outside unit square\nValidation Failed: Circle 6 at (1.2276534799242582,0.9664856487637509) r=0.0 outside unit square\n",
  "parent_value": 2.4707136070508424,
  "parent_is_seed": false
}