{
  "step": 16,
  "group": 1,
  "rollout": 22,
  "reward": 2.46652437936092,
  "raw_score": 2.46652437936092,
  "valid": true,
  "parsed": true,
  "ran": true,
  "msg": "ok",
  "advantage": 1.1925141528358112,
  "beta": 5.701790088151955,
  "n_response_tokens": 2781,
  "sandbox_stdout": "Validation Failed: Circle 25 at (0.1,1.1) r=0.0 outside unit square\n",
  "parent_value": 2.476472603569301,
  "parent_is_seed": false
}