{
  "step": 16,
  "group": 2,
  "rollout": 8,
  "reward": 1.989875183772622,
  "raw_score": 1.989875183772622,
  "valid": true,
  "parsed": true,
  "ran": true,
  "msg": "ok",
  "advantage": -0.7880504849204726,
  "beta": 4.705120583330727,
  "n_response_tokens": 2624,
  "sandbox_stdout": "Validation Failed: Circle 5 at (1.1,0.1) r=0.0 outside unit square\nValidation Failed: Circle 5 at (1.1,0.1) r=0.0 outside unit square\n",
  "parent_value": 2.4707136070508424,
  "parent_is_seed": false
}