{
  "step": 16,
  "group": 1,
  "rollout": 7,
  "reward": 1.9878130136313743,
  "raw_score": 1.9878130136313743,
  "valid": true,
  "parsed": true,
  "ran": true,
  "msg": "ok",
  "advantage": -0.8686408992600821,
  "beta": 5.701790088151955,
  "n_response_tokens": 2556,
  "sandbox_stdout": "",
  "parent_value": 2.476472603569301,
  "parent_is_seed": false
}