{
  "step": 9,
  "group": 0,
  "rollout": 19,
  "reward": 1.5309060891442046,
  "raw_score": 1.5309060891442046,
  "valid": true,
  "parsed": true,
  "ran": true,
  "msg": "ok",
  "advantage": 0.35634754610848784,
  "algo": "ppo",
  "ppo_epochs": 4,
  "ppo_clip": 0.2,
  "n_response_tokens": 1737,
  "sandbox_stdout": "",
  "parent_value": 2.4535533905932736,
  "parent_is_seed": false
}