{
  "step": 7,
  "group": 2,
  "rollout": 10,
  "reward": 1.8571428571436885,
  "raw_score": 1.8571428571436885,
  "valid": true,
  "parsed": true,
  "ran": true,
  "msg": "ok",
  "advantage": 2.6431632893592285,
  "algo": "reinforce",
  "n_response_tokens": 1611,
  "sandbox_stdout": "",
  "parent_value": 2.1666663131160284,
  "parent_is_seed": false
}