{
  "step": 7,
  "group": 2,
  "rollout": 11,
  "reward": 1.4904568699971978,
  "raw_score": 1.4904568699971978,
  "valid": true,
  "parsed": true,
  "ran": true,
  "msg": "ok",
  "advantage": 2.0475987103866347,
  "algo": "reinforce",
  "n_response_tokens": 1543,
  "sandbox_stdout": "",
  "parent_value": 2.1666663131160284,
  "parent_is_seed": false
}