{
  "step": 7,
  "group": 3,
  "rollout": 21,
  "reward": 1.857142742248583,
  "raw_score": 1.857142742248583,
  "valid": true,
  "parsed": true,
  "ran": true,
  "msg": "ok",
  "advantage": 0.8801012309438223,
  "algo": "reinforce",
  "n_response_tokens": 1546,
  "sandbox_stdout": "",
  "parent_value": 2.1666663131160284,
  "parent_is_seed": false
}