{
  "step": 14,
  "group": 0,
  "rollout": 26,
  "reward": 2.6297391380466215,
  "raw_score": 2.6297391380466215,
  "valid": true,
  "parsed": true,
  "ran": true,
  "msg": "ok",
  "advantage": 3.9692696565681755,
  "beta": 0.9339634384227647,
  "n_response_tokens": 1865,
  "sandbox_stdout": "",
  "parent_value": 2.6359674489314338,
  "parent_is_seed": false
}