{
  "step": 14,
  "group": 2,
  "rollout": 3,
  "reward": 2.602689361433551,
  "raw_score": 2.602689361433551,
  "valid": true,
  "parsed": true,
  "ran": true,
  "msg": "ok",
  "advantage": -0.9999994432774401,
  "beta": 511.33918848405295,
  "n_response_tokens": 2072,
  "sandbox_stdout": "",
  "parent_value": 2.6323260072585617,
  "parent_is_seed": false
}