{
  "step": 14,
  "group": 1,
  "rollout": 9,
  "reward": 2.5991727432126384,
  "raw_score": 2.5991727432126384,
  "valid": true,
  "parsed": true,
  "ran": true,
  "msg": "ok",
  "advantage": -0.9999904990511856,
  "beta": 372.74910916234523,
  "n_response_tokens": 2220,
  "sandbox_stdout": "",
  "parent_value": 2.6323260072585617,
  "parent_is_seed": false
}