{
  "step": 14,
  "group": 1,
  "rollout": 56,
  "reward": 2.620897765718671,
  "raw_score": 2.620897765718671,
  "valid": true,
  "parsed": true,
  "ran": true,
  "msg": "ok",
  "advantage": -0.9687470122113371,
  "beta": 372.74910916234523,
  "n_response_tokens": 2229,
  "sandbox_stdout": "",
  "parent_value": 2.6323260072585617,
  "parent_is_seed": false
}