{
  "step": 14,
  "group": 1,
  "rollout": 7,
  "reward": 2.632325619685144,
  "raw_score": 2.632325619685144,
  "valid": true,
  "parsed": true,
  "ran": true,
  "msg": "ok",
  "advantage": 1.2917532667926328,
  "beta": 372.74910916234523,
  "n_response_tokens": 2150,
  "sandbox_stdout": "",
  "parent_value": 2.6323260072585617,
  "parent_is_seed": false
}