{
  "step": 14,
  "group": 1,
  "rollout": 21,
  "reward": 2.625498825586815,
  "raw_score": 2.625498825586815,
  "valid": true,
  "parsed": true,
  "ran": true,
  "msg": "ok",
  "advantage": -0.825936688605446,
  "beta": 372.74910916234523,
  "n_response_tokens": 2236,
  "sandbox_stdout": "",
  "parent_value": 2.6323260072585617,
  "parent_is_seed": false
}