{
  "step": 14,
  "group": 1,
  "rollout": 12,
  "reward": 2.6156504281257544,
  "raw_score": 2.6156504281257544,
  "valid": true,
  "parsed": true,
  "ran": true,
  "msg": "ok",
  "advantage": -0.9955817276868503,
  "beta": 372.74910916234523,
  "n_response_tokens": 1869,
  "sandbox_stdout": "Invalid packing: Circle 0 at (1.0,1.0) r=1.0 outside unit square\n",
  "parent_value": 2.6323260072585617,
  "parent_is_seed": false
}