{
  "step": 14,
  "group": 2,
  "rollout": 7,
  "reward": 2.606879792685148,
  "raw_score": 2.606879792685148,
  "valid": true,
  "parsed": true,
  "ran": true,
  "msg": "ok",
  "advantage": -0.999995255227328,
  "beta": 511.33918848405295,
  "n_response_tokens": 2367,
  "sandbox_stdout": "",
  "parent_value": 2.6323260072585617,
  "parent_is_seed": false
}