{
  "step": 14,
  "group": 5,
  "rollout": 23,
  "reward": 2.6190740578119183,
  "raw_score": 2.6190740578119183,
  "valid": true,
  "parsed": true,
  "ran": true,
  "msg": "ok",
  "advantage": -0.9578578105578196,
  "beta": 301.5609584819325,
  "n_response_tokens": 1919,
  "sandbox_stdout": "Invalid packing: Circle 17 at (0.6460534980746301,0.15325702958778348) r=0.15325868938741877 outside unit square\nInvalid packing: Circle 2 at (1.0,0.4676169536304434) r=0.4685936654950097 outside unit square\n",
  "parent_value": 2.6323260072585617,
  "parent_is_seed": false
}