{
  "step": 14,
  "group": 5,
  "rollout": 33,
  "reward": 2.6301563069410245,
  "raw_score": 2.6301563069410245,
  "valid": true,
  "parsed": true,
  "ran": true,
  "msg": "ok",
  "advantage": 0.21370911235114365,
  "beta": 301.5609584819325,
  "n_response_tokens": 2142,
  "sandbox_stdout": "",
  "parent_value": 2.6323260072585617,
  "parent_is_seed": false
}