{
  "step": 14,
  "group": 3,
  "rollout": 57,
  "reward": 2.6163459055040788,
  "raw_score": 2.6163459055040788,
  "valid": true,
  "parsed": true,
  "ran": true,
  "msg": "ok",
  "advantage": -1.0,
  "beta": 1048576.0,
  "n_response_tokens": 1891,
  "sandbox_stdout": "",
  "parent_value": 2.6323260072585617,
  "parent_is_seed": false
}