{
  "step": 14,
  "group": 2,
  "rollout": 34,
  "reward": 2.632325622676525,
  "raw_score": 2.632325622676525,
  "valid": true,
  "parsed": true,
  "ran": true,
  "msg": "ok",
  "advantage": 1.1973840088111594,
  "beta": 511.33918848405295,
  "n_response_tokens": 2318,
  "sandbox_stdout": "",
  "parent_value": 2.6323260072585617,
  "parent_is_seed": false
}