{
  "step": 14,
  "group": 5,
  "rollout": 14,
  "reward": 2.629286946773306,
  "raw_score": 2.629286946773306,
  "valid": true,
  "parsed": true,
  "ran": true,
  "msg": "ok",
  "advantage": -0.07032206655804929,
  "beta": 301.5609584819325,
  "n_response_tokens": 2486,
  "sandbox_stdout": "Invalid packing: Circles 0 and 4 overlap\n",
  "parent_value": 2.6323260072585617,
  "parent_is_seed": false
}