{
  "step": 14,
  "group": 0,
  "rollout": 36,
  "reward": 2.6220591394795765,
  "raw_score": 2.6220591394795765,
  "valid": true,
  "parsed": true,
  "ran": true,
  "msg": "ok",
  "advantage": 3.93097358402001,
  "beta": 0.9339634384227647,
  "n_response_tokens": 1780,
  "sandbox_stdout": "",
  "parent_value": 2.6359674489314338,
  "parent_is_seed": false
}