{
  "step": 14,
  "group": 4,
  "rollout": 0,
  "reward": 2.5998433449829523,
  "raw_score": 2.5998433449829523,
  "valid": true,
  "parsed": true,
  "ran": true,
  "msg": "ok",
  "advantage": -0.9999999999680401,
  "beta": 753.565594549526,
  "n_response_tokens": 1926,
  "sandbox_stdout": "",
  "parent_value": 2.6323260072585617,
  "parent_is_seed": false
}