{
  "step": 16,
  "group": 2,
  "rollout": 17,
  "reward": 2.6276441945731066,
  "raw_score": 2.6276441945731066,
  "valid": true,
  "parsed": true,
  "ran": true,
  "msg": "ok",
  "advantage": 3.3600688113867663,
  "algo": "a2c",
  "value_baseline": -0.7324246168136597,
  "n_response_tokens": 1708,
  "sandbox_stdout": "",
  "parent_value": 2.6279553029754013,
  "parent_is_seed": false
}