{
  "step": 16,
  "group": 0,
  "rollout": 21,
  "reward": 2.6285702647728413,
  "raw_score": 2.6285702647728413,
  "valid": true,
  "parsed": true,
  "ran": true,
  "msg": "ok",
  "advantage": 3.3609950007957905,
  "algo": "a2c",
  "value_baseline": -0.7324247360229492,
  "n_response_tokens": 1700,
  "sandbox_stdout": "",
  "parent_value": 2.6285702647754943,
  "parent_is_seed": false
}