{
  "step": 8,
  "group": 1,
  "rollout": 4,
  "reward": 1.3000000000000003,
  "raw_score": 1.3000000000000003,
  "valid": true,
  "parsed": true,
  "ran": true,
  "msg": "ok",
  "advantage": 0.03466946818436156,
  "beta": 1.6013184976852712,
  "n_response_tokens": 1562,
  "sandbox_stdout": "Warning: Packing is invalid. Reason: Circle 0 at (0.0819803902718557,0.0819803902718557) r=0.08198039027290814 outside unit square\n",
  "parent_value": 1.3000000000000003,
  "parent_is_seed": false
}