{
  "step": 8,
  "group": 1,
  "rollout": 1,
  "reward": 1.3000000000000003,
  "raw_score": 1.3000000000000003,
  "valid": true,
  "parsed": true,
  "ran": true,
  "msg": "ok",
  "advantage": 0.03466946818436156,
  "beta": 1.6013184976852712,
  "n_response_tokens": 1531,
  "sandbox_stdout": "Warning: Packing is invalid. Reason: Circle 0 at (0.08333333333333333,0.08333333333333333) r=0.08333333333442283 outside unit square\n",
  "parent_value": 1.3000000000000003,
  "parent_is_seed": false
}