{
  "step": 2,
  "group": 6,
  "rollout": 21,
  "reward": 1.650000000000053,
  "valid": true,
  "parsed": true,
  "ran": true,
  "msg": "ok",
  "advantage": 1.8194681061092353,
  "beta": 1.328013041247911,
  "n_response_tokens": 1230,
  "sandbox_stdout": "",
  "parent_value": 2.055649290996461,
  "parent_is_seed": false
}