{
  "step": 2,
  "group": 1,
  "rollout": 59,
  "reward": 1.7999999999999772,
  "valid": true,
  "parsed": true,
  "ran": true,
  "msg": "ok",
  "advantage": 2.5970217405186653,
  "beta": 1.502268761918367,
  "n_response_tokens": 1459,
  "sandbox_stdout": "",
  "parent_value": 2.400000000000001,
  "parent_is_seed": false
}