{
  "step": 2,
  "group": 1,
  "rollout": 49,
  "reward": 1.0921883423305667,
  "valid": true,
  "parsed": true,
  "ran": true,
  "msg": "ok",
  "advantage": 0.1973184719969343,
  "beta": 1.502268761918367,
  "n_response_tokens": 1470,
  "sandbox_stdout": "",
  "parent_value": 2.400000000000001,
  "parent_is_seed": false
}