{
  "step": 2,
  "group": 0,
  "rollout": 4,
  "reward": 0.0,
  "valid": true,
  "parsed": true,
  "ran": true,
  "msg": "ok",
  "advantage": -0.75040675445966,
  "beta": 0.988134026381177,
  "n_response_tokens": 1546,
  "sandbox_stdout": "Validation error: Circle 2 at (0.9937060153844114,0.9937060153843559) r=0.006293984616598608 outside unit square\n",
  "parent_value": 2.556302385975026,
  "parent_is_seed": false
}