{
  "step": 2,
  "group": 3,
  "rollout": 8,
  "reward": 2.1666666666665595,
  "valid": true,
  "parsed": true,
  "ran": true,
  "msg": "ok",
  "advantage": 6.08529612166147,
  "beta": 1.194782657879245,
  "n_response_tokens": 1280,
  "sandbox_stdout": "",
  "parent_value": 2.1666666666667362,
  "parent_is_seed": false
}