{
  "step": 2,
  "group": 7,
  "rollout": 13,
  "reward": 0.0,
  "valid": true,
  "parsed": true,
  "ran": true,
  "msg": "ok",
  "advantage": -0.4564770682971223,
  "beta": 2.426314078486451,
  "n_response_tokens": 2130,
  "sandbox_stdout": "Validation failed: Circle 8 at (0.050000000000000044,0.5) r=0.1 outside unit square\n",
  "parent_value": 1.0659999999999998,
  "parent_is_seed": false
}