{
  "step": 2,
  "group": 0,
  "rollout": 22,
  "reward": 0.0,
  "valid": true,
  "parsed": true,
  "ran": true,
  "msg": "ok",
  "advantage": -0.75040675445966,
  "beta": 0.988134026381177,
  "n_response_tokens": 1521,
  "sandbox_stdout": "Validation error: Circle 0 at (0.9756890112684486,0.9689222929806673) r=1.0 outside unit square\n",
  "parent_value": 2.556302385975026,
  "parent_is_seed": false
}