{
  "step": 2,
  "group": 1,
  "rollout": 21,
  "reward": 0.0,
  "valid": false,
  "parsed": true,
  "ran": true,
  "msg": "Circle 0 at (0.1,0.25) r=0.9999999999999998 outside unit square",
  "advantage": -0.7714227496808042,
  "beta": 1.502268761918367,
  "n_response_tokens": 1318,
  "sandbox_stdout": "",
  "parent_value": 2.400000000000001,
  "parent_is_seed": false
}