{
  "step": 2,
  "group": 4,
  "rollout": 61,
  "reward": 0.0,
  "valid": false,
  "parsed": true,
  "ran": true,
  "msg": "Circle 0 at (0.06666666666666667,0.06666666666666667) r=0.08 outside unit square",
  "advantage": -0.37058722686623446,
  "beta": 1.3992017253586462,
  "n_response_tokens": 1310,
  "sandbox_stdout": "",
  "parent_value": 2.08,
  "parent_is_seed": false
}