{
  "step": 2,
  "group": 4,
  "rollout": 2,
  "reward": 0.0,
  "valid": false,
  "parsed": true,
  "ran": true,
  "msg": "Circle 0 at (0.08333333333333333,0.08333333333333333) r=1.0 outside unit square",
  "advantage": -0.37058722686623446,
  "beta": 1.3992017253586462,
  "n_response_tokens": 1203,
  "sandbox_stdout": "",
  "parent_value": 2.08,
  "parent_is_seed": false
}