{
  "step": 2,
  "group": 1,
  "rollout": 33,
  "reward": 0.0,
  "valid": false,
  "parsed": true,
  "ran": true,
  "msg": "Circle 3 at (0.4573767846628074,0.11333303546440443) r=0.11333303547172423 outside unit square",
  "advantage": -0.7714227496808042,
  "beta": 1.502268761918367,
  "n_response_tokens": 1655,
  "sandbox_stdout": "",
  "parent_value": 2.400000000000001,
  "parent_is_seed": false
}