{
  "step": 2,
  "group": 3,
  "rollout": 54,
  "reward": 0.0,
  "valid": true,
  "parsed": true,
  "ran": true,
  "msg": "ok",
  "advantage": -0.5179123453040897,
  "beta": 1.194782657879245,
  "n_response_tokens": 1676,
  "sandbox_stdout": "Validation error: Circle 2 at (1.0,0.0) r=0.11854323472495738 outside unit square\n",
  "parent_value": 2.1666666666667362,
  "parent_is_seed": false
}