{
  "step": 2,
  "group": 2,
  "rollout": 10,
  "reward": 0.0,
  "valid": false,
  "parsed": true,
  "ran": true,
  "msg": "Circle 1 has negative radius -0.0026529537189262415",
  "advantage": -0.5767246562221475,
  "beta": 1.1318554866211912,
  "n_response_tokens": 1623,
  "sandbox_stdout": "Invalid packing: Circle 1 has negative radius -0.0026529537189262415\n",
  "parent_value": 2.2,
  "parent_is_seed": false
}