{
  "step": 2,
  "group": 1,
  "rollout": 52,
  "reward": 0.19960363895119904,
  "valid": true,
  "parsed": true,
  "ran": true,
  "msg": "ok",
  "advantage": -0.6911048146235028,
  "beta": 1.502268761918367,
  "n_response_tokens": 1250,
  "sandbox_stdout": "",
  "parent_value": 2.400000000000001,
  "parent_is_seed": false
}