{
  "step": 2,
  "group": 3,
  "rollout": 35,
  "reward": 0.0,
  "valid": true,
  "parsed": true,
  "ran": true,
  "msg": "ok",
  "advantage": -0.5179123453040897,
  "beta": 1.194782657879245,
  "n_response_tokens": 1604,
  "sandbox_stdout": "Validation error: Circle 23 at (0.5,0.857142857142857) r=0.14516053936592804 outside unit square\n",
  "parent_value": 2.1666666666667362,
  "parent_is_seed": false
}