{
  "step": 2,
  "group": 4,
  "rollout": 23,
  "reward": 0.0,
  "valid": false,
  "parsed": true,
  "ran": true,
  "msg": "Circle 0 at (0.16074466421613298,-0.7994445399809531) r=0.41955388717848174 outside unit square",
  "advantage": -0.37058722686623446,
  "beta": 1.3992017253586462,
  "n_response_tokens": 1365,
  "sandbox_stdout": "",
  "parent_value": 2.08,
  "parent_is_seed": false
}