{
  "step": 2,
  "group": 3,
  "rollout": 27,
  "reward": 0.0,
  "valid": true,
  "parsed": true,
  "ran": true,
  "msg": "ok",
  "advantage": -0.5179123453040897,
  "beta": 1.194782657879245,
  "n_response_tokens": 1621,
  "sandbox_stdout": "Validation error: Circle 5 at (0.9516020389585901,0.21519491898447657) r=0.10677128200591449 outside unit square\n",
  "parent_value": 2.1666666666667362,
  "parent_is_seed": false
}