{
  "step": 2,
  "group": 5,
  "rollout": 42,
  "reward": 0.0,
  "valid": false,
  "parsed": true,
  "ran": true,
  "msg": "Circle 1 at (0.9838647705249322,0.9734741656583767) r=0.026525834341623256 outside unit square",
  "advantage": -0.32549740015228024,
  "beta": 1.6212559774747406,
  "n_response_tokens": 1533,
  "sandbox_stdout": "",
  "parent_value": 2.08,
  "parent_is_seed": false
}