{
  "step": 2,
  "group": 1,
  "rollout": 11,
  "reward": 0.4330127018922343,
  "valid": true,
  "parsed": true,
  "ran": true,
  "msg": "ok",
  "advantage": -0.5604697749539082,
  "beta": 1.502268761918367,
  "n_response_tokens": 1146,
  "sandbox_stdout": "",
  "parent_value": 2.400000000000001,
  "parent_is_seed": false
}