{
  "step": 2,
  "group": 3,
  "rollout": 0,
  "reward": 2.166666666666667,
  "valid": true,
  "parsed": true,
  "ran": true,
  "msg": "ok",
  "advantage": 6.0852961216624815,
  "beta": 1.194782657879245,
  "n_response_tokens": 1421,
  "sandbox_stdout": "",
  "parent_value": 2.1666666666667362,
  "parent_is_seed": false
}