{
  "step": 2,
  "group": 7,
  "rollout": 33,
  "reward": 0.0,
  "valid": true,
  "parsed": true,
  "ran": true,
  "msg": "ok",
  "advantage": -0.4564770682971223,
  "beta": 2.426314078486451,
  "n_response_tokens": 1667,
  "sandbox_stdout": "Validation failed: Circle 19 at (0.30754991027012474,1.0) r=0.03 outside unit square\n",
  "parent_value": 1.0659999999999998,
  "parent_is_seed": false
}