{
  "step": 2,
  "group": 0,
  "rollout": 15,
  "reward": 0.0,
  "valid": true,
  "parsed": true,
  "ran": true,
  "msg": "ok",
  "advantage": -0.75040675445966,
  "beta": 0.988134026381177,
  "n_response_tokens": 1557,
  "sandbox_stdout": "Validation error: Circle 2 at (0.1495750181252141,0.8504249818553917) r=0.14957501813001559 outside unit square\n",
  "parent_value": 2.556302385975026,
  "parent_is_seed": false
}