{
  "step": 2,
  "group": 5,
  "rollout": 43,
  "reward": 0.0,
  "valid": false,
  "parsed": true,
  "ran": true,
  "msg": "Circle 0 at (0.07078734521806958,0.12840476397432493) r=0.08 outside unit square",
  "advantage": -0.32549740015228024,
  "beta": 1.6212559774747406,
  "n_response_tokens": 1346,
  "sandbox_stdout": "",
  "parent_value": 2.08,
  "parent_is_seed": false
}