{
  "step": 2,
  "group": 5,
  "rollout": 56,
  "reward": 0.0,
  "valid": false,
  "parsed": true,
  "ran": true,
  "msg": "Circle 0 at (0.08333333333333333,0.08333333333333333) r=0.1 outside unit square",
  "advantage": -0.32549740015228024,
  "beta": 1.6212559774747406,
  "n_response_tokens": 1456,
  "sandbox_stdout": "",
  "parent_value": 2.08,
  "parent_is_seed": false
}