{
  "step": 2,
  "group": 6,
  "rollout": 5,
  "reward": 0.0,
  "valid": false,
  "parsed": true,
  "ran": true,
  "msg": "Circle 10 at (0.9999999999999999,0.5) r=0.06057692307468344 outside unit square",
  "advantage": -0.6968884668244166,
  "beta": 1.328013041247911,
  "n_response_tokens": 1428,
  "sandbox_stdout": "",
  "parent_value": 2.055649290996461,
  "parent_is_seed": false
}