{
  "step": 13,
  "group": 3,
  "rollout": 8,
  "reward": 2.166666666667637,
  "raw_score": 2.166666666667637,
  "valid": true,
  "parsed": true,
  "ran": true,
  "msg": "ok",
  "advantage": 2.9071313172392714,
  "algo": "reinforce",
  "n_response_tokens": 1660,
  "sandbox_stdout": "",
  "parent_value": 2.166666666667806,
  "parent_is_seed": false
}