{
  "step": 13,
  "group": 2,
  "rollout": 0,
  "reward": 0.5210000000001028,
  "raw_score": 0.5210000000001028,
  "valid": true,
  "parsed": true,
  "ran": true,
  "msg": "ok",
  "advantage": -0.26436743134048185,
  "algo": "reinforce",
  "n_response_tokens": 1680,
  "sandbox_stdout": "",
  "parent_value": 2.166666666667806,
  "parent_is_seed": false
}