{
  "step": 13,
  "group": 2,
  "rollout": 2,
  "reward": 2.1666666666666665,
  "raw_score": 2.1666666666666665,
  "valid": true,
  "parsed": true,
  "ran": true,
  "msg": "ok",
  "advantage": 1.456104113001261,
  "algo": "reinforce",
  "n_response_tokens": 1894,
  "sandbox_stdout": "",
  "parent_value": 2.166666666667806,
  "parent_is_seed": false
}