{
  "step": 13,
  "group": 3,
  "rollout": 16,
  "reward": 0.6329573057311149,
  "raw_score": 0.6329573057311149,
  "valid": true,
  "parsed": true,
  "ran": true,
  "msg": "ok",
  "advantage": 0.5249929164599024,
  "algo": "reinforce",
  "n_response_tokens": 1724,
  "sandbox_stdout": "",
  "parent_value": 2.166666666667806,
  "parent_is_seed": false
}