{
  "step": 13,
  "group": 2,
  "rollout": 16,
  "reward": 1.9650907241859094e-15,
  "raw_score": 1.9650907241859094e-15,
  "valid": true,
  "parsed": true,
  "ran": true,
  "msg": "ok",
  "advantage": -0.8090498343801482,
  "algo": "reinforce",
  "n_response_tokens": 1636,
  "sandbox_stdout": "",
  "parent_value": 2.166666666667806,
  "parent_is_seed": false
}