{
  "step": 13,
  "group": 1,
  "rollout": 3,
  "reward": 1.6749999999999994,
  "raw_score": 1.6749999999999994,
  "valid": true,
  "parsed": true,
  "ran": true,
  "msg": "ok",
  "advantage": 0.33368939334377296,
  "algo": "reinforce",
  "n_response_tokens": 1733,
  "sandbox_stdout": "",
  "parent_value": 2.1999999999999997,
  "parent_is_seed": false
}