{
  "step": 13,
  "group": 0,
  "rollout": 6,
  "reward": 1.6749999999999994,
  "raw_score": 1.6749999999999994,
  "valid": true,
  "parsed": true,
  "ran": true,
  "msg": "ok",
  "advantage": 0.5718029286756604,
  "algo": "reinforce",
  "n_response_tokens": 1788,
  "sandbox_stdout": "",
  "parent_value": 2.1999999999999997,
  "parent_is_seed": false
}