{
  "step": 13,
  "group": 2,
  "rollout": 6,
  "reward": 0.7917085549015374,
  "raw_score": 0.7917085549015374,
  "valid": true,
  "parsed": true,
  "ran": true,
  "msg": "ok",
  "advantage": 0.01864636176331903,
  "algo": "reinforce",
  "n_response_tokens": 1537,
  "sandbox_stdout": "",
  "parent_value": 2.166666666667806,
  "parent_is_seed": false
}