{
  "step": 9,
  "group": 3,
  "rollout": 16,
  "reward": 2.400000000000002,
  "raw_score": 2.400000000000002,
  "valid": true,
  "parsed": true,
  "ran": true,
  "msg": "ok",
  "advantage": 1.4346907240067779,
  "beta": 3.6181415419428746,
  "n_response_tokens": 2343,
  "sandbox_stdout": "",
  "parent_value": 2.400000000000002,
  "parent_is_seed": false
}