{
  "step": 9,
  "group": 2,
  "rollout": 4,
  "reward": 1.52522092983821,
  "raw_score": 1.52522092983821,
  "valid": true,
  "parsed": true,
  "ran": true,
  "msg": "ok",
  "advantage": -0.9987148991100628,
  "beta": 8.014246294225876,
  "n_response_tokens": 2937,
  "sandbox_stdout": "Validation Failed: Circle 25 at (-0.028143437411534244,0.000538098469891779) r=0.0 outside unit square\n",
  "parent_value": 2.432405681547403,
  "parent_is_seed": false
}