{
  "step": 9,
  "group": 3,
  "rollout": 3,
  "reward": 2.1666666666666665,
  "raw_score": 2.1666666666666665,
  "valid": true,
  "parsed": true,
  "ran": true,
  "msg": "ok",
  "advantage": -0.012927996932620256,
  "beta": 3.6181415419428746,
  "n_response_tokens": 2097,
  "sandbox_stdout": "",
  "parent_value": 2.400000000000002,
  "parent_is_seed": false
}