{
  "step": 9,
  "group": 1,
  "rollout": 1,
  "reward": 2.4707106781186545,
  "raw_score": 2.4707106781186545,
  "valid": true,
  "parsed": true,
  "ran": true,
  "msg": "ok",
  "advantage": 1.0909090909046513,
  "beta": 44.55598958333334,
  "n_response_tokens": 2057,
  "sandbox_stdout": "Validation Failed: Circle 25 at (1.05,0.05) r=0.0 outside unit square\nValidation Failed: Circle 5 at (1.0333333333333334,0.2) r=0.0 outside unit square\n",
  "parent_value": 2.470710678118657,
  "parent_is_seed": false
}