{
  "step": 9,
  "group": 3,
  "rollout": 11,
  "reward": 0.722118850000675,
  "raw_score": 0.722118850000675,
  "valid": true,
  "parsed": true,
  "ran": true,
  "msg": "ok",
  "advantage": -0.9949146452117417,
  "beta": 3.6181415419428746,
  "n_response_tokens": 1806,
  "sandbox_stdout": "Validation Failed: Circle 4 at (1.125,0.125) r=0.0 outside unit square\n",
  "parent_value": 2.400000000000002,
  "parent_is_seed": false
}