{
  "step": 9,
  "group": 0,
  "rollout": 11,
  "reward": 2.1666666666666665,
  "raw_score": 2.1666666666666665,
  "valid": true,
  "parsed": true,
  "ran": true,
  "msg": "ok",
  "advantage": -1.0,
  "beta": 543.2226562500001,
  "n_response_tokens": 2970,
  "sandbox_stdout": "",
  "parent_value": 2.470710678118657,
  "parent_is_seed": false
}