{
  "step": 9,
  "group": 2,
  "rollout": 11,
  "reward": 2.4446399305310953,
  "raw_score": 2.4446399305310953,
  "valid": true,
  "parsed": true,
  "ran": true,
  "msg": "ok",
  "advantage": 1.2349334792273359,
  "beta": 8.014246294225876,
  "n_response_tokens": 2421,
  "sandbox_stdout": "",
  "parent_value": 2.432405681547403,
  "parent_is_seed": false
}