{
  "step": 9,
  "group": 2,
  "rollout": 17,
  "reward": 2.435422594861245,
  "raw_score": 2.435422594861245,
  "valid": true,
  "parsed": true,
  "ran": true,
  "msg": "ok",
  "advantage": 1.0615249636673876,
  "beta": 8.014246294225876,
  "n_response_tokens": 2810,
  "sandbox_stdout": "Validation Failed: Circle 0 at (-0.24428193280129729,-0.4891344224483267) r=0.0 outside unit square\n",
  "parent_value": 2.432405681547403,
  "parent_is_seed": false
}