{
  "step": 9,
  "group": 2,
  "rollout": 6,
  "reward": 2.456879335030258,
  "raw_score": 2.456879335030258,
  "valid": true,
  "parsed": true,
  "ran": true,
  "msg": "ok",
  "advantage": 1.4902077795472741,
  "beta": 8.014246294225876,
  "n_response_tokens": 3708,
  "sandbox_stdout": "",
  "parent_value": 2.432405681547403,
  "parent_is_seed": false
}