{
  "step": 9,
  "group": 2,
  "rollout": 20,
  "reward": 1.0467272036053874,
  "raw_score": 1.0467272036053874,
  "valid": true,
  "parsed": true,
  "ran": true,
  "msg": "ok",
  "advantage": -0.9999722351378354,
  "beta": 8.014246294225876,
  "n_response_tokens": 2766,
  "sandbox_stdout": "Validation Failed: Circle 4 at (1.125,0.125) r=0.0 outside unit square\nValidation Failed: Circle 4 at (1.125,0.125) r=0.0 outside unit square\nValidation Failed: Circle 6 at (-0.025656381054286706,0.7980962396906246) r=0.0 outside unit square\nValidation Failed: Circle 13 at (0.2227152103606365,-0.009359029386472706) r=0.0 outside unit square\nValidation Failed: Circle 20 at (-0.0005580208292789504,0.832689781478467) r=0.0 outside unit square\n",
  "parent_value": 2.432405681547403,
  "parent_is_seed": false
}