{
  "step": 19,
  "group": 2,
  "rollout": 14,
  "reward": 2.0907625193679538,
  "raw_score": 2.0907625193679538,
  "valid": true,
  "parsed": true,
  "ran": true,
  "msg": "ok",
  "advantage": -0.9999873342406812,
  "beta": 30.726786170519965,
  "n_response_tokens": 3262,
  "sandbox_stdout": "Validation Failed: Circle 17 at (-0.036241057106679166,0.02002659123016312) r=0.0 outside unit square\nValidation Failed: Circle 19 at (-0.016064142214669334,-0.03887041132069438) r=0.0 outside unit square\nValidation Failed: Circle 20 at (-0.024372490854360076,-0.021218459099557975) r=0.0 outside unit square\nValidation Failed: Circle 21 at (-0.02587021405257687,-0.030401825808509433) r=0.0 outside unit square\nValidation Failed: Circle 22 at (0.03282922640908105,-0.02506867224856465) r=0.0 outside unit square\nValidation Failed: Circle 23 at (0.006110492285212987,-0.01842133529493334) r=0.0 outside unit square\nValidation Failed: Circle 25 at (-0.014765046113115458,0.018117333000671573) r=0.0 outside unit square\nValidation Failed: Circle 16 at (0.031052946656111524,-0.04604198783184941) r=0.0 outside unit square\nValidation Failed: Circle 17 at (-0.038088064245412,-0.005920728169351533) r=0.0 outside unit square\nValidation Failed: Circle 19 at (-0.008509983814088518,-0.024567378953673183) r=0.0 outside unit square\nValidation Failed: Circle 20 at (-0.04889791578190278,0.023409331825822055) r=0.0 outside unit square\nValidation Failed: Circle 21 at (-0.045705522700298,0.015332307190557087) r=0.0 outside unit square\nValidation Failed: Circle 22 at (0.014507928885267668,-0.008491053949402291) r=0.0 outside unit square\nValidation Failed: Circle 23 at (0.040132182644116304,-0.04952868059578963) r=0.0 outside unit square\nValidation Failed: Circle 24 at (0.010805677917612264,-0.004457240641069407) r=0.0 outside unit square\nValidation Failed: Circle 25 at (0.025917138054226588,-0.007971713056028187) r=0.0 outside unit square\nValidation Failed: Circle 16 at (-5.53227342334206e-05,-0.0035616873528182963) r=0.0 outside unit square\nValidation Failed: Circle 17 at (-0.0016028610293323045,0.037256916047526276) r=0.0 outside unit square\nValidation Failed: Circle 19 at (0.0290340572935006,-0.003450268651877045) r=0.0 outside unit square\nValidation Failed: Circle 21 at (-0.0418988625337616",
  "parent_value": 2.483771224494325,
  "parent_is_seed": false
}