{
  "step": 19,
  "group": 2,
  "rollout": 8,
  "reward": 0.0,
  "raw_score": null,
  "valid": false,
  "parsed": true,
  "ran": true,
  "msg": "bad_return_shape",
  "advantage": -1.0,
  "beta": 30.726786170519965,
  "n_response_tokens": 4000,
  "sandbox_stdout": "Validation Failed: Circle 5 at (1.1,0.1) r=0.0 outside unit square\nValidation Failed: Circle 4 at (1.0248601479460282,0.15139336632470457) r=0.0 outside unit square\nValidation Failed: Circle 4 at (1.0025849743078834,0.09294252090622596) r=0.0 outside unit square\nValidation Failed: Circle 4 at (1.0037687374391309,0.06470046092672863) r=0.0 outside unit square\nValidation Failed: Circle 25 at (0.8756922916990668,-0.00403851295491868) r=0.0 outside unit square\n",
  "parent_value": 2.483771224494325,
  "parent_is_seed": false
}