{
  "step": 19,
  "group": 1,
  "rollout": 20,
  "reward": 2.483253781981282,
  "raw_score": 2.483253781981282,
  "valid": true,
  "parsed": true,
  "ran": true,
  "msg": "ok",
  "advantage": 1.2825774228555287,
  "beta": 12.438778636974051,
  "n_response_tokens": 3379,
  "sandbox_stdout": "Validation Failed: Circle 5 at (1.1,0.1) r=0.0 outside unit square\nValidation Failed: Circle 4 at (1.05,0.05) r=0.0 outside unit square\nValidation Failed: Circle 4 at (0.7488531783493235,-0.03317677128418886) r=0.0 outside unit square\nValidation Failed: Circle 4 at (0.7964957747510858,-0.007699747502427218) r=0.0 outside unit square\nValidation Failed: Circle 25 at (1.0237118241591887,0.20618090292064686) r=0.0 outside unit square\nValidation Failed: Circle 4 at (0.9823155263772444,-0.04443038418172936) r=0.0 outside unit square\nValidation Failed: Circle 4 at (0.8907681861708627,-0.03807626152162627) r=0.0 outside unit square\nValidation Failed: Circle 25 at (1.0098996309231139,0.14840109358596365) r=0.0 outside unit square\nValidation Failed: Circle 4 at (0.8631268021346105,-0.010548393938874967) r=0.0 outside unit square\nValidation Failed: Circle 4 at (0.8454417186442513,-0.02432605778222928) r=0.0 outside unit square\nValidation Failed: Circle 25 at (1.0254259166045552,0.10351862089214159) r=0.0 outside unit square\nValidation Failed: Circle 25 at (1.0300933126084877,0.2327624605794378) r=0.0 outside unit square\nValidation Failed: Circle 4 at (0.9315112296106971,-0.023646822629833156) r=0.0 outside unit square\nValidation Failed: Circle 4 at (0.9213763818200837,-0.013342210988252487) r=0.0 outside unit square\nValidation Failed: Circle 4 at (0.789483837329375,-0.017209648304490663) r=0.0 outside unit square\nValidation Failed: Circle 25 at (1.0214360340215376,0.06779753260441496) r=0.0 outside unit square\nValidation Failed: Circle 4 at (0.8807195041025212,-0.0019002952207924084) r=0.0 outside unit square\nValidation Failed: Circle 4 at (0.7922330700668747,-0.023977729910599724) r=0.0 outside unit square\nValidation Failed: Circle 4 at (0.9803050366251749,-0.00611709776829919) r=0.0 outside unit square\nValidation Failed: Circle 25 at (1.0164907076219356,0.2605145366907149) r=0.0 outside unit square\nValidation Failed: Circle 25 at (1.033134735551079,0.08863732993555165) r=0.0",
  "parent_value": 2.488580727557161,
  "parent_is_seed": false
}