{
  "step": 19,
  "group": 3,
  "rollout": 18,
  "reward": 1.1481052515938222,
  "raw_score": 1.1481052515938222,
  "valid": true,
  "parsed": true,
  "ran": true,
  "msg": "ok",
  "advantage": -1.0,
  "beta": 133.37883204258063,
  "n_response_tokens": 3001,
  "sandbox_stdout": "Validation Failed: Circle 5 at (1.1,0.1) r=0.0 outside unit square\nValidation Failed: Circle 1 at (-0.03674335277765893,-0.06676853513861497) r=0.0 outside unit square\nValidation Failed: Circle 2 at (-0.08170183962715441,-0.0430250399617729) r=0.0 outside unit square\nValidation Failed: Circle 3 at (0.06499497441766544,-0.0735211034179712) r=0.0 outside unit square\nValidation Failed: Circle 5 at (-0.08682571525815551,0.06471589955863535) r=0.0 outside unit square\nValidation Failed: Circle 6 at (-0.06584425373139313,-0.07469197491399998) r=0.0 outside unit square\nValidation Failed: Circle 7 at (0.08165889171055932,-0.08928994937914891) r=0.0 outside unit square\nValidation Failed: Circle 8 at (0.009307900337966996,-0.04632674051286665) r=0.0 outside unit square\nValidation Failed: Circle 9 at (0.043679738828068415,-0.09667186015950169) r=0.0 outside unit square\nValidation Failed: Circle 10 at (-0.05094068147235425,-0.08758933304860453) r=0.0 outside unit square\nValidation Failed: Circle 11 at (-0.0712749705139481,-0.023864399005965486) r=0.0 outside unit square\nValidation Failed: Circle 12 at (0.07753606681203515,-0.09773170706301051) r=0.0 outside unit square\nValidation Failed: Circle 13 at (-0.05614324620929543,-0.07981835489863787) r=0.0 outside unit square\nValidation Failed: Circle 15 at (0.009129766086930127,-0.0500701600112167) r=0.0 outside unit square\nValidation Failed: Circle 16 at (-0.0291044880211542,0.04479448174479983) r=0.0 outside unit square\nValidation Failed: Circle 17 at (-0.032170106454808764,-0.0610486588909311) r=0.0 outside unit square\nValidation Failed: Circle 18 at (0.09790129982412152,-0.04868948589526485) r=0.0 outside unit square\nValidation Failed: Circle 21 at (-0.01080809776043401,-0.07054036510699571) r=0.0 outside unit square\nValidation Failed: Circle 24 at (-0.01572316618221062,0.05300243568998178) r=0.0 outside unit square\nValidation Failed: Circle 25 at (-0.01896646095616497,-0.04286381197433018) r=0.0 outside unit square\nValidation Fai",
  "parent_value": 2.479646253761314,
  "parent_is_seed": false
}