{
  "step": 19,
  "group": 3,
  "rollout": 10,
  "reward": 2.477825986656604,
  "raw_score": 2.477825986656604,
  "valid": true,
  "parsed": true,
  "ran": true,
  "msg": "ok",
  "advantage": 0.3975337192436301,
  "beta": 133.37883204258063,
  "n_response_tokens": 2612,
  "sandbox_stdout": "Validation Failed: Circle 5 at (1.1,0.1) r=0.0 outside unit square\nValidation Failed: Circle 3 at (0.6458277735287685,-0.007031213214314394) r=0.0 outside unit square\nValidation Failed: Circle 4 at (0.7388764864751447,-0.0056363797635425456) r=0.0 outside unit square\nValidation Failed: Circle 4 at (0.7237843581879146,-0.005914918248429865) r=0.0 outside unit square\n",
  "parent_value": 2.479646253761314,
  "parent_is_seed": false
}