{
  "step": 19,
  "group": 0,
  "rollout": 5,
  "reward": 2.3091917156601434,
  "raw_score": 2.3091917156601434,
  "valid": true,
  "parsed": true,
  "ran": true,
  "msg": "ok",
  "advantage": -0.6124117405582863,
  "beta": 9.766675349866718,
  "n_response_tokens": 2277,
  "sandbox_stdout": "Validation Failed: Circle 5 at (0.4089417559517901,1.0343608149683643) r=0.0 outside unit square\n",
  "parent_value": 2.489089095344737,
  "parent_is_seed": false
}