{
  "step": 19,
  "group": 1,
  "rollout": 1,
  "reward": 2.484583060999326,
  "raw_score": 2.484583060999326,
  "valid": true,
  "parsed": true,
  "ran": true,
  "msg": "ok",
  "advantage": 1.3244787208294464,
  "beta": 12.438778636974051,
  "n_response_tokens": 3210,
  "sandbox_stdout": "Validation Failed: Circle 5 at (1.1,0.1) r=0.0 outside unit square\nValidation Failed: Circle 4 at (1.05,0.05) r=0.0 outside unit square\nValidation Failed: Circle 25 at (0.9163193366798,-0.007804098703542234) r=0.0 outside unit square\nValidation Failed: Circle 25 at (0.8930397865768891,-0.00640753983880156) r=0.0 outside unit square\nValidation Failed: Circle 25 at (0.8768407659427013,-0.0042138283697580325) r=0.0 outside unit square\nValidation Failed: Circle 25 at (0.9350701033711701,-0.0038269912487246607) r=0.0 outside unit square\n",
  "parent_value": 2.488580727557161,
  "parent_is_seed": false
}