{
  "step": 18,
  "group": 3,
  "rollout": 8,
  "reward": 1.1500000000000004,
  "raw_score": 1.1500000000000004,
  "valid": true,
  "parsed": true,
  "ran": true,
  "msg": "ok",
  "advantage": -0.15137117387011223,
  "algo": "reinforce",
  "n_response_tokens": 1731,
  "sandbox_stdout": "",
  "parent_value": 2.500000000001484,
  "parent_is_seed": false
}