{
  "step": 18,
  "group": 0,
  "rollout": 6,
  "reward": 1.8749999999999998,
  "raw_score": 1.8749999999999998,
  "valid": true,
  "parsed": true,
  "ran": true,
  "msg": "ok",
  "advantage": 0.2934033640964639,
  "algo": "reinforce",
  "n_response_tokens": 1693,
  "sandbox_stdout": "",
  "parent_value": 2.500000000001484,
  "parent_is_seed": false
}