{
  "step": 18,
  "group": 3,
  "rollout": 23,
  "reward": 0.3061436481561515,
  "raw_score": 0.3061436481561515,
  "valid": true,
  "parsed": true,
  "ran": true,
  "msg": "ok",
  "advantage": -0.8995546438738551,
  "algo": "reinforce",
  "n_response_tokens": 1763,
  "sandbox_stdout": "",
  "parent_value": 2.500000000001484,
  "parent_is_seed": false
}