{
  "step": 18,
  "group": 1,
  "rollout": 5,
  "reward": 1.7250000000015717,
  "raw_score": 1.7250000000015717,
  "valid": true,
  "parsed": true,
  "ran": true,
  "msg": "ok",
  "advantage": 0.7639084112423697,
  "algo": "reinforce",
  "n_response_tokens": 1929,
  "sandbox_stdout": "",
  "parent_value": 2.500000000001484,
  "parent_is_seed": false
}