{
  "step": 28,
  "group": 5,
  "rollout": 38,
  "reward": 2.6359674489237848,
  "raw_score": 2.6359674489237848,
  "valid": true,
  "parsed": true,
  "ran": true,
  "msg": "ok",
  "advantage": 0.8111112019601106,
  "beta": 1048576.0,
  "n_response_tokens": 2529,
  "sandbox_stdout": "Invalid packing: Circle 12 at (0.8865056555968288,0.8865058106200326) r=0.12120685140782507 outside unit square\n",
  "parent_value": 2.635967448934721,
  "parent_is_seed": false
}