{
  "step": 28,
  "group": 5,
  "rollout": 50,
  "reward": 2.63596744893409,
  "raw_score": 2.63596744893409,
  "valid": true,
  "parsed": true,
  "ran": true,
  "msg": "ok",
  "advantage": 0.8111313349475875,
  "beta": 1048576.0,
  "n_response_tokens": 2582,
  "sandbox_stdout": "",
  "parent_value": 2.635967448934721,
  "parent_is_seed": false
}