{
  "step": 28,
  "group": 0,
  "rollout": 33,
  "reward": 2.635967448933332,
  "raw_score": 2.635967448933332,
  "valid": true,
  "parsed": true,
  "ran": true,
  "msg": "ok",
  "advantage": 0.8199752351988816,
  "beta": 1048576.0,
  "n_response_tokens": 2807,
  "sandbox_stdout": "",
  "parent_value": 2.635967448935425,
  "parent_is_seed": false
}