{
  "step": 28,
  "group": 3,
  "rollout": 58,
  "reward": 0.0,
  "raw_score": 0.0,
  "valid": true,
  "parsed": true,
  "ran": true,
  "msg": "ok",
  "advantage": -1.0,
  "beta": 1048576.0,
  "n_response_tokens": 2397,
  "sandbox_stdout": "Invalid packing: Circle 0 at (0.07342462990584801,0.0734246299068556) r=1.0 outside unit square\nInvalid packing: Circle 0 at (1.0,1.0) r=1.0 outside unit square\nInvalid packing: Circle 0 at (0.5714482522518565,0.30961318801229437) r=1.0 outside unit square\nInvalid packing: Circle 0 at (0.3318422401992513,0.27080509499461886) r=1.0 outside unit square\nInvalid packing: Circle 0 at (0.2255418863896156,0.2736882482202383) r=1.0 outside unit square\nInvalid packing: Circle 0 at (0.23704113896256382,0.24064760098932717) r=1.0 outside unit square\nInvalid packing: Circle 0 at (0.2255418863896156,0.2736882482202383) r=1.0 outside unit square\n",
  "parent_value": 2.635982930149548,
  "parent_is_seed": false
}