{
  "step": 28,
  "group": 1,
  "rollout": 61,
  "reward": 2.635703041306998,
  "raw_score": 2.635703041306998,
  "valid": true,
  "parsed": true,
  "ran": true,
  "msg": "ok",
  "advantage": -0.9771513116564771,
  "beta": 16921.562985134962,
  "n_response_tokens": 3104,
  "sandbox_stdout": "Invalid packing: Circle 0 at (1.0,0.0) r=1.0 outside unit square\n",
  "parent_value": 2.63596744894016,
  "parent_is_seed": false
}