{
  "step": 28,
  "group": 7,
  "rollout": 23,
  "reward": 2.635967448934597,
  "raw_score": 2.635967448934597,
  "valid": true,
  "parsed": true,
  "ran": true,
  "msg": "ok",
  "advantage": 0.1454545374329277,
  "beta": 1048576.0,
  "n_response_tokens": 2853,
  "sandbox_stdout": "Invalid packing: Circle 0 at (7.217153058766084e-07,0.9999992782952688) r=0.9999982577765636 outside unit square\nInvalid packing: Circle 0 at (1.0,1.0) r=1.0 outside unit square\nInvalid packing: Circle 0 at (0.0,1.0) r=1.0 outside unit square\n",
  "parent_value": 2.635967448934597,
  "parent_is_seed": false
}