{
  "step": 28,
  "group": 1,
  "rollout": 3,
  "reward": 2.63531277715797,
  "raw_score": 2.63531277715797,
  "valid": true,
  "parsed": true,
  "ran": true,
  "msg": "ok",
  "advantage": -0.9999690489324091,
  "beta": 16921.562985134962,
  "n_response_tokens": 2763,
  "sandbox_stdout": "Invalid packing: Circle 0 at (0.0,0.0) r=1.0 outside unit square\n",
  "parent_value": 2.63596744894016,
  "parent_is_seed": false
}