{
  "step": 28,
  "group": 0,
  "rollout": 56,
  "reward": 2.6359674489011975,
  "raw_score": 2.6359674489011975,
  "valid": true,
  "parsed": true,
  "ran": true,
  "msg": "ok",
  "advantage": 0.8199121402282037,
  "beta": 1048576.0,
  "n_response_tokens": 2575,
  "sandbox_stdout": "",
  "parent_value": 2.635967448935425,
  "parent_is_seed": false
}