{
  "step": 28,
  "group": 0,
  "rollout": 30,
  "reward": 2.6359674488955096,
  "raw_score": 2.6359674488955096,
  "valid": true,
  "parsed": true,
  "ran": true,
  "msg": "ok",
  "advantage": 0.8199009724084971,
  "beta": 1048576.0,
  "n_response_tokens": 2642,
  "sandbox_stdout": "Invalid packing: Circle 0 at (0.0,0.0) r=1.0 outside unit square\n",
  "parent_value": 2.635967448935425,
  "parent_is_seed": false
}