{
  "step": 28,
  "group": 4,
  "rollout": 58,
  "reward": 2.635967448934564,
  "raw_score": 2.635967448934564,
  "valid": true,
  "parsed": true,
  "ran": true,
  "msg": "ok",
  "advantage": 1.9584456413136104,
  "beta": 3734.981533313468,
  "n_response_tokens": 2433,
  "sandbox_stdout": "Invalid packing: Circle 0 at (0.0,1.0) r=1.0 outside unit square\n",
  "parent_value": 2.635967448934761,
  "parent_is_seed": false
}