{
  "step": 28,
  "group": 1,
  "rollout": 57,
  "reward": 2.635669543253882,
  "raw_score": 2.635669543253882,
  "valid": true,
  "parsed": true,
  "ran": true,
  "msg": "ok",
  "advantage": -0.9870396151656371,
  "beta": 16921.562985134962,
  "n_response_tokens": 2799,
  "sandbox_stdout": "Invalid packing: Circle 1 at (0.0,0.0) r=1.0 outside unit square\n",
  "parent_value": 2.63596744894016,
  "parent_is_seed": false
}