{
  "step": 28,
  "group": 6,
  "rollout": 53,
  "reward": 2.635967448934597,
  "raw_score": 2.635967448934597,
  "valid": true,
  "parsed": true,
  "ran": true,
  "msg": "ok",
  "advantage": 0.3695652173894288,
  "beta": 1048576.0,
  "n_response_tokens": 2152,
  "sandbox_stdout": "Invalid packing: Circle 0 at (0.0,0.0) r=1.0 outside unit square\n",
  "parent_value": 2.635967448934597,
  "parent_is_seed": false
}