{
  "step": 28,
  "group": 1,
  "rollout": 21,
  "reward": 0.0,
  "raw_score": null,
  "valid": false,
  "parsed": true,
  "ran": false,
  "msg": "run_failed: Circle 0 at (0.0,0.43772172565493717) r=0.08391354136245217 outside unit square",
  "advantage": -1.0,
  "beta": 16921.562985134962,
  "n_response_tokens": 2524,
  "sandbox_stdout": "Invalid packing: Circle 2 at (0.0,0.0) r=1.0 outside unit square\nInvalid packing: Circle 0 at (0.0,0.43772172565493717) r=0.08391354136245217 outside unit square\n",
  "parent_value": 2.63596744894016,
  "parent_is_seed": false
}