{
  "step": 28,
  "group": 0,
  "rollout": 5,
  "reward": 2.6323260072581918,
  "raw_score": 2.6323260072581918,
  "valid": true,
  "parsed": true,
  "ran": true,
  "msg": "ok",
  "advantage": -1.0,
  "beta": 1048576.0,
  "n_response_tokens": 2752,
  "sandbox_stdout": "Invalid packing: Circle 0 at (0.9999999994724194,4.998023427555948e-10) r=0.9999999994724194 outside unit square\n",
  "parent_value": 2.635967448935425,
  "parent_is_seed": false
}