{
  "step": 9,
  "group": 5,
  "rollout": 56,
  "reward": 2.6214807531940023,
  "raw_score": 2.6214807531940023,
  "valid": true,
  "parsed": true,
  "ran": true,
  "msg": "ok",
  "advantage": -0.5322998091331097,
  "beta": 276.3425939873994,
  "n_response_tokens": 1375,
  "sandbox_stdout": "",
  "parent_value": 2.6301991711936523,
  "parent_is_seed": false
}