{
  "step": 9,
  "group": 3,
  "rollout": 5,
  "reward": 2.6261098581357065,
  "raw_score": 2.6261098581357065,
  "valid": true,
  "parsed": true,
  "ran": true,
  "msg": "ok",
  "advantage": 1.3933192282443674,
  "beta": 147.7160528767409,
  "n_response_tokens": 1229,
  "sandbox_stdout": "",
  "parent_value": 2.6310779580045214,
  "parent_is_seed": false
}