{
  "step": 9,
  "group": 7,
  "rollout": 14,
  "reward": 2.630156307189518,
  "raw_score": 2.630156307189518,
  "valid": true,
  "parsed": true,
  "ran": true,
  "msg": "ok",
  "advantage": 0.6974392374912144,
  "beta": 1048576.0,
  "n_response_tokens": 1981,
  "sandbox_stdout": "",
  "parent_value": 2.6301563071897185,
  "parent_is_seed": false
}