{
  "step": 9,
  "group": 4,
  "rollout": 34,
  "reward": 2.622144930227118,
  "raw_score": 2.622144930227118,
  "valid": true,
  "parsed": true,
  "ran": true,
  "msg": "ok",
  "advantage": -0.20207535341556215,
  "beta": 197.91467084080404,
  "n_response_tokens": 2301,
  "sandbox_stdout": "",
  "parent_value": 2.6310779580043455,
  "parent_is_seed": false
}