{
  "step": 9,
  "group": 4,
  "rollout": 28,
  "reward": 2.6100146638572017,
  "raw_score": 2.6100146638572017,
  "valid": true,
  "parsed": true,
  "ran": true,
  "msg": "ok",
  "advantage": -0.9284923130339728,
  "beta": 197.91467084080404,
  "n_response_tokens": 1799,
  "sandbox_stdout": "",
  "parent_value": 2.6310779580043455,
  "parent_is_seed": false
}