{
  "step": 9,
  "group": 4,
  "rollout": 9,
  "reward": 2.6150758621487316,
  "raw_score": 2.6150758621487316,
  "valid": true,
  "parsed": true,
  "ran": true,
  "msg": "ok",
  "advantage": -0.804912575276975,
  "beta": 197.91467084080404,
  "n_response_tokens": 1919,
  "sandbox_stdout": "",
  "parent_value": 2.6310779580043455,
  "parent_is_seed": false
}