{
  "step": 9,
  "group": 5,
  "rollout": 35,
  "reward": 0.0,
  "raw_score": null,
  "valid": false,
  "parsed": true,
  "ran": true,
  "msg": "Circle 0 at (0.05835452965928674,0.06465647192025517) r=0.06513184126531409 outside unit square",
  "advantage": -1.0,
  "beta": 276.3425939873994,
  "n_response_tokens": 1939,
  "sandbox_stdout": "",
  "parent_value": 2.6301991711936523,
  "parent_is_seed": false
}