{
  "step": 9,
  "group": 1,
  "rollout": 57,
  "reward": 2.6213013890906276,
  "raw_score": 2.6213013890906276,
  "valid": true,
  "parsed": true,
  "ran": true,
  "msg": "ok",
  "advantage": -0.28269885950443574,
  "beta": 300.50001945996075,
  "n_response_tokens": 1803,
  "sandbox_stdout": "",
  "parent_value": 2.631077958564871,
  "parent_is_seed": false
}