{
  "step": 9,
  "group": 0,
  "rollout": 25,
  "reward": 2.589088745784303,
  "raw_score": 2.589088745784303,
  "valid": true,
  "parsed": true,
  "ran": true,
  "msg": "ok",
  "advantage": 2.4383938771044398,
  "beta": 0.965681272742282,
  "n_response_tokens": 1594,
  "sandbox_stdout": "",
  "parent_value": 2.6310779591444073,
  "parent_is_seed": false
}