{
  "step": 9,
  "group": 1,
  "rollout": 54,
  "reward": 2.6228688635363295,
  "raw_score": 2.6228688635363295,
  "valid": true,
  "parsed": true,
  "ran": true,
  "msg": "ok",
  "advantage": 0.15677992752142145,
  "beta": 300.50001945996075,
  "n_response_tokens": 1962,
  "sandbox_stdout": "",
  "parent_value": 2.631077958564871,
  "parent_is_seed": false
}