{
  "step": 9,
  "group": 3,
  "rollout": 21,
  "reward": 2.5991855374944492,
  "raw_score": 2.5991855374944492,
  "valid": true,
  "parsed": true,
  "ran": true,
  "msg": "ok",
  "advantage": -0.9567635975086134,
  "beta": 147.7160528767409,
  "n_response_tokens": 1337,
  "sandbox_stdout": "",
  "parent_value": 2.6310779580045214,
  "parent_is_seed": false
}