{
  "step": 9,
  "group": 1,
  "rollout": 14,
  "reward": 2.630199168584996,
  "raw_score": 2.630199168584996,
  "valid": true,
  "parsed": true,
  "ran": true,
  "msg": "ok",
  "advantage": 11.284547289851709,
  "beta": 300.50001945996075,
  "n_response_tokens": 1849,
  "sandbox_stdout": "",
  "parent_value": 2.631077958564871,
  "parent_is_seed": false
}