{
  "step": 9,
  "group": 6,
  "rollout": 11,
  "reward": 2.5728521654402305,
  "raw_score": 2.5728521654402305,
  "valid": true,
  "parsed": true,
  "ran": true,
  "msg": "ok",
  "advantage": -0.9999999999999968,
  "beta": 586.0201839876087,
  "n_response_tokens": 2074,
  "sandbox_stdout": "",
  "parent_value": 2.6301563071897585,
  "parent_is_seed": false
}