{
  "step": 9,
  "group": 4,
  "rollout": 54,
  "reward": 2.6221766862454303,
  "raw_score": 2.6221766862454303,
  "valid": true,
  "parsed": true,
  "ran": true,
  "msg": "ok",
  "advantage": -0.1969804955089779,
  "beta": 197.91467084080404,
  "n_response_tokens": 2074,
  "sandbox_stdout": "",
  "parent_value": 2.6310779580043455,
  "parent_is_seed": false
}