{
  "step": 9,
  "group": 1,
  "rollout": 21,
  "reward": 2.6220658680921973,
  "raw_score": 2.6220658680921973,
  "valid": true,
  "parsed": true,
  "ran": true,
  "msg": "ok",
  "advantage": -0.09479045036028377,
  "beta": 300.50001945996075,
  "n_response_tokens": 1862,
  "sandbox_stdout": "",
  "parent_value": 2.631077958564871,
  "parent_is_seed": false
}