{
  "step": 9,
  "group": 2,
  "rollout": 58,
  "reward": 2.604534364945839,
  "raw_score": 2.604534364945839,
  "valid": true,
  "parsed": true,
  "ran": true,
  "msg": "ok",
  "advantage": -0.7964929054272682,
  "beta": 121.39584118888854,
  "n_response_tokens": 2808,
  "sandbox_stdout": "",
  "parent_value": 2.6310779580169457,
  "parent_is_seed": false
}