{
  "step": 9,
  "group": 1,
  "rollout": 38,
  "reward": 2.6215765798684627,
  "raw_score": 2.6215765798684627,
  "valid": true,
  "parsed": true,
  "ran": true,
  "msg": "ok",
  "advantage": -0.22009459516163155,
  "beta": 300.50001945996075,
  "n_response_tokens": 1727,
  "sandbox_stdout": "",
  "parent_value": 2.631077958564871,
  "parent_is_seed": false
}