{
  "step": 9,
  "group": 3,
  "rollout": 17,
  "reward": 2.6261254842684743,
  "raw_score": 2.6261254842684743,
  "valid": true,
  "parsed": true,
  "ran": true,
  "msg": "ok",
  "advantage": 1.39906055304965,
  "beta": 147.7160528767409,
  "n_response_tokens": 1445,
  "sandbox_stdout": "",
  "parent_value": 2.6310779580045214,
  "parent_is_seed": false
}