{
  "step": 9,
  "group": 6,
  "rollout": 60,
  "reward": 2.6214617778666196,
  "raw_score": 2.6214617778666196,
  "valid": true,
  "parsed": true,
  "ran": true,
  "msg": "ok",
  "advantage": -0.9923580602824923,
  "beta": 586.0201839876087,
  "n_response_tokens": 2097,
  "sandbox_stdout": "",
  "parent_value": 2.6301563071897585,
  "parent_is_seed": false
}