{
  "step": 9,
  "group": 3,
  "rollout": 14,
  "reward": 2.6280673303975073,
  "raw_score": 2.6280673303975073,
  "valid": true,
  "parsed": true,
  "ran": true,
  "msg": "ok",
  "advantage": 2.2370116410535306,
  "beta": 147.7160528767409,
  "n_response_tokens": 1230,
  "sandbox_stdout": "",
  "parent_value": 2.6310779580045214,
  "parent_is_seed": false
}