{
  "step": 9,
  "group": 2,
  "rollout": 13,
  "reward": 2.612791121838732,
  "raw_score": 2.612791121838732,
  "valid": true,
  "parsed": true,
  "ran": true,
  "msg": "ok",
  "advantage": -0.4424102685114979,
  "beta": 121.39584118888854,
  "n_response_tokens": 1884,
  "sandbox_stdout": "",
  "parent_value": 2.6310779580169457,
  "parent_is_seed": false
}