{
  "step": 9,
  "group": 2,
  "rollout": 26,
  "reward": 2.6260727279977822,
  "raw_score": 2.6260727279977822,
  "valid": true,
  "parsed": true,
  "ran": true,
  "msg": "ok",
  "advantage": 1.899033095542543,
  "beta": 121.39584118888854,
  "n_response_tokens": 2417,
  "sandbox_stdout": "",
  "parent_value": 2.6310779580169457,
  "parent_is_seed": false
}