{
  "step": 9,
  "group": 5,
  "rollout": 48,
  "reward": 2.624528657822334,
  "raw_score": 2.624528657822334,
  "valid": true,
  "parsed": true,
  "ran": true,
  "msg": "ok",
  "advantage": 0.09658190748864492,
  "beta": 276.3425939873994,
  "n_response_tokens": 1482,
  "sandbox_stdout": "",
  "parent_value": 2.6301991711936523,
  "parent_is_seed": false
}