{
  "step": 9,
  "group": 4,
  "rollout": 45,
  "reward": 2.6059995358950183,
  "raw_score": 2.6059995358950183,
  "valid": true,
  "parsed": true,
  "ran": true,
  "msg": "ok",
  "advantage": -0.9677173440729747,
  "beta": 197.91467084080404,
  "n_response_tokens": 1954,
  "sandbox_stdout": "",
  "parent_value": 2.6310779580043455,
  "parent_is_seed": false
}