{
  "step": 9,
  "group": 2,
  "rollout": 61,
  "reward": 2.6072827351925114,
  "raw_score": 2.6072827351925114,
  "valid": true,
  "parsed": true,
  "ran": true,
  "msg": "ok",
  "advantage": -0.7155317279627554,
  "beta": 121.39584118888854,
  "n_response_tokens": 1851,
  "sandbox_stdout": "",
  "parent_value": 2.6310779580169457,
  "parent_is_seed": false
}