{
  "step": 9,
  "group": 3,
  "rollout": 1,
  "reward": 2.610442429691855,
  "raw_score": 2.610442429691855,
  "valid": true,
  "parsed": true,
  "ran": true,
  "msg": "ok",
  "advantage": -0.7712924479614575,
  "beta": 147.7160528767409,
  "n_response_tokens": 1298,
  "sandbox_stdout": "",
  "parent_value": 2.6310779580045214,
  "parent_is_seed": false
}