{
  "step": 9,
  "group": 4,
  "rollout": 52,
  "reward": 2.618987378292484,
  "raw_score": 2.618987378292484,
  "valid": true,
  "parsed": true,
  "ran": true,
  "msg": "ok",
  "advantage": -0.5753692634841501,
  "beta": 197.91467084080404,
  "n_response_tokens": 2011,
  "sandbox_stdout": "",
  "parent_value": 2.6310779580043455,
  "parent_is_seed": false
}