{
  "step": 9,
  "group": 4,
  "rollout": 15,
  "reward": 2.614255150476812,
  "raw_score": 2.614255150476812,
  "valid": true,
  "parsed": true,
  "ran": true,
  "msg": "ok",
  "advantage": -0.8342380446558881,
  "beta": 197.91467084080404,
  "n_response_tokens": 1802,
  "sandbox_stdout": "",
  "parent_value": 2.6310779580043455,
  "parent_is_seed": false
}