{
  "step": 9,
  "group": 1,
  "rollout": 33,
  "reward": 2.603674722864059,
  "raw_score": 2.603674722864059,
  "valid": true,
  "parsed": true,
  "ran": true,
  "msg": "ok",
  "advantage": -0.996448332610754,
  "beta": 300.50001945996075,
  "n_response_tokens": 1549,
  "sandbox_stdout": "",
  "parent_value": 2.631077958564871,
  "parent_is_seed": false
}