{
  "step": 13,
  "group": 0,
  "rollout": 13,
  "reward": 2.621970647716211,
  "raw_score": 2.621970647716211,
  "valid": true,
  "parsed": true,
  "ran": true,
  "msg": "ok",
  "advantage": 1.1250832960564576,
  "beta": 1.740296386202314,
  "n_response_tokens": 1775,
  "sandbox_stdout": "",
  "parent_value": 2.6342767677789882,
  "parent_is_seed": false
}