{
  "step": 13,
  "group": 2,
  "rollout": 12,
  "reward": 2.6245379444402204,
  "raw_score": 2.6245379444402204,
  "valid": true,
  "parsed": true,
  "ran": true,
  "msg": "ok",
  "advantage": -0.6614794895850581,
  "beta": 248.2094468338841,
  "n_response_tokens": 2313,
  "sandbox_stdout": "",
  "parent_value": 2.6323260072585617,
  "parent_is_seed": false
}