{
  "step": 13,
  "group": 0,
  "rollout": 40,
  "reward": 2.6254976234000287,
  "raw_score": 2.6254976234000287,
  "valid": true,
  "parsed": true,
  "ran": true,
  "msg": "ok",
  "advantage": 1.1386112811249745,
  "beta": 1.740296386202314,
  "n_response_tokens": 2141,
  "sandbox_stdout": "",
  "parent_value": 2.6342767677789882,
  "parent_is_seed": false
}