{
  "step": 13,
  "group": 7,
  "rollout": 6,
  "reward": 2.6313341898235807,
  "raw_score": 2.6313341898235807,
  "valid": true,
  "parsed": true,
  "ran": true,
  "msg": "ok",
  "advantage": 0.2814653634315367,
  "beta": 1048576.0,
  "n_response_tokens": 2238,
  "sandbox_stdout": "",
  "parent_value": 2.63133419346747,
  "parent_is_seed": false
}