{
  "step": 13,
  "group": 2,
  "rollout": 24,
  "reward": 2.505505675936103,
  "raw_score": 2.505505675936103,
  "valid": true,
  "parsed": true,
  "ran": true,
  "msg": "ok",
  "advantage": -0.9999999999999504,
  "beta": 248.2094468338841,
  "n_response_tokens": 2147,
  "sandbox_stdout": "Invalid packing: Circle 1 at (0.0,1.0) r=1.0 outside unit square\n",
  "parent_value": 2.6323260072585617,
  "parent_is_seed": false
}