{
  "step": 13,
  "group": 2,
  "rollout": 4,
  "reward": 2.6323260072585617,
  "raw_score": 2.6323260072585617,
  "valid": true,
  "parsed": true,
  "ran": true,
  "msg": "ok",
  "advantage": 1.4161507284386792,
  "beta": 248.2094468338841,
  "n_response_tokens": 2279,
  "sandbox_stdout": "",
  "parent_value": 2.6323260072585617,
  "parent_is_seed": false
}