{
  "step": 13,
  "group": 2,
  "rollout": 63,
  "reward": 2.6310718104833675,
  "raw_score": 2.6310718104833675,
  "valid": true,
  "parsed": true,
  "ran": true,
  "msg": "ok",
  "advantage": 0.7518372090461567,
  "beta": 248.2094468338841,
  "n_response_tokens": 2020,
  "sandbox_stdout": "",
  "parent_value": 2.6323260072585617,
  "parent_is_seed": false
}