{
  "step": 13,
  "group": 4,
  "rollout": 16,
  "reward": 2.624418128176558,
  "raw_score": 2.624418128176558,
  "valid": true,
  "parsed": true,
  "ran": true,
  "msg": "ok",
  "advantage": -0.9999999963352433,
  "beta": 2543.1784749169046,
  "n_response_tokens": 2332,
  "sandbox_stdout": "Invalid packing: Circle 2 at (1.9994322969709424e-10,1.9994322969709424e-10) r=0.9999999998000567 outside unit square\n",
  "parent_value": 2.6323260072585617,
  "parent_is_seed": false
}