{
  "step": 13,
  "group": 7,
  "rollout": 4,
  "reward": 2.6313341921118703,
  "raw_score": 2.6313341921118703,
  "valid": true,
  "parsed": true,
  "ran": true,
  "msg": "ok",
  "advantage": 0.2846066339812081,
  "beta": 1048576.0,
  "n_response_tokens": 2122,
  "sandbox_stdout": "",
  "parent_value": 2.63133419346747,
  "parent_is_seed": false
}