{
  "step": 13,
  "group": 0,
  "rollout": 6,
  "reward": 2.628349171521806,
  "raw_score": 2.628349171521806,
  "valid": true,
  "parsed": true,
  "ran": true,
  "msg": "ok",
  "advantage": 1.1496136225780273,
  "beta": 1.740296386202314,
  "n_response_tokens": 1957,
  "sandbox_stdout": "",
  "parent_value": 2.6342767677789882,
  "parent_is_seed": false
}