{
  "step": 13,
  "group": 2,
  "rollout": 58,
  "reward": 2.632326007258303,
  "raw_score": 2.632326007258303,
  "valid": true,
  "parsed": true,
  "ran": true,
  "msg": "ok",
  "advantage": 1.4161507282774566,
  "beta": 248.2094468338841,
  "n_response_tokens": 1872,
  "sandbox_stdout": "",
  "parent_value": 2.6323260072585617,
  "parent_is_seed": false
}