{
  "step": 23,
  "group": 6,
  "rollout": 9,
  "reward": 2.635961758775448,
  "raw_score": 2.635961758775448,
  "valid": true,
  "parsed": true,
  "ran": true,
  "msg": "ok",
  "advantage": 0.12499999999873457,
  "beta": 1048576.0,
  "n_response_tokens": 2341,
  "sandbox_stdout": "Invalid packing: Circle 9 at (0.1727731116301144,0.17274514336833577) r=0.1727720762936648 outside unit square\n",
  "parent_value": 2.635961758775448,
  "parent_is_seed": false
}