{
  "step": 23,
  "group": 1,
  "rollout": 16,
  "reward": 2.635982928097856,
  "raw_score": 2.635982928097856,
  "valid": true,
  "parsed": true,
  "ran": true,
  "msg": "ok",
  "advantage": 0.14542913811113167,
  "beta": 1048576.0,
  "n_response_tokens": 2258,
  "sandbox_stdout": "Invalid packing: Circle 17 at (0.10528339688482766,0.8947166432316527) r=0.10528337888577059 outside unit square\nInvalid packing: Circle 1 at (0.0,1.0) r=1.0 outside unit square\n",
  "parent_value": 2.635982928097856,
  "parent_is_seed": false
}