{
  "step": 23,
  "group": 3,
  "rollout": 59,
  "reward": 2.6359674318064137,
  "raw_score": 2.6359674318064137,
  "valid": true,
  "parsed": true,
  "ran": true,
  "msg": "ok",
  "advantage": 1.032278157797423,
  "beta": 31126.402484898375,
  "n_response_tokens": 2609,
  "sandbox_stdout": "Invalid packing: Circle 9 at (0.36980233943286517,0.9340160495368297) r=0.06598423167214094 outside unit square\n",
  "parent_value": 2.63596744972135,
  "parent_is_seed": false
}