{
  "step": 23,
  "group": 4,
  "rollout": 2,
  "reward": 2.635967448933533,
  "raw_score": 2.635967448933533,
  "valid": true,
  "parsed": true,
  "ran": true,
  "msg": "ok",
  "advantage": 0.3419977125806246,
  "beta": 1048576.0,
  "n_response_tokens": 2081,
  "sandbox_stdout": "Invalid packing: Circle 2 at (0.0,1.0) r=1.0 outside unit square\n",
  "parent_value": 2.635967448933533,
  "parent_is_seed": false
}