{
  "step": 23,
  "group": 1,
  "rollout": 29,
  "reward": 2.635982928097856,
  "raw_score": 2.635982928097856,
  "valid": true,
  "parsed": true,
  "ran": true,
  "msg": "ok",
  "advantage": 0.14542913811113167,
  "beta": 1048576.0,
  "n_response_tokens": 1933,
  "sandbox_stdout": "",
  "parent_value": 2.635982928097856,
  "parent_is_seed": false
}