{
  "step": 23,
  "group": 3,
  "rollout": 57,
  "reward": 2.6323260072575407,
  "raw_score": 2.6323260072575407,
  "valid": true,
  "parsed": true,
  "ran": true,
  "msg": "ok",
  "advantage": -1.0,
  "beta": 31126.402484898375,
  "n_response_tokens": 2394,
  "sandbox_stdout": "Invalid packing: Circles 18 and 23 overlap\n",
  "parent_value": 2.63596744972135,
  "parent_is_seed": false
}