{
  "step": 23,
  "group": 0,
  "rollout": 30,
  "reward": 2.635967448933533,
  "raw_score": 2.635967448933533,
  "valid": true,
  "parsed": true,
  "ran": true,
  "msg": "ok",
  "advantage": 0.3124999999982774,
  "beta": 1048576.0,
  "n_response_tokens": 2038,
  "sandbox_stdout": "Invalid packing: Circle 0 at (0.0,0.0) r=1.0 outside unit square\n",
  "parent_value": 2.635967448933533,
  "parent_is_seed": false
}