{
  "step": 23,
  "group": 2,
  "rollout": 6,
  "reward": 2.6323260072580226,
  "raw_score": 2.6323260072580226,
  "valid": true,
  "parsed": true,
  "ran": true,
  "msg": "ok",
  "advantage": -1.0,
  "beta": 11482.07839838551,
  "n_response_tokens": 2721,
  "sandbox_stdout": "",
  "parent_value": 2.635967454767965,
  "parent_is_seed": false
}