{
  "step": 23,
  "group": 3,
  "rollout": 8,
  "reward": 2.6359674488707867,
  "raw_score": 2.6359674488707867,
  "valid": true,
  "parsed": true,
  "ran": true,
  "msg": "ok",
  "advantage": 1.033392743890507,
  "beta": 31126.402484898375,
  "n_response_tokens": 2672,
  "sandbox_stdout": "Invalid packing: Circle 0 at (0.0,0.0) r=1.0 outside unit square\n",
  "parent_value": 2.63596744972135,
  "parent_is_seed": false
}