{
  "step": 23,
  "group": 1,
  "rollout": 34,
  "reward": 2.635982928097856,
  "raw_score": 2.635982928097856,
  "valid": true,
  "parsed": true,
  "ran": true,
  "msg": "ok",
  "advantage": 0.14542913811113167,
  "beta": 1048576.0,
  "n_response_tokens": 2296,
  "sandbox_stdout": "Invalid packing: Circles 3 and 22 overlap\n",
  "parent_value": 2.635982928097856,
  "parent_is_seed": false
}