{
  "step": 23,
  "group": 3,
  "rollout": 19,
  "reward": 2.6359674489375684,
  "raw_score": 2.6359674489375684,
  "valid": true,
  "parsed": true,
  "ran": true,
  "msg": "ok",
  "advantage": 1.033397107078791,
  "beta": 31126.402484898375,
  "n_response_tokens": 2457,
  "sandbox_stdout": "",
  "parent_value": 2.63596744972135,
  "parent_is_seed": false
}