{
  "step": 23,
  "group": 2,
  "rollout": 48,
  "reward": 2.6323260072572228,
  "raw_score": 2.6323260072572228,
  "valid": true,
  "parsed": true,
  "ran": true,
  "msg": "ok",
  "advantage": -1.0,
  "beta": 11482.07839838551,
  "n_response_tokens": 2846,
  "sandbox_stdout": "Invalid packing: Circle 1 at (0.0,0.0) r=1.0 outside unit square\nInvalid packing: Circle 1 at (0.9999741003465955,0.9999741003465955) r=0.9999741003465955 outside unit square\nInvalid packing: Circle 2 at (0.15620877636707572,0.5491200036181586) r=0.15621243801856313 outside unit square\n",
  "parent_value": 2.635967454767965,
  "parent_is_seed": false
}