{
  "step": 23,
  "group": 2,
  "rollout": 36,
  "reward": 2.6323260072577845,
  "raw_score": 2.6323260072577845,
  "valid": true,
  "parsed": true,
  "ran": true,
  "msg": "ok",
  "advantage": -1.0,
  "beta": 11482.07839838551,
  "n_response_tokens": 2267,
  "sandbox_stdout": "",
  "parent_value": 2.635967454767965,
  "parent_is_seed": false
}