{
  "step": 16,
  "group": 3,
  "rollout": 5,
  "reward": 2.629837078888275,
  "raw_score": 2.629837078888275,
  "valid": true,
  "parsed": true,
  "ran": true,
  "msg": "ok",
  "advantage": 1.3961702775137903,
  "beta": 104.92854311430821,
  "n_response_tokens": 2795,
  "sandbox_stdout": "",
  "parent_value": 2.6298370788885137,
  "parent_is_seed": false
}