{
  "step": 16,
  "group": 0,
  "rollout": 5,
  "reward": 2.629837078888275,
  "raw_score": 2.629837078888275,
  "valid": true,
  "parsed": true,
  "ran": true,
  "msg": "ok",
  "advantage": 3.155826535159444,
  "beta": 0.945913057358917,
  "n_response_tokens": 2280,
  "sandbox_stdout": "",
  "parent_value": 2.6298370788885137,
  "parent_is_seed": false
}