{
  "step": 16,
  "group": 3,
  "rollout": 16,
  "reward": 2.604413996006969,
  "raw_score": 2.604413996006969,
  "valid": true,
  "parsed": true,
  "ran": true,
  "msg": "ok",
  "advantage": -0.8483633703343395,
  "beta": 104.92854311430821,
  "n_response_tokens": 2796,
  "sandbox_stdout": "",
  "parent_value": 2.6298370788885137,
  "parent_is_seed": false
}