{
  "step": 1,
  "group": 3,
  "rollout": 9,
  "reward": 1.4899999999998343,
  "raw_score": 1.4899999999998343,
  "valid": true,
  "parsed": true,
  "ran": true,
  "msg": "ok",
  "advantage": 7.497161122515141,
  "beta": 1.8378378281819603,
  "n_response_tokens": 1657,
  "sandbox_stdout": "",
  "parent_value": 1.1392304845412538,
  "parent_is_seed": false
}