{
  "step": 1,
  "group": 2,
  "rollout": 10,
  "reward": 1.3000000000000003,
  "raw_score": 1.3000000000000003,
  "valid": true,
  "parsed": true,
  "ran": true,
  "msg": "ok",
  "advantage": 3.2378031299379977,
  "beta": 1.5262621187822571,
  "n_response_tokens": 1296,
  "sandbox_stdout": "",
  "parent_value": 1.3000000000000003,
  "parent_is_seed": false
}