{
  "step": 1,
  "group": 0,
  "rollout": 36,
  "reward": 2.622144904471914,
  "raw_score": 2.622144904471914,
  "valid": true,
  "parsed": true,
  "ran": true,
  "msg": "ok",
  "advantage": 1.4483556555876511,
  "beta": 1.4770830470871283,
  "n_response_tokens": 1190,
  "sandbox_stdout": "",
  "parent_value": 2.551805405197651,
  "parent_is_seed": false
}