{
  "step": 1,
  "group": 1,
  "rollout": 49,
  "reward": 0.0,
  "raw_score": null,
  "valid": false,
  "parsed": true,
  "ran": true,
  "msg": "Circle 0 at (0.1,0.08333333333333333) r=0.0999 outside unit square",
  "advantage": -0.721846545663088,
  "beta": 1.2432787607953066,
  "n_response_tokens": 1848,
  "sandbox_stdout": "Warning: Packing validation failed: Circle 0 at (0.1,0.08333333333333333) r=0.0999 outside unit square\n",
  "parent_value": 1.854542857142857,
  "parent_is_seed": false
}