{
  "step": 1,
  "group": 5,
  "rollout": 26,
  "reward": 0.0,
  "raw_score": 0.0,
  "valid": true,
  "parsed": true,
  "ran": true,
  "msg": "ok",
  "advantage": -0.3060581869150918,
  "beta": 2.5845223641483197,
  "n_response_tokens": 1929,
  "sandbox_stdout": "Validation failed: Circle 0 at (0.445086139968343,0.046353678515341924) r=12207031.050000062 outside unit square\n",
  "parent_value": 0.0,
  "parent_is_seed": false
}