{
  "step": 1,
  "group": 3,
  "rollout": 63,
  "reward": 0.4410957009823131,
  "raw_score": 0.4410957009823131,
  "valid": true,
  "parsed": true,
  "ran": true,
  "msg": "ok",
  "advantage": 0.10841832345718894,
  "beta": 1.8378378281819603,
  "n_response_tokens": 2006,
  "sandbox_stdout": "",
  "parent_value": 1.1392304845412538,
  "parent_is_seed": false
}