{
  "step": 1,
  "group": 2,
  "rollout": 52,
  "reward": 0.0,
  "raw_score": 0.0,
  "valid": true,
  "parsed": true,
  "ran": true,
  "msg": "ok",
  "advantage": -0.4492601625833159,
  "beta": 1.5262621187822571,
  "n_response_tokens": 1473,
  "sandbox_stdout": "Validation failed: Circle 0 at (-0.14672085821648906,-0.18096515594759774) r=3.725478217985094e-16 outside unit square\n",
  "parent_value": 1.3000000000000003,
  "parent_is_seed": false
}