{
  "step": 10,
  "group": 2,
  "rollout": 12,
  "reward": 2.5995887515025826,
  "raw_score": 2.5995887515025826,
  "valid": true,
  "parsed": true,
  "ran": true,
  "msg": "ok",
  "advantage": 3.013828388328924,
  "beta": 0.9456171877296315,
  "n_response_tokens": 2707,
  "sandbox_stdout": "",
  "parent_value": 2.6267396954740985,
  "parent_is_seed": false
}