{
  "step": 10,
  "group": 3,
  "rollout": 12,
  "reward": 2.626739695473236,
  "raw_score": 2.626739695473236,
  "valid": true,
  "parsed": true,
  "ran": true,
  "msg": "ok",
  "advantage": 1.232238239454071,
  "beta": 124.79815097333554,
  "n_response_tokens": 2842,
  "sandbox_stdout": "",
  "parent_value": 2.626739695473636,
  "parent_is_seed": false
}