{
  "step": 10,
  "group": 3,
  "rollout": 4,
  "reward": 2.6027057814712764,
  "raw_score": 2.6027057814712764,
  "valid": true,
  "parsed": true,
  "ran": true,
  "msg": "ok",
  "advantage": -0.8981846624664163,
  "beta": 124.79815097333554,
  "n_response_tokens": 2725,
  "sandbox_stdout": "",
  "parent_value": 2.626739695473636,
  "parent_is_seed": false
}