{
  "step": 10,
  "group": 2,
  "rollout": 15,
  "reward": 2.626739695471254,
  "raw_score": 2.626739695471254,
  "valid": true,
  "parsed": true,
  "ran": true,
  "msg": "ok",
  "advantage": 3.136991316011774,
  "beta": 0.9456171877296315,
  "n_response_tokens": 2716,
  "sandbox_stdout": "",
  "parent_value": 2.6267396954740985,
  "parent_is_seed": false
}