{
  "step": 10,
  "group": 1,
  "rollout": 20,
  "reward": 2.6209911685292937,
  "raw_score": 2.6209911685292937,
  "valid": true,
  "parsed": true,
  "ran": true,
  "msg": "ok",
  "advantage": 0.25094903833403404,
  "beta": 85.82537662370719,
  "n_response_tokens": 2901,
  "sandbox_stdout": "",
  "parent_value": 2.6298370788880994,
  "parent_is_seed": false
}