{
  "step": 9,
  "group": 1,
  "rollout": 6,
  "reward": 1.9126308178599059,
  "raw_score": 1.9126308178599059,
  "valid": true,
  "parsed": true,
  "ran": true,
  "msg": "ok",
  "advantage": 9.759035370319623,
  "algo": "a2c",
  "value_baseline": -7.846404552459717,
  "n_response_tokens": 1864,
  "sandbox_stdout": "",
  "parent_value": 2.4179586801558925,
  "parent_is_seed": false
}