{
  "step": 9,
  "group": 0,
  "rollout": 7,
  "reward": 2.335917360311723,
  "raw_score": 2.335917360311723,
  "valid": true,
  "parsed": true,
  "ran": true,
  "msg": "ok",
  "advantage": 10.182322389608597,
  "algo": "a2c",
  "value_baseline": -7.846405029296875,
  "n_response_tokens": 1446,
  "sandbox_stdout": "",
  "parent_value": 2.41795868015615,
  "parent_is_seed": false
}