{
  "step": 9,
  "group": 2,
  "rollout": 8,
  "reward": 2.4000000000000443,
  "raw_score": 2.4000000000000443,
  "valid": true,
  "parsed": true,
  "ran": true,
  "msg": "ok",
  "advantage": 10.24640502929692,
  "algo": "a2c",
  "value_baseline": -7.846405029296875,
  "n_response_tokens": 1672,
  "sandbox_stdout": "",
  "parent_value": 2.417958680155799,
  "parent_is_seed": false
}