{
  "step": 9,
  "group": 1,
  "rollout": 18,
  "reward": 2.335917360311753,
  "raw_score": 2.335917360311753,
  "valid": true,
  "parsed": true,
  "ran": true,
  "msg": "ok",
  "advantage": 10.18232191277147,
  "algo": "a2c",
  "value_baseline": -7.846404552459717,
  "n_response_tokens": 1641,
  "sandbox_stdout": "",
  "parent_value": 2.4179586801558925,
  "parent_is_seed": false
}