{
  "step": 9,
  "group": 1,
  "rollout": 7,
  "reward": 2.1187851802647604,
  "raw_score": 2.1187851802647604,
  "valid": true,
  "parsed": true,
  "ran": true,
  "msg": "ok",
  "advantage": 9.965189732724477,
  "algo": "a2c",
  "value_baseline": -7.846404552459717,
  "n_response_tokens": 1771,
  "sandbox_stdout": "",
  "parent_value": 2.4179586801558925,
  "parent_is_seed": false
}