{
  "step": 9,
  "group": 0,
  "rollout": 6,
  "reward": 1.73654721573734,
  "raw_score": 1.73654721573734,
  "valid": true,
  "parsed": true,
  "ran": true,
  "msg": "ok",
  "advantage": 9.582952245034216,
  "algo": "a2c",
  "value_baseline": -7.846405029296875,
  "n_response_tokens": 1786,
  "sandbox_stdout": "",
  "parent_value": 2.41795868015615,
  "parent_is_seed": false
}