{
  "step": 9,
  "group": 2,
  "rollout": 14,
  "reward": 0.0,
  "raw_score": null,
  "valid": false,
  "parsed": true,
  "ran": true,
  "msg": "Circle 0 at (0.08333333333333333,0.0) r=0.041320465245745945 outside unit square",
  "advantage": 7.846405029296875,
  "algo": "a2c",
  "value_baseline": -7.846405029296875,
  "n_response_tokens": 1262,
  "sandbox_stdout": "",
  "parent_value": 2.417958680155799,
  "parent_is_seed": false
}