{
  "step": 9,
  "group": 3,
  "rollout": 5,
  "reward": 1.8003212606924333,
  "raw_score": 1.8003212606924333,
  "valid": true,
  "parsed": true,
  "ran": true,
  "msg": "ok",
  "advantage": 9.646726289989308,
  "algo": "a2c",
  "value_baseline": -7.846405029296875,
  "n_response_tokens": 1704,
  "sandbox_stdout": "",
  "parent_value": 2.417958680155799,
  "parent_is_seed": false
}