{
  "step": 9,
  "group": 3,
  "rollout": 4,
  "reward": 6.798034357657912e-14,
  "raw_score": 6.798034357657912e-14,
  "valid": true,
  "parsed": true,
  "ran": true,
  "msg": "ok",
  "advantage": -0.9936209193122266,
  "beta": 2.844675212753874,
  "n_response_tokens": 1958,
  "sandbox_stdout": "",
  "parent_value": 1.9631202762477231,
  "parent_is_seed": false
}