{
  "step": 9,
  "group": 2,
  "rollout": 3,
  "reward": 2.039903169811255,
  "raw_score": 2.039903169811255,
  "valid": true,
  "parsed": true,
  "ran": true,
  "msg": "ok",
  "advantage": 3.8399640557002686,
  "beta": 10.402591050580886,
  "n_response_tokens": 1802,
  "sandbox_stdout": "",
  "parent_value": 1.9631202762477726,
  "parent_is_seed": false
}