{
  "step": 9,
  "group": 1,
  "rollout": 7,
  "reward": 1.4302775637730851,
  "raw_score": 1.4302775637730851,
  "valid": true,
  "parsed": true,
  "ran": true,
  "msg": "ok",
  "advantage": 0.5888389859657801,
  "beta": 1.6904614351062295,
  "n_response_tokens": 1710,
  "sandbox_stdout": "",
  "parent_value": 1.9631202762477928,
  "parent_is_seed": false
}