{
  "step": 6,
  "group": 2,
  "rollout": 23,
  "reward": 2.599458002173715,
  "raw_score": 2.599458002173715,
  "valid": true,
  "parsed": true,
  "ran": true,
  "msg": "ok",
  "advantage": -0.9999994981540755,
  "beta": 486.66074589233637,
  "n_response_tokens": 2540,
  "sandbox_stdout": "",
  "parent_value": 2.631334137554158,
  "parent_is_seed": false
}