{
  "step": 6,
  "group": 0,
  "rollout": 40,
  "reward": 2.5624684048539983,
  "raw_score": 2.5624684048539983,
  "valid": true,
  "parsed": true,
  "ran": true,
  "msg": "ok",
  "advantage": 0.8891277025664346,
  "beta": 2.042546167268219,
  "n_response_tokens": 1085,
  "sandbox_stdout": "",
  "parent_value": 2.624920351844854,
  "parent_is_seed": false
}