{
  "step": 6,
  "group": 3,
  "rollout": 5,
  "reward": 2.6195077546239043,
  "raw_score": 2.6195077546239043,
  "valid": true,
  "parsed": true,
  "ran": true,
  "msg": "ok",
  "advantage": 1.8389274232960924,
  "beta": 1.0831039667609328,
  "n_response_tokens": 1458,
  "sandbox_stdout": "",
  "parent_value": 2.63107796985997,
  "parent_is_seed": false
}