{
  "step": 6,
  "group": 3,
  "rollout": 13,
  "reward": 2.6229040159040027,
  "raw_score": 2.6229040159040027,
  "valid": true,
  "parsed": true,
  "ran": true,
  "msg": "ok",
  "advantage": 1.8498629291640634,
  "beta": 1.0831039667609328,
  "n_response_tokens": 1446,
  "sandbox_stdout": "",
  "parent_value": 2.63107796985997,
  "parent_is_seed": false
}