{
  "step": 6,
  "group": 0,
  "rollout": 57,
  "reward": 2.624920351844693,
  "raw_score": 2.624920351844693,
  "valid": true,
  "parsed": true,
  "ran": true,
  "msg": "ok",
  "advantage": 1.1549429716954491,
  "beta": 2.042546167268219,
  "n_response_tokens": 1229,
  "sandbox_stdout": "",
  "parent_value": 2.624920351844854,
  "parent_is_seed": false
}