{
  "step": 6,
  "group": 3,
  "rollout": 3,
  "reward": 2.608566704564962,
  "raw_score": 2.608566704564962,
  "valid": true,
  "parsed": true,
  "ran": true,
  "msg": "ok",
  "advantage": 1.8039953439999938,
  "beta": 1.0831039667609328,
  "n_response_tokens": 1499,
  "sandbox_stdout": "",
  "parent_value": 2.63107796985997,
  "parent_is_seed": false
}