{
  "step": 6,
  "group": 6,
  "rollout": 63,
  "reward": 2.545917522733572,
  "raw_score": 2.545917522733572,
  "valid": true,
  "parsed": true,
  "ran": true,
  "msg": "ok",
  "advantage": -0.9980175422444051,
  "beta": 88.46946181981902,
  "n_response_tokens": 1209,
  "sandbox_stdout": "",
  "parent_value": 2.630199171193378,
  "parent_is_seed": false
}