{
  "step": 6,
  "group": 7,
  "rollout": 46,
  "reward": 2.6027819449671705,
  "raw_score": 2.6027819449671705,
  "valid": true,
  "parsed": true,
  "ran": true,
  "msg": "ok",
  "advantage": -0.9999992846660759,
  "beta": 551.6381221945699,
  "n_response_tokens": 1887,
  "sandbox_stdout": "",
  "parent_value": 2.6297131710577433,
  "parent_is_seed": false
}