{
  "step": 6,
  "group": 4,
  "rollout": 23,
  "reward": 2.5605165583794713,
  "raw_score": 2.5605165583794713,
  "valid": true,
  "parsed": true,
  "ran": true,
  "msg": "ok",
  "advantage": 1.0405275649487016,
  "beta": 1.578343394606049,
  "n_response_tokens": 1696,
  "sandbox_stdout": "",
  "parent_value": 2.6310779685753896,
  "parent_is_seed": false
}