{
  "step": 6,
  "group": 1,
  "rollout": 8,
  "reward": 2.5207636412968606,
  "raw_score": 2.5207636412968606,
  "valid": true,
  "parsed": true,
  "ran": true,
  "msg": "ok",
  "advantage": -0.7627841240980432,
  "beta": 25.164819209865747,
  "n_response_tokens": 1230,
  "sandbox_stdout": "",
  "parent_value": 2.625937534107383,
  "parent_is_seed": false
}