{
  "step": 6,
  "group": 1,
  "rollout": 45,
  "reward": 2.600592897592228,
  "raw_score": 2.600592897592228,
  "valid": true,
  "parsed": true,
  "ran": true,
  "msg": "ok",
  "advantage": 0.8125046807936604,
  "beta": 25.164819209865747,
  "n_response_tokens": 1370,
  "sandbox_stdout": "",
  "parent_value": 2.625937534107383,
  "parent_is_seed": false
}