{
  "step": 6,
  "group": 5,
  "rollout": 39,
  "reward": 0.0,
  "raw_score": null,
  "valid": false,
  "parsed": true,
  "ran": true,
  "msg": "Circle 0 at (0.03624631349649987,0.04205718792673148) r=1.0 outside unit square",
  "advantage": -1.0,
  "beta": 104.56275320711272,
  "n_response_tokens": 1525,
  "sandbox_stdout": "",
  "parent_value": 2.6301991711942496,
  "parent_is_seed": false
}