{
  "step": 6,
  "group": 3,
  "rollout": 31,
  "reward": 0.0,
  "raw_score": null,
  "valid": false,
  "parsed": true,
  "ran": false,
  "msg": "run_failed: Circle 0 at (0.9976793077599102,0.9999972746865118) r=0.9994202609915368 outside unit square",
  "advantage": -0.8404375553642828,
  "beta": 1.0831039667609328,
  "n_response_tokens": 1542,
  "sandbox_stdout": "Invalid packing: Circle 0 at (0.9976793077599102,0.9999972746865118) r=0.9994202609915368 outside unit square\n",
  "parent_value": 2.63107796985997,
  "parent_is_seed": false
}