{
  "step": 6,
  "group": 5,
  "rollout": 32,
  "reward": 2.61961096313312,
  "raw_score": 2.61961096313312,
  "valid": true,
  "parsed": true,
  "ran": true,
  "msg": "ok",
  "advantage": 0.5053613715143945,
  "beta": 104.56275320711272,
  "n_response_tokens": 1521,
  "sandbox_stdout": "",
  "parent_value": 2.6301991711942496,
  "parent_is_seed": false
}