{
  "step": 6,
  "group": 7,
  "rollout": 17,
  "reward": 2.623879184669808,
  "raw_score": 2.623879184669808,
  "valid": true,
  "parsed": true,
  "ran": true,
  "msg": "ok",
  "advantage": -0.9188281756287515,
  "beta": 551.6381221945699,
  "n_response_tokens": 1971,
  "sandbox_stdout": "",
  "parent_value": 2.6297131710577433,
  "parent_is_seed": false
}