{
  "step": 6,
  "group": 3,
  "rollout": 15,
  "reward": 2.6297387871647753,
  "raw_score": 2.6297387871647753,
  "valid": true,
  "parsed": true,
  "ran": true,
  "msg": "ok",
  "advantage": 1.872003402841698,
  "beta": 1.0831039667609328,
  "n_response_tokens": 1273,
  "sandbox_stdout": "",
  "parent_value": 2.63107796985997,
  "parent_is_seed": false
}