{
  "step": 6,
  "group": 3,
  "rollout": 42,
  "reward": 2.5423758114467576,
  "raw_score": 2.5423758114467576,
  "valid": true,
  "parsed": true,
  "ran": true,
  "msg": "ok",
  "advantage": 1.601997119796351,
  "beta": 1.0831039667609328,
  "n_response_tokens": 1562,
  "sandbox_stdout": "",
  "parent_value": 2.63107796985997,
  "parent_is_seed": false
}