{
  "step": 6,
  "group": 5,
  "rollout": 17,
  "reward": 2.6121385418158036,
  "raw_score": 2.6121385418158036,
  "valid": true,
  "parsed": true,
  "ran": true,
  "msg": "ok",
  "advantage": -0.31966950281794415,
  "beta": 104.56275320711272,
  "n_response_tokens": 1341,
  "sandbox_stdout": "",
  "parent_value": 2.6301991711942496,
  "parent_is_seed": false
}