{
  "step": 6,
  "group": 4,
  "rollout": 41,
  "reward": 2.6180885851723237,
  "raw_score": 2.6180885851723237,
  "valid": true,
  "parsed": true,
  "ran": true,
  "msg": "ok",
  "advantage": 1.2415388144511663,
  "beta": 1.578343394606049,
  "n_response_tokens": 1928,
  "sandbox_stdout": "",
  "parent_value": 2.6310779685753896,
  "parent_is_seed": false
}