{
  "step": 6,
  "group": 4,
  "rollout": 47,
  "reward": 2.6056302931775956,
  "raw_score": 2.6056302931775956,
  "valid": true,
  "parsed": true,
  "ran": true,
  "msg": "ok",
  "advantage": 1.1963712917998293,
  "beta": 1.578343394606049,
  "n_response_tokens": 1518,
  "sandbox_stdout": "",
  "parent_value": 2.6310779685753896,
  "parent_is_seed": false
}