{
  "step": 6,
  "group": 6,
  "rollout": 18,
  "reward": 2.626109858137783,
  "raw_score": 2.626109858137783,
  "valid": true,
  "parsed": true,
  "ran": true,
  "msg": "ok",
  "advantage": 1.48380461288572,
  "beta": 88.46946181981902,
  "n_response_tokens": 1430,
  "sandbox_stdout": "",
  "parent_value": 2.630199171193378,
  "parent_is_seed": false
}