{
  "step": 6,
  "group": 7,
  "rollout": 42,
  "reward": 2.6098561061377588,
  "raw_score": 2.6098561061377588,
  "valid": true,
  "parsed": true,
  "ran": true,
  "msg": "ok",
  "advantage": -0.9999645766319568,
  "beta": 551.6381221945699,
  "n_response_tokens": 1820,
  "sandbox_stdout": "",
  "parent_value": 2.6297131710577433,
  "parent_is_seed": false
}