{
  "step": 6,
  "group": 2,
  "rollout": 48,
  "reward": 2.613962911809206,
  "raw_score": 2.613962911809206,
  "valid": true,
  "parsed": true,
  "ran": true,
  "msg": "ok",
  "advantage": -0.9994162240447932,
  "beta": 486.66074589233637,
  "n_response_tokens": 2265,
  "sandbox_stdout": "",
  "parent_value": 2.631334137554158,
  "parent_is_seed": false
}