{
  "step": 6,
  "group": 4,
  "rollout": 29,
  "reward": 2.619699139061881,
  "raw_score": 2.619699139061881,
  "valid": true,
  "parsed": true,
  "ran": true,
  "msg": "ok",
  "advantage": 1.2474475983401327,
  "beta": 1.578343394606049,
  "n_response_tokens": 1591,
  "sandbox_stdout": "",
  "parent_value": 2.6310779685753896,
  "parent_is_seed": false
}