{
  "step": 22,
  "group": 1,
  "rollout": 18,
  "reward": 2.6353127771599225,
  "raw_score": 2.6353127771599225,
  "valid": true,
  "parsed": true,
  "ran": true,
  "msg": "ok",
  "advantage": -0.6226044747771002,
  "beta": 3223.1265609788393,
  "n_response_tokens": 2619,
  "sandbox_stdout": "",
  "parent_value": 2.6359674415293193,
  "parent_is_seed": false
}