{
  "step": 22,
  "group": 0,
  "rollout": 37,
  "reward": 2.632326007255407,
  "raw_score": 2.632326007255407,
  "valid": true,
  "parsed": true,
  "ran": true,
  "msg": "ok",
  "advantage": -0.999852338891313,
  "beta": 2663.5589913331823,
  "n_response_tokens": 2288,
  "sandbox_stdout": "",
  "parent_value": 2.6359674488569462,
  "parent_is_seed": false
}