{
  "step": 22,
  "group": 0,
  "rollout": 8,
  "reward": 2.6353042944344365,
  "raw_score": 2.6353042944344365,
  "valid": true,
  "parsed": true,
  "ran": true,
  "msg": "ok",
  "advantage": -0.58571245790349,
  "beta": 2663.5589913331823,
  "n_response_tokens": 2467,
  "sandbox_stdout": "",
  "parent_value": 2.6359674488569462,
  "parent_is_seed": false
}