{
  "step": 22,
  "group": 7,
  "rollout": 54,
  "reward": 2.6353282556929325,
  "raw_score": 2.6353282556929325,
  "valid": true,
  "parsed": true,
  "ran": true,
  "msg": "ok",
  "advantage": 19.999999999535873,
  "beta": 179124.42030087224,
  "n_response_tokens": 2322,
  "sandbox_stdout": "",
  "parent_value": 2.635312777128501,
  "parent_is_seed": false
}