{
  "step": 22,
  "group": 4,
  "rollout": 23,
  "reward": 2.6353282361965875,
  "raw_score": 2.6353282361965875,
  "valid": true,
  "parsed": true,
  "ran": true,
  "msg": "ok",
  "advantage": 0.12499999999873457,
  "beta": 1048576.0,
  "n_response_tokens": 2148,
  "sandbox_stdout": "Invalid packing: Circle 14 at (0.595097581169311,0.9119421740663018) r=0.08805783278795325 outside unit square\n",
  "parent_value": 2.6353282361965875,
  "parent_is_seed": false
}