{
  "step": 22,
  "group": 1,
  "rollout": 27,
  "reward": 2.6353127771598666,
  "raw_score": 2.6353127771598666,
  "valid": true,
  "parsed": true,
  "ran": true,
  "msg": "ok",
  "advantage": -0.6226044748455717,
  "beta": 3223.1265609788393,
  "n_response_tokens": 2408,
  "sandbox_stdout": "",
  "parent_value": 2.6359674415293193,
  "parent_is_seed": false
}