{
  "step": 22,
  "group": 0,
  "rollout": 39,
  "reward": 2.63531277716042,
  "raw_score": 2.63531277716042,
  "valid": true,
  "parsed": true,
  "ran": true,
  "msg": "ok",
  "advantage": -0.5761817100128717,
  "beta": 2663.5589913331823,
  "n_response_tokens": 2569,
  "sandbox_stdout": "Invalid packing: Circle 0 at (0.0,1.0) r=1.0 outside unit square\n",
  "parent_value": 2.6359674488569462,
  "parent_is_seed": false
}