{
  "step": 22,
  "group": 1,
  "rollout": 43,
  "reward": 2.635312368135946,
  "raw_score": 2.635312368135946,
  "valid": true,
  "parsed": true,
  "ran": true,
  "msg": "ok",
  "advantage": -0.623104655605546,
  "beta": 3223.1265609788393,
  "n_response_tokens": 2236,
  "sandbox_stdout": "",
  "parent_value": 2.6359674415293193,
  "parent_is_seed": false
}