{
  "step": 22,
  "group": 0,
  "rollout": 62,
  "reward": 2.6359674336541845,
  "raw_score": 2.6359674336541845,
  "valid": true,
  "parsed": true,
  "ran": true,
  "msg": "ok",
  "advantage": 1.5030837226463292,
  "beta": 2663.5589913331823,
  "n_response_tokens": 2447,
  "sandbox_stdout": "",
  "parent_value": 2.6359674488569462,
  "parent_is_seed": false
}