{
  "step": 22,
  "group": 3,
  "rollout": 35,
  "reward": 2.6355745947327804,
  "raw_score": 2.6355745947327804,
  "valid": true,
  "parsed": true,
  "ran": true,
  "msg": "ok",
  "advantage": -0.06009663974996782,
  "beta": 7449.075758069682,
  "n_response_tokens": 2667,
  "sandbox_stdout": "Invalid packing: Circles 2 and 7 overlap\n",
  "parent_value": 2.6355745947327804,
  "parent_is_seed": false
}