{
  "step": 22,
  "group": 3,
  "rollout": 57,
  "reward": 2.630156307189574,
  "raw_score": 2.630156307189574,
  "valid": true,
  "parsed": true,
  "ran": true,
  "msg": "ok",
  "advantage": -1.0,
  "beta": 7449.075758069682,
  "n_response_tokens": 2444,
  "sandbox_stdout": "",
  "parent_value": 2.6355745947327804,
  "parent_is_seed": false
}