{
  "step": 22,
  "group": 3,
  "rollout": 41,
  "reward": 2.6355745950238174,
  "raw_score": 2.6355745950238174,
  "valid": true,
  "parsed": true,
  "ran": true,
  "msg": "ok",
  "advantage": -0.06009457167790466,
  "beta": 7449.075758069682,
  "n_response_tokens": 2275,
  "sandbox_stdout": "",
  "parent_value": 2.6355745947327804,
  "parent_is_seed": false
}