{
  "step": 22,
  "group": 0,
  "rollout": 43,
  "reward": 2.6323260072584422,
  "raw_score": 2.6323260072584422,
  "valid": true,
  "parsed": true,
  "ran": true,
  "msg": "ok",
  "advantage": -0.9998523388901192,
  "beta": 2663.5589913331823,
  "n_response_tokens": 2406,
  "sandbox_stdout": "",
  "parent_value": 2.6359674488569462,
  "parent_is_seed": false
}