{
  "step": 1,
  "group": 2,
  "rollout": 13,
  "reward": 0.0,
  "valid": false,
  "parsed": true,
  "ran": true,
  "msg": "Circle 1 at (0.29892035075442486,0.06590847004629194) r=0.06590847036979872 outside unit square",
  "advantage": -0.8560520579729687,
  "beta": 1.1570709435266426,
  "n_response_tokens": 681,
  "sandbox_stdout": "",
  "parent_value": 2.381266084629131,
  "parent_is_seed": false
}