{
  "step": 1,
  "group": 3,
  "rollout": 6,
  "reward": 1.3000000000000003,
  "valid": true,
  "parsed": true,
  "ran": true,
  "msg": "ok",
  "advantage": 0.016129032257031994,
  "beta": 1048576.0,
  "n_response_tokens": 616,
  "sandbox_stdout": "",
  "parent_value": 1.3000000000000003,
  "parent_is_seed": false
}