{
  "step": 0,
  "group": 6,
  "rollout": 9,
  "reward": 0.0,
  "valid": false,
  "parsed": true,
  "ran": true,
  "msg": "Circle 0 at (0.2,0.2) r=0.43786796564403574 outside unit square",
  "advantage": -0.3060581869150918,
  "beta": 2.5845223641483215,
  "n_response_tokens": 835,
  "sandbox_stdout": "Sum of radii: 5.602943725152285\n",
  "parent_value": 0.0,
  "parent_is_seed": true
}