{
  "step": 1,
  "group": 2,
  "rollout": 29,
  "reward": 0.0,
  "valid": false,
  "parsed": true,
  "ran": true,
  "msg": "Circle 0 at (0.6253102613985676,0.11554068803527391) r=0.11554068804750389 outside unit square",
  "advantage": -0.8560520579729687,
  "beta": 1.1570709435266426,
  "n_response_tokens": 681,
  "sandbox_stdout": "",
  "parent_value": 2.381266084629131,
  "parent_is_seed": false
}