{
  "step": 1,
  "group": 2,
  "rollout": 59,
  "reward": 0.0,
  "valid": false,
  "parsed": true,
  "ran": true,
  "msg": "Circle 14 at (0.8826509715282799,0.27203445783516295) r=0.11734902847842395 outside unit square",
  "advantage": -0.8560520579729687,
  "beta": 1.1570709435266426,
  "n_response_tokens": 681,
  "sandbox_stdout": "",
  "parent_value": 2.381266084629131,
  "parent_is_seed": false
}