{
  "step": 1,
  "group": 2,
  "rollout": 58,
  "reward": 2.6041612639706337,
  "valid": true,
  "parsed": true,
  "ran": true,
  "msg": "ok",
  "advantage": 2.065225963657427,
  "beta": 1.1570709435266426,
  "n_response_tokens": 681,
  "sandbox_stdout": "",
  "parent_value": 2.381266084629131,
  "parent_is_seed": false
}