{
  "step": 1,
  "group": 2,
  "rollout": 27,
  "reward": 2.5224918359592343,
  "valid": true,
  "parsed": true,
  "ran": true,
  "msg": "ok",
  "advantage": 1.7766534477234561,
  "beta": 1.1570709435266426,
  "n_response_tokens": 680,
  "sandbox_stdout": "",
  "parent_value": 2.381266084629131,
  "parent_is_seed": false
}