{
  "step": 1,
  "group": 1,
  "rollout": 63,
  "reward": 2.5000000000000204,
  "valid": true,
  "parsed": true,
  "ran": true,
  "msg": "ok",
  "advantage": 0.06779668074152156,
  "beta": 1048576.0,
  "n_response_tokens": 678,
  "sandbox_stdout": "",
  "parent_value": 2.499999999999962,
  "parent_is_seed": false
}