{
  "step": 1,
  "group": 2,
  "rollout": 55,
  "reward": 2.518910863730917,
  "valid": true,
  "parsed": true,
  "ran": true,
  "msg": "ok",
  "advantage": 1.7646685238424196,
  "beta": 1.1570709435266426,
  "n_response_tokens": 681,
  "sandbox_stdout": "",
  "parent_value": 2.381266084629131,
  "parent_is_seed": false
}