{
  "step": 0,
  "group": 6,
  "rollout": 48,
  "reward": 0.0,
  "valid": false,
  "parsed": true,
  "ran": true,
  "msg": "Circle 0 at (1.3501288740498903e+32,-6.623778303262929e+31) r=1.4458106182863839e+32 outside unit square",
  "advantage": -0.3060581869150918,
  "beta": 2.5845223641483215,
  "n_response_tokens": 596,
  "sandbox_stdout": "",
  "parent_value": 0.0,
  "parent_is_seed": true
}