{
  "step": 1,
  "group": 2,
  "rollout": 61,
  "reward": 0.0,
  "valid": false,
  "parsed": true,
  "ran": true,
  "msg": "Circle 3 at (0.8282961063900675,0.828296106423902) r=0.17170389361104282 outside unit square",
  "advantage": -0.8560520579729687,
  "beta": 1.1570709435266426,
  "n_response_tokens": 681,
  "sandbox_stdout": "",
  "parent_value": 2.381266084629131,
  "parent_is_seed": false
}