{
  "step": 0,
  "group": 1,
  "rollout": 34,
  "reward": 0.0,
  "valid": false,
  "parsed": true,
  "ran": true,
  "msg": "Circle 0 at (0.71123504413985,0.3742878299638659) r=1.0 outside unit square",
  "advantage": -0.3060581869150919,
  "beta": 1.2974250418751152,
  "n_response_tokens": 673,
  "sandbox_stdout": "",
  "parent_value": 0.0,
  "parent_is_seed": true
}