{
  "step": 1,
  "group": 2,
  "rollout": 42,
  "reward": 0.0,
  "valid": false,
  "parsed": true,
  "ran": true,
  "msg": "Circle 10 at (0.4999999999918388,0.8571106807848682) r=0.14288931921819698 outside unit square",
  "advantage": -0.8560520579729687,
  "beta": 1.1570709435266426,
  "n_response_tokens": 681,
  "sandbox_stdout": "",
  "parent_value": 2.381266084629131,
  "parent_is_seed": false
}