{
  "step": 12,
  "group": 2,
  "rollout": 22,
  "reward": 0.0,
  "raw_score": null,
  "valid": false,
  "parsed": true,
  "ran": false,
  "msg": "run_failed: Packing is invalid: Circle 0 at (5527943.138900994,2897614.3833772116) r=2106578691.100708 outside unit square",
  "advantage": -0.9298098428665678,
  "beta": 1.6093757340322705,
  "n_response_tokens": 2083,
  "sandbox_stdout": "",
  "parent_value": 2.172216666666668,
  "parent_is_seed": false
}