{
  "step": 12,
  "group": 3,
  "rollout": 11,
  "reward": 0.0,
  "raw_score": null,
  "valid": false,
  "parsed": true,
  "ran": false,
  "msg": "run_failed: Packing is invalid: Circle 0 at (0.8297218337459651,0.3048282134722706) r=1.1196116135138188 outside unit square",
  "advantage": -0.9999944482914372,
  "beta": 5.871727904790045,
  "n_response_tokens": 1950,
  "sandbox_stdout": "",
  "parent_value": 2.172216666666668,
  "parent_is_seed": false
}