{
  "step": 12,
  "group": 0,
  "rollout": 4,
  "reward": 2.176666820688726,
  "raw_score": 2.176666820688726,
  "valid": true,
  "parsed": true,
  "ran": true,
  "msg": "ok",
  "advantage": 1.2314529362785915,
  "beta": 2.445482695972939,
  "n_response_tokens": 2055,
  "sandbox_stdout": "",
  "parent_value": 2.1766666666666667,
  "parent_is_seed": false
}