{
  "step": 12,
  "group": 2,
  "rollout": 19,
  "reward": 2.136489772535283,
  "raw_score": 2.136489772535283,
  "valid": true,
  "parsed": true,
  "ran": true,
  "msg": "ok",
  "advantage": 1.4069198607144284,
  "beta": 1.6093757340322705,
  "n_response_tokens": 1922,
  "sandbox_stdout": "",
  "parent_value": 2.172216666666668,
  "parent_is_seed": false
}