{
  "step": 12,
  "group": 2,
  "rollout": 6,
  "reward": 1.862142857142857,
  "raw_score": 1.862142857142857,
  "valid": true,
  "parsed": true,
  "ran": true,
  "msg": "ok",
  "advantage": 0.4920445742378572,
  "beta": 1.6093757340322705,
  "n_response_tokens": 2016,
  "sandbox_stdout": "",
  "parent_value": 2.172216666666668,
  "parent_is_seed": false
}