{
  "step": 12,
  "group": 0,
  "rollout": 13,
  "reward": 0.0,
  "raw_score": null,
  "valid": false,
  "parsed": true,
  "ran": false,
  "msg": "run_failed: Packing is invalid: Circle 0 at (-522069.9475085169,-413489.2462989144) r=2120422511.0954306 outside unit square",
  "advantage": -0.9900731667091724,
  "beta": 2.445482695972939,
  "n_response_tokens": 2080,
  "sandbox_stdout": "",
  "parent_value": 2.1766666666666667,
  "parent_is_seed": false
}