{
  "step": 27,
  "group": 1,
  "rollout": 16,
  "reward": 2.635967448934482,
  "raw_score": 2.635967448934482,
  "valid": true,
  "parsed": true,
  "ran": true,
  "msg": "ok",
  "advantage": 1.0018849944162391,
  "beta": 1048576.0,
  "n_response_tokens": 2607,
  "sandbox_stdout": "",
  "parent_value": 2.635967448934673,
  "parent_is_seed": false
}