{
  "step": 27,
  "group": 5,
  "rollout": 63,
  "reward": 2.6359670196219023,
  "raw_score": 2.6359670196219023,
  "valid": true,
  "parsed": true,
  "ran": true,
  "msg": "ok",
  "advantage": 0.8226179667195912,
  "beta": 266734.3374448105,
  "n_response_tokens": 2543,
  "sandbox_stdout": "",
  "parent_value": 2.6359674489337483,
  "parent_is_seed": false
}