{
  "step": 27,
  "group": 5,
  "rollout": 4,
  "reward": 2.632326007256094,
  "raw_score": 2.632326007256094,
  "valid": true,
  "parsed": true,
  "ran": true,
  "msg": "ok",
  "advantage": -1.0,
  "beta": 266734.3374448105,
  "n_response_tokens": 2373,
  "sandbox_stdout": "Invalid packing: Circle 6 at (0.7522136093827014,1.0) r=0.4527279678478937 outside unit square\nInvalid packing: Circle 5 at (0.6279432928399651,0.6790886018390961) r=0.37205670716003486 outside unit square\n",
  "parent_value": 2.6359674489337483,
  "parent_is_seed": false
}