{
  "step": 27,
  "group": 5,
  "rollout": 50,
  "reward": 2.6359674488635183,
  "raw_score": 2.6359674488635183,
  "valid": true,
  "parsed": true,
  "ran": true,
  "msg": "ok",
  "advantage": 1.0509087308363823,
  "beta": 266734.3374448105,
  "n_response_tokens": 2350,
  "sandbox_stdout": "Invalid packing: Circle 3 at (0.99999837147427,0.99999837147427) r=0.99999837147427 outside unit square\n",
  "parent_value": 2.6359674489337483,
  "parent_is_seed": false
}