{
  "step": 27,
  "group": 5,
  "rollout": 60,
  "reward": 2.6359674466109375,
  "raw_score": 2.6359674466109375,
  "valid": true,
  "parsed": true,
  "ran": true,
  "msg": "ok",
  "advantage": 1.049636753132087,
  "beta": 266734.3374448105,
  "n_response_tokens": 2369,
  "sandbox_stdout": "",
  "parent_value": 2.6359674489337483,
  "parent_is_seed": false
}