{
  "step": 27,
  "group": 2,
  "rollout": 32,
  "reward": 2.635967448934761,
  "raw_score": 2.635967448934761,
  "valid": true,
  "parsed": true,
  "ran": true,
  "msg": "ok",
  "advantage": 0.12509572183752615,
  "beta": 1048576.0,
  "n_response_tokens": 2389,
  "sandbox_stdout": "Invalid packing: Circle 0 at (0.0,1.0) r=1.0 outside unit square\n",
  "parent_value": 2.635967448934597,
  "parent_is_seed": false
}