{
  "step": 27,
  "group": 5,
  "rollout": 2,
  "reward": 2.6359674489342755,
  "raw_score": 2.6359674489342755,
  "valid": true,
  "parsed": true,
  "ran": true,
  "msg": "ok",
  "advantage": 1.050948698885247,
  "beta": 266734.3374448105,
  "n_response_tokens": 2493,
  "sandbox_stdout": "",
  "parent_value": 2.6359674489337483,
  "parent_is_seed": false
}