{
  "step": 27,
  "group": 2,
  "rollout": 46,
  "reward": 2.6141044816580505,
  "raw_score": 2.6141044816580505,
  "valid": true,
  "parsed": true,
  "ran": true,
  "msg": "ok",
  "advantage": -1.0,
  "beta": 1048576.0,
  "n_response_tokens": 2229,
  "sandbox_stdout": "Invalid packing: Circle 0 at (0.07999999999999999,0.07999999999999999) r=0.13769706636474582 outside unit square\n",
  "parent_value": 2.635967448934597,
  "parent_is_seed": false
}