{
  "step": 27,
  "group": 1,
  "rollout": 55,
  "reward": 2.635967448700879,
  "raw_score": 2.635967448700879,
  "valid": true,
  "parsed": true,
  "ran": true,
  "msg": "ok",
  "advantage": 1.001379116026738,
  "beta": 1048576.0,
  "n_response_tokens": 2692,
  "sandbox_stdout": "",
  "parent_value": 2.635967448934673,
  "parent_is_seed": false
}