{
  "step": 27,
  "group": 4,
  "rollout": 57,
  "reward": 2.635967448934597,
  "raw_score": 2.635967448934597,
  "valid": true,
  "parsed": true,
  "ran": true,
  "msg": "ok",
  "advantage": 0.10526315789351526,
  "beta": 1048576.0,
  "n_response_tokens": 2092,
  "sandbox_stdout": "",
  "parent_value": 2.635967448934597,
  "parent_is_seed": false
}