{
  "step": 27,
  "group": 5,
  "rollout": 6,
  "reward": 2.6359674487091156,
  "raw_score": 2.6359674487091156,
  "valid": true,
  "parsed": true,
  "ran": true,
  "msg": "ok",
  "advantage": 1.0508215173835644,
  "beta": 266734.3374448105,
  "n_response_tokens": 2395,
  "sandbox_stdout": "",
  "parent_value": 2.6359674489337483,
  "parent_is_seed": false
}