{
  "step": 27,
  "group": 2,
  "rollout": 23,
  "reward": 2.635967448934597,
  "raw_score": 2.635967448934597,
  "valid": true,
  "parsed": true,
  "ran": true,
  "msg": "ok",
  "advantage": 0.12509552506094446,
  "beta": 1048576.0,
  "n_response_tokens": 2817,
  "sandbox_stdout": "Invalid packing: Circle 0 at (0.014061608115929738,0.9859383918840703) r=0.6563400764622576 outside unit square\n",
  "parent_value": 2.635967448934597,
  "parent_is_seed": false
}