{
  "step": 27,
  "group": 7,
  "rollout": 25,
  "reward": 2.635967448933534,
  "raw_score": 2.635967448933534,
  "valid": true,
  "parsed": true,
  "ran": true,
  "msg": "ok",
  "advantage": 0.6578947368393568,
  "beta": 1048576.0,
  "n_response_tokens": 2211,
  "sandbox_stdout": "Invalid packing: Circle 5 has negative radius -9.999999997537478e-07\n",
  "parent_value": 2.635967448933534,
  "parent_is_seed": false
}