{
  "step": 0,
  "group": 0,
  "rollout": 21,
  "reward": 0.0,
  "valid": true,
  "parsed": true,
  "ran": true,
  "msg": "ok",
  "advantage": -0.3060581869150918,
  "beta": 1.7230149094328966,
  "n_response_tokens": 1505,
  "sandbox_stdout": "Circle 1 at (0.2665750576834912,0.0) r=0.266575057683491 outside unit square\n",
  "parent_value": 0.0,
  "parent_is_seed": true
}