{
  "step": 16,
  "group": 2,
  "rollout": 26,
  "reward": 2.631334192159645,
  "raw_score": 2.631334192159645,
  "valid": true,
  "parsed": true,
  "ran": true,
  "msg": "ok",
  "advantage": 0.4870243496774409,
  "beta": 499.4344754710554,
  "n_response_tokens": 2432,
  "sandbox_stdout": "",
  "parent_value": 2.632326007258675,
  "parent_is_seed": false
}