{
  "step": 16,
  "group": 3,
  "rollout": 22,
  "reward": 2.630156307178404,
  "raw_score": 2.630156307178404,
  "valid": true,
  "parsed": true,
  "ran": true,
  "msg": "ok",
  "advantage": -1.0,
  "beta": 1048576.0,
  "n_response_tokens": 1813,
  "sandbox_stdout": "Invalid packing: Circle 3 at (0.14810823052001726,0.1475480532293088) r=0.1481550164799148 outside unit square\n",
  "parent_value": 2.6323260072585617,
  "parent_is_seed": false
}