{
  "step": 16,
  "group": 6,
  "rollout": 30,
  "reward": 2.6323259330332602,
  "raw_score": 2.6323259330332602,
  "valid": true,
  "parsed": true,
  "ran": true,
  "msg": "ok",
  "advantage": 0.6010411740612431,
  "beta": 1048576.0,
  "n_response_tokens": 2054,
  "sandbox_stdout": "",
  "parent_value": 2.6323260072585617,
  "parent_is_seed": false
}