{
  "step": 16,
  "group": 2,
  "rollout": 15,
  "reward": 2.620897762480892,
  "raw_score": 2.620897762480892,
  "valid": true,
  "parsed": true,
  "ran": true,
  "msg": "ok",
  "advantage": -0.9920829719128759,
  "beta": 499.4344754710554,
  "n_response_tokens": 2000,
  "sandbox_stdout": "Invalid packing: Circles 10 and 13 overlap\n",
  "parent_value": 2.632326007258675,
  "parent_is_seed": false
}