{
  "step": 16,
  "group": 2,
  "rollout": 41,
  "reward": 2.625824727214513,
  "raw_score": 2.625824727214513,
  "valid": true,
  "parsed": true,
  "ran": true,
  "msg": "ok",
  "advantage": -0.9071431448682631,
  "beta": 499.4344754710554,
  "n_response_tokens": 2599,
  "sandbox_stdout": "Invalid packing: Circle 0 at (0.0,0.0) r=0.756276980249655 outside unit square\nInvalid packing: Circle 0 at (1.0,0.0) r=1.0 outside unit square\n",
  "parent_value": 2.632326007258675,
  "parent_is_seed": false
}