{
  "step": 16,
  "group": 5,
  "rollout": 18,
  "reward": 2.632326007258387,
  "raw_score": 2.632326007258387,
  "valid": true,
  "parsed": true,
  "ran": true,
  "msg": "ok",
  "advantage": 0.7183357368900136,
  "beta": 1048576.0,
  "n_response_tokens": 2668,
  "sandbox_stdout": "Invalid packing: Circle 0 at (1.0,1.0) r=1.0 outside unit square\nInvalid packing: Circle 0 at (0.6778849981742497,0.25112777325252844) r=0.5333400117061139 outside unit square\nInvalid packing: Circles 9 and 11 overlap\nInvalid packing: Circle 0 at (0.0,0.0) r=1.0 outside unit square\n",
  "parent_value": 2.6323260072585617,
  "parent_is_seed": false
}