{
  "step": 16,
  "group": 2,
  "rollout": 12,
  "reward": 2.6301563057262127,
  "raw_score": 2.6301563057262127,
  "valid": true,
  "parsed": true,
  "ran": true,
  "msg": "ok",
  "advantage": -0.18285787674474552,
  "beta": 499.4344754710554,
  "n_response_tokens": 2191,
  "sandbox_stdout": "",
  "parent_value": 2.632326007258675,
  "parent_is_seed": false
}