{
  "step": 16,
  "group": 3,
  "rollout": 28,
  "reward": 2.621894961596279,
  "raw_score": 2.621894961596279,
  "valid": true,
  "parsed": true,
  "ran": true,
  "msg": "ok",
  "advantage": -1.0,
  "beta": 1048576.0,
  "n_response_tokens": 2245,
  "sandbox_stdout": "Invalid packing: Circle 0 at (0.0,0.0) r=0.010000000000000009 outside unit square\n",
  "parent_value": 2.6323260072585617,
  "parent_is_seed": false
}