{
  "step": 16,
  "group": 5,
  "rollout": 16,
  "reward": 2.6301562005794645,
  "raw_score": 2.6301562005794645,
  "valid": true,
  "parsed": true,
  "ran": true,
  "msg": "ok",
  "advantage": -1.0,
  "beta": 1048576.0,
  "n_response_tokens": 1731,
  "sandbox_stdout": "",
  "parent_value": 2.6323260072585617,
  "parent_is_seed": false
}