{
  "step": 16,
  "group": 7,
  "rollout": 31,
  "reward": 2.6323260072585617,
  "raw_score": 2.6323260072585617,
  "valid": true,
  "parsed": true,
  "ran": true,
  "msg": "ok",
  "advantage": 0.6578947448236412,
  "beta": 1048576.0,
  "n_response_tokens": 2302,
  "sandbox_stdout": "Invalid packing: Circles 8 and 17 overlap\nInvalid packing: Circle 0 at (0.0,1.0) r=1.0 outside unit square\nInvalid packing: Circles 6 and 14 overlap\nInvalid packing: Circles 17 and 18 overlap\nInvalid packing: Circles 14 and 18 overlap\nInvalid packing: Circle 3 at (0.0274491277459583,0.9863072144307823) r=0.9725461906395692 outside unit square\nInvalid packing: Circles 4 and 8 overlap\nInvalid packing: Circles 8 and 14 overlap\nInvalid packing: Circle 5 at (0.09967164866605903,0.3411388346763798) r=0.14145383600015526 outside unit square\nInvalid packing: Circles 0 and 1 overlap\nInvalid packing: Circles 13 and 19 overlap\n",
  "parent_value": 2.6323260072585617,
  "parent_is_seed": false
}