{
  "step": 16,
  "group": 5,
  "rollout": 61,
  "reward": 2.632326007258373,
  "raw_score": 2.632326007258373,
  "valid": true,
  "parsed": true,
  "ran": true,
  "msg": "ok",
  "advantage": 0.7183357105864301,
  "beta": 1048576.0,
  "n_response_tokens": 2758,
  "sandbox_stdout": "",
  "parent_value": 2.6323260072585617,
  "parent_is_seed": false
}