{
  "step": 5,
  "group": 2,
  "rollout": 13,
  "reward": 2.6310779685753896,
  "raw_score": 2.6310779685753896,
  "valid": true,
  "parsed": true,
  "ran": true,
  "msg": "ok",
  "advantage": 2.040989237968611,
  "beta": 17.910366883630754,
  "n_response_tokens": 1743,
  "sandbox_stdout": "",
  "parent_value": 2.6284189136893485,
  "parent_is_seed": false
}