{
  "step": 21,
  "group": 0,
  "rollout": 31,
  "reward": 2.635312777129072,
  "raw_score": 2.635312777129072,
  "valid": true,
  "parsed": true,
  "ran": true,
  "msg": "ok",
  "advantage": 0.46511529412602615,
  "beta": 1048576.0,
  "n_response_tokens": 2295,
  "sandbox_stdout": "",
  "parent_value": 2.635312777129072,
  "parent_is_seed": false
}