{
  "step": 21,
  "group": 1,
  "rollout": 52,
  "reward": 2.635312777003786,
  "raw_score": 2.635312777003786,
  "valid": true,
  "parsed": true,
  "ran": true,
  "msg": "ok",
  "advantage": -0.19879508065711038,
  "beta": 2857.4028600684724,
  "n_response_tokens": 2141,
  "sandbox_stdout": "",
  "parent_value": 2.6359673505844903,
  "parent_is_seed": false
}