{
  "step": 21,
  "group": 4,
  "rollout": 1,
  "reward": 2.635574594796773,
  "raw_score": 2.635574594796773,
  "valid": true,
  "parsed": true,
  "ran": true,
  "msg": "ok",
  "advantage": 0.12507549099916226,
  "beta": 1048576.0,
  "n_response_tokens": 2169,
  "sandbox_stdout": "Invalid packing: Circle 0 at (1.0,0.0) r=1.0 outside unit square\nInvalid packing: Circle 1 at (0.810876818231224,0.18912093142283745) r=0.1891221632305447 outside unit square\n",
  "parent_value": 2.6355745947327804,
  "parent_is_seed": false
}