{
  "step": 21,
  "group": 7,
  "rollout": 15,
  "reward": 2.635312776568061,
  "raw_score": 2.635312776568061,
  "valid": true,
  "parsed": true,
  "ran": true,
  "msg": "ok",
  "advantage": 0.2857142857126327,
  "beta": 1048576.0,
  "n_response_tokens": 2160,
  "sandbox_stdout": "Invalid packing: Circle 1 at (0.9554492142237849,0.0) r=0.9552920015596957 outside unit square\n",
  "parent_value": 2.635312776568061,
  "parent_is_seed": false
}