{
  "step": 21,
  "group": 1,
  "rollout": 58,
  "reward": 2.6353127771600144,
  "raw_score": 2.6353127771600144,
  "valid": true,
  "parsed": true,
  "ran": true,
  "msg": "ok",
  "advantage": -0.19879471844464147,
  "beta": 2857.4028600684724,
  "n_response_tokens": 2159,
  "sandbox_stdout": "",
  "parent_value": 2.6359673505844903,
  "parent_is_seed": false
}