{
  "step": 21,
  "group": 7,
  "rollout": 20,
  "reward": 2.624418128176558,
  "raw_score": 2.624418128176558,
  "valid": true,
  "parsed": true,
  "ran": true,
  "msg": "ok",
  "advantage": -1.0,
  "beta": 1048576.0,
  "n_response_tokens": 2688,
  "sandbox_stdout": "Invalid packing: Circle 2 at (1.9994322969709424e-10,1.9994322969709424e-10) r=0.9999999998000567 outside unit square\nInvalid packing: Circle 0 at (0.0,0.0) r=1.0 outside unit square\n",
  "parent_value": 2.635312776568061,
  "parent_is_seed": false
}