{
  "step": 21,
  "group": 2,
  "rollout": 43,
  "reward": 2.635312752768227,
  "raw_score": 2.635312752768227,
  "valid": true,
  "parsed": true,
  "ran": true,
  "msg": "ok",
  "advantage": -0.9999999999999989,
  "beta": 56839.822994189984,
  "n_response_tokens": 1979,
  "sandbox_stdout": "",
  "parent_value": 2.635916149144346,
  "parent_is_seed": false
}