{
  "step": 21,
  "group": 6,
  "rollout": 21,
  "reward": 2.629948187273862,
  "raw_score": 2.629948187273862,
  "valid": true,
  "parsed": true,
  "ran": true,
  "msg": "ok",
  "advantage": -0.9999999938182983,
  "beta": 3562.828090771278,
  "n_response_tokens": 2088,
  "sandbox_stdout": "Invalid packing: Circles 4 and 8 overlap\n",
  "parent_value": 2.635312776568061,
  "parent_is_seed": false
}