{
  "step": 21,
  "group": 1,
  "rollout": 18,
  "reward": 2.6353125856678368,
  "raw_score": 2.6353125856678368,
  "valid": true,
  "parsed": true,
  "ran": true,
  "msg": "ok",
  "advantage": -0.1992385649634314,
  "beta": 2857.4028600684724,
  "n_response_tokens": 2257,
  "sandbox_stdout": "",
  "parent_value": 2.6359673505844903,
  "parent_is_seed": false
}