{
  "step": 21,
  "group": 3,
  "rollout": 60,
  "reward": 2.6352392987057374,
  "raw_score": 2.6352392987057374,
  "valid": true,
  "parsed": true,
  "ran": true,
  "msg": "ok",
  "advantage": -0.4966089176281199,
  "beta": 4814.162330611157,
  "n_response_tokens": 2198,
  "sandbox_stdout": "Invalid packing: Circle 0 at (1.0,1.0) r=1.0 outside unit square\nInvalid packing: Circle 2 at (0.0,1.0) r=1.0 outside unit square\n",
  "parent_value": 2.635328255543032,
  "parent_is_seed": false
}