{
  "step": 21,
  "group": 1,
  "rollout": 11,
  "reward": 2.6353125782869466,
  "raw_score": 2.6353125782869466,
  "valid": true,
  "parsed": true,
  "ran": true,
  "msg": "ok",
  "advantage": -0.19925566763597924,
  "beta": 2857.4028600684724,
  "n_response_tokens": 2148,
  "sandbox_stdout": "",
  "parent_value": 2.6359673505844903,
  "parent_is_seed": false
}