{
  "step": 21,
  "group": 6,
  "rollout": 12,
  "reward": 2.6359674488569462,
  "raw_score": 2.6359674488569462,
  "valid": true,
  "parsed": true,
  "ran": true,
  "msg": "ok",
  "advantage": 14.952862289415307,
  "beta": 3562.828090771278,
  "n_response_tokens": 2613,
  "sandbox_stdout": "",
  "parent_value": 2.635312776568061,
  "parent_is_seed": false
}