{
  "step": 21,
  "group": 3,
  "rollout": 0,
  "reward": 2.635590073966214,
  "raw_score": 2.635590073966214,
  "valid": true,
  "parsed": true,
  "ran": true,
  "msg": "ok",
  "advantage": 1.824112185877934,
  "beta": 4814.162330611157,
  "n_response_tokens": 2007,
  "sandbox_stdout": "",
  "parent_value": 2.635328255543032,
  "parent_is_seed": false
}