{
  "step": 21,
  "group": 1,
  "rollout": 38,
  "reward": 2.6353127770631954,
  "raw_score": 2.6353127770631954,
  "valid": true,
  "parsed": true,
  "ran": true,
  "msg": "ok",
  "advantage": -0.19879494291765176,
  "beta": 2857.4028600684724,
  "n_response_tokens": 2264,
  "sandbox_stdout": "",
  "parent_value": 2.6359673505844903,
  "parent_is_seed": false
}