{
  "step": 21,
  "group": 5,
  "rollout": 55,
  "reward": 2.635312776718689,
  "raw_score": 2.635312776718689,
  "valid": true,
  "parsed": true,
  "ran": true,
  "msg": "ok",
  "advantage": 0.2599891688401219,
  "beta": 1048576.0,
  "n_response_tokens": 2203,
  "sandbox_stdout": "",
  "parent_value": 2.635312776718689,
  "parent_is_seed": false
}