{
  "step": 21,
  "group": 3,
  "rollout": 43,
  "reward": 2.635328255543032,
  "raw_score": 2.635328255543032,
  "valid": true,
  "parsed": true,
  "ran": true,
  "msg": "ok",
  "advantage": -0.22419546959563907,
  "beta": 4814.162330611157,
  "n_response_tokens": 2329,
  "sandbox_stdout": "Invalid packing: Circles 2 and 20 overlap\nInvalid packing: Circle 9 at (0.8708769815391135,0.2914806127593866) r=0.1291230278160778 outside unit square\nInvalid packing: Circle 2 at (0.6892464766902865,0.0) r=0.3427675077777275 outside unit square\n",
  "parent_value": 2.635328255543032,
  "parent_is_seed": false
}