{
  "step": 21,
  "group": 1,
  "rollout": 54,
  "reward": 2.635312777132324,
  "raw_score": 2.635312777132324,
  "valid": true,
  "parsed": true,
  "ran": true,
  "msg": "ok",
  "advantage": -0.19879478264407102,
  "beta": 2857.4028600684724,
  "n_response_tokens": 2312,
  "sandbox_stdout": "",
  "parent_value": 2.6359673505844903,
  "parent_is_seed": false
}