{
  "step": 21,
  "group": 1,
  "rollout": 62,
  "reward": 2.635312565707884,
  "raw_score": 2.635312565707884,
  "valid": true,
  "parsed": true,
  "ran": true,
  "msg": "ok",
  "advantage": -0.19928481443204482,
  "beta": 2857.4028600684724,
  "n_response_tokens": 2243,
  "sandbox_stdout": "",
  "parent_value": 2.6359673505844903,
  "parent_is_seed": false
}