{
  "step": 1,
  "group": 0,
  "rollout": 10,
  "reward": 0.19753471772486367,
  "raw_score": 0.19753471772486367,
  "valid": true,
  "parsed": true,
  "ran": true,
  "msg": "ok",
  "advantage": 15.721788562939707,
  "algo": "a2c",
  "value_baseline": -15.524253845214844,
  "n_response_tokens": 1727,
  "sandbox_stdout": "",
  "parent_value": 0.7479790463206849,
  "parent_is_seed": false
}