{
  "step": 1,
  "group": 2,
  "rollout": 9,
  "reward": 0.5239230484541839,
  "raw_score": 0.5239230484541839,
  "valid": true,
  "parsed": true,
  "ran": true,
  "msg": "ok",
  "advantage": 16.048940786796468,
  "algo": "a2c",
  "value_baseline": -15.525017738342285,
  "n_response_tokens": 1460,
  "sandbox_stdout": "",
  "parent_value": 0.0,
  "parent_is_seed": true
}