{
  "step": 1,
  "group": 0,
  "rollout": 11,
  "reward": 0.0,
  "raw_score": null,
  "valid": false,
  "parsed": true,
  "ran": true,
  "msg": "bad_centers_shape: (0,)",
  "advantage": 15.524253845214844,
  "algo": "a2c",
  "value_baseline": -15.524253845214844,
  "n_response_tokens": 1473,
  "sandbox_stdout": "Validation failed: Circle 0 at (0.5857864216311323,0.5857864216315729) r=0.585786421628065 outside unit square\n",
  "parent_value": 0.7479790463206849,
  "parent_is_seed": false
}