{
  "step": 17,
  "group": 4,
  "rollout": 58,
  "reward": 2.6323258344611316,
  "raw_score": 2.6323258344611316,
  "valid": true,
  "parsed": true,
  "ran": true,
  "msg": "ok",
  "advantage": 0.1589714110374263,
  "beta": 157197.3391671595,
  "n_response_tokens": 2604,
  "sandbox_stdout": "",
  "parent_value": 2.6323261021360387,
  "parent_is_seed": false
}