{
  "step": 17,
  "group": 0,
  "rollout": 31,
  "reward": 2.635312776568061,
  "raw_score": 2.635312776568061,
  "valid": true,
  "parsed": true,
  "ran": true,
  "msg": "ok",
  "advantage": -0.1691156417993095,
  "beta": 11775.181155813138,
  "n_response_tokens": 1987,
  "sandbox_stdout": "Invalid packing: Circle 3 at (0.0,0.0) r=0.346539952425863 outside unit square\n",
  "parent_value": 2.635312776568061,
  "parent_is_seed": false
}