{
  "step": 17,
  "group": 3,
  "rollout": 7,
  "reward": 2.632341340803578,
  "raw_score": 2.632341340803578,
  "valid": true,
  "parsed": true,
  "ran": true,
  "msg": "ok",
  "advantage": 0.356437280148896,
  "beta": 1048576.0,
  "n_response_tokens": 2159,
  "sandbox_stdout": "Invalid packing: Circle 1 at (1.0,1.0) r=1.0 outside unit square\n",
  "parent_value": 2.632341483276521,
  "parent_is_seed": false
}