{
  "step": 17,
  "group": 0,
  "rollout": 7,
  "reward": 2.6301563071683844,
  "raw_score": 2.6301563071683844,
  "valid": true,
  "parsed": true,
  "ran": true,
  "msg": "ok",
  "advantage": -1.0,
  "beta": 11775.181155813138,
  "n_response_tokens": 1934,
  "sandbox_stdout": "",
  "parent_value": 2.635312776568061,
  "parent_is_seed": false
}