{
  "step": 17,
  "group": 5,
  "rollout": 40,
  "reward": 2.6301561100587825,
  "raw_score": 2.6301561100587825,
  "valid": true,
  "parsed": true,
  "ran": true,
  "msg": "ok",
  "advantage": -0.2994480811124449,
  "beta": 546.4222736921168,
  "n_response_tokens": 2325,
  "sandbox_stdout": "",
  "parent_value": 2.632326007258675,
  "parent_is_seed": false
}