{
  "step": 17,
  "group": 5,
  "rollout": 59,
  "reward": 2.620897762480892,
  "raw_score": 2.620897762480892,
  "valid": true,
  "parsed": true,
  "ran": true,
  "msg": "ok",
  "advantage": -0.9955986447466106,
  "beta": 546.4222736921168,
  "n_response_tokens": 2404,
  "sandbox_stdout": "Invalid packing: Circle 0 at (0.0,1.0) r=1.0 outside unit square\nInvalid packing: Circle 0 at (1.0,1.0) r=1.0 outside unit square\n",
  "parent_value": 2.632326007258675,
  "parent_is_seed": false
}