{
  "step": 17,
  "group": 5,
  "rollout": 38,
  "reward": 2.6089092717309534,
  "raw_score": 2.6089092717309534,
  "valid": true,
  "parsed": true,
  "ran": true,
  "msg": "ok",
  "advantage": -0.999993710889471,
  "beta": 546.4222736921168,
  "n_response_tokens": 2112,
  "sandbox_stdout": "",
  "parent_value": 2.632326007258675,
  "parent_is_seed": false
}