{
  "step": 17,
  "group": 1,
  "rollout": 51,
  "reward": 2.606365348104052,
  "raw_score": 2.606365348104052,
  "valid": true,
  "parsed": true,
  "ran": true,
  "msg": "ok",
  "advantage": -1.0,
  "beta": 1048576.0,
  "n_response_tokens": 2553,
  "sandbox_stdout": "Invalid packing: Circle 14 at (0.8688924510762175,0.4142686813464288) r=0.13110756022510403 outside unit square\nInvalid packing: Circle 0 at (0.0,0.0) r=0.7268811229665656 outside unit square\n",
  "parent_value": 2.6323414358108086,
  "parent_is_seed": false
}