{
  "step": 17,
  "group": 5,
  "rollout": 1,
  "reward": 2.62089776666609,
  "raw_score": 2.62089776666609,
  "valid": true,
  "parsed": true,
  "ran": true,
  "msg": "ok",
  "advantage": -0.9955986346805009,
  "beta": 546.4222736921168,
  "n_response_tokens": 2416,
  "sandbox_stdout": "",
  "parent_value": 2.632326007258675,
  "parent_is_seed": false
}