{
  "step": 17,
  "group": 2,
  "rollout": 33,
  "reward": 2.635312776568061,
  "raw_score": 2.635312776568061,
  "valid": true,
  "parsed": true,
  "ran": true,
  "msg": "ok",
  "advantage": -0.03864205465531878,
  "beta": 10957.213835246546,
  "n_response_tokens": 2286,
  "sandbox_stdout": "Invalid packing: Circle 7 at (0.4351172691664292,0.2672544009848313) r=0.2993173260608758 outside unit square\nInvalid packing: Circle 3 at (0.0,1.0) r=1.0 outside unit square\n",
  "parent_value": 2.635312776568061,
  "parent_is_seed": false
}