{
  "step": 17,
  "group": 5,
  "rollout": 0,
  "reward": 2.6106183513386108,
  "raw_score": 2.6106183513386108,
  "valid": true,
  "parsed": true,
  "ran": true,
  "msg": "ok",
  "advantage": -0.9999839982359436,
  "beta": 546.4222736921168,
  "n_response_tokens": 2436,
  "sandbox_stdout": "Invalid packing: Circle 25 at (0.07999999999999999,1.0) r=0.04799999999999999 outside unit square\nInvalid packing: Circles 5 and 20 overlap\n",
  "parent_value": 2.632326007258675,
  "parent_is_seed": false
}