{
  "step": 17,
  "group": 3,
  "rollout": 46,
  "reward": 2.6323414832751397,
  "raw_score": 2.6323414832751397,
  "valid": true,
  "parsed": true,
  "ran": true,
  "msg": "ok",
  "advantage": 0.5804808276585749,
  "beta": 1048576.0,
  "n_response_tokens": 2309,
  "sandbox_stdout": "Invalid packing: Circle 0 at (1.0,1.0) r=1.0 outside unit square\n",
  "parent_value": 2.632341483276521,
  "parent_is_seed": false
}