{
  "step": 17,
  "group": 5,
  "rollout": 26,
  "reward": 2.625886586198848,
  "raw_score": 2.625886586198848,
  "valid": true,
  "parsed": true,
  "ran": true,
  "msg": "ok",
  "advantage": -0.932716538341599,
  "beta": 546.4222736921168,
  "n_response_tokens": 2440,
  "sandbox_stdout": "Invalid packing: Circle 1 at (1.0,1.0) r=1.0 outside unit square\n",
  "parent_value": 2.632326007258675,
  "parent_is_seed": false
}