{
  "step": 4,
  "group": 1,
  "rollout": 7,
  "reward": 0.0,
  "raw_score": null,
  "valid": false,
  "parsed": true,
  "ran": false,
  "msg": "run_failed: Circle 1 at (1.470941817426052,0.7393156642875578) r=1.9551796185885815e-09 outside unit square",
  "advantage": -0.8178715750473644,
  "beta": 1.3027081467571622,
  "n_response_tokens": 1654,
  "sandbox_stdout": "",
  "parent_value": 1.1166666666667124,
  "parent_is_seed": false
}