{
  "step": 4,
  "group": 0,
  "rollout": 5,
  "reward": 1.633063037676603,
  "raw_score": 1.633063037676603,
  "valid": true,
  "parsed": true,
  "ran": true,
  "msg": "ok",
  "advantage": 7.405540938384188,
  "beta": 1.6707615365531412,
  "n_response_tokens": 1669,
  "sandbox_stdout": "",
  "parent_value": 1.8809523809543245,
  "parent_is_seed": false
}