{
  "step": 4,
  "group": 3,
  "rollout": 3,
  "reward": 0.0,
  "raw_score": null,
  "valid": false,
  "parsed": true,
  "ran": false,
  "msg": "run_failed: Circle 1 at (0.10783883107185768,0.2654911193004517) r=0.10783883107286243 outside unit square",
  "advantage": -0.7719680918732057,
  "beta": 1.4589970909516072,
  "n_response_tokens": 1836,
  "sandbox_stdout": "",
  "parent_value": 1.7500000000139442,
  "parent_is_seed": false
}