{
  "step": 4,
  "group": 0,
  "rollout": 6,
  "reward": 0.0,
  "raw_score": null,
  "valid": false,
  "parsed": true,
  "ran": false,
  "msg": "run_failed: Circle 0 at (0.07142857142857142,0.08333333333333333) r=7346973.647366017 outside unit square",
  "advantage": -0.741302170992491,
  "beta": 1.6707615365531412,
  "n_response_tokens": 1789,
  "sandbox_stdout": "",
  "parent_value": 1.8809523809543245,
  "parent_is_seed": false
}