{
  "step": 3,
  "group": 3,
  "rollout": 19,
  "reward": 0.0,
  "raw_score": null,
  "valid": false,
  "parsed": true,
  "ran": true,
  "msg": "bad_centers_shape: (0,)",
  "advantage": 13.663342475891113,
  "algo": "a2c",
  "value_baseline": -13.663342475891113,
  "n_response_tokens": 1672,
  "sandbox_stdout": "Validation failed: Circle 0 at (0.688594403647647,0.7977719240178015) r=0.24205045996573554 outside unit square\n",
  "parent_value": 0.9000000000000001,
  "parent_is_seed": false
}