{
  "step": 3,
  "group": 0,
  "rollout": 2,
  "reward": 0.0,
  "raw_score": null,
  "valid": false,
  "parsed": true,
  "ran": true,
  "msg": "bad_centers_shape: (0,)",
  "advantage": 13.665409088134766,
  "algo": "a2c",
  "value_baseline": -13.665409088134766,
  "n_response_tokens": 2079,
  "sandbox_stdout": "Validation failed: Circle 1 at (0.5126848854656534,0.15014648385762194) r=0.15025042105124015 outside unit square\n",
  "parent_value": 2.1406560313721417,
  "parent_is_seed": false
}