{
  "step": 3,
  "group": 0,
  "rollout": 18,
  "reward": 2.1406560313721417,
  "raw_score": 2.1406560313721417,
  "valid": true,
  "parsed": true,
  "ran": true,
  "msg": "ok",
  "advantage": 15.806065119506908,
  "algo": "a2c",
  "value_baseline": -13.665409088134766,
  "n_response_tokens": 2141,
  "sandbox_stdout": "",
  "parent_value": 2.1406560313721417,
  "parent_is_seed": false
}