{
  "step": 3,
  "group": 0,
  "rollout": 0,
  "reward": 0.0,
  "raw_score": null,
  "valid": false,
  "parsed": true,
  "ran": true,
  "msg": "bad_centers_shape: (0,)",
  "advantage": 13.665409088134766,
  "algo": "a2c",
  "value_baseline": -13.665409088134766,
  "n_response_tokens": 1894,
  "sandbox_stdout": "Validation failed: Circle 1 at (0.8683526639760725,0.1320261978594829) r=0.13193796522449272 outside unit square\n",
  "parent_value": 2.1406560313721417,
  "parent_is_seed": false
}