{
  "step": 3,
  "group": 2,
  "rollout": 8,
  "reward": 1.2000000000000166,
  "raw_score": 1.2000000000000166,
  "valid": true,
  "parsed": true,
  "ran": true,
  "msg": "ok",
  "advantage": 14.86545772552492,
  "algo": "a2c",
  "value_baseline": -13.665457725524902,
  "n_response_tokens": 1318,
  "sandbox_stdout": "",
  "parent_value": 1.2943492161943235,
  "parent_is_seed": false
}