{
  "step": 3,
  "group": 3,
  "rollout": 12,
  "reward": 0.0,
  "raw_score": null,
  "valid": false,
  "parsed": true,
  "ran": true,
  "msg": "bad_centers_shape: (0,)",
  "advantage": 13.663342475891113,
  "algo": "a2c",
  "value_baseline": -13.663342475891113,
  "n_response_tokens": 1631,
  "sandbox_stdout": "Validation failed: Circle 0 at (3.8281537112722696e-20,1.271440089187294e-19) r=0.3805610072009539 outside unit square\n",
  "parent_value": 0.9000000000000001,
  "parent_is_seed": false
}