{
  "step": 3,
  "group": 3,
  "rollout": 23,
  "reward": 1.2000000000000002,
  "raw_score": 1.2000000000000002,
  "valid": true,
  "parsed": true,
  "ran": true,
  "msg": "ok",
  "advantage": 14.863342475891113,
  "algo": "a2c",
  "value_baseline": -13.663342475891113,
  "n_response_tokens": 2047,
  "sandbox_stdout": "",
  "parent_value": 0.9000000000000001,
  "parent_is_seed": false
}