{
  "step": 13,
  "group": 1,
  "rollout": 11,
  "reward": 2.1766666666666667,
  "raw_score": 2.1766666666666667,
  "valid": true,
  "parsed": true,
  "ran": true,
  "msg": "ok",
  "advantage": 1.2298223734620617,
  "beta": 342.8790158242674,
  "n_response_tokens": 1823,
  "sandbox_stdout": "",
  "parent_value": 2.1766666666666667,
  "parent_is_seed": false
}