{
  "step": 13,
  "group": 1,
  "rollout": 7,
  "reward": 0.0,
  "raw_score": null,
  "valid": false,
  "parsed": true,
  "ran": false,
  "msg": "run_failed: Packing is invalid: Circle 0 at (0.04491399588163225,0.37408990175158735) r=1.2392232270276367 outside unit square",
  "advantage": -1.0,
  "beta": 342.8790158242674,
  "n_response_tokens": 1975,
  "sandbox_stdout": "",
  "parent_value": 2.1766666666666667,
  "parent_is_seed": false
}