{
  "step": 13,
  "group": 0,
  "rollout": 0,
  "reward": 0.0,
  "raw_score": null,
  "valid": false,
  "parsed": true,
  "ran": false,
  "msg": "run_failed: Packing is invalid: Circle 0 at (392725.9203936468,-291642.5445040691) r=2113141632.5591094 outside unit square",
  "advantage": -0.8497296538688461,
  "beta": 1.3085275741042086,
  "n_response_tokens": 2035,
  "sandbox_stdout": "",
  "parent_value": 2.176666820688726,
  "parent_is_seed": false
}