{
  "step": 13,
  "group": 0,
  "rollout": 7,
  "reward": 0.0,
  "raw_score": null,
  "valid": false,
  "parsed": true,
  "ran": true,
  "msg": "Circle 0 at (0.08333333333333333,0.08333333333333333) r=0.08333333373623192 outside unit square",
  "advantage": -0.8497296538688461,
  "beta": 1.3085275741042086,
  "n_response_tokens": 1902,
  "sandbox_stdout": "",
  "parent_value": 2.176666820688726,
  "parent_is_seed": false
}