{
  "step": 13,
  "group": 3,
  "rollout": 20,
  "reward": 2.1666666666666665,
  "raw_score": 2.1666666666666665,
  "valid": true,
  "parsed": true,
  "ran": true,
  "msg": "ok",
  "advantage": 1.2199253518388615,
  "beta": 1.9552556037817446,
  "n_response_tokens": 1967,
  "sandbox_stdout": "",
  "parent_value": 2.1766666666666667,
  "parent_is_seed": false
}