{
  "step": 13,
  "group": 2,
  "rollout": 10,
  "reward": 0.9285714285714282,
  "raw_score": 0.9285714285714282,
  "valid": true,
  "parsed": true,
  "ran": true,
  "msg": "ok",
  "advantage": -0.014628017939203986,
  "beta": 1.1536698060164667,
  "n_response_tokens": 1904,
  "sandbox_stdout": "",
  "parent_value": 2.1766666666666667,
  "parent_is_seed": false
}