{
  "step": 3,
  "group": 3,
  "rollout": 31,
  "reward": 0.0,
  "raw_score": null,
  "valid": false,
  "parsed": true,
  "ran": false,
  "msg": "run_failed: Validation failed: Circle 15 at (0.07969721771291892,0.9203027822868269) r=0.07969721771409113 outside unit square",
  "advantage": -0.62603915064818,
  "beta": 0.9517135757680381,
  "n_response_tokens": 1901,
  "sandbox_stdout": "",
  "parent_value": 2.5685724014268305,
  "parent_is_seed": false
}