{
  "step": 3,
  "group": 7,
  "rollout": 7,
  "reward": 1.349999999325,
  "raw_score": 1.349999999325,
  "valid": true,
  "parsed": true,
  "ran": true,
  "msg": "ok",
  "advantage": 0.3000265331161407,
  "beta": 1.323155839405356,
  "n_response_tokens": 1903,
  "sandbox_stdout": "",
  "parent_value": 2.3000000000000003,
  "parent_is_seed": false
}