{
  "step": 3,
  "group": 3,
  "rollout": 53,
  "reward": 2.5685724014268305,
  "raw_score": 2.5685724014268305,
  "valid": true,
  "parsed": true,
  "ran": true,
  "msg": "ok",
  "advantage": 3.5972351774105933,
  "beta": 0.9517135757680381,
  "n_response_tokens": 2021,
  "sandbox_stdout": "",
  "parent_value": 2.5685724014268305,
  "parent_is_seed": false
}