{
  "step": 3,
  "group": 3,
  "rollout": 40,
  "reward": 0.0,
  "raw_score": null,
  "valid": false,
  "parsed": true,
  "ran": false,
  "msg": "run_failed: Validation failed: Circle 0 at (0.6562030164558645,0.9016998350081527) r=0.09830016499285786 outside unit square",
  "advantage": -0.62603915064818,
  "beta": 0.9517135757680381,
  "n_response_tokens": 1836,
  "sandbox_stdout": "",
  "parent_value": 2.5685724014268305,
  "parent_is_seed": false
}