{
  "step": 3,
  "group": 4,
  "rollout": 39,
  "reward": 0.0,
  "raw_score": 0.0,
  "valid": true,
  "parsed": true,
  "ran": true,
  "msg": "ok",
  "advantage": -0.4974339961399905,
  "beta": 1.5213176901690553,
  "n_response_tokens": 1893,
  "sandbox_stdout": "Validation failed: Circle 1 at (0.0,0.07302967433402215) r=0.07302967433402215 outside unit square\n",
  "parent_value": 2.3255106965997814,
  "parent_is_seed": false
}