{
  "step": 3,
  "group": 6,
  "rollout": 20,
  "reward": 0.0,
  "raw_score": 0.0,
  "valid": true,
  "parsed": true,
  "ran": true,
  "msg": "ok",
  "advantage": -0.5117984501874291,
  "beta": 1.2492339246748254,
  "n_response_tokens": 1870,
  "sandbox_stdout": "Validation failed: Circle 0 at (0.9999999999999964,2.0084900553697724e-11) r=2.0097385998453373e-11 outside unit square\n",
  "parent_value": 2.3000000000000003,
  "parent_is_seed": false
}