{
  "step": 3,
  "group": 2,
  "rollout": 35,
  "reward": 0.0,
  "raw_score": null,
  "valid": false,
  "parsed": true,
  "ran": false,
  "msg": "run_failed: Validation failed: Circle 19 at (0.910804452504624,0.8039225318193061) r=0.08919554749641351 outside unit square",
  "advantage": -0.82329461025056,
  "beta": 1.057212475399497,
  "n_response_tokens": 2228,
  "sandbox_stdout": "",
  "parent_value": 2.6035808140123198,
  "parent_is_seed": false
}