{
  "step": 3,
  "group": 2,
  "rollout": 38,
  "reward": 0.0,
  "raw_score": null,
  "valid": false,
  "parsed": true,
  "ran": false,
  "msg": "run_failed: Validation failed: Circle 0 at (0.07925115673539275,0.07925115673539382) r=0.07925115673639364 outside unit square",
  "advantage": -0.82329461025056,
  "beta": 1.057212475399497,
  "n_response_tokens": 1853,
  "sandbox_stdout": "",
  "parent_value": 2.6035808140123198,
  "parent_is_seed": false
}