{
  "step": 3,
  "group": 4,
  "rollout": 8,
  "reward": 0.0,
  "raw_score": 0.0,
  "valid": true,
  "parsed": true,
  "ran": true,
  "msg": "ok",
  "advantage": -0.4974339961399905,
  "beta": 1.5213176901690553,
  "n_response_tokens": 1750,
  "sandbox_stdout": "Validation failed: Circle 0 at (2.8828150111315124e-18,0.14057517495287675) r=0.008447902601325014 outside unit square\n",
  "parent_value": 2.3255106965997814,
  "parent_is_seed": false
}