{
  "step": 3,
  "group": 4,
  "rollout": 52,
  "reward": 0.8445778673538846,
  "raw_score": 0.8445778673538846,
  "valid": true,
  "parsed": true,
  "ran": true,
  "msg": "ok",
  "advantage": 0.8550610167394372,
  "beta": 1.5213176901690553,
  "n_response_tokens": 1536,
  "sandbox_stdout": "",
  "parent_value": 2.3255106965997814,
  "parent_is_seed": false
}