{
  "step": 3,
  "group": 4,
  "rollout": 6,
  "reward": 0.0,
  "raw_score": 0.0,
  "valid": true,
  "parsed": true,
  "ran": true,
  "msg": "ok",
  "advantage": -0.4974339961399905,
  "beta": 1.5213176901690553,
  "n_response_tokens": 1539,
  "sandbox_stdout": "Validation failed: Circle 1 at (7.551181901988002e-13,8.693046282814976e-14) r=0.2357022603955158 outside unit square\n",
  "parent_value": 2.3255106965997814,
  "parent_is_seed": false
}