{
  "step": 3,
  "group": 0,
  "rollout": 10,
  "reward": 2.590809225777272,
  "raw_score": 2.590809225777272,
  "valid": true,
  "parsed": true,
  "ran": true,
  "msg": "ok",
  "advantage": 2.75373902612257,
  "beta": 0.9694448307162155,
  "n_response_tokens": 2086,
  "sandbox_stdout": "",
  "parent_value": 2.6083336157008468,
  "parent_is_seed": false
}