{
  "step": 3,
  "group": 1,
  "rollout": 37,
  "reward": 0.0,
  "raw_score": null,
  "valid": false,
  "parsed": true,
  "ran": false,
  "msg": "run_failed: Validation failed: Circle 0 at (0.0589909885004505,0.7231164225673705) r=0.058990988501457245 outside unit square",
  "advantage": -0.769243074622407,
  "beta": 1.000395513192586,
  "n_response_tokens": 1906,
  "sandbox_stdout": "",
  "parent_value": 2.6035808140123198,
  "parent_is_seed": false
}