{
  "step": 3,
  "group": 3,
  "rollout": 44,
  "reward": 0.0,
  "raw_score": null,
  "valid": false,
  "parsed": true,
  "ran": false,
  "msg": "run_failed: Validation failed: Circle 1 at (0.08381519351089606,0.4089835985213302) r=0.0838151935118974 outside unit square",
  "advantage": -0.62603915064818,
  "beta": 0.9517135757680381,
  "n_response_tokens": 2318,
  "sandbox_stdout": "",
  "parent_value": 2.5685724014268305,
  "parent_is_seed": false
}