{
  "step": 3,
  "group": 0,
  "rollout": 1,
  "reward": 2.600621086900716,
  "raw_score": 2.600621086900716,
  "valid": true,
  "parsed": true,
  "ran": true,
  "msg": "ok",
  "advantage": 2.7917744406534055,
  "beta": 0.9694448307162155,
  "n_response_tokens": 1922,
  "sandbox_stdout": "",
  "parent_value": 2.6083336157008468,
  "parent_is_seed": false
}