{
  "step": 3,
  "group": 7,
  "rollout": 53,
  "reward": 2.3000000000000003,
  "raw_score": 2.3000000000000003,
  "valid": true,
  "parsed": true,
  "ran": true,
  "msg": "ok",
  "advantage": 3.819511698140058,
  "beta": 1.323155839405356,
  "n_response_tokens": 1716,
  "sandbox_stdout": "",
  "parent_value": 2.3000000000000003,
  "parent_is_seed": false
}