{
  "step": 3,
  "group": 1,
  "rollout": 11,
  "reward": 0.0,
  "raw_score": null,
  "valid": false,
  "parsed": true,
  "ran": false,
  "msg": "run_failed: Validation failed: Circle 3 at (0.9288281833855757,0.718742880458316) r=0.07117181661542618 outside unit square",
  "advantage": -0.769243074622407,
  "beta": 1.000395513192586,
  "n_response_tokens": 2120,
  "sandbox_stdout": "",
  "parent_value": 2.6035808140123198,
  "parent_is_seed": false
}