{
  "step": 3,
  "group": 5,
  "rollout": 58,
  "reward": 0.0,
  "raw_score": 0.0,
  "valid": true,
  "parsed": true,
  "ran": true,
  "msg": "ok",
  "advantage": -0.7536144088937224,
  "beta": 1.2242740422678475,
  "n_response_tokens": 1667,
  "sandbox_stdout": "Validation failed: Circle 0 at (0.12230218692894522,0.507242540959144) r=1.0 outside unit square\n",
  "parent_value": 2.3255106965997814,
  "parent_is_seed": false
}