{
  "step": 3,
  "group": 3,
  "rollout": 5,
  "reward": 0.0,
  "raw_score": null,
  "valid": false,
  "parsed": true,
  "ran": false,
  "msg": "run_failed: Validation failed: Circle 8 at (0.8660990546772234,0.13390094532276484) r=0.1339009453237675 outside unit square",
  "advantage": -0.62603915064818,
  "beta": 0.9517135757680381,
  "n_response_tokens": 1915,
  "sandbox_stdout": "",
  "parent_value": 2.5685724014268305,
  "parent_is_seed": false
}