{
  "step": 10,
  "group": 2,
  "rollout": 63,
  "reward": 2.6203226096557706,
  "raw_score": 2.6203226096557706,
  "valid": true,
  "parsed": true,
  "ran": true,
  "msg": "ok",
  "advantage": 2.1288666710695368,
  "beta": 1.0094629408034677,
  "n_response_tokens": 2265,
  "sandbox_stdout": "",
  "parent_value": 2.6284345301848058,
  "parent_is_seed": false
}