{
  "step": 10,
  "group": 6,
  "rollout": 51,
  "reward": 2.613008016233251,
  "raw_score": 2.613008016233251,
  "valid": true,
  "parsed": true,
  "ran": true,
  "msg": "ok",
  "advantage": -0.20565709744132676,
  "beta": 92.17967445129217,
  "n_response_tokens": 1530,
  "sandbox_stdout": "",
  "parent_value": 2.6280050408505002,
  "parent_is_seed": false
}