{
  "step": 10,
  "group": 2,
  "rollout": 20,
  "reward": 2.623670986997948,
  "raw_score": 2.623670986997948,
  "valid": true,
  "parsed": true,
  "ran": true,
  "msg": "ok",
  "advantage": 2.139988330042431,
  "beta": 1.0094629408034677,
  "n_response_tokens": 2467,
  "sandbox_stdout": "",
  "parent_value": 2.6284345301848058,
  "parent_is_seed": false
}