{
  "step": 10,
  "group": 7,
  "rollout": 0,
  "reward": 2.6130668289584738,
  "raw_score": 2.6130668289584738,
  "valid": true,
  "parsed": true,
  "ran": true,
  "msg": "ok",
  "advantage": -0.09497109348324773,
  "beta": 85.80433422866092,
  "n_response_tokens": 1740,
  "sandbox_stdout": "",
  "parent_value": 2.6274424473967293,
  "parent_is_seed": false
}