{
  "step": 10,
  "group": 1,
  "rollout": 45,
  "reward": 2.625909868100279,
  "raw_score": 2.625909868100279,
  "valid": true,
  "parsed": true,
  "ran": true,
  "msg": "ok",
  "advantage": 0.3159992250033361,
  "beta": 286.5593299715125,
  "n_response_tokens": 1692,
  "sandbox_stdout": "",
  "parent_value": 2.6310935891136125,
  "parent_is_seed": false
}