{
  "step": 10,
  "group": 0,
  "rollout": 44,
  "reward": 2.625313298944254,
  "raw_score": 2.625313298944254,
  "valid": true,
  "parsed": true,
  "ran": true,
  "msg": "ok",
  "advantage": 0.8580218442973542,
  "beta": 208.38088044031545,
  "n_response_tokens": 1694,
  "sandbox_stdout": "",
  "parent_value": 2.6310935891138856,
  "parent_is_seed": false
}