{
  "step": 10,
  "group": 7,
  "rollout": 10,
  "reward": 2.60127477925028,
  "raw_score": 2.60127477925028,
  "valid": true,
  "parsed": true,
  "ran": true,
  "msg": "ok",
  "advantage": -0.6739480713216169,
  "beta": 85.80433422866092,
  "n_response_tokens": 1534,
  "sandbox_stdout": "",
  "parent_value": 2.6274424473967293,
  "parent_is_seed": false
}