{
  "step": 10,
  "group": 2,
  "rollout": 22,
  "reward": 2.6253469400474962,
  "raw_score": 2.6253469400474962,
  "valid": true,
  "parsed": true,
  "ran": true,
  "msg": "ok",
  "advantage": 2.145570562320413,
  "beta": 1.0094629408034677,
  "n_response_tokens": 2410,
  "sandbox_stdout": "",
  "parent_value": 2.6284345301848058,
  "parent_is_seed": false
}