{
  "step": 10,
  "group": 0,
  "rollout": 47,
  "reward": 2.6188103859650496,
  "raw_score": 2.6188103859650496,
  "valid": true,
  "parsed": true,
  "ran": true,
  "msg": "ok",
  "advantage": -0.5310315746477952,
  "beta": 208.38088044031545,
  "n_response_tokens": 1659,
  "sandbox_stdout": "",
  "parent_value": 2.6310935891138856,
  "parent_is_seed": false
}