{
  "step": 10,
  "group": 6,
  "rollout": 23,
  "reward": 2.612679303903035,
  "raw_score": 2.612679303903035,
  "valid": true,
  "parsed": true,
  "ran": true,
  "msg": "ok",
  "advantage": -0.22965505740371417,
  "beta": 92.17967445129217,
  "n_response_tokens": 1692,
  "sandbox_stdout": "",
  "parent_value": 2.6280050408505002,
  "parent_is_seed": false
}