{
  "step": 10,
  "group": 3,
  "rollout": 31,
  "reward": 2.6133142787307353,
  "raw_score": 2.6133142787307353,
  "valid": true,
  "parsed": true,
  "ran": true,
  "msg": "ok",
  "advantage": 1.540987822682697,
  "beta": 1.1881718720283088,
  "n_response_tokens": 2749,
  "sandbox_stdout": "",
  "parent_value": 2.62836479992025,
  "parent_is_seed": false
}