{
  "step": 10,
  "group": 6,
  "rollout": 10,
  "reward": 2.5772738976580394,
  "raw_score": 2.5772738976580394,
  "valid": true,
  "parsed": true,
  "ran": true,
  "msg": "ok",
  "advantage": -0.970878166880485,
  "beta": 92.17967445129217,
  "n_response_tokens": 1849,
  "sandbox_stdout": "",
  "parent_value": 2.6280050408505002,
  "parent_is_seed": false
}