{
  "step": 10,
  "group": 6,
  "rollout": 17,
  "reward": 2.628005040850675,
  "raw_score": 2.628005040850675,
  "valid": true,
  "parsed": true,
  "ran": true,
  "msg": "ok",
  "advantage": 2.2888501194516615,
  "beta": 92.17967445129217,
  "n_response_tokens": 1525,
  "sandbox_stdout": "",
  "parent_value": 2.6280050408505002,
  "parent_is_seed": false
}