{
  "step": 10,
  "group": 7,
  "rollout": 5,
  "reward": 2.618658262614363,
  "raw_score": 2.618658262614363,
  "valid": true,
  "parsed": true,
  "ran": true,
  "msg": "ok",
  "advantage": 0.4753054886085146,
  "beta": 85.80433422866092,
  "n_response_tokens": 1636,
  "sandbox_stdout": "",
  "parent_value": 2.6274424473967293,
  "parent_is_seed": false
}