{
  "step": 10,
  "group": 7,
  "rollout": 51,
  "reward": 2.616881499959257,
  "raw_score": 2.616881499959257,
  "valid": true,
  "parsed": true,
  "ran": true,
  "msg": "ok",
  "advantage": 0.2625144594120765,
  "beta": 85.80433422866092,
  "n_response_tokens": 1675,
  "sandbox_stdout": "",
  "parent_value": 2.6274424473967293,
  "parent_is_seed": false
}