{
  "step": 10,
  "group": 0,
  "rollout": 35,
  "reward": 2.622753477020282,
  "raw_score": 2.622753477020282,
  "valid": true,
  "parsed": true,
  "ran": true,
  "msg": "ok",
  "advantage": 0.07678087065853356,
  "beta": 208.38088044031545,
  "n_response_tokens": 1800,
  "sandbox_stdout": "",
  "parent_value": 2.6310935891138856,
  "parent_is_seed": false
}