{
  "step": 10,
  "group": 6,
  "rollout": 27,
  "reward": 2.6185442182678917,
  "raw_score": 2.6185442182678917,
  "valid": true,
  "parsed": true,
  "ran": true,
  "msg": "ok",
  "advantage": 0.334445606561417,
  "beta": 92.17967445129217,
  "n_response_tokens": 1618,
  "sandbox_stdout": "",
  "parent_value": 2.6280050408505002,
  "parent_is_seed": false
}