{
  "step": 10,
  "group": 7,
  "rollout": 3,
  "reward": 2.612164766677995,
  "raw_score": 2.612164766677995,
  "valid": true,
  "parsed": true,
  "ran": true,
  "msg": "ok",
  "advantage": -0.1632740145395325,
  "beta": 85.80433422866092,
  "n_response_tokens": 1587,
  "sandbox_stdout": "",
  "parent_value": 2.6274424473967293,
  "parent_is_seed": false
}