{
  "step": 10,
  "group": 3,
  "rollout": 62,
  "reward": 2.6195374200125396,
  "raw_score": 2.6195374200125396,
  "valid": true,
  "parsed": true,
  "ran": true,
  "msg": "ok",
  "advantage": 1.5606124119001357,
  "beta": 1.1881718720283088,
  "n_response_tokens": 2747,
  "sandbox_stdout": "",
  "parent_value": 2.62836479992025,
  "parent_is_seed": false
}