{
  "step": 10,
  "group": 7,
  "rollout": 12,
  "reward": 2.594750802539836,
  "raw_score": 2.594750802539836,
  "valid": true,
  "parsed": true,
  "ran": true,
  "msg": "ok",
  "advantage": -0.8141285889578644,
  "beta": 85.80433422866092,
  "n_response_tokens": 1955,
  "sandbox_stdout": "",
  "parent_value": 2.6274424473967293,
  "parent_is_seed": false
}