{
  "step": 10,
  "group": 6,
  "rollout": 42,
  "reward": 2.628212418149754,
  "raw_score": 2.628212418149754,
  "valid": true,
  "parsed": true,
  "ran": true,
  "msg": "ok",
  "advantage": 2.3557054099085173,
  "beta": 92.17967445129217,
  "n_response_tokens": 1777,
  "sandbox_stdout": "",
  "parent_value": 2.6280050408505002,
  "parent_is_seed": false
}