{
  "step": 10,
  "group": 0,
  "rollout": 12,
  "reward": 2.6204180182875887,
  "raw_score": 2.6204180182875887,
  "valid": true,
  "parsed": true,
  "ran": true,
  "msg": "ok",
  "advantage": -0.3424624177517591,
  "beta": 208.38088044031545,
  "n_response_tokens": 1825,
  "sandbox_stdout": "",
  "parent_value": 2.6310935891138856,
  "parent_is_seed": false
}