{
  "step": 10,
  "group": 2,
  "rollout": 38,
  "reward": 2.6022636158438073,
  "raw_score": 2.6022636158438073,
  "valid": true,
  "parsed": true,
  "ran": true,
  "msg": "ok",
  "advantage": 2.0695905881612022,
  "beta": 1.0094629408034677,
  "n_response_tokens": 2412,
  "sandbox_stdout": "",
  "parent_value": 2.6284345301848058,
  "parent_is_seed": false
}