{
  "step": 10,
  "group": 0,
  "rollout": 27,
  "reward": 2.619884313682688,
  "raw_score": 2.619884313682688,
  "valid": true,
  "parsed": true,
  "ran": true,
  "msg": "ok",
  "advantage": -0.4123155484509866,
  "beta": 208.38088044031545,
  "n_response_tokens": 1735,
  "sandbox_stdout": "",
  "parent_value": 2.6310935891138856,
  "parent_is_seed": false
}