{
  "step": 10,
  "group": 0,
  "rollout": 14,
  "reward": 2.6210321116227835,
  "raw_score": 2.6210321116227835,
  "valid": true,
  "parsed": true,
  "ran": true,
  "msg": "ok",
  "advantage": -0.2516333332545213,
  "beta": 208.38088044031545,
  "n_response_tokens": 1775,
  "sandbox_stdout": "",
  "parent_value": 2.6310935891138856,
  "parent_is_seed": false
}