{
  "step": 10,
  "group": 1,
  "rollout": 16,
  "reward": 2.621161291650537,
  "raw_score": 2.621161291650537,
  "valid": true,
  "parsed": true,
  "ran": true,
  "msg": "ok",
  "advantage": -0.6676493845940767,
  "beta": 286.5593299715125,
  "n_response_tokens": 1736,
  "sandbox_stdout": "",
  "parent_value": 2.6310935891136125,
  "parent_is_seed": false
}