{
  "step": 10,
  "group": 7,
  "rollout": 2,
  "reward": 2.6218846607044637,
  "raw_score": 2.6218846607044637,
  "valid": true,
  "parsed": true,
  "ran": true,
  "msg": "ok",
  "advantage": 0.9605031932059132,
  "beta": 85.80433422866092,
  "n_response_tokens": 1609,
  "sandbox_stdout": "",
  "parent_value": 2.6274424473967293,
  "parent_is_seed": false
}