{
  "step": 10,
  "group": 1,
  "rollout": 49,
  "reward": 2.618079706974544,
  "raw_score": 2.618079706974544,
  "valid": true,
  "parsed": true,
  "ran": true,
  "msg": "ok",
  "advantage": -0.8629912925493339,
  "beta": 286.5593299715125,
  "n_response_tokens": 1732,
  "sandbox_stdout": "",
  "parent_value": 2.6310935891136125,
  "parent_is_seed": false
}