{
  "step": 10,
  "group": 6,
  "rollout": 62,
  "reward": 2.6182519835656297,
  "raw_score": 2.6182519835656297,
  "valid": true,
  "parsed": true,
  "ran": true,
  "msg": "ok",
  "advantage": 0.2982471532969242,
  "beta": 92.17967445129217,
  "n_response_tokens": 1852,
  "sandbox_stdout": "",
  "parent_value": 2.6280050408505002,
  "parent_is_seed": false
}