{
  "step": 10,
  "group": 4,
  "rollout": 46,
  "reward": 2.628434530184794,
  "raw_score": 2.628434530184794,
  "valid": true,
  "parsed": true,
  "ran": true,
  "msg": "ok",
  "advantage": 1.4328492507799235,
  "beta": 1.294124843333448,
  "n_response_tokens": 2539,
  "sandbox_stdout": "",
  "parent_value": 2.628212418165225,
  "parent_is_seed": false
}