{
  "step": 10,
  "group": 2,
  "rollout": 14,
  "reward": 2.6252988772788255,
  "raw_score": 2.6252988772788255,
  "valid": true,
  "parsed": true,
  "ran": true,
  "msg": "ok",
  "advantage": 2.145410331068245,
  "beta": 1.0094629408034677,
  "n_response_tokens": 2633,
  "sandbox_stdout": "",
  "parent_value": 2.6284345301848058,
  "parent_is_seed": false
}