{
  "step": 10,
  "group": 1,
  "rollout": 0,
  "reward": 2.6221324932591497,
  "raw_score": 2.6221324932591497,
  "valid": true,
  "parsed": true,
  "ran": true,
  "msg": "ok",
  "advantage": -0.5602564869948029,
  "beta": 286.5593299715125,
  "n_response_tokens": 1833,
  "sandbox_stdout": "",
  "parent_value": 2.6310935891136125,
  "parent_is_seed": false
}