{
  "step": 10,
  "group": 2,
  "rollout": 5,
  "reward": 2.6162795812995414,
  "raw_score": 2.6162795812995414,
  "valid": true,
  "parsed": true,
  "ran": true,
  "msg": "ok",
  "advantage": 2.115492681671842,
  "beta": 1.0094629408034677,
  "n_response_tokens": 1921,
  "sandbox_stdout": "",
  "parent_value": 2.6284345301848058,
  "parent_is_seed": false
}