{
  "step": 10,
  "group": 4,
  "rollout": 15,
  "reward": 2.621032111622821,
  "raw_score": 2.621032111622821,
  "valid": true,
  "parsed": true,
  "ran": true,
  "msg": "ok",
  "advantage": 1.4087678416836709,
  "beta": 1.294124843333448,
  "n_response_tokens": 2217,
  "sandbox_stdout": "",
  "parent_value": 2.628212418165225,
  "parent_is_seed": false
}