{
  "step": 10,
  "group": 7,
  "rollout": 63,
  "reward": 2.624512581066706,
  "raw_score": 2.624512581066706,
  "valid": true,
  "parsed": true,
  "ran": true,
  "msg": "ok",
  "advantage": 1.4758661788413239,
  "beta": 85.80433422866092,
  "n_response_tokens": 1580,
  "sandbox_stdout": "",
  "parent_value": 2.6274424473967293,
  "parent_is_seed": false
}