{
  "step": 10,
  "group": 0,
  "rollout": 24,
  "reward": 2.621700839002723,
  "raw_score": 2.621700839002723,
  "valid": true,
  "parsed": true,
  "ran": true,
  "msg": "ok",
  "advantage": -0.13820206181823158,
  "beta": 208.38088044031545,
  "n_response_tokens": 1937,
  "sandbox_stdout": "",
  "parent_value": 2.6310935891138856,
  "parent_is_seed": false
}