{
  "step": 10,
  "group": 4,
  "rollout": 19,
  "reward": 2.626571993348549,
  "raw_score": 2.626571993348549,
  "valid": true,
  "parsed": true,
  "ran": true,
  "msg": "ok",
  "advantage": 1.4267666704047466,
  "beta": 1.294124843333448,
  "n_response_tokens": 2776,
  "sandbox_stdout": "",
  "parent_value": 2.628212418165225,
  "parent_is_seed": false
}