{
  "step": 10,
  "group": 1,
  "rollout": 36,
  "reward": 2.6218988699098547,
  "raw_score": 2.6218988699098547,
  "valid": true,
  "parsed": true,
  "ran": true,
  "msg": "ok",
  "advantage": -0.5889179667633277,
  "beta": 286.5593299715125,
  "n_response_tokens": 1727,
  "sandbox_stdout": "",
  "parent_value": 2.6310935891136125,
  "parent_is_seed": false
}