{
  "step": 10,
  "group": 7,
  "rollout": 22,
  "reward": 2.571429444079416,
  "raw_score": 2.571429444079416,
  "valid": true,
  "parsed": true,
  "ran": true,
  "msg": "ok",
  "advantage": -0.9749359831378349,
  "beta": 85.80433422866092,
  "n_response_tokens": 1866,
  "sandbox_stdout": "",
  "parent_value": 2.6274424473967293,
  "parent_is_seed": false
}