{
  "step": 10,
  "group": 6,
  "rollout": 40,
  "reward": 2.621898869909769,
  "raw_score": 2.621898869909769,
  "valid": true,
  "parsed": true,
  "ran": true,
  "msg": "ok",
  "advantage": 0.8320800861943651,
  "beta": 92.17967445129217,
  "n_response_tokens": 1603,
  "sandbox_stdout": "",
  "parent_value": 2.6280050408505002,
  "parent_is_seed": false
}