{
  "step": 10,
  "group": 1,
  "rollout": 29,
  "reward": 2.6226473471255245,
  "raw_score": 2.6226473471255245,
  "valid": true,
  "parsed": true,
  "ran": true,
  "msg": "ok",
  "advantage": -0.48978200124596705,
  "beta": 286.5593299715125,
  "n_response_tokens": 1802,
  "sandbox_stdout": "",
  "parent_value": 2.6310935891136125,
  "parent_is_seed": false
}