{
  "step": 10,
  "group": 1,
  "rollout": 56,
  "reward": 2.6302148014239384,
  "raw_score": 2.6302148014239384,
  "valid": true,
  "parsed": true,
  "ran": true,
  "msg": "ok",
  "advantage": 3.76067079090475,
  "beta": 286.5593299715125,
  "n_response_tokens": 1811,
  "sandbox_stdout": "",
  "parent_value": 2.6310935891136125,
  "parent_is_seed": false
}