{
  "step": 10,
  "group": 7,
  "rollout": 14,
  "reward": 2.6187193285029284,
  "raw_score": 2.6187193285029284,
  "valid": true,
  "parsed": true,
  "ran": true,
  "msg": "ok",
  "advantage": 0.4832384335982547,
  "beta": 85.80433422866092,
  "n_response_tokens": 1775,
  "sandbox_stdout": "",
  "parent_value": 2.6274424473967293,
  "parent_is_seed": false
}