{
  "step": 10,
  "group": 7,
  "rollout": 18,
  "reward": 2.6221923084532364,
  "raw_score": 2.6221923084532364,
  "valid": true,
  "parsed": true,
  "ran": true,
  "msg": "ok",
  "advantage": 1.0146216953178397,
  "beta": 85.80433422866092,
  "n_response_tokens": 1691,
  "sandbox_stdout": "",
  "parent_value": 2.6274424473967293,
  "parent_is_seed": false
}