{
  "step": 10,
  "group": 0,
  "rollout": 31,
  "reward": 2.625134965013987,
  "raw_score": 2.625134965013987,
  "valid": true,
  "parsed": true,
  "ran": true,
  "msg": "ok",
  "advantage": 0.788318386742709,
  "beta": 208.38088044031545,
  "n_response_tokens": 1789,
  "sandbox_stdout": "",
  "parent_value": 2.6310935891138856,
  "parent_is_seed": false
}