{
  "step": 10,
  "group": 6,
  "rollout": 57,
  "reward": 2.622884486436446,
  "raw_score": 2.622884486436446,
  "valid": true,
  "parsed": true,
  "ran": true,
  "msg": "ok",
  "advantage": 1.0118917534807412,
  "beta": 92.17967445129217,
  "n_response_tokens": 1590,
  "sandbox_stdout": "",
  "parent_value": 2.6280050408505002,
  "parent_is_seed": false
}