{
  "step": 10,
  "group": 4,
  "rollout": 3,
  "reward": 2.6127028079197827,
  "raw_score": 2.6127028079197827,
  "valid": true,
  "parsed": true,
  "ran": true,
  "msg": "ok",
  "advantage": 1.3819663674782299,
  "beta": 1.294124843333448,
  "n_response_tokens": 2405,
  "sandbox_stdout": "",
  "parent_value": 2.628212418165225,
  "parent_is_seed": false
}