{
  "step": 10,
  "group": 7,
  "rollout": 27,
  "reward": 2.62170083900235,
  "raw_score": 2.62170083900235,
  "valid": true,
  "parsed": true,
  "ran": true,
  "msg": "ok",
  "advantage": 0.9288840239163063,
  "beta": 85.80433422866092,
  "n_response_tokens": 1696,
  "sandbox_stdout": "",
  "parent_value": 2.6274424473967293,
  "parent_is_seed": false
}