{
  "step": 10,
  "group": 1,
  "rollout": 3,
  "reward": 2.628082958638556,
  "raw_score": 2.628082958638556,
  "valid": true,
  "parsed": true,
  "ran": true,
  "msg": "ok",
  "advantage": 1.4980945003804393,
  "beta": 286.5593299715125,
  "n_response_tokens": 1855,
  "sandbox_stdout": "",
  "parent_value": 2.6310935891136125,
  "parent_is_seed": false
}