{
  "step": 10,
  "group": 4,
  "rollout": 30,
  "reward": 2.613220695486606,
  "raw_score": 2.613220695486606,
  "valid": true,
  "parsed": true,
  "ran": true,
  "msg": "ok",
  "advantage": 1.383623744312588,
  "beta": 1.294124843333448,
  "n_response_tokens": 2551,
  "sandbox_stdout": "",
  "parent_value": 2.628212418165225,
  "parent_is_seed": false
}