{
  "step": 3,
  "group": 3,
  "rollout": 45,
  "reward": 2.6221448837416492,
  "raw_score": 2.6221448837416492,
  "valid": true,
  "parsed": true,
  "ran": true,
  "msg": "ok",
  "advantage": 1.658732261987398,
  "beta": 26.810039839364617,
  "n_response_tokens": 2059,
  "sandbox_stdout": "",
  "parent_value": 2.620765935751259,
  "parent_is_seed": false
}