{
  "step": 3,
  "group": 5,
  "rollout": 44,
  "reward": 0.0,
  "raw_score": null,
  "valid": false,
  "parsed": true,
  "ran": true,
  "msg": "Circle 0 at (0.054548995693735954,0.09743322159630981) r=0.07132857142857142 outside unit square",
  "advantage": -0.8230825256656156,
  "beta": 1.070087987096853,
  "n_response_tokens": 1810,
  "sandbox_stdout": "Warning: Packing validation failed: Circles 0 and 1 overlap\n",
  "parent_value": 2.607675821377873,
  "parent_is_seed": false
}