{
  "step": 3,
  "group": 4,
  "rollout": 54,
  "reward": 0.0,
  "raw_score": null,
  "valid": false,
  "parsed": true,
  "ran": true,
  "msg": "Circle 2 at (0.3449948017280384,0.06680995688320526) r=0.07132857142857142 outside unit square",
  "advantage": -0.9510372128551071,
  "beta": 1.4803388434927274,
  "n_response_tokens": 2033,
  "sandbox_stdout": "Warning: Packing validation failed: Circle 0 at (1.0,1.0) r=1.0 outside unit square\n",
  "parent_value": 2.614486774710757,
  "parent_is_seed": false
}