{
  "step": 3,
  "group": 2,
  "rollout": 4,
  "reward": 0.0,
  "raw_score": null,
  "valid": false,
  "parsed": true,
  "ran": false,
  "msg": "run_failed: Circle 0 at (0.9999370802607397,0.999922853531622) r=0.9944715219296703 outside unit square",
  "advantage": -1.0,
  "beta": 15.493138444804256,
  "n_response_tokens": 1517,
  "sandbox_stdout": "Invalid packing: Circle 0 at (0.9999370802607397,0.999922853531622) r=0.9944715219296703 outside unit square\n",
  "parent_value": 2.6210076936255473,
  "parent_is_seed": false
}