{
  "step": 3,
  "group": 3,
  "rollout": 58,
  "reward": 2.620765768188358,
  "raw_score": 2.620765768188358,
  "valid": true,
  "parsed": true,
  "ran": true,
  "msg": "ok",
  "advantage": 1.5583040370510108,
  "beta": 26.810039839364617,
  "n_response_tokens": 1429,
  "sandbox_stdout": "",
  "parent_value": 2.620765935751259,
  "parent_is_seed": false
}