{
  "step": 3,
  "group": 2,
  "rollout": 36,
  "reward": 0.0,
  "raw_score": null,
  "valid": false,
  "parsed": true,
  "ran": false,
  "msg": "run_failed: Circle 0 at (0.011378148828418123,0.0022236516409297356) r=0.9999963426102227 outside unit square",
  "advantage": -1.0,
  "beta": 15.493138444804256,
  "n_response_tokens": 1663,
  "sandbox_stdout": "Invalid packing: Circle 0 at (0.011378148828418123,0.0022236516409297356) r=0.9999963426102227 outside unit square\n",
  "parent_value": 2.6210076936255473,
  "parent_is_seed": false
}