{
  "step": 3,
  "group": 6,
  "rollout": 29,
  "reward": 1.857142857142857,
  "raw_score": 1.857142857142857,
  "valid": true,
  "parsed": true,
  "ran": true,
  "msg": "ok",
  "advantage": 1.611440559328948,
  "beta": 1.2000024477745572,
  "n_response_tokens": 1317,
  "sandbox_stdout": "Warning: Packing validation failed: Circle 0 at (0.6477785354855581,0.40733103040939334) r=0.8165141250697971 outside unit square\n",
  "parent_value": 2.166666666666667,
  "parent_is_seed": false
}