{
  "step": 3,
  "group": 4,
  "rollout": 42,
  "reward": 2.6093170844682265,
  "raw_score": 2.6093170844682265,
  "valid": true,
  "parsed": true,
  "ran": true,
  "msg": "ok",
  "advantage": 1.417808699139465,
  "beta": 1.4803388434927274,
  "n_response_tokens": 1887,
  "sandbox_stdout": "",
  "parent_value": 2.614486774710757,
  "parent_is_seed": false
}