{
  "step": 3,
  "group": 5,
  "rollout": 18,
  "reward": 0.0,
  "raw_score": null,
  "valid": false,
  "parsed": true,
  "ran": true,
  "msg": "Circle 0 at (0.03539275201422605,0.1548367367396886) r=0.0818803902718557 outside unit square",
  "advantage": -0.8230825256656156,
  "beta": 1.070087987096853,
  "n_response_tokens": 1798,
  "sandbox_stdout": "Warning: Packing validation failed: Circle 3 at (0.07520558087219102,0.07520558087360983) r=0.07520558087408248 outside unit square\n",
  "parent_value": 2.607675821377873,
  "parent_is_seed": false
}