{
  "step": 3,
  "group": 3,
  "rollout": 2,
  "reward": 2.620765935752841,
  "raw_score": 2.620765935752841,
  "valid": true,
  "parsed": true,
  "ran": true,
  "msg": "ok",
  "advantage": 1.5583159967376923,
  "beta": 26.810039839364617,
  "n_response_tokens": 1538,
  "sandbox_stdout": "",
  "parent_value": 2.620765935751259,
  "parent_is_seed": false
}