{
  "step": 3,
  "group": 4,
  "rollout": 13,
  "reward": 0.0,
  "raw_score": null,
  "valid": false,
  "parsed": true,
  "ran": true,
  "msg": "Circle 18 at (0.06916854986553485,0.5644021263423276) r=0.07132857142857142 outside unit square",
  "advantage": -0.9510372128551071,
  "beta": 1.4803388434927274,
  "n_response_tokens": 2039,
  "sandbox_stdout": "Warning: Packing validation failed: Circle 0 at (0.056373586941783516,0.056373586942073256) r=0.05637358694281968 outside unit square\n",
  "parent_value": 2.614486774710757,
  "parent_is_seed": false
}