{
  "step": 3,
  "group": 5,
  "rollout": 11,
  "reward": 0.0,
  "raw_score": null,
  "valid": false,
  "parsed": true,
  "ran": true,
  "msg": "Circle 0 at (0.07745194532132994,0.03701983545485127) r=0.08323333333333333 outside unit square",
  "advantage": -0.8230825256656156,
  "beta": 1.070087987096853,
  "n_response_tokens": 1877,
  "sandbox_stdout": "Warning: Packing validation failed: Circle 0 at (0.07278923642538035,0.03570608528932853) r=0.08747611858932852 outside unit square\n",
  "parent_value": 2.607675821377873,
  "parent_is_seed": false
}