{
  "step": 3,
  "group": 0,
  "rollout": 56,
  "reward": 0.0,
  "raw_score": null,
  "valid": false,
  "parsed": true,
  "ran": true,
  "msg": "Circle 0 at (1.000000000001e-06,1.000000000001e-06) r=0.11689331654276981 outside unit square",
  "advantage": -1.0,
  "beta": 18.829057853219435,
  "n_response_tokens": 1996,
  "sandbox_stdout": "",
  "parent_value": 2.622177282868072,
  "parent_is_seed": false
}