{
  "step": 3,
  "group": 2,
  "rollout": 5,
  "reward": 2.6180525746627406,
  "raw_score": 2.6180525746627406,
  "valid": true,
  "parsed": true,
  "ran": true,
  "msg": "ok",
  "advantage": 1.5443637339260619,
  "beta": 15.493138444804256,
  "n_response_tokens": 1417,
  "sandbox_stdout": "",
  "parent_value": 2.6210076936255473,
  "parent_is_seed": false
}