{
  "step": 3,
  "group": 4,
  "rollout": 37,
  "reward": 2.54662213190287,
  "raw_score": 2.54662213190287,
  "valid": true,
  "parsed": true,
  "ran": true,
  "msg": "ok",
  "advantage": 1.1960407430761157,
  "beta": 1.4803388434927274,
  "n_response_tokens": 1764,
  "sandbox_stdout": "",
  "parent_value": 2.614486774710757,
  "parent_is_seed": false
}