{
  "step": 3,
  "group": 4,
  "rollout": 15,
  "reward": 2.585371624933302,
  "raw_score": 2.585371624933302,
  "valid": true,
  "parsed": true,
  "ran": true,
  "msg": "ok",
  "advantage": 1.3304900423121309,
  "beta": 1.4803388434927274,
  "n_response_tokens": 1994,
  "sandbox_stdout": "",
  "parent_value": 2.614486774710757,
  "parent_is_seed": false
}