{
  "step": 3,
  "group": 1,
  "rollout": 39,
  "reward": 0.0,
  "raw_score": null,
  "valid": false,
  "parsed": true,
  "ran": true,
  "msg": "Circle 0 at (0.0328752780188946,0.034024198055746996) r=0.43157442033206905 outside unit square",
  "advantage": -1.0,
  "beta": 20.918248129608415,
  "n_response_tokens": 1344,
  "sandbox_stdout": "",
  "parent_value": 2.622145221503329,
  "parent_is_seed": false
}