{
  "step": 3,
  "group": 7,
  "rollout": 60,
  "reward": 2.166666666666667,
  "raw_score": 2.166666666666667,
  "valid": true,
  "parsed": true,
  "ran": true,
  "msg": "ok",
  "advantage": 1.9616724112303827,
  "beta": 1.379194205444585,
  "n_response_tokens": 1436,
  "sandbox_stdout": "Warning: Packing validation failed: Circle 0 at (0.14313850227585595,0.17615788491357448) r=0.1702350729911281 outside unit square\n",
  "parent_value": 2.166666666666667,
  "parent_is_seed": false
}