{
  "step": 3,
  "group": 0,
  "rollout": 41,
  "reward": 2.6002491883305994,
  "raw_score": 2.6002491883305994,
  "valid": true,
  "parsed": true,
  "ran": true,
  "msg": "ok",
  "advantage": 0.9308133956825821,
  "beta": 18.829057853219435,
  "n_response_tokens": 1395,
  "sandbox_stdout": "",
  "parent_value": 2.622177282868072,
  "parent_is_seed": false
}