{
  "step": 3,
  "group": 1,
  "rollout": 24,
  "reward": 2.610849125465764,
  "raw_score": 2.610849125465764,
  "valid": true,
  "parsed": true,
  "ran": true,
  "msg": "ok",
  "advantage": 1.1306301367351934,
  "beta": 20.918248129608415,
  "n_response_tokens": 1203,
  "sandbox_stdout": "",
  "parent_value": 2.622145221503329,
  "parent_is_seed": false
}