{
  "step": 3,
  "group": 3,
  "rollout": 1,
  "reward": 2.5431436588688228,
  "raw_score": 2.5431436588688228,
  "valid": true,
  "parsed": true,
  "ran": true,
  "msg": "ok",
  "advantage": -0.6916841337385838,
  "beta": 26.810039839364617,
  "n_response_tokens": 1649,
  "sandbox_stdout": "",
  "parent_value": 2.620765935751259,
  "parent_is_seed": false
}