{
  "step": 3,
  "group": 4,
  "rollout": 61,
  "reward": 2.5366426980968186,
  "raw_score": 2.5366426980968186,
  "valid": true,
  "parsed": true,
  "ran": true,
  "msg": "ok",
  "advantage": 1.1627316960204013,
  "beta": 1.4803388434927274,
  "n_response_tokens": 2032,
  "sandbox_stdout": "",
  "parent_value": 2.614486774710757,
  "parent_is_seed": false
}