{
  "step": 2,
  "group": 2,
  "rollout": 9,
  "reward": 0.7578923950762034,
  "raw_score": 0.7578923950762034,
  "valid": true,
  "parsed": true,
  "ran": true,
  "msg": "ok",
  "advantage": 1.494803494771697,
  "beta": 2.909691312218766,
  "n_response_tokens": 1674,
  "sandbox_stdout": "",
  "parent_value": 0.9022580265163145,
  "parent_is_seed": false
}