{
  "step": 2,
  "group": 2,
  "rollout": 4,
  "reward": 0.9022580265163145,
  "raw_score": 0.9022580265163145,
  "valid": true,
  "parsed": true,
  "ran": true,
  "msg": "ok",
  "advantage": 3.025152269564395,
  "beta": 2.909691312218766,
  "n_response_tokens": 2105,
  "sandbox_stdout": "",
  "parent_value": 0.9022580265163145,
  "parent_is_seed": false
}