{
  "step": 2,
  "group": 1,
  "rollout": 1,
  "reward": 0.7076738365404124,
  "raw_score": 0.7076738365404124,
  "valid": true,
  "parsed": true,
  "ran": true,
  "msg": "ok",
  "advantage": 1.3890155415220855,
  "beta": 2.426138106566179,
  "n_response_tokens": 2031,
  "sandbox_stdout": "",
  "parent_value": 1.1062605985142555,
  "parent_is_seed": false
}