{
  "step": 2,
  "group": 2,
  "rollout": 8,
  "reward": 0.0,
  "raw_score": null,
  "valid": false,
  "parsed": true,
  "ran": true,
  "msg": "bad_centers_shape: (0,)",
  "advantage": -0.749214853569316,
  "beta": 2.909691312218766,
  "n_response_tokens": 1966,
  "sandbox_stdout": "Validation failed: Circle 0 at (4.9986396290846114e-14,1.6935687752224083e-08) r=0.1473100735421375 outside unit square\n",
  "parent_value": 0.9022580265163145,
  "parent_is_seed": false
}