{
  "step": 2,
  "group": 1,
  "rollout": 14,
  "reward": 0.0,
  "raw_score": null,
  "valid": false,
  "parsed": true,
  "ran": true,
  "msg": "bad_centers_shape: (0,)",
  "advantage": -0.604581063874648,
  "beta": 2.426138106566179,
  "n_response_tokens": 1861,
  "sandbox_stdout": "Validation failed: Circle 1 at (0.33830823581588965,1.2120746601311744e-14) r=0.017960292112926504 outside unit square\n",
  "parent_value": 1.1062605985142555,
  "parent_is_seed": false
}