{
  "step": 12,
  "group": 3,
  "rollout": 11,
  "reward": 2.6298370788882153,
  "raw_score": 2.6298370788882153,
  "valid": true,
  "parsed": true,
  "ran": true,
  "msg": "ok",
  "advantage": 1.13162941689116,
  "beta": 3.374624206692062,
  "n_response_tokens": 2502,
  "sandbox_stdout": "Validation failed during optimization: Circles 11 and 21 overlap\nValidation failed during optimization: Circle 12 at (0.8763745948162253,0.8763745948195587) r=0.12362540518388378 outside unit square\nValidation failed during optimization: Circles 14 and 19 overlap\nValidation failed during optimization: Circles 10 and 18 overlap\nValidation failed during optimization: Circles 9 and 13 overlap\nValidation failed during optimization: Circles 0 and 15 overlap\nValidation failed during optimization: Circle 0 at (1.0,1.0) r=1.0 outside unit square\nValidation failed during optimization: Circle 19 at (0.8692359738341988,0.5139354982616137) r=0.13076402616870242 outside unit square\nValidation failed during optimization: Circles 2 and 7 overlap\nValidation failed during optimization: Circles 0 and 4 overlap\nValidation failed during optimization: Circle 3 at (0.8677482295687061,0.39162587731296983) r=0.13225177043271313 outside unit square\nValidation failed during optimization: Circle 8 at (0.839300874770433,0.5742784996156572) r=0.16069912523296687 outside unit square\nValidation failed during optimization: Circles 11 and 15 overlap\nValidation failed during optimization: Circle 2 at (0.8489129103937467,0.15108708962188905) r=0.15108708962204143 outside unit square\n",
  "parent_value": 2.6298370788882153,
  "parent_is_seed": false
}