{
  "step": 12,
  "group": 2,
  "rollout": 20,
  "reward": 2.6298370788882663,
  "raw_score": 2.6298370788882663,
  "valid": true,
  "parsed": true,
  "ran": true,
  "msg": "ok",
  "advantage": 1.1541670310459762,
  "beta": 2.9787388090271416,
  "n_response_tokens": 2091,
  "sandbox_stdout": "Validation failed during optimization: Circles 0 and 10 overlap\nValidation failed during optimization: Circle 9 at (0.09426378996584733,0.5767712335712315) r=0.09426378996897358 outside unit square\nValidation failed during optimization: Circle 13 at (0.8863818459850059,0.11361815397908155) r=0.11361815401474722 outside unit square\nValidation failed during optimization: Circle 7 at (0.26034497052740185,0.9002794710911186) r=0.09972052891083577 outside unit square\nValidation failed during optimization: Circle 7 at (0.3087867225431223,0.14519722443759628) r=0.14519722451450573 outside unit square\nValidation failed during optimization: Circle 10 at (0.8675612631743274,0.13243873683055332) r=0.13243873682967358 outside unit square\nValidation failed during optimization: Circles 12 and 21 overlap\nValidation failed during optimization: Circle 7 at (0.1275072658424773,0.8724927341541256) r=0.12750726584581085 outside unit square\nValidation failed during optimization: Circles 0 and 22 overlap\nValidation failed during optimization: Circle 5 at (0.8611247449431428,0.3582277790277204) r=0.13887525505835946 outside unit square\nValidation failed during optimization: Circle 14 at (0.878591583017999,0.8785915830187339) r=0.12140841698233365 outside unit square\nValidation failed during optimization: Circles 3 and 9 overlap\nValidation failed during optimization: Circle 3 at (0.1364025225601288,0.6400119240350537) r=0.13640252256148372 outside unit square\nValidation failed during optimization: Circle 8 at (0.908136142166817,0.09186385783766762) r=0.09186385783768634 outside unit square\nValidation failed during optimization: Circle 3 at (0.9362861822379419,0.7074799966755697) r=0.06371381776664797 outside unit square\nValidation failed during optimization: Circles 17 and 20 overlap\nValidation failed during optimization: Circles 3 and 9 overlap\nValidation failed during optimization: Circle 5 at (0.23192189615615977,0.23192179396331025) r=0.23192188584520218 outside unit square\nValidation ",
  "parent_value": 2.62983707888825,
  "parent_is_seed": false
}