{
  "step": 12,
  "group": 3,
  "rollout": 9,
  "reward": 2.5696600726214807,
  "raw_score": 2.5696600726214807,
  "valid": true,
  "parsed": true,
  "ran": true,
  "msg": "ok",
  "advantage": 0.7107338284742057,
  "beta": 3.374624206692062,
  "n_response_tokens": 2261,
  "sandbox_stdout": "",
  "parent_value": 2.6298370788882153,
  "parent_is_seed": false
}