{
  "step": 12,
  "group": 2,
  "rollout": 2,
  "reward": 0.0,
  "raw_score": null,
  "valid": false,
  "parsed": true,
  "ran": true,
  "msg": "bad_centers_shape: (0,)",
  "advantage": -0.9992195883894482,
  "beta": 2.9787388090271416,
  "n_response_tokens": 3188,
  "sandbox_stdout": "Validation failed during optimization: Circles 8 and 21 overlap\nValidation failed during optimization: Circle 3 at (0.4262509722989877,0.11909009718295141) r=0.11909009783026898 outside unit square\nValidation failed during optimization: Circle 7 at (0.8665375185601456,0.8665375185718143) r=0.13346248144013886 outside unit square\nValidation failed during optimization: Circle 15 at (0.09557585338776822,0.9044241466087546) r=0.09557585339037186 outside unit square\nValidation failed during optimization: Circles 6 and 14 overlap\nFinal validation failed\n",
  "parent_value": 2.62983707888825,
  "parent_is_seed": false
}