{
  "step": 12,
  "group": 2,
  "rollout": 9,
  "reward": 2.6298370788881797,
  "raw_score": 2.6298370788881797,
  "valid": true,
  "parsed": true,
  "ran": true,
  "msg": "ok",
  "advantage": 1.1541670310453682,
  "beta": 2.9787388090271416,
  "n_response_tokens": 2253,
  "sandbox_stdout": "Validation failed during optimization: Circle 13 at (0.870860925955694,0.8708609259581968) r=0.12913907404430053 outside unit square\nValidation failed during optimization: Circle 14 at (0.9279515577231201,0.9279515576180216) r=0.07204844235442188 outside unit square\nValidation failed during optimization: Circle 9 at (0.9197442073382054,0.9197442073399582) r=0.0802557926613502 outside unit square\nValidation failed during optimization: Circle 4 at (0.8609727925706208,0.860972792567063) r=0.13902720743288768 outside unit square\nValidation failed during optimization: Circle 0 at (0.14040400567480216,0.1404040056784126) r=0.140404005675933 outside unit square\nValidation failed during optimization: Circles 12 and 24 overlap\nValidation failed during optimization: Circles 13 and 14 overlap\nValidation failed during optimization: Circle 19 at (0.869235973826698,0.5139354982441029) r=0.1307640261757969 outside unit square\nValidation failed during optimization: Circles 3 and 10 overlap\n",
  "parent_value": 2.62983707888825,
  "parent_is_seed": false
}