{
  "step": 12,
  "group": 0,
  "rollout": 14,
  "reward": 2.629837078888356,
  "raw_score": 2.629837078888356,
  "valid": true,
  "parsed": true,
  "ran": true,
  "msg": "ok",
  "advantage": 1.0909090910117425,
  "beta": 1292.3972981770833,
  "n_response_tokens": 2212,
  "sandbox_stdout": "",
  "parent_value": 2.6298370788882974,
  "parent_is_seed": false
}