{
  "step": 14,
  "group": 1,
  "rollout": 15,
  "reward": 2.2000000000014843,
  "raw_score": 2.2000000000014843,
  "valid": true,
  "parsed": true,
  "ran": true,
  "msg": "ok",
  "advantage": 1.351618905964211,
  "algo": "reinforce",
  "n_response_tokens": 1815,
  "sandbox_stdout": "",
  "parent_value": 2.2000000000014843,
  "parent_is_seed": false
}