{
  "step": 14,
  "group": 0,
  "rollout": 12,
  "reward": 2.079999999999999,
  "raw_score": 2.079999999999999,
  "valid": true,
  "parsed": true,
  "ran": true,
  "msg": "ok",
  "advantage": 0.5477705095119755,
  "algo": "reinforce",
  "n_response_tokens": 1723,
  "sandbox_stdout": "",
  "parent_value": 2.4999999999999996,
  "parent_is_seed": false
}