{
  "step": 14,
  "group": 2,
  "rollout": 14,
  "reward": 1.950000000000872,
  "raw_score": 1.950000000000872,
  "valid": true,
  "parsed": true,
  "ran": true,
  "msg": "ok",
  "advantage": 0.5150137649238009,
  "algo": "reinforce",
  "n_response_tokens": 1630,
  "sandbox_stdout": "",
  "parent_value": 2.2000000000014843,
  "parent_is_seed": false
}