{
  "step": 6,
  "group": 0,
  "rollout": 2,
  "reward": 1.733333333337022,
  "raw_score": 1.733333333337022,
  "valid": true,
  "parsed": true,
  "ran": true,
  "msg": "ok",
  "advantage": -0.4863430819562796,
  "beta": 4.414906614196602,
  "n_response_tokens": 1919,
  "sandbox_stdout": "",
  "parent_value": 2.080000000000002,
  "parent_is_seed": false
}