{
  "step": 6,
  "group": 3,
  "rollout": 7,
  "reward": 1.2245743222832266,
  "raw_score": 1.2245743222832266,
  "valid": true,
  "parsed": true,
  "ran": true,
  "msg": "ok",
  "advantage": -0.49378801606107403,
  "beta": 3.6853291501179384,
  "n_response_tokens": 1596,
  "sandbox_stdout": "",
  "parent_value": 1.6857823584455964,
  "parent_is_seed": false
}