{
  "step": 6,
  "group": 3,
  "rollout": 3,
  "reward": 1.6857823584455964,
  "raw_score": 1.6857823584455964,
  "valid": true,
  "parsed": true,
  "ran": true,
  "msg": "ok",
  "advantage": 3.094354646440208,
  "beta": 3.6853291501179384,
  "n_response_tokens": 2138,
  "sandbox_stdout": "",
  "parent_value": 1.6857823584455964,
  "parent_is_seed": false
}