{
  "step": 6,
  "group": 2,
  "rollout": 2,
  "reward": 0.0,
  "raw_score": null,
  "valid": false,
  "parsed": true,
  "ran": false,
  "msg": "run_failed: Circle 0 at (0.07129826421840899,0.26287333103838495) r=0.07129826421940905 outside unit square",
  "advantage": -1.3844027496601186e-06,
  "beta": 1048576.0,
  "n_response_tokens": 1843,
  "sandbox_stdout": "",
  "parent_value": 1.8842068661134561,
  "parent_is_seed": false
}