{
  "step": 36,
  "group": 5,
  "rollout": 39,
  "reward": 2.6359829364320713,
  "raw_score": 2.6359829364320713,
  "valid": true,
  "parsed": true,
  "ran": true,
  "msg": "ok",
  "advantage": 0.12499999999873457,
  "beta": 1048576.0,
  "n_response_tokens": 1964,
  "sandbox_stdout": "Invalid packing: Circle 0 at (1.0,1.0) r=1.0 outside unit square\nInvalid packing: Circle 5 at (0.5043126947416121,0.9080868970386218) r=0.0919165950197362 outside unit square\n",
  "parent_value": 2.6359829364320713,
  "parent_is_seed": false
}