{
  "step": 36,
  "group": 6,
  "rollout": 16,
  "reward": 2.6359829364320713,
  "raw_score": 2.6359829364320713,
  "valid": true,
  "parsed": true,
  "ran": true,
  "msg": "ok",
  "advantage": 0.05064487859434408,
  "beta": 1048576.0,
  "n_response_tokens": 2438,
  "sandbox_stdout": "Invalid packing: Circles 2 and 8 overlap\nInvalid packing: Circle 0 at (0.0,0.0) r=0.15142999457177134 outside unit square\n",
  "parent_value": 2.6359829364320713,
  "parent_is_seed": false
}