{
  "step": 36,
  "group": 5,
  "rollout": 17,
  "reward": 2.4544404271277314,
  "raw_score": 2.4544404271277314,
  "valid": true,
  "parsed": true,
  "ran": true,
  "msg": "ok",
  "advantage": -1.0,
  "beta": 1048576.0,
  "n_response_tokens": 1840,
  "sandbox_stdout": "Invalid packing: Circle 0 at (1.0,1.0) r=1.0 outside unit square\nInvalid packing: Circle 20 at (0.08265365944953518,0.7644596404839965) r=0.08265367807198701 outside unit square\nInvalid packing: Circles 1 and 8 overlap\n",
  "parent_value": 2.6359829364320713,
  "parent_is_seed": false
}