{
  "step": 6,
  "group": 2,
  "rollout": 18,
  "reward": 1.9499999999999997,
  "raw_score": 1.9499999999999997,
  "valid": true,
  "parsed": true,
  "ran": true,
  "msg": "ok",
  "advantage": 2.1236115208214685,
  "beta": 1.2349591375479716,
  "n_response_tokens": 1509,
  "sandbox_stdout": "",
  "parent_value": 2.166666666666667,
  "parent_is_seed": false
}