{
  "step": 6,
  "group": 1,
  "rollout": 9,
  "reward": 0.0,
  "raw_score": null,
  "valid": false,
  "parsed": true,
  "ran": false,
  "msg": "run_failed: Packing is invalid: Circle 0 at (0.09725803269500558,0.05906568191191491) r=0.08333333333333333 outside unit square",
  "advantage": -0.8435732852826017,
  "beta": 1.3386643311887745,
  "n_response_tokens": 1810,
  "sandbox_stdout": "",
  "parent_value": 2.166666666666667,
  "parent_is_seed": false
}