{
  "step": 6,
  "group": 1,
  "rollout": 11,
  "reward": 2.166666666666667,
  "raw_score": 2.166666666666667,
  "valid": true,
  "parsed": true,
  "ran": true,
  "msg": "ok",
  "advantage": 2.22051577140455,
  "beta": 1.3386643311887745,
  "n_response_tokens": 1712,
  "sandbox_stdout": "",
  "parent_value": 2.166666666666667,
  "parent_is_seed": false
}