{
  "step": 6,
  "group": 0,
  "rollout": 54,
  "reward": 2.626442870947991,
  "raw_score": 2.626442870947991,
  "valid": true,
  "parsed": true,
  "ran": true,
  "msg": "ok",
  "advantage": 1.9509736953349925,
  "beta": 23.559915629144434,
  "n_response_tokens": 2405,
  "sandbox_stdout": "",
  "parent_value": 2.6282124181653637,
  "parent_is_seed": false
}