{
  "step": 6,
  "group": 0,
  "rollout": 19,
  "reward": 2.6267180124356546,
  "raw_score": 2.6267180124356546,
  "valid": true,
  "parsed": true,
  "ran": true,
  "msg": "ok",
  "advantage": 1.9710700138358397,
  "beta": 23.559915629144434,
  "n_response_tokens": 2256,
  "sandbox_stdout": "",
  "parent_value": 2.6282124181653637,
  "parent_is_seed": false
}