{
  "step": 9,
  "group": 2,
  "rollout": 12,
  "reward": 0.5653627796492458,
  "raw_score": 0.5653627796492458,
  "valid": true,
  "parsed": true,
  "ran": true,
  "msg": "ok",
  "advantage": -0.021081012659934555,
  "algo": "reinforce",
  "n_response_tokens": 1676,
  "sandbox_stdout": "",
  "parent_value": 2.166666588780433,
  "parent_is_seed": false
}