{
  "step": 9,
  "group": 1,
  "rollout": 17,
  "reward": 1.594816128940756,
  "raw_score": 1.594816128940756,
  "valid": true,
  "parsed": true,
  "ran": true,
  "msg": "ok",
  "advantage": 1.1188181950284455,
  "algo": "reinforce",
  "n_response_tokens": 1769,
  "sandbox_stdout": "",
  "parent_value": 2.1666666004056916,
  "parent_is_seed": false
}