{
  "step": 9,
  "group": 2,
  "rollout": 18,
  "reward": 0.5408159622516953,
  "raw_score": 0.5408159622516953,
  "valid": true,
  "parsed": true,
  "ran": true,
  "msg": "ok",
  "advantage": -0.050486334375750896,
  "algo": "reinforce",
  "n_response_tokens": 1609,
  "sandbox_stdout": "",
  "parent_value": 2.166666588780433,
  "parent_is_seed": false
}