{
  "step": 9,
  "group": 3,
  "rollout": 12,
  "reward": 0.5371778161444893,
  "raw_score": 0.5371778161444893,
  "valid": true,
  "parsed": true,
  "ran": true,
  "msg": "ok",
  "advantage": -0.3270835820740753,
  "algo": "reinforce",
  "n_response_tokens": 1795,
  "sandbox_stdout": "",
  "parent_value": 2.1666665061254524,
  "parent_is_seed": false
}