{
  "step": 9,
  "group": 1,
  "rollout": 20,
  "reward": 1.8571460549850443,
  "raw_score": 1.8571460549850443,
  "valid": true,
  "parsed": true,
  "ran": true,
  "msg": "ok",
  "advantage": 1.4174736947563324,
  "algo": "reinforce",
  "n_response_tokens": 1706,
  "sandbox_stdout": "",
  "parent_value": 2.1666666004056916,
  "parent_is_seed": false
}