{
  "step": 9,
  "group": 2,
  "rollout": 17,
  "reward": 2.1500181938147844,
  "raw_score": 2.1500181938147844,
  "valid": true,
  "parsed": true,
  "ran": true,
  "msg": "ok",
  "advantage": 1.8772221973887036,
  "algo": "reinforce",
  "n_response_tokens": 1854,
  "sandbox_stdout": "",
  "parent_value": 2.166666588780433,
  "parent_is_seed": false
}