{
  "step": 17,
  "group": 2,
  "rollout": 15,
  "reward": 2.4707136070508424,
  "raw_score": 2.4707136070508424,
  "valid": true,
  "parsed": true,
  "ran": true,
  "msg": "ok",
  "advantage": 1.625583563034822,
  "beta": 1.3504263334472832,
  "n_response_tokens": 3278,
  "sandbox_stdout": "Validation Failed: Circle 5 at (1.1,0.1) r=0.0 outside unit square\nValidation Failed: Circle 5 at (1.1,0.1) r=0.0 outside unit square\n",
  "parent_value": 2.4754257582524017,
  "parent_is_seed": false
}