{
  "step": 17,
  "group": 0,
  "rollout": 13,
  "reward": 2.480272288197457,
  "raw_score": 2.480272288197457,
  "valid": true,
  "parsed": true,
  "ran": true,
  "msg": "ok",
  "advantage": 3.579750809481131,
  "beta": 166.4082705962354,
  "n_response_tokens": 2655,
  "sandbox_stdout": "Validation Failed: Circle 5 at (1.1,0.1) r=0.0 outside unit square\nValidation Failed: Circle 2 at (0.5288835898826846,-0.00306234379274839) r=0.0 outside unit square\nValidation Failed: Circle 3 at (0.5822014564055102,-0.01540038483745737) r=0.0 outside unit square\nValidation Failed: Circle 9 at (1.007394716694415,0.2998173904093261) r=0.0 outside unit square\nValidation Failed: Circle 21 at (0.38597061561296653,1.0469850514933594) r=0.0 outside unit square\nValidation Failed: Circle 24 at (0.8819263077958249,1.0479691050885285) r=0.0 outside unit square\nValidation Failed: Circle 2 at (0.5502512551657601,-0.02992405282345184) r=0.0 outside unit square\nValidation Failed: Circle 4 at (1.1096179518990348,0.16361501961274133) r=0.0 outside unit square\nValidation Failed: Circle 14 at (1.0420296437657193,0.5664345345859212) r=0.0 outside unit square\nValidation Failed: Circle 19 at (1.021860348753075,0.6526896692012634) r=0.0 outside unit square\nValidation Failed: Circle 24 at (1.0188544724541444,0.7607778831694204) r=0.0 outside unit square\nValidation Failed: Circle 0 at (0.0007591038533291128,-0.004578871676780366) r=0.0 outside unit square\nValidation Failed: Circle 4 at (1.0685536256354546,0.21505275949062702) r=0.0 outside unit square\nValidation Failed: Circle 10 at (-0.023309536824003274,0.4826641748022341) r=0.0 outside unit square\nValidation Failed: Circle 2 at (0.5145838356384206,-0.003991245370130708) r=0.0 outside unit square\nValidation Failed: Circle 3 at (0.5959336383861,-0.00826899322708985) r=0.0 outside unit square\nValidation Failed: Circle 5 at (-0.04444060967054125,0.3343985675845443) r=0.0 outside unit square\nValidation Failed: Circle 14 at (1.001573684604986,0.3638007409884) r=0.0 outside unit square\nValidation Failed: Circle 22 at (0.5659316094991989,1.02331822255724) r=0.0 outside unit square\nValidation Failed: Circle 24 at (1.0270431998642457,1.0081066978419797) r=0.0 outside unit square\nValidation Failed: Circle 25 at (1.0371018982387263,0.1984438317312",
  "parent_value": 2.4785042333330085,
  "parent_is_seed": false
}