{
  "step": 17,
  "group": 0,
  "rollout": 21,
  "reward": 2.1045517681059067,
  "raw_score": 2.1045517681059067,
  "valid": true,
  "parsed": true,
  "ran": true,
  "msg": "ok",
  "advantage": -1.0,
  "beta": 166.4082705962354,
  "n_response_tokens": 2615,
  "sandbox_stdout": "Validation Failed: Circle 4 at (0.6223571543952295,-0.006114278860178846) r=0.0 outside unit square\nValidation Failed: Circle 18 at (-0.010927002559424456,0.4993365430365847) r=0.0 outside unit square\nValidation Failed: Circle 24 at (-0.019324342958248863,0.6724619194253756) r=0.0 outside unit square\nValidation Failed: Circle 2 at (0.4293379348702239,-0.0015988254563606835) r=0.0 outside unit square\nValidation Failed: Circle 5 at (0.8323707201910733,-0.012009682617822162) r=0.0 outside unit square\nValidation Failed: Circle 6 at (-0.017733899355425076,0.21222959779842004) r=0.0 outside unit square\nValidation Failed: Circle 0 at (0.14883407339603355,-0.01972266100824417) r=0.0 outside unit square\nValidation Failed: Circle 4 at (0.5909563514549475,-0.017085182938914048) r=0.0 outside unit square\nValidation Failed: Circle 2 at (0.3490134880646247,-0.020359167692484414) r=0.0 outside unit square\nValidation Failed: Circle 2 at (0.3773465968712851,-0.002973949310110094) r=0.0 outside unit square\nValidation Failed: Circle 4 at (0.761367218087249,-0.010793119416613303) r=0.0 outside unit square\nValidation Failed: Circle 1 at (0.30091404738060457,-0.010068992735516105) r=0.0 outside unit square\nValidation Failed: Circle 6 at (-0.021305289760065058,0.12885044735503515) r=0.0 outside unit square\nValidation Failed: Circle 11 at (1.006422495411283,0.14836863593106547) r=0.0 outside unit square\nValidation Failed: Circle 6 at (-0.021572491993145107,0.30724903875997456) r=0.0 outside unit square\n",
  "parent_value": 2.4785042333330085,
  "parent_is_seed": false
}