{
  "step": 17,
  "group": 1,
  "rollout": 4,
  "reward": 2.3999999999999995,
  "raw_score": 2.3999999999999995,
  "valid": true,
  "parsed": true,
  "ran": true,
  "msg": "ok",
  "advantage": -0.9893634675171793,
  "beta": 65.40548842319546,
  "n_response_tokens": 3560,
  "sandbox_stdout": "Validation Failed: Circle 5 at (1.1,0.1) r=0.0 outside unit square\n",
  "parent_value": 2.476704990745247,
  "parent_is_seed": false
}