{
  "step": 17,
  "group": 3,
  "rollout": 23,
  "reward": 0.9543965590200381,
  "raw_score": 0.9543965590200381,
  "valid": true,
  "parsed": true,
  "ran": true,
  "msg": "ok",
  "advantage": -0.999999999909021,
  "beta": 15.66724665480217,
  "n_response_tokens": 2630,
  "sandbox_stdout": "",
  "parent_value": 2.4736110158977658,
  "parent_is_seed": false
}