{
  "step": 17,
  "group": 0,
  "rollout": 10,
  "reward": 2.4742345599982554,
  "raw_score": 2.4742345599982554,
  "valid": true,
  "parsed": true,
  "ran": true,
  "msg": "ok",
  "advantage": 0.4889272743164701,
  "beta": 166.4082705962354,
  "n_response_tokens": 2727,
  "sandbox_stdout": "Validation Failed: Circle 5 at (1.1,0.1) r=0.0 outside unit square\nValidation Failed: Circle 25 at (1.003140736938969,0.11794690325839402) r=0.0 outside unit square\nValidation Failed: Circle 4 at (0.7664131950271685,-0.009376318752218463) r=0.0 outside unit square\n",
  "parent_value": 2.4785042333330085,
  "parent_is_seed": false
}