{
  "step": 17,
  "group": 2,
  "rollout": 8,
  "reward": 2.4707136070508424,
  "raw_score": 2.4707136070508424,
  "valid": true,
  "parsed": true,
  "ran": true,
  "msg": "ok",
  "advantage": 1.625583563034822,
  "beta": 1.3504263334472832,
  "n_response_tokens": 3337,
  "sandbox_stdout": "Validation Failed: Circle 25 at (0.03183281831281555,-0.022535132641282186) r=0.0 outside unit square\n",
  "parent_value": 2.4754257582524017,
  "parent_is_seed": false
}