{
  "step": 17,
  "group": 3,
  "rollout": 15,
  "reward": 1.3264915290126162,
  "raw_score": 1.3264915290126162,
  "valid": true,
  "parsed": true,
  "ran": true,
  "msg": "ok",
  "advantage": -0.9999999690436994,
  "beta": 15.66724665480217,
  "n_response_tokens": 3463,
  "sandbox_stdout": "Validation Failed: Circle 4 at (1.125,0.125) r=0.0 outside unit square\nValidation Failed: Circle 4 at (1.125,0.125) r=0.0 outside unit square\n",
  "parent_value": 2.4736110158977658,
  "parent_is_seed": false
}