{
  "step": 17,
  "group": 3,
  "rollout": 16,
  "reward": 2.4707136070508424,
  "raw_score": 2.4707136070508424,
  "valid": true,
  "parsed": true,
  "ran": true,
  "msg": "ok",
  "advantage": 1.0581895272978845,
  "beta": 15.66724665480217,
  "n_response_tokens": 3711,
  "sandbox_stdout": "Validation Failed: Circle 5 at (1.1,0.1) r=0.0 outside unit square\nValidation Failed: Circle 25 at (-0.011745276258962156,0.047519937043568605) r=0.0 outside unit square\n",
  "parent_value": 2.4736110158977658,
  "parent_is_seed": false
}