{
  "step": 17,
  "group": 1,
  "rollout": 13,
  "reward": 2.470996010754709,
  "raw_score": 2.470996010754709,
  "valid": true,
  "parsed": true,
  "ran": true,
  "msg": "ok",
  "advantage": 0.16047509666873894,
  "beta": 65.40548842319546,
  "n_response_tokens": 2876,
  "sandbox_stdout": "Validation Failed: Circle 5 at (1.1,0.1) r=0.0 outside unit square\nValidation Failed: Circle 4 at (0.9598028835910924,-0.009859182251679095) r=0.0 outside unit square\n",
  "parent_value": 2.476704990745247,
  "parent_is_seed": false
}