{
  "step": 17,
  "group": 0,
  "rollout": 8,
  "reward": 2.4769929293048825,
  "raw_score": 2.4769929293048825,
  "valid": true,
  "parsed": true,
  "ran": true,
  "msg": "ok",
  "advantage": 1.4485853919494218,
  "beta": 166.4082705962354,
  "n_response_tokens": 2855,
  "sandbox_stdout": "Validation Failed: Circle 4 at (0.9701596046606827,-0.03985078995271258) r=0.0 outside unit square\nValidation Failed: Circle 25 at (1.0203699660559273,0.1880664829200508) r=0.0 outside unit square\nValidation Failed: Circle 4 at (1.0089958056308974,0.09025970724266649) r=0.0 outside unit square\nValidation Failed: Circle 25 at (1.0027730763958353,0.11438805815096653) r=0.0 outside unit square\nValidation Failed: Circle 4 at (0.9392016959540075,-0.033268325355833524) r=0.0 outside unit square\nValidation Failed: Circle 4 at (0.7953636268117569,-0.03830238748163695) r=0.0 outside unit square\nValidation Failed: Circle 4 at (0.8083642753004571,-0.03921884241214193) r=0.0 outside unit square\n",
  "parent_value": 2.4785042333330085,
  "parent_is_seed": false
}