{
  "step": 17,
  "group": 1,
  "rollout": 14,
  "reward": 2.4944863515827316,
  "raw_score": 2.4944863515827316,
  "valid": true,
  "parsed": true,
  "ran": true,
  "msg": "ok",
  "advantage": 5.610316170443534,
  "beta": 65.40548842319546,
  "n_response_tokens": 2945,
  "sandbox_stdout": "Validation Failed: Circle 5 at (1.1,0.1) r=0.0 outside unit square\n",
  "parent_value": 2.476704990745247,
  "parent_is_seed": false
}