{
  "step": 6,
  "group": 1,
  "rollout": 25,
  "reward": 2.6127985485550305,
  "raw_score": 2.6127985485550305,
  "valid": true,
  "parsed": true,
  "ran": true,
  "msg": "ok",
  "advantage": 1.8876961088449704,
  "beta": 1.0921806230359599,
  "n_response_tokens": 1709,
  "sandbox_stdout": "",
  "parent_value": 2.6279782187564935,
  "parent_is_seed": false
}