{
  "step": 6,
  "group": 0,
  "rollout": 52,
  "reward": 2.6215922014759165,
  "raw_score": 2.6215922014759165,
  "valid": true,
  "parsed": true,
  "ran": true,
  "msg": "ok",
  "advantage": 1.6190406403168938,
  "beta": 23.559915629144434,
  "n_response_tokens": 2337,
  "sandbox_stdout": "",
  "parent_value": 2.6282124181653637,
  "parent_is_seed": false
}