{
  "step": 6,
  "group": 1,
  "rollout": 26,
  "reward": 2.5660879648485007,
  "raw_score": 2.5660879648485007,
  "valid": true,
  "parsed": true,
  "ran": true,
  "msg": "ok",
  "advantage": 1.7378294288080816,
  "beta": 1.0921806230359599,
  "n_response_tokens": 1869,
  "sandbox_stdout": "",
  "parent_value": 2.6279782187564935,
  "parent_is_seed": false
}