{
  "step": 6,
  "group": 7,
  "rollout": 7,
  "reward": 0.0,
  "raw_score": null,
  "valid": false,
  "parsed": true,
  "ran": false,
  "msg": "run_failed: Circle 2 at (0.42656209957431823,0.1163862836354226) r=0.11638628363642589 outside unit square",
  "advantage": -0.8403025534953141,
  "beta": 1.08171987904188,
  "n_response_tokens": 1930,
  "sandbox_stdout": "",
  "parent_value": 2.6212689832496325,
  "parent_is_seed": false
}