{
  "step": 6,
  "group": 7,
  "rollout": 33,
  "reward": 2.605285626851095,
  "raw_score": 2.605285626851095,
  "valid": true,
  "parsed": true,
  "ran": true,
  "msg": "ok",
  "advantage": 1.7855602089107485,
  "beta": 1.08171987904188,
  "n_response_tokens": 1851,
  "sandbox_stdout": "",
  "parent_value": 2.6212689832496325,
  "parent_is_seed": false
}