{
  "step": 6,
  "group": 5,
  "rollout": 50,
  "reward": 2.6221605527289036,
  "raw_score": 2.6221605527289036,
  "valid": true,
  "parsed": true,
  "ran": true,
  "msg": "ok",
  "advantage": 1.4115023212652775,
  "beta": 1.2939724057409627,
  "n_response_tokens": 2047,
  "sandbox_stdout": "",
  "parent_value": 2.6221605527288654,
  "parent_is_seed": false
}