{
  "step": 6,
  "group": 1,
  "rollout": 30,
  "reward": 2.5878271121230276,
  "raw_score": 2.5878271121230276,
  "valid": true,
  "parsed": true,
  "ran": true,
  "msg": "ok",
  "advantage": 1.806542257280758,
  "beta": 1.0921806230359599,
  "n_response_tokens": 1627,
  "sandbox_stdout": "",
  "parent_value": 2.6279782187564935,
  "parent_is_seed": false
}