{
  "step": 6,
  "group": 6,
  "rollout": 42,
  "reward": 2.563804156803775,
  "raw_score": 2.563804156803775,
  "valid": true,
  "parsed": true,
  "ran": true,
  "msg": "ok",
  "advantage": -0.9999995516132277,
  "beta": 262.52725622807554,
  "n_response_tokens": 1958,
  "sandbox_stdout": "",
  "parent_value": 2.6221605527288654,
  "parent_is_seed": false
}