{
  "step": 6,
  "group": 0,
  "rollout": 10,
  "reward": 2.614387511826321,
  "raw_score": 2.614387511826321,
  "valid": true,
  "parsed": true,
  "ran": true,
  "msg": "ok",
  "advantage": 1.19591111992135,
  "beta": 23.559915629144434,
  "n_response_tokens": 2390,
  "sandbox_stdout": "",
  "parent_value": 2.6282124181653637,
  "parent_is_seed": false
}