{
  "step": 6,
  "group": 1,
  "rollout": 28,
  "reward": 2.5930656153306257,
  "raw_score": 2.5930656153306257,
  "valid": true,
  "parsed": true,
  "ran": true,
  "msg": "ok",
  "advantage": 1.823367285054735,
  "beta": 1.0921806230359599,
  "n_response_tokens": 1589,
  "sandbox_stdout": "",
  "parent_value": 2.6279782187564935,
  "parent_is_seed": false
}