{
  "step": 6,
  "group": 3,
  "rollout": 44,
  "reward": 2.6005427998317123,
  "raw_score": 2.6005427998317123,
  "valid": true,
  "parsed": true,
  "ran": true,
  "msg": "ok",
  "advantage": 1.658777590966547,
  "beta": 1.1100917756196103,
  "n_response_tokens": 2053,
  "sandbox_stdout": "",
  "parent_value": 2.6235348955258178,
  "parent_is_seed": false
}