{
  "step": 6,
  "group": 5,
  "rollout": 54,
  "reward": 2.5918895290470685,
  "raw_score": 2.5918895290470685,
  "valid": true,
  "parsed": true,
  "ran": true,
  "msg": "ok",
  "advantage": 1.3154655791576237,
  "beta": 1.2939724057409627,
  "n_response_tokens": 2010,
  "sandbox_stdout": "",
  "parent_value": 2.6221605527288654,
  "parent_is_seed": false
}