{
  "step": 6,
  "group": 0,
  "rollout": 36,
  "reward": 0.0,
  "raw_score": null,
  "valid": false,
  "parsed": true,
  "ran": true,
  "msg": "Circle 0 at (0.10468713569634051,0.10468713569634071) r=0.10468713569734413 outside unit square",
  "advantage": -1.0,
  "beta": 23.559915629144434,
  "n_response_tokens": 1699,
  "sandbox_stdout": "",
  "parent_value": 2.6282124181653637,
  "parent_is_seed": false
}