{
  "step": 6,
  "group": 2,
  "rollout": 28,
  "reward": 2.5270506520914924,
  "raw_score": 2.5270506520914924,
  "valid": true,
  "parsed": true,
  "ran": true,
  "msg": "ok",
  "advantage": 1.2274148346197267,
  "beta": 1.23919257180141,
  "n_response_tokens": 1891,
  "sandbox_stdout": "",
  "parent_value": 2.6235348955258178,
  "parent_is_seed": false
}