{
  "step": 6,
  "group": 4,
  "rollout": 46,
  "reward": 2.5838961847849427,
  "raw_score": 2.5838961847849427,
  "valid": true,
  "parsed": true,
  "ran": true,
  "msg": "ok",
  "advantage": 1.4510950517847943,
  "beta": 13.451486147091286,
  "n_response_tokens": 2323,
  "sandbox_stdout": "",
  "parent_value": 2.622673829275909,
  "parent_is_seed": false
}