{
  "step": 6,
  "group": 7,
  "rollout": 16,
  "reward": 2.599758563510293,
  "raw_score": 2.599758563510293,
  "valid": true,
  "parsed": true,
  "ran": true,
  "msg": "ok",
  "advantage": 1.7682261701628583,
  "beta": 1.08171987904188,
  "n_response_tokens": 1782,
  "sandbox_stdout": "",
  "parent_value": 2.6212689832496325,
  "parent_is_seed": false
}