{
  "step": 6,
  "group": 4,
  "rollout": 40,
  "reward": 2.519308964472122,
  "raw_score": 2.519308964472122,
  "valid": true,
  "parsed": true,
  "ran": true,
  "msg": "ok",
  "advantage": 0.005419963814186968,
  "beta": 13.451486147091286,
  "n_response_tokens": 2971,
  "sandbox_stdout": "",
  "parent_value": 2.622673829275909,
  "parent_is_seed": false
}