{
  "step": 6,
  "group": 6,
  "rollout": 27,
  "reward": 2.6071832889553144,
  "raw_score": 2.6071832889553144,
  "valid": true,
  "parsed": true,
  "ran": true,
  "msg": "ok",
  "advantage": -0.9603940786937062,
  "beta": 262.52725622807554,
  "n_response_tokens": 1936,
  "sandbox_stdout": "",
  "parent_value": 2.6221605527288654,
  "parent_is_seed": false
}