{
  "step": 6,
  "group": 4,
  "rollout": 28,
  "reward": 2.554830688764676,
  "raw_score": 2.554830688764676,
  "valid": true,
  "parsed": true,
  "ran": true,
  "msg": "ok",
  "advantage": 0.6373010819533593,
  "beta": 13.451486147091286,
  "n_response_tokens": 2111,
  "sandbox_stdout": "",
  "parent_value": 2.622673829275909,
  "parent_is_seed": false
}