{
  "step": 6,
  "group": 1,
  "rollout": 24,
  "reward": 2.5641938818085563,
  "raw_score": 2.5641938818085563,
  "valid": true,
  "parsed": true,
  "ran": true,
  "msg": "ok",
  "advantage": 1.7319262417005987,
  "beta": 1.0921806230359599,
  "n_response_tokens": 1642,
  "sandbox_stdout": "",
  "parent_value": 2.6279782187564935,
  "parent_is_seed": false
}