{
  "step": 6,
  "group": 1,
  "rollout": 29,
  "reward": 2.5865584752599426,
  "raw_score": 2.5865584752599426,
  "valid": true,
  "parsed": true,
  "ran": true,
  "msg": "ok",
  "advantage": 1.8024833953895807,
  "beta": 1.0921806230359599,
  "n_response_tokens": 1743,
  "sandbox_stdout": "",
  "parent_value": 2.6279782187564935,
  "parent_is_seed": false
}