{
  "step": 6,
  "group": 6,
  "rollout": 28,
  "reward": 2.62216055272863,
  "raw_score": 2.62216055272863,
  "valid": true,
  "parsed": true,
  "ran": true,
  "msg": "ok",
  "advantage": 1.0857009883284774,
  "beta": 262.52725622807554,
  "n_response_tokens": 2041,
  "sandbox_stdout": "",
  "parent_value": 2.6221605527288654,
  "parent_is_seed": false
}