{
  "step": 6,
  "group": 0,
  "rollout": 59,
  "reward": 0.0,
  "raw_score": null,
  "valid": false,
  "parsed": true,
  "ran": false,
  "msg": "run_failed: Validation failed: Circle 3 at (0.9372096495729522,0.40171746037679856) r=0.06279035042805277 outside unit square",
  "advantage": -1.0,
  "beta": 23.559915629144434,
  "n_response_tokens": 1812,
  "sandbox_stdout": "",
  "parent_value": 2.6282124181653637,
  "parent_is_seed": false
}