{
  "step": 6,
  "group": 6,
  "rollout": 38,
  "reward": 2.6216619754209947,
  "raw_score": 2.6216619754209947,
  "valid": true,
  "parsed": true,
  "ran": true,
  "msg": "ok",
  "advantage": 0.8224129426701943,
  "beta": 262.52725622807554,
  "n_response_tokens": 1653,
  "sandbox_stdout": "",
  "parent_value": 2.6221605527288654,
  "parent_is_seed": false
}