{
  "step": 6,
  "group": 5,
  "rollout": 27,
  "reward": 2.6221605527288414,
  "raw_score": 2.6221605527288414,
  "valid": true,
  "parsed": true,
  "ran": true,
  "msg": "ok",
  "advantage": 1.411502321265076,
  "beta": 1.2939724057409627,
  "n_response_tokens": 2021,
  "sandbox_stdout": "",
  "parent_value": 2.6221605527288654,
  "parent_is_seed": false
}