{
  "step": 6,
  "group": 6,
  "rollout": 53,
  "reward": 2.545423584533296,
  "raw_score": 2.545423584533296,
  "valid": true,
  "parsed": true,
  "ran": true,
  "msg": "ok",
  "advantage": -0.9999999964024431,
  "beta": 262.52725622807554,
  "n_response_tokens": 1779,
  "sandbox_stdout": "",
  "parent_value": 2.6221605527288654,
  "parent_is_seed": false
}