{
  "step": 6,
  "group": 7,
  "rollout": 40,
  "reward": 0.0,
  "raw_score": null,
  "valid": false,
  "parsed": true,
  "ran": false,
  "msg": "run_failed: Circle 22 at (0.3629140671595562,0.8625306570677639) r=0.13746934293326013 outside unit square",
  "advantage": -0.8403025534953141,
  "beta": 1.08171987904188,
  "n_response_tokens": 2081,
  "sandbox_stdout": "",
  "parent_value": 2.6212689832496325,
  "parent_is_seed": false
}