{
  "step": 6,
  "group": 1,
  "rollout": 16,
  "reward": 2.6167355969115524,
  "raw_score": 2.6167355969115524,
  "valid": true,
  "parsed": true,
  "ran": true,
  "msg": "ok",
  "advantage": 1.9007127918074849,
  "beta": 1.0921806230359599,
  "n_response_tokens": 1605,
  "sandbox_stdout": "",
  "parent_value": 2.6279782187564935,
  "parent_is_seed": false
}