{
  "step": 6,
  "group": 3,
  "rollout": 7,
  "reward": 2.586952137294854,
  "raw_score": 2.586952137294854,
  "valid": true,
  "parsed": true,
  "ran": true,
  "msg": "ok",
  "advantage": 1.617312038701936,
  "beta": 1.1100917756196103,
  "n_response_tokens": 1643,
  "sandbox_stdout": "",
  "parent_value": 2.6235348955258178,
  "parent_is_seed": false
}