{
  "step": 6,
  "group": 6,
  "rollout": 22,
  "reward": 2.615741252802038,
  "raw_score": 2.615741252802038,
  "valid": true,
  "parsed": true,
  "ran": true,
  "msg": "ok",
  "advantage": -0.623466179371194,
  "beta": 262.52725622807554,
  "n_response_tokens": 2730,
  "sandbox_stdout": "",
  "parent_value": 2.6221605527288654,
  "parent_is_seed": false
}