{
  "step": 6,
  "group": 2,
  "rollout": 44,
  "reward": 2.6235348955258178,
  "raw_score": 2.6235348955258178,
  "valid": true,
  "parsed": true,
  "ran": true,
  "msg": "ok",
  "advantage": 1.5216277698006127,
  "beta": 1.23919257180141,
  "n_response_tokens": 2427,
  "sandbox_stdout": "",
  "parent_value": 2.6235348955258178,
  "parent_is_seed": false
}