{
  "step": 6,
  "group": 5,
  "rollout": 7,
  "reward": 2.617440874279282,
  "raw_score": 2.617440874279282,
  "valid": true,
  "parsed": true,
  "ran": true,
  "msg": "ok",
  "advantage": 1.3962613722683042,
  "beta": 1.2939724057409627,
  "n_response_tokens": 2223,
  "sandbox_stdout": "",
  "parent_value": 2.6221605527288654,
  "parent_is_seed": false
}