{
  "step": 6,
  "group": 0,
  "rollout": 2,
  "reward": 2.613775782424838,
  "raw_score": 2.613775782424838,
  "valid": true,
  "parsed": true,
  "ran": true,
  "msg": "ok",
  "advantage": 1.1634109768971679,
  "beta": 23.559915629144434,
  "n_response_tokens": 2348,
  "sandbox_stdout": "",
  "parent_value": 2.6282124181653637,
  "parent_is_seed": false
}