{
  "step": 20,
  "group": 6,
  "rollout": 54,
  "reward": 2.5841639310278333,
  "raw_score": 2.5841639310278333,
  "valid": true,
  "parsed": true,
  "ran": true,
  "msg": "ok",
  "advantage": -1.0,
  "beta": 1048576.0,
  "n_response_tokens": 2232,
  "sandbox_stdout": "Invalid packing: Circle 0 at (0.9585371802898899,0.9585371802898899) r=0.9585371802898899 outside unit square\nInvalid packing: Circle 1 at (0.0,0.0) r=1.0 outside unit square\n",
  "parent_value": 2.6352392987057374,
  "parent_is_seed": false
}