{
  "step": 20,
  "group": 7,
  "rollout": 16,
  "reward": 2.6352392987057374,
  "raw_score": 2.6352392987057374,
  "valid": true,
  "parsed": true,
  "ran": true,
  "msg": "ok",
  "advantage": 0.18867924528160596,
  "beta": 1048576.0,
  "n_response_tokens": 2135,
  "sandbox_stdout": "Invalid packing: Circle 0 at (1.0,1.0) r=1.0 outside unit square\nInvalid packing: Circle 3 at (0.8760941758268093,0.21430513260924497) r=0.12390583100605354 outside unit square\n",
  "parent_value": 2.6352392987057374,
  "parent_is_seed": false
}