{
  "step": 20,
  "group": 4,
  "rollout": 39,
  "reward": 2.635312776568061,
  "raw_score": 2.635312776568061,
  "valid": true,
  "parsed": true,
  "ran": true,
  "msg": "ok",
  "advantage": -0.2078759209958706,
  "beta": 204044.49159732735,
  "n_response_tokens": 2004,
  "sandbox_stdout": "",
  "parent_value": 2.635312776568061,
  "parent_is_seed": false
}