{
  "step": 20,
  "group": 3,
  "rollout": 55,
  "reward": 2.635312776568061,
  "raw_score": 2.635312776568061,
  "valid": true,
  "parsed": true,
  "ran": true,
  "msg": "ok",
  "advantage": 0.3695559470245944,
  "beta": 1048576.0,
  "n_response_tokens": 2275,
  "sandbox_stdout": "",
  "parent_value": 2.635312776568061,
  "parent_is_seed": false
}