{
  "step": 20,
  "group": 6,
  "rollout": 56,
  "reward": 2.6352392987057374,
  "raw_score": 2.6352392987057374,
  "valid": true,
  "parsed": true,
  "ran": true,
  "msg": "ok",
  "advantage": 0.23529411764553299,
  "beta": 1048576.0,
  "n_response_tokens": 2356,
  "sandbox_stdout": "Invalid packing: Circle 3 at (0.0,0.0) r=1.0 outside unit square\n",
  "parent_value": 2.6352392987057374,
  "parent_is_seed": false
}