{
  "step": 20,
  "group": 0,
  "rollout": 57,
  "reward": 2.5753124920457293,
  "raw_score": 2.5753124920457293,
  "valid": true,
  "parsed": true,
  "ran": true,
  "msg": "ok",
  "advantage": -1.0,
  "beta": 1048576.0,
  "n_response_tokens": 2360,
  "sandbox_stdout": "Invalid packing: Circle 16 at (0.906904687021533,0.09309528436817578) r=0.09309530290394456 outside unit square\n",
  "parent_value": 2.6353282361965875,
  "parent_is_seed": false
}