{
  "step": 20,
  "group": 1,
  "rollout": 22,
  "reward": 2.5936944004041034,
  "raw_score": 2.5936944004041034,
  "valid": true,
  "parsed": true,
  "ran": true,
  "msg": "ok",
  "advantage": -1.0,
  "beta": 1048576.0,
  "n_response_tokens": 2043,
  "sandbox_stdout": "Invalid packing: Circle 25 at (0.07999999999999999,1.0) r=0.031999999999999994 outside unit square\nInvalid packing: Circle 0 at (0.0,0.0) r=1.0 outside unit square\n",
  "parent_value": 2.635312776718689,
  "parent_is_seed": false
}