{
  "step": 20,
  "group": 1,
  "rollout": 54,
  "reward": 2.635312776718689,
  "raw_score": 2.635312776718689,
  "valid": true,
  "parsed": true,
  "ran": true,
  "msg": "ok",
  "advantage": 0.34042645940993377,
  "beta": 1048576.0,
  "n_response_tokens": 1805,
  "sandbox_stdout": "Invalid packing: Circle 0 at (0.020067043186121847,0.027529593770238534) r=0.6055608060822167 outside unit square\n",
  "parent_value": 2.635312776718689,
  "parent_is_seed": false
}