{
  "step": 20,
  "group": 2,
  "rollout": 6,
  "reward": 2.6352252590089096,
  "raw_score": 2.6352252590089096,
  "valid": true,
  "parsed": true,
  "ran": true,
  "msg": "ok",
  "advantage": -1.0,
  "beta": 1048576.0,
  "n_response_tokens": 2455,
  "sandbox_stdout": "Invalid packing: Circle 0 at (1.0,1.0) r=1.0 outside unit square\nInvalid packing: Circle 25 at (0.07999999999999999,1.0) r=0.04799999999999999 outside unit square\n",
  "parent_value": 2.635312776568061,
  "parent_is_seed": false
}