{
  "step": 20,
  "group": 7,
  "rollout": 62,
  "reward": 2.6352392987057374,
  "raw_score": 2.6352392987057374,
  "valid": true,
  "parsed": true,
  "ran": true,
  "msg": "ok",
  "advantage": 0.18867924528160596,
  "beta": 1048576.0,
  "n_response_tokens": 2143,
  "sandbox_stdout": "Invalid packing: Circle 0 at (1.0,1.0) r=1.0 outside unit square\nInvalid packing: Circle 0 at (1.0,0.0) r=1.0 outside unit square\nInvalid packing: Circle 0 at (0.0,0.0) r=1.0 outside unit square\nInvalid packing: Circle 20 at (0.24037624267564378,0.9196078541429483) r=0.08039239067659311 outside unit square\n",
  "parent_value": 2.6352392987057374,
  "parent_is_seed": false
}