{
  "step": 20,
  "group": 6,
  "rollout": 45,
  "reward": 2.631349588672406,
  "raw_score": 2.631349588672406,
  "valid": true,
  "parsed": true,
  "ran": true,
  "msg": "ok",
  "advantage": -1.0,
  "beta": 1048576.0,
  "n_response_tokens": 2617,
  "sandbox_stdout": "Invalid packing: Circle 0 at (0.0,0.0) r=1.0 outside unit square\nInvalid packing: Circle 14 at (0.6776489249486362,0.11131376834616674) r=0.11131400120758866 outside unit square\nInvalid packing: Circles 4 and 24 overlap\nInvalid packing: Circle 1 at (1.0,0.0) r=1.0 outside unit square\n",
  "parent_value": 2.6352392987057374,
  "parent_is_seed": false
}