{
  "step": 19,
  "group": 3,
  "rollout": 18,
  "reward": 1.8100000000032523,
  "raw_score": 1.8100000000032523,
  "valid": true,
  "parsed": true,
  "ran": true,
  "msg": "ok",
  "advantage": 0.3348094715406262,
  "algo": "reinforce",
  "n_response_tokens": 1823,
  "sandbox_stdout": "",
  "parent_value": 2.500000000001484,
  "parent_is_seed": false
}