{
  "step": 19,
  "group": 1,
  "rollout": 23,
  "reward": 0.00025000000000000006,
  "raw_score": 0.00025000000000000006,
  "valid": true,
  "parsed": true,
  "ran": true,
  "msg": "ok",
  "advantage": -1.2044076091456306,
  "algo": "reinforce",
  "n_response_tokens": 1879,
  "sandbox_stdout": "",
  "parent_value": 2.500000000001484,
  "parent_is_seed": false
}