{
  "step": 19,
  "group": 2,
  "rollout": 4,
  "reward": 0.00025000000000000006,
  "raw_score": 0.00025000000000000006,
  "valid": true,
  "parsed": true,
  "ran": true,
  "msg": "ok",
  "advantage": -0.8932718312617715,
  "algo": "reinforce",
  "n_response_tokens": 1773,
  "sandbox_stdout": "",
  "parent_value": 2.500000000001484,
  "parent_is_seed": false
}