{
  "step": 19,
  "group": 3,
  "rollout": 10,
  "reward": 1.8199999999999998,
  "raw_score": 1.8199999999999998,
  "valid": true,
  "parsed": true,
  "ran": true,
  "msg": "ok",
  "advantage": 0.3456909493853138,
  "algo": "reinforce",
  "n_response_tokens": 1841,
  "sandbox_stdout": "",
  "parent_value": 2.500000000001484,
  "parent_is_seed": false
}