{
  "step": 19,
  "group": 0,
  "rollout": 2,
  "reward": 2.4999999999999996,
  "raw_score": 2.4999999999999996,
  "valid": true,
  "parsed": true,
  "ran": true,
  "msg": "ok",
  "advantage": 1.6248445058303795,
  "algo": "reinforce",
  "n_response_tokens": 1672,
  "sandbox_stdout": "",
  "parent_value": 2.500000000001484,
  "parent_is_seed": false
}