{
  "step": 19,
  "group": 3,
  "rollout": 3,
  "reward": 2.500000000001484,
  "raw_score": 2.500000000001484,
  "valid": true,
  "parsed": true,
  "ran": true,
  "msg": "ok",
  "advantage": 1.0856314430663507,
  "algo": "reinforce",
  "n_response_tokens": 1753,
  "sandbox_stdout": "",
  "parent_value": 2.500000000001484,
  "parent_is_seed": false
}