{
  "step": 19,
  "group": 3,
  "rollout": 0,
  "reward": 2.3000000000021856,
  "raw_score": 2.3000000000021856,
  "valid": true,
  "parsed": true,
  "ran": true,
  "msg": "ok",
  "advantage": 0.8680018861025782,
  "algo": "reinforce",
  "n_response_tokens": 1680,
  "sandbox_stdout": "",
  "parent_value": 2.500000000001484,
  "parent_is_seed": false
}