{
  "step": 19,
  "group": 2,
  "rollout": 13,
  "reward": 1.8750000000020313,
  "raw_score": 1.8750000000020313,
  "valid": true,
  "parsed": true,
  "ran": true,
  "msg": "ok",
  "advantage": 0.8618082399504163,
  "algo": "reinforce",
  "n_response_tokens": 2088,
  "sandbox_stdout": "",
  "parent_value": 2.500000000001484,
  "parent_is_seed": false
}