{
  "step": 19,
  "group": 0,
  "rollout": 19,
  "reward": 1.300000000000582,
  "raw_score": 1.300000000000582,
  "valid": true,
  "parsed": true,
  "ran": true,
  "msg": "ok",
  "advantage": 0.41323595034091054,
  "algo": "reinforce",
  "n_response_tokens": 1797,
  "sandbox_stdout": "",
  "parent_value": 2.500000000001484,
  "parent_is_seed": false
}