{
  "step": 19,
  "group": 0,
  "rollout": 8,
  "reward": 0.3005203820042827,
  "raw_score": 0.3005203820042827,
  "valid": true,
  "parsed": true,
  "ran": true,
  "msg": "ok",
  "advantage": -0.5959124298276314,
  "algo": "reinforce",
  "n_response_tokens": 1745,
  "sandbox_stdout": "",
  "parent_value": 2.500000000001484,
  "parent_is_seed": false
}