{
  "step": 1,
  "group": 0,
  "rollout": 6,
  "reward": 0.0,
  "valid": false,
  "parsed": true,
  "ran": true,
  "msg": "Circle 25 has negative radius -6.004126014266675e-11",
  "advantage": -0.690861426108086,
  "beta": 1.9397735976673238,
  "n_response_tokens": 1177,
  "sandbox_stdout": "",
  "parent_value": 1.2500000000000002,
  "parent_is_seed": false
}