{
  "step": 1,
  "group": 1,
  "rollout": 60,
  "reward": 0.0,
  "valid": false,
  "parsed": true,
  "ran": true,
  "msg": "Circle 4 at (0.1,1.7000000000000002) r=0.03 outside unit square",
  "advantage": -0.3474158654829367,
  "beta": 2.5669077309728534,
  "n_response_tokens": 2023,
  "sandbox_stdout": "Validation failed: Circle 14 has negative radius -0.3500000000000001\nValidation failed even with fallback: Circle 4 at (0.1,1.7000000000000002) r=0.03 outside unit square\n",
  "parent_value": 1.079422863413927,
  "parent_is_seed": false
}