{
  "step": 1,
  "group": 0,
  "rollout": 15,
  "reward": 0.0,
  "valid": false,
  "parsed": true,
  "ran": true,
  "msg": "Circle 0 at (0.18587117559772764,0.07751772170621962) r=0.55 outside unit square",
  "advantage": -0.690861426108086,
  "beta": 1.9397735976673238,
  "n_response_tokens": 1243,
  "sandbox_stdout": "",
  "parent_value": 1.2500000000000002,
  "parent_is_seed": false
}