{
  "step": 1,
  "group": 6,
  "rollout": 15,
  "reward": 0.0,
  "valid": false,
  "parsed": true,
  "ran": true,
  "msg": "Circle 0 at (0.49995211921763805,0.5000053368550731) r=1.0 outside unit square",
  "advantage": 0.0,
  "beta": 0.0,
  "n_response_tokens": 1569,
  "sandbox_stdout": "Packing validation failed: Circle 0 at (0.49995211921763805,0.5000053368550731) r=1.0 outside unit square\n",
  "parent_value": 1.0547118733938987e-15,
  "parent_is_seed": false
}