{
  "step": 1,
  "group": 3,
  "rollout": 50,
  "reward": 1.152627944169782,
  "valid": true,
  "parsed": true,
  "ran": true,
  "msg": "ok",
  "advantage": 2.4864486255740146,
  "beta": 1.4937217275444126,
  "n_response_tokens": 1440,
  "sandbox_stdout": "",
  "parent_value": 0.3535647704900286,
  "parent_is_seed": false
}