{
  "step": 1,
  "group": 3,
  "rollout": 11,
  "reward": 0.0,
  "valid": false,
  "parsed": true,
  "ran": true,
  "msg": "Circle 0 at (0.0,0.0) r=0.048709178650068005 outside unit square",
  "advantage": -0.40385241849209186,
  "beta": 1.4937217275444126,
  "n_response_tokens": 1258,
  "sandbox_stdout": "",
  "parent_value": 0.3535647704900286,
  "parent_is_seed": false
}