{
  "step": 1,
  "group": 3,
  "rollout": 37,
  "reward": 1.5534841740454728,
  "valid": true,
  "parsed": true,
  "ran": true,
  "msg": "ok",
  "advantage": 5.646464680165947,
  "beta": 1.4937217275444126,
  "n_response_tokens": 1128,
  "sandbox_stdout": "",
  "parent_value": 0.3535647704900286,
  "parent_is_seed": false
}