{
  "step": 1,
  "group": 1,
  "rollout": 59,
  "reward": 0.0,
  "valid": false,
  "parsed": true,
  "ran": true,
  "msg": "Circle 1 at (0.3,0.017494274735065877) r=0.03 outside unit square",
  "advantage": -0.3474158654829367,
  "beta": 2.5669077309728534,
  "n_response_tokens": 2275,
  "sandbox_stdout": "Validation failed: Circle 1 at (0.3,0.017494274735065877) r=0.02470518457313329 outside unit square\nValidation failed even with fallback: Circle 1 at (0.3,0.017494274735065877) r=0.03 outside unit square\n",
  "parent_value": 1.079422863413927,
  "parent_is_seed": false
}