{
  "step": 1,
  "group": 0,
  "rollout": 52,
  "reward": 0.0,
  "valid": false,
  "parsed": true,
  "ran": true,
  "msg": "Circle 0 at (-0.0014283728290897905,-0.00408237335365013) r=0.1 outside unit square",
  "advantage": -0.690861426108086,
  "beta": 1.9397735976673238,
  "n_response_tokens": 1308,
  "sandbox_stdout": "",
  "parent_value": 1.2500000000000002,
  "parent_is_seed": false
}