{
  "step": 1,
  "group": 0,
  "rollout": 10,
  "reward": 0.0,
  "valid": false,
  "parsed": true,
  "ran": true,
  "msg": "Circle 0 at (0.10111257408849231,0.10880629940231198) r=0.5 outside unit square",
  "advantage": -0.690861426108086,
  "beta": 1.9397735976673238,
  "n_response_tokens": 1473,
  "sandbox_stdout": "",
  "parent_value": 1.2500000000000002,
  "parent_is_seed": false
}