{
  "step": 1,
  "group": 2,
  "rollout": 32,
  "reward": 0.0,
  "valid": false,
  "parsed": true,
  "ran": true,
  "msg": "Circle 0 at (0.13367163312650848,0.9438490394273408) r=0.15 outside unit square",
  "advantage": -0.8468237826634089,
  "beta": 2.0822958850583415,
  "n_response_tokens": 1771,
  "sandbox_stdout": "",
  "parent_value": 1.04,
  "parent_is_seed": false
}