{
  "step": 1,
  "group": 2,
  "rollout": 15,
  "reward": 0.0,
  "valid": false,
  "parsed": true,
  "ran": true,
  "msg": "Circle 3 at (1.1199999999999999,0.20800000000000002) r=0.05 outside unit square",
  "advantage": -0.8468237826634089,
  "beta": 2.0822958850583415,
  "n_response_tokens": 1570,
  "sandbox_stdout": "",
  "parent_value": 1.04,
  "parent_is_seed": false
}