{
  "step": 1,
  "group": 1,
  "rollout": 50,
  "reward": 1.3000000000000003,
  "valid": true,
  "parsed": true,
  "ran": true,
  "msg": "ok",
  "advantage": 24.537613108496803,
  "beta": 2.5669077309728534,
  "n_response_tokens": 1394,
  "sandbox_stdout": "Validation failed: Circle 0 at (0.1,0.1) r=0.1999999999999969 outside unit square\n",
  "parent_value": 1.079422863413927,
  "parent_is_seed": false
}