{
  "step": 1,
  "group": 0,
  "rollout": 1,
  "reward": 0.0,
  "valid": false,
  "parsed": true,
  "ran": true,
  "msg": "Circle 5 at (1.0965520213797815,0.09190523888651098) r=0.05 outside unit square",
  "advantage": -0.690861426108086,
  "beta": 1.9397735976673238,
  "n_response_tokens": 1164,
  "sandbox_stdout": "",
  "parent_value": 1.2500000000000002,
  "parent_is_seed": false
}