{
  "step": 1,
  "group": 5,
  "rollout": 53,
  "reward": 1.0000170191926117e-08,
  "valid": true,
  "parsed": true,
  "ran": true,
  "msg": "ok",
  "advantage": 0.007338635633373336,
  "beta": 1048576.0,
  "n_response_tokens": 1715,
  "sandbox_stdout": "",
  "parent_value": 1.0000181738245573e-08,
  "parent_is_seed": false
}