{
  "step": 1,
  "group": 5,
  "rollout": 17,
  "reward": 9.999966049667464e-09,
  "valid": true,
  "parsed": true,
  "ran": true,
  "msg": "ok",
  "advantage": 0.007338416556016414,
  "beta": 1048576.0,
  "n_response_tokens": 1403,
  "sandbox_stdout": "",
  "parent_value": 1.0000181738245573e-08,
  "parent_is_seed": false
}