{
  "step": 7,
  "group": 0,
  "rollout": 13,
  "reward": 0.0,
  "raw_score": null,
  "valid": false,
  "parsed": true,
  "ran": true,
  "msg": "bad_centers_shape: (0,)",
  "advantage": -0.8038830748344747,
  "beta": 1.0240941363153198,
  "n_response_tokens": 2971,
  "sandbox_stdout": "Gap-filling validation failed: Circle 0 at (0.08975984062394213,0.06342887083286074) r=0.07291477799789285 outside unit square\nFinal validation failed: Circle 0 at (0.08975984062394213,0.06342887083286074) r=0.07291477799789285 outside unit square\n",
  "parent_value": 2.625219346267099,
  "parent_is_seed": false
}