{
  "step": 7,
  "group": 1,
  "rollout": 3,
  "reward": 2.5890237502589697,
  "raw_score": 2.5890237502589697,
  "valid": true,
  "parsed": true,
  "ran": true,
  "msg": "ok",
  "advantage": 1.4324304711479536,
  "beta": 1.3522070315532462,
  "n_response_tokens": 2326,
  "sandbox_stdout": "",
  "parent_value": 2.6252193457795183,
  "parent_is_seed": false
}