{
  "step": 7,
  "group": 2,
  "rollout": 8,
  "reward": 2.5768690593396735,
  "raw_score": 2.5768690593396735,
  "valid": true,
  "parsed": true,
  "ran": true,
  "msg": "ok",
  "advantage": -0.09294323021013884,
  "beta": 25.263268133102567,
  "n_response_tokens": 2102,
  "sandbox_stdout": "",
  "parent_value": 2.6234892420008165,
  "parent_is_seed": false
}