{
  "step": 7,
  "group": 1,
  "rollout": 4,
  "reward": 2.5999300528738827,
  "raw_score": 2.5999300528738827,
  "valid": true,
  "parsed": true,
  "ran": true,
  "msg": "ok",
  "advantage": 1.4724535453030811,
  "beta": 1.3522070315532462,
  "n_response_tokens": 2162,
  "sandbox_stdout": "",
  "parent_value": 2.6252193457795183,
  "parent_is_seed": false
}