{
  "step": 7,
  "group": 1,
  "rollout": 12,
  "reward": 2.6252193461887092,
  "raw_score": 2.6252193461887092,
  "valid": true,
  "parsed": true,
  "ran": true,
  "msg": "ok",
  "advantage": 1.5680682992137056,
  "beta": 1.3522070315532462,
  "n_response_tokens": 2270,
  "sandbox_stdout": "",
  "parent_value": 2.6252193457795183,
  "parent_is_seed": false
}