{
  "step": 7,
  "group": 0,
  "rollout": 8,
  "reward": 0.0,
  "raw_score": null,
  "valid": false,
  "parsed": true,
  "ran": true,
  "msg": "bad_centers_shape: (0,)",
  "advantage": -0.8038830748344747,
  "beta": 1.0240941363153198,
  "n_response_tokens": 1856,
  "sandbox_stdout": "Validation failed in optimization: Circle 4 at (0.1218973653964056,0.8781026346157611) r=0.12189736539632132 outside unit square\nValidation failed in optimization: Circle 4 at (0.11592250817189385,0.8840774918304507) r=0.11592250817188506 outside unit square\n",
  "parent_value": 2.625219346267099,
  "parent_is_seed": false
}