{
  "step": 17,
  "group": 1,
  "rollout": 20,
  "reward": 2.6285702647754943,
  "raw_score": 2.6285702647754943,
  "valid": true,
  "parsed": true,
  "ran": true,
  "msg": "ok",
  "advantage": 2.3341085376331603,
  "algo": "a2c",
  "value_baseline": 0.294461727142334,
  "n_response_tokens": 1760,
  "sandbox_stdout": "",
  "parent_value": 2.6285702647754943,
  "parent_is_seed": false
}