{
  "step": 17,
  "group": 2,
  "rollout": 19,
  "reward": 0.0,
  "raw_score": null,
  "valid": false,
  "parsed": true,
  "ran": true,
  "msg": "Circle 0 at (0.17587749728884028,0.17417800716781803) r=115082420.22606416 outside unit square",
  "advantage": -0.2944600582122803,
  "algo": "a2c",
  "value_baseline": 0.2944600582122803,
  "n_response_tokens": 1763,
  "sandbox_stdout": "",
  "parent_value": 2.6285702647754943,
  "parent_is_seed": false
}