{
  "step": 5,
  "group": 2,
  "rollout": 19,
  "reward": 0.7140572566691155,
  "raw_score": 0.7140572566691155,
  "valid": true,
  "parsed": true,
  "ran": true,
  "msg": "ok",
  "advantage": -0.15028836102960355,
  "algo": "ppo",
  "ppo_epochs": 4,
  "ppo_clip": 0.2,
  "n_response_tokens": 1798,
  "sandbox_stdout": "",
  "parent_value": 1.5999999999999996,
  "parent_is_seed": false
}