{
  "step": 5,
  "group": 0,
  "rollout": 1,
  "reward": 1.5721961615869018,
  "raw_score": 1.5721961615869018,
  "valid": true,
  "parsed": true,
  "ran": true,
  "msg": "ok",
  "advantage": 0.31570448636029114,
  "beta": 1.6813020572974466,
  "n_response_tokens": 1768,
  "sandbox_stdout": "",
  "parent_value": 2.3999999999999444,
  "parent_is_seed": false
}