{
  "step": 5,
  "group": 3,
  "rollout": 7,
  "reward": 1.3854101966249013,
  "raw_score": 1.3854101966249013,
  "valid": true,
  "parsed": true,
  "ran": true,
  "msg": "ok",
  "advantage": 0.4148609675605657,
  "beta": 3.6398197580624836,
  "n_response_tokens": 1594,
  "sandbox_stdout": "",
  "parent_value": 1.3854101966249013,
  "parent_is_seed": false
}