{
  "step": 5,
  "group": 1,
  "rollout": 6,
  "reward": 0.0,
  "raw_score": null,
  "valid": false,
  "parsed": true,
  "ran": false,
  "msg": "run_failed: Circle 4 at (0.9166666666666667,0.5833333333333334) r=0.11785113019825784 outside unit square",
  "advantage": -0.7619996543766545,
  "beta": 1.4349092178022536,
  "n_response_tokens": 1609,
  "sandbox_stdout": "",
  "parent_value": 1.7500000000139442,
  "parent_is_seed": false
}