{
  "step": 5,
  "group": 3,
  "rollout": 0,
  "reward": 1.154508497187476,
  "raw_score": 1.154508497187476,
  "valid": true,
  "parsed": true,
  "ran": true,
  "msg": "ok",
  "advantage": -0.4523815695509361,
  "beta": 3.6398197580624836,
  "n_response_tokens": 1325,
  "sandbox_stdout": "",
  "parent_value": 1.3854101966249013,
  "parent_is_seed": false
}