{
  "step": 5,
  "group": 1,
  "rollout": 7,
  "reward": 1.8842068661134561,
  "raw_score": 1.8842068661134561,
  "valid": true,
  "parsed": true,
  "ran": true,
  "msg": "ok",
  "advantage": 5.754430564796305,
  "beta": 1.4349092178022536,
  "n_response_tokens": 1713,
  "sandbox_stdout": "",
  "parent_value": 1.7500000000139442,
  "parent_is_seed": false
}