{
  "step": 19,
  "group": 7,
  "rollout": 51,
  "reward": 2.630113066564938,
  "raw_score": 2.630113066564938,
  "valid": true,
  "parsed": true,
  "ran": true,
  "msg": "ok",
  "advantage": -1.0,
  "beta": 1048576.0,
  "n_response_tokens": 2545,
  "sandbox_stdout": "Invalid packing: Circle 25 at (0.07999999999999999,1.0) r=0.04799999999999999 outside unit square\nInvalid packing: Circles 16 and 18 overlap\n",
  "parent_value": 2.632341483276521,
  "parent_is_seed": false
}