{
  "step": 19,
  "group": 1,
  "rollout": 63,
  "reward": 2.6352392987057374,
  "raw_score": 2.6352392987057374,
  "valid": true,
  "parsed": true,
  "ran": true,
  "msg": "ok",
  "advantage": 0.2857142857126327,
  "beta": 1048576.0,
  "n_response_tokens": 2307,
  "sandbox_stdout": "Invalid packing: Circle 5 at (1.0,0.0) r=1.0 outside unit square\n",
  "parent_value": 2.6352392987057374,
  "parent_is_seed": false
}