{
  "step": 19,
  "group": 7,
  "rollout": 7,
  "reward": 2.632341340803578,
  "raw_score": 2.632341340803578,
  "valid": true,
  "parsed": true,
  "ran": true,
  "msg": "ok",
  "advantage": 0.1795106461638225,
  "beta": 1048576.0,
  "n_response_tokens": 2322,
  "sandbox_stdout": "Invalid packing: Circle 25 at (0.07999999999999999,1.0) r=0.04799999999999999 outside unit square\nInvalid packing: Circle 2 at (0.9316674237974499,0.6177738450478285) r=0.7219404388058582 outside unit square\n",
  "parent_value": 2.632341483276521,
  "parent_is_seed": false
}