{
  "step": 19,
  "group": 2,
  "rollout": 3,
  "reward": 2.6298370788885137,
  "raw_score": 2.6298370788885137,
  "valid": true,
  "parsed": true,
  "ran": true,
  "msg": "ok",
  "advantage": 0.7692307692276392,
  "beta": 1048576.0,
  "n_response_tokens": 2214,
  "sandbox_stdout": "",
  "parent_value": 2.6298370788885137,
  "parent_is_seed": false
}