{
  "step": 31,
  "group": 5,
  "rollout": 7,
  "reward": 2.635982928557804,
  "raw_score": 2.635982928557804,
  "valid": true,
  "parsed": true,
  "ran": true,
  "msg": "ok",
  "advantage": 0.13990533963630103,
  "beta": 1048576.0,
  "n_response_tokens": 2533,
  "sandbox_stdout": "",
  "parent_value": 2.6359829332479965,
  "parent_is_seed": false
}