{
  "step": 31,
  "group": 7,
  "rollout": 35,
  "reward": 2.63598293122794,
  "raw_score": 2.63598293122794,
  "valid": true,
  "parsed": true,
  "ran": true,
  "msg": "ok",
  "advantage": 0.04698921526602229,
  "beta": 1048576.0,
  "n_response_tokens": 2390,
  "sandbox_stdout": "",
  "parent_value": 2.63598293122794,
  "parent_is_seed": false
}