{
  "step": 31,
  "group": 0,
  "rollout": 18,
  "reward": 2.635982929861832,
  "raw_score": 2.635982929861832,
  "valid": true,
  "parsed": true,
  "ran": true,
  "msg": "ok",
  "advantage": 0.061416536854800974,
  "beta": 1048576.0,
  "n_response_tokens": 2559,
  "sandbox_stdout": "Invalid packing: Circles 2 and 8 overlap\n",
  "parent_value": 2.6359829364320713,
  "parent_is_seed": false
}