{
  "step": 31,
  "group": 6,
  "rollout": 14,
  "reward": 2.6359829332479965,
  "raw_score": 2.6359829332479965,
  "valid": true,
  "parsed": true,
  "ran": true,
  "msg": "ok",
  "advantage": 0.14545454545323344,
  "beta": 1048576.0,
  "n_response_tokens": 2195,
  "sandbox_stdout": "Invalid packing: Circle 6 at (0.11124700834797709,0.8887530053292996) r=0.11124699837495967 outside unit square\n",
  "parent_value": 2.6359829332479965,
  "parent_is_seed": false
}