{
  "step": 31,
  "group": 3,
  "rollout": 16,
  "reward": 2.6359829332479965,
  "raw_score": 2.6359829332479965,
  "valid": true,
  "parsed": true,
  "ran": true,
  "msg": "ok",
  "advantage": 0.14553384151776383,
  "beta": 1048576.0,
  "n_response_tokens": 2281,
  "sandbox_stdout": "Invalid packing: Circle 0 at (0.0,1.0) r=1.0 outside unit square\n",
  "parent_value": 2.6359829332479965,
  "parent_is_seed": false
}