{
  "step": 31,
  "group": 0,
  "rollout": 36,
  "reward": 2.6359829364320713,
  "raw_score": 2.6359829364320713,
  "valid": true,
  "parsed": true,
  "ran": true,
  "msg": "ok",
  "advantage": 0.06887879739241765,
  "beta": 1048576.0,
  "n_response_tokens": 2876,
  "sandbox_stdout": "Invalid packing: Circles 2 and 8 overlap\nInvalid packing: Circles 17 and 18 overlap\n",
  "parent_value": 2.6359829364320713,
  "parent_is_seed": false
}