{
  "step": 31,
  "group": 2,
  "rollout": 19,
  "reward": 2.6297286426823065,
  "raw_score": 2.6297286426823065,
  "valid": true,
  "parsed": true,
  "ran": true,
  "msg": "ok",
  "advantage": -1.0,
  "beta": 1048576.0,
  "n_response_tokens": 1945,
  "sandbox_stdout": "Invalid packing: Circles 2 and 8 overlap\nInvalid packing: Circle 21 at (0.12223499680182287,0.8777649850661086) r=0.1222350050175911 outside unit square\n",
  "parent_value": 2.6359829364320713,
  "parent_is_seed": false
}