{
  "step": 31,
  "group": 7,
  "rollout": 37,
  "reward": 2.6359829308667124,
  "raw_score": 2.6359829308667124,
  "valid": true,
  "parsed": true,
  "ran": true,
  "msg": "ok",
  "advantage": 0.046586130758409006,
  "beta": 1048576.0,
  "n_response_tokens": 2309,
  "sandbox_stdout": "Invalid packing: Circle 1 at (1.0,1.0) r=1.0 outside unit square\n",
  "parent_value": 2.63598293122794,
  "parent_is_seed": false
}