{
  "step": 31,
  "group": 3,
  "rollout": 26,
  "reward": 2.6359829332479965,
  "raw_score": 2.6359829332479965,
  "valid": true,
  "parsed": true,
  "ran": true,
  "msg": "ok",
  "advantage": 0.14553384151776383,
  "beta": 1048576.0,
  "n_response_tokens": 2185,
  "sandbox_stdout": "Invalid packing: Circles 0 and 5 overlap\n",
  "parent_value": 2.6359829332479965,
  "parent_is_seed": false
}