{
  "step": 31,
  "group": 1,
  "rollout": 21,
  "reward": 1.9430578322824545,
  "raw_score": 1.9430578322824545,
  "valid": true,
  "parsed": true,
  "ran": true,
  "msg": "ok",
  "advantage": -1.0,
  "beta": 1048576.0,
  "n_response_tokens": 2920,
  "sandbox_stdout": "Invalid packing: Circle 21 at (0.25908146843419133,0.9199837769930186) r=0.10443871044018235 outside unit square\nInvalid packing: Circle 19 at (0.8288055498796889,0.6154571955439591) r=0.17119445602685665 outside unit square\nInvalid packing: Circle 2 at (0.5757344736025742,0.1708335771858313) r=0.1708383073141064 outside unit square\nInvalid packing: Circle 15 at (0.11478083059518644,0.6764411132351855) r=0.11478089249309723 outside unit square\nInvalid packing: Circle 15 at (0.11478083059518644,0.6764411132351855) r=0.11478089249309723 outside unit square\n",
  "parent_value": 2.6359829364320713,
  "parent_is_seed": false
}