{
  "step": 17,
  "group": 0,
  "rollout": 7,
  "reward": 2.6298370788885137,
  "raw_score": 2.6298370788885137,
  "valid": true,
  "parsed": true,
  "ran": true,
  "msg": "ok",
  "advantage": 1.2168973459468408,
  "beta": 88.76505099532793,
  "n_response_tokens": 2462,
  "sandbox_stdout": "",
  "parent_value": 2.6298370788885137,
  "parent_is_seed": false
}