{
  "step": 17,
  "group": 0,
  "rollout": 11,
  "reward": 2.614070691785402,
  "raw_score": 2.614070691785402,
  "valid": true,
  "parsed": true,
  "ran": true,
  "msg": "ok",
  "advantage": -0.49007267160184476,
  "beta": 88.76505099532793,
  "n_response_tokens": 2343,
  "sandbox_stdout": "",
  "parent_value": 2.6298370788885137,
  "parent_is_seed": false
}