{
  "step": 17,
  "group": 2,
  "rollout": 21,
  "reward": 2.6298370788885137,
  "raw_score": 2.6298370788885137,
  "valid": true,
  "parsed": true,
  "ran": true,
  "msg": "ok",
  "advantage": 0.9166667414856966,
  "beta": 1048576.0,
  "n_response_tokens": 2431,
  "sandbox_stdout": "",
  "parent_value": 2.6298370788885137,
  "parent_is_seed": false
}