{
  "step": 17,
  "group": 0,
  "rollout": 0,
  "reward": 2.6066903030501605,
  "raw_score": 2.6066903030501605,
  "valid": true,
  "parsed": true,
  "ran": true,
  "msg": "ok",
  "advantage": -0.7379466021092735,
  "beta": 88.76505099532793,
  "n_response_tokens": 2250,
  "sandbox_stdout": "",
  "parent_value": 2.6298370788885137,
  "parent_is_seed": false
}