{
  "step": 17,
  "group": 1,
  "rollout": 13,
  "reward": 2.6298370788885137,
  "raw_score": 2.6298370788885137,
  "valid": true,
  "parsed": true,
  "ran": true,
  "msg": "ok",
  "advantage": 1.4417416345733103,
  "beta": 1.3338220782252828,
  "n_response_tokens": 2282,
  "sandbox_stdout": "",
  "parent_value": 2.6298370788885137,
  "parent_is_seed": false
}