{
  "step": 6,
  "group": 0,
  "rollout": 0,
  "reward": 0.0,
  "raw_score": null,
  "valid": false,
  "parsed": true,
  "ran": true,
  "msg": "bad_centers_shape: (0,)",
  "advantage": -1.0,
  "beta": 15.960298421886433,
  "n_response_tokens": 2081,
  "sandbox_stdout": "Validation failed in optimization: Circle 0 at (0.00018456626998611207,0.004784466658691594) r=1.0 outside unit square\nValidation failed in optimization: Circle 0 at (1.0,0.9960184282950113) r=1.0 outside unit square\nValidation failed in optimization: Circle 0 at (1.0,1.0) r=1.0 outside unit square\nValidation failed in optimization: Circle 0 at (0.009978863861423281,0.9999012406749772) r=0.999912674752601 outside unit square\nValidation failed in optimization: Circle 0 at (1.0,0.9999344858309316) r=1.0 outside unit square\n",
  "parent_value": 2.625219345779149,
  "parent_is_seed": false
}