{
  "step": 6,
  "group": 0,
  "rollout": 14,
  "reward": 2.593087373349675,
  "raw_score": 2.593087373349675,
  "valid": true,
  "parsed": true,
  "ran": true,
  "msg": "ok",
  "advantage": 0.5283406145617553,
  "beta": 15.960298421886433,
  "n_response_tokens": 2412,
  "sandbox_stdout": "",
  "parent_value": 2.625219345779149,
  "parent_is_seed": false
}