{
  "step": 6,
  "group": 3,
  "rollout": 0,
  "reward": 2.618864464836989,
  "raw_score": 2.618864464836989,
  "valid": true,
  "parsed": true,
  "ran": true,
  "msg": "ok",
  "advantage": 1.601747111930047,
  "beta": 67.63539087786896,
  "n_response_tokens": 2160,
  "sandbox_stdout": "",
  "parent_value": 2.618864464836989,
  "parent_is_seed": false
}