{
  "step": 6,
  "group": 2,
  "rollout": 20,
  "reward": 0.0,
  "raw_score": null,
  "valid": false,
  "parsed": true,
  "ran": true,
  "msg": "bad_centers_shape: (0,)",
  "advantage": -0.9991302003474538,
  "beta": 2.957788349336878,
  "n_response_tokens": 2142,
  "sandbox_stdout": "Validation failed: Circle 2 at (0.0767678857801175,0.07409127784468622) r=0.08687554436962622 outside unit square\n",
  "parent_value": 2.62348924200066,
  "parent_is_seed": false
}