{
  "step": 6,
  "group": 2,
  "rollout": 6,
  "reward": 2.530720692409528,
  "raw_score": 2.530720692409528,
  "valid": true,
  "parsed": true,
  "ran": true,
  "msg": "ok",
  "advantage": 0.6616407538182172,
  "beta": 2.957788349336878,
  "n_response_tokens": 2185,
  "sandbox_stdout": "",
  "parent_value": 2.62348924200066,
  "parent_is_seed": false
}