{
  "step": 6,
  "group": 2,
  "rollout": 0,
  "reward": 2.6234892420006553,
  "raw_score": 2.6234892420006553,
  "valid": true,
  "parsed": true,
  "ran": true,
  "msg": "ok",
  "advantage": 1.237298777298831,
  "beta": 2.957788349336878,
  "n_response_tokens": 2187,
  "sandbox_stdout": "",
  "parent_value": 2.62348924200066,
  "parent_is_seed": false
}