{
  "step": 6,
  "group": 2,
  "rollout": 22,
  "reward": 0.0,
  "raw_score": null,
  "valid": false,
  "parsed": true,
  "ran": true,
  "msg": "bad_centers_shape: (0,)",
  "advantage": -0.9991302003474538,
  "beta": 2.957788349336878,
  "n_response_tokens": 1977,
  "sandbox_stdout": "Validation failed: Circle 0 at (0.09850265787820889,0.23325438322326736) r=0.10370421467007962 outside unit square\n",
  "parent_value": 2.62348924200066,
  "parent_is_seed": false
}