{
  "step": 14,
  "group": 5,
  "rollout": 49,
  "reward": 2.628212418165312,
  "raw_score": 2.628212418165312,
  "valid": true,
  "parsed": true,
  "ran": true,
  "msg": "ok",
  "advantage": 1.4978722754414142,
  "beta": 330.1787897961112,
  "n_response_tokens": 1676,
  "sandbox_stdout": "",
  "parent_value": 2.631093589113891,
  "parent_is_seed": false
}