{
  "step": 14,
  "group": 3,
  "rollout": 54,
  "reward": 2.626293702988186,
  "raw_score": 2.626293702988186,
  "valid": true,
  "parsed": true,
  "ran": true,
  "msg": "ok",
  "advantage": 0.18309156005077454,
  "beta": 377.72882555797867,
  "n_response_tokens": 2062,
  "sandbox_stdout": "",
  "parent_value": 2.6310935891139033,
  "parent_is_seed": false
}