{
  "step": 14,
  "group": 1,
  "rollout": 40,
  "reward": 2.6254108470503406,
  "raw_score": 2.6254108470503406,
  "valid": true,
  "parsed": true,
  "ran": true,
  "msg": "ok",
  "advantage": 0.6969897350051673,
  "beta": 147.00695476487843,
  "n_response_tokens": 2490,
  "sandbox_stdout": "",
  "parent_value": 2.6342924020867633,
  "parent_is_seed": false
}