{
  "step": 14,
  "group": 5,
  "rollout": 14,
  "reward": 2.628082958638464,
  "raw_score": 2.628082958638464,
  "valid": true,
  "parsed": true,
  "ran": true,
  "msg": "ok",
  "advantage": 1.389386879258573,
  "beta": 330.1787897961112,
  "n_response_tokens": 1781,
  "sandbox_stdout": "",
  "parent_value": 2.631093589113891,
  "parent_is_seed": false
}