{
  "step": 14,
  "group": 1,
  "rollout": 38,
  "reward": 2.6104716267784513,
  "raw_score": 2.6104716267784513,
  "valid": true,
  "parsed": true,
  "ran": true,
  "msg": "ok",
  "advantage": -0.815659654139743,
  "beta": 147.00695476487843,
  "n_response_tokens": 2159,
  "sandbox_stdout": "",
  "parent_value": 2.6342924020867633,
  "parent_is_seed": false
}