{
  "step": 14,
  "group": 2,
  "rollout": 21,
  "reward": 2.630174613141205,
  "raw_score": 2.630174613141205,
  "valid": true,
  "parsed": true,
  "ran": true,
  "msg": "ok",
  "advantage": 2.628014094521324,
  "beta": 165.31181104022232,
  "n_response_tokens": 2146,
  "sandbox_stdout": "",
  "parent_value": 2.631286133296219,
  "parent_is_seed": false
}