{
  "step": 14,
  "group": 4,
  "rollout": 12,
  "reward": 2.628434530184701,
  "raw_score": 2.628434530184701,
  "valid": true,
  "parsed": true,
  "ran": true,
  "msg": "ok",
  "advantage": 0.19762040204790443,
  "beta": 333.0132375540612,
  "n_response_tokens": 2139,
  "sandbox_stdout": "",
  "parent_value": 2.631093589113897,
  "parent_is_seed": false
}