{
  "step": 14,
  "group": 7,
  "rollout": 11,
  "reward": 2.6284345301847045,
  "raw_score": 2.6284345301847045,
  "valid": true,
  "parsed": true,
  "ran": true,
  "msg": "ok",
  "advantage": 0.3709366567615018,
  "beta": 357.9095459698342,
  "n_response_tokens": 2231,
  "sandbox_stdout": "",
  "parent_value": 2.6310935891138847,
  "parent_is_seed": false
}