{
  "step": 14,
  "group": 1,
  "rollout": 63,
  "reward": 2.62563675279209,
  "raw_score": 2.62563675279209,
  "valid": true,
  "parsed": true,
  "ran": true,
  "msg": "ok",
  "advantage": 0.7558896198663405,
  "beta": 147.00695476487843,
  "n_response_tokens": 2243,
  "sandbox_stdout": "",
  "parent_value": 2.6342924020867633,
  "parent_is_seed": false
}