{
  "step": 14,
  "group": 3,
  "rollout": 43,
  "reward": 2.615471066024809,
  "raw_score": 2.615471066024809,
  "valid": true,
  "parsed": true,
  "ran": true,
  "msg": "ok",
  "advantage": -0.9805164904473642,
  "beta": 377.72882555797867,
  "n_response_tokens": 1795,
  "sandbox_stdout": "",
  "parent_value": 2.6310935891139033,
  "parent_is_seed": false
}