{
  "step": 14,
  "group": 0,
  "rollout": 46,
  "reward": 2.626125484284086,
  "raw_score": 2.626125484284086,
  "valid": true,
  "parsed": true,
  "ran": true,
  "msg": "ok",
  "advantage": 0.7516510543610582,
  "beta": 184.82978422688453,
  "n_response_tokens": 2974,
  "sandbox_stdout": "",
  "parent_value": 2.634292402086837,
  "parent_is_seed": false
}