{
  "step": 14,
  "group": 3,
  "rollout": 20,
  "reward": 2.6180682559781787,
  "raw_score": 2.6180682559781787,
  "valid": true,
  "parsed": true,
  "ran": true,
  "msg": "ok",
  "advantage": -0.9480065529244184,
  "beta": 377.72882555797867,
  "n_response_tokens": 1674,
  "sandbox_stdout": "",
  "parent_value": 2.6310935891139033,
  "parent_is_seed": false
}