{
  "step": 14,
  "group": 2,
  "rollout": 59,
  "reward": 2.5960395104305563,
  "raw_score": 2.5960395104305563,
  "valid": true,
  "parsed": true,
  "ran": true,
  "msg": "ok",
  "advantage": -0.9878454016430999,
  "beta": 165.31181104022232,
  "n_response_tokens": 2683,
  "sandbox_stdout": "",
  "parent_value": 2.631286133296219,
  "parent_is_seed": false
}