{
  "step": 14,
  "group": 6,
  "rollout": 22,
  "reward": 2.631093589113884,
  "raw_score": 2.631093589113884,
  "valid": true,
  "parsed": true,
  "ran": true,
  "msg": "ok",
  "advantage": 1.999634924317141,
  "beta": 1.0236538911030855,
  "n_response_tokens": 2084,
  "sandbox_stdout": "",
  "parent_value": 2.6310935891138896,
  "parent_is_seed": false
}