{
  "step": 14,
  "group": 2,
  "rollout": 24,
  "reward": 2.6197967167789864,
  "raw_score": 2.6197967167789864,
  "valid": true,
  "parsed": true,
  "ran": true,
  "msg": "ok",
  "advantage": -0.37690231255272555,
  "beta": 165.31181104022232,
  "n_response_tokens": 2634,
  "sandbox_stdout": "",
  "parent_value": 2.631286133296219,
  "parent_is_seed": false
}