{
  "step": 14,
  "group": 2,
  "rollout": 50,
  "reward": 2.6253258451680956,
  "raw_score": 2.6253258451680956,
  "valid": true,
  "parsed": true,
  "ran": true,
  "msg": "ok",
  "advantage": 0.5775427193780205,
  "beta": 165.31181104022232,
  "n_response_tokens": 2681,
  "sandbox_stdout": "",
  "parent_value": 2.631286133296219,
  "parent_is_seed": false
}