{
  "step": 14,
  "group": 4,
  "rollout": 20,
  "reward": 2.591790950351558,
  "raw_score": 2.591790950351558,
  "valid": true,
  "parsed": true,
  "ran": true,
  "msg": "ok",
  "advantage": -0.999994104327146,
  "beta": 333.0132375540612,
  "n_response_tokens": 2471,
  "sandbox_stdout": "",
  "parent_value": 2.631093589113897,
  "parent_is_seed": false
}