{
  "step": 14,
  "group": 6,
  "rollout": 39,
  "reward": 2.628082958638407,
  "raw_score": 2.628082958638407,
  "valid": true,
  "parsed": true,
  "ran": true,
  "msg": "ok",
  "advantage": 1.989966686730083,
  "beta": 1.0236538911030855,
  "n_response_tokens": 2061,
  "sandbox_stdout": "",
  "parent_value": 2.6310935891138896,
  "parent_is_seed": false
}