{
  "step": 14,
  "group": 3,
  "rollout": 47,
  "reward": 2.6244722664230307,
  "raw_score": 2.6244722664230307,
  "valid": true,
  "parsed": true,
  "ran": true,
  "msg": "ok",
  "advantage": -0.4109098218364978,
  "beta": 377.72882555797867,
  "n_response_tokens": 1655,
  "sandbox_stdout": "",
  "parent_value": 2.6310935891139033,
  "parent_is_seed": false
}