{
  "step": 14,
  "group": 4,
  "rollout": 24,
  "reward": 2.624845040397243,
  "raw_score": 2.624845040397243,
  "valid": true,
  "parsed": true,
  "ran": true,
  "msg": "ok",
  "advantage": -0.6423431978586363,
  "beta": 333.0132375540612,
  "n_response_tokens": 2155,
  "sandbox_stdout": "",
  "parent_value": 2.631093589113897,
  "parent_is_seed": false
}