{
  "step": 14,
  "group": 1,
  "rollout": 5,
  "reward": 0.0,
  "raw_score": null,
  "valid": false,
  "parsed": true,
  "ran": true,
  "msg": "Circle 0 at (0.10872536570216945,0.10872536570241594) r=0.10872536570363339 outside unit square",
  "advantage": -1.0,
  "beta": 147.00695476487843,
  "n_response_tokens": 2360,
  "sandbox_stdout": "",
  "parent_value": 2.6342924020867633,
  "parent_is_seed": false
}