{
  "step": 14,
  "group": 1,
  "rollout": 22,
  "reward": 2.6301787538510424,
  "raw_score": 2.6301787538510424,
  "valid": true,
  "parsed": true,
  "ran": true,
  "msg": "ok",
  "advantage": 2.516650679989265,
  "beta": 147.00695476487843,
  "n_response_tokens": 2184,
  "sandbox_stdout": "",
  "parent_value": 2.6342924020867633,
  "parent_is_seed": false
}