{
  "step": 14,
  "group": 5,
  "rollout": 27,
  "reward": 2.626443232478698,
  "raw_score": 2.626443232478698,
  "valid": true,
  "parsed": true,
  "ran": true,
  "msg": "ok",
  "advantage": 0.3687561327707316,
  "beta": 330.1787897961112,
  "n_response_tokens": 1842,
  "sandbox_stdout": "",
  "parent_value": 2.631093589113891,
  "parent_is_seed": false
}