{
  "step": 14,
  "group": 3,
  "rollout": 4,
  "reward": 2.593608311290795,
  "raw_score": 2.593608311290795,
  "valid": true,
  "parsed": true,
  "ran": true,
  "msg": "ok",
  "advantage": -0.9999949528591253,
  "beta": 377.72882555797867,
  "n_response_tokens": 2030,
  "sandbox_stdout": "",
  "parent_value": 2.6310935891139033,
  "parent_is_seed": false
}