{
  "step": 14,
  "group": 0,
  "rollout": 18,
  "reward": 2.6261254842842296,
  "raw_score": 2.6261254842842296,
  "valid": true,
  "parsed": true,
  "ran": true,
  "msg": "ok",
  "advantage": 0.7516510544087898,
  "beta": 184.82978422688453,
  "n_response_tokens": 1995,
  "sandbox_stdout": "",
  "parent_value": 2.634292402086837,
  "parent_is_seed": false
}