{
  "step": 14,
  "group": 5,
  "rollout": 47,
  "reward": 2.6221923084531915,
  "raw_score": 2.6221923084531915,
  "valid": true,
  "parsed": true,
  "ran": true,
  "msg": "ok",
  "advantage": -0.6690928453884015,
  "beta": 330.1787897961112,
  "n_response_tokens": 1920,
  "sandbox_stdout": "",
  "parent_value": 2.631093589113891,
  "parent_is_seed": false
}