{
  "step": 14,
  "group": 7,
  "rollout": 29,
  "reward": 2.6264432324809244,
  "raw_score": 2.6264432324809244,
  "valid": true,
  "parsed": true,
  "ran": true,
  "msg": "ok",
  "advantage": -0.3351809482759399,
  "beta": 357.9095459698342,
  "n_response_tokens": 1999,
  "sandbox_stdout": "",
  "parent_value": 2.6310935891138847,
  "parent_is_seed": false
}