{
  "step": 14,
  "group": 5,
  "rollout": 10,
  "reward": 2.6256004944063167,
  "raw_score": 2.6256004944063167,
  "valid": true,
  "parsed": true,
  "ran": true,
  "msg": "ok",
  "advantage": 0.030851141959943984,
  "beta": 330.1787897961112,
  "n_response_tokens": 1797,
  "sandbox_stdout": "",
  "parent_value": 2.631093589113891,
  "parent_is_seed": false
}