{
  "step": 14,
  "group": 2,
  "rollout": 63,
  "reward": 2.6221923084532563,
  "raw_score": 2.6221923084532563,
  "valid": true,
  "parsed": true,
  "ran": true,
  "msg": "ok",
  "advantage": -0.06966918290314739,
  "beta": 165.31181104022232,
  "n_response_tokens": 2395,
  "sandbox_stdout": "",
  "parent_value": 2.631286133296219,
  "parent_is_seed": false
}