{
  "step": 14,
  "group": 2,
  "rollout": 61,
  "reward": 2.624672865721091,
  "raw_score": 2.624672865721091,
  "valid": true,
  "parsed": true,
  "ran": true,
  "msg": "ok",
  "advantage": 0.41250432634711665,
  "beta": 165.31181104022232,
  "n_response_tokens": 2626,
  "sandbox_stdout": "",
  "parent_value": 2.631286133296219,
  "parent_is_seed": false
}