{
  "step": 14,
  "group": 1,
  "rollout": 21,
  "reward": 2.6154300230373906,
  "raw_score": 2.6154300230373906,
  "valid": true,
  "parsed": true,
  "ran": true,
  "msg": "ok",
  "advantage": -0.6166890302984795,
  "beta": 147.00695476487843,
  "n_response_tokens": 2375,
  "sandbox_stdout": "",
  "parent_value": 2.6342924020867633,
  "parent_is_seed": false
}