{
  "step": 14,
  "group": 1,
  "rollout": 14,
  "reward": 2.5775678991334368,
  "raw_score": 2.5775678991334368,
  "valid": true,
  "parsed": true,
  "ran": true,
  "msg": "ok",
  "advantage": -0.9985423751073957,
  "beta": 147.00695476487843,
  "n_response_tokens": 2382,
  "sandbox_stdout": "",
  "parent_value": 2.6342924020867633,
  "parent_is_seed": false
}