{
  "step": 14,
  "group": 5,
  "rollout": 0,
  "reward": 2.626083971996194,
  "raw_score": 2.626083971996194,
  "valid": true,
  "parsed": true,
  "ran": true,
  "msg": "ok",
  "advantage": 0.2127068889844943,
  "beta": 330.1787897961112,
  "n_response_tokens": 1787,
  "sandbox_stdout": "",
  "parent_value": 2.631093589113891,
  "parent_is_seed": false
}