{
  "step": 14,
  "group": 1,
  "rollout": 59,
  "reward": 2.6221324932608594,
  "raw_score": 2.6221324932608594,
  "valid": true,
  "parsed": true,
  "ran": true,
  "msg": "ok",
  "advantage": 0.03734744691387215,
  "beta": 147.00695476487843,
  "n_response_tokens": 2026,
  "sandbox_stdout": "",
  "parent_value": 2.6342924020867633,
  "parent_is_seed": false
}