{
  "step": 14,
  "group": 3,
  "rollout": 48,
  "reward": 2.626293702988294,
  "raw_score": 2.626293702988294,
  "valid": true,
  "parsed": true,
  "ran": true,
  "msg": "ok",
  "advantage": 0.18309156009990568,
  "beta": 377.72882555797867,
  "n_response_tokens": 1863,
  "sandbox_stdout": "",
  "parent_value": 2.6310935891139033,
  "parent_is_seed": false
}