{
  "step": 14,
  "group": 6,
  "rollout": 42,
  "reward": 2.627322625951019,
  "raw_score": 2.627322625951019,
  "valid": true,
  "parsed": true,
  "ran": true,
  "msg": "ok",
  "advantage": 1.987530135887102,
  "beta": 1.0236538911030855,
  "n_response_tokens": 2078,
  "sandbox_stdout": "",
  "parent_value": 2.6310935891138896,
  "parent_is_seed": false
}