{
  "step": 14,
  "group": 1,
  "rollout": 33,
  "reward": 2.6168716968296044,
  "raw_score": 2.6168716968296044,
  "valid": true,
  "parsed": true,
  "ran": true,
  "msg": "ok",
  "advantage": -0.5255197418575592,
  "beta": 147.00695476487843,
  "n_response_tokens": 1923,
  "sandbox_stdout": "",
  "parent_value": 2.6342924020867633,
  "parent_is_seed": false
}