{
  "step": 14,
  "group": 1,
  "rollout": 37,
  "reward": 2.6213036008301964,
  "raw_score": 2.6213036008301964,
  "valid": true,
  "parsed": true,
  "ran": true,
  "msg": "ok",
  "advantage": -0.08339003142609447,
  "beta": 147.00695476487843,
  "n_response_tokens": 2852,
  "sandbox_stdout": "",
  "parent_value": 2.6342924020867633,
  "parent_is_seed": false
}