{
  "step": 14,
  "group": 0,
  "rollout": 14,
  "reward": 2.6179416710765895,
  "raw_score": 2.6179416710765895,
  "valid": true,
  "parsed": true,
  "ran": true,
  "msg": "ok",
  "advantage": -0.6222413714179004,
  "beta": 184.82978422688453,
  "n_response_tokens": 2602,
  "sandbox_stdout": "",
  "parent_value": 2.634292402086837,
  "parent_is_seed": false
}