{
  "step": 14,
  "group": 1,
  "rollout": 56,
  "reward": 2.634292402086723,
  "raw_score": 2.634292402086723,
  "valid": true,
  "parsed": true,
  "ran": true,
  "msg": "ok",
  "advantage": 5.75124470525727,
  "beta": 147.00695476487843,
  "n_response_tokens": 2476,
  "sandbox_stdout": "",
  "parent_value": 2.6342924020867633,
  "parent_is_seed": false
}