{
  "step": 14,
  "group": 0,
  "rollout": 27,
  "reward": 2.628212418165346,
  "raw_score": 2.628212418165346,
  "valid": true,
  "parsed": true,
  "ran": true,
  "msg": "ok",
  "advantage": 1.6102855410214088,
  "beta": 184.82978422688453,
  "n_response_tokens": 2093,
  "sandbox_stdout": "",
  "parent_value": 2.634292402086837,
  "parent_is_seed": false
}