{
  "step": 14,
  "group": 3,
  "rollout": 21,
  "reward": 2.6249653368992405,
  "raw_score": 2.6249653368992405,
  "valid": true,
  "parsed": true,
  "ran": true,
  "msg": "ok",
  "advantage": -0.28895031910975166,
  "beta": 377.72882555797867,
  "n_response_tokens": 1753,
  "sandbox_stdout": "",
  "parent_value": 2.6310935891139033,
  "parent_is_seed": false
}