{
  "step": 14,
  "group": 3,
  "rollout": 31,
  "reward": 2.6274424473965463,
  "raw_score": 2.6274424473965463,
  "valid": true,
  "parsed": true,
  "ran": true,
  "msg": "ok",
  "advantage": 0.8446688001684615,
  "beta": 377.72882555797867,
  "n_response_tokens": 1883,
  "sandbox_stdout": "",
  "parent_value": 2.6310935891139033,
  "parent_is_seed": false
}