{
  "step": 14,
  "group": 2,
  "rollout": 13,
  "reward": 2.628434530184799,
  "raw_score": 2.628434530184799,
  "valid": true,
  "parsed": true,
  "ran": true,
  "msg": "ok",
  "advantage": 1.6824646591356833,
  "beta": 165.31181104022232,
  "n_response_tokens": 2356,
  "sandbox_stdout": "",
  "parent_value": 2.631286133296219,
  "parent_is_seed": false
}