{
  "step": 14,
  "group": 1,
  "rollout": 52,
  "reward": 2.6221050036494997,
  "raw_score": 2.6221050036494997,
  "valid": true,
  "parsed": true,
  "ran": true,
  "msg": "ok",
  "advantage": 0.03309521015728811,
  "beta": 147.00695476487843,
  "n_response_tokens": 2213,
  "sandbox_stdout": "",
  "parent_value": 2.6342924020867633,
  "parent_is_seed": false
}