{
  "step": 14,
  "group": 4,
  "rollout": 62,
  "reward": 2.6278466300468906,
  "raw_score": 2.6278466300468906,
  "valid": true,
  "parsed": true,
  "ran": true,
  "msg": "ok",
  "advantage": -0.018640376651608115,
  "beta": 333.0132375540612,
  "n_response_tokens": 2146,
  "sandbox_stdout": "",
  "parent_value": 2.631093589113897,
  "parent_is_seed": false
}