{
  "step": 14,
  "group": 1,
  "rollout": 23,
  "reward": 2.6147898718376656,
  "raw_score": 2.6147898718376656,
  "valid": true,
  "parsed": true,
  "ran": true,
  "msg": "ok",
  "advantage": -0.6513063983420548,
  "beta": 147.00695476487843,
  "n_response_tokens": 2592,
  "sandbox_stdout": "",
  "parent_value": 2.6342924020867633,
  "parent_is_seed": false
}