{
  "step": 14,
  "group": 5,
  "rollout": 61,
  "reward": 2.6252170863766793,
  "raw_score": 2.6252170863766793,
  "valid": true,
  "parsed": true,
  "ran": true,
  "msg": "ok",
  "advantage": -0.09348903591407742,
  "beta": 330.1787897961112,
  "n_response_tokens": 1763,
  "sandbox_stdout": "",
  "parent_value": 2.631093589113891,
  "parent_is_seed": false
}