{
  "step": 14,
  "group": 7,
  "rollout": 48,
  "reward": 2.5967193429905393,
  "raw_score": 2.5967193429905393,
  "valid": true,
  "parsed": true,
  "ran": true,
  "msg": "ok",
  "advantage": -0.9999842268481304,
  "beta": 357.9095459698342,
  "n_response_tokens": 2607,
  "sandbox_stdout": "",
  "parent_value": 2.6310935891138847,
  "parent_is_seed": false
}