{
  "step": 14,
  "group": 2,
  "rollout": 23,
  "reward": 2.6241380564967542,
  "raw_score": 2.6241380564967542,
  "valid": true,
  "parsed": true,
  "ran": true,
  "msg": "ok",
  "advantage": 0.2905372959892043,
  "beta": 165.31181104022232,
  "n_response_tokens": 1661,
  "sandbox_stdout": "",
  "parent_value": 2.631286133296219,
  "parent_is_seed": false
}