{
  "step": 14,
  "group": 5,
  "rollout": 31,
  "reward": 2.6258529362952587,
  "raw_score": 2.6258529362952587,
  "valid": true,
  "parsed": true,
  "ran": true,
  "msg": "ok",
  "advantage": 0.12205192164017187,
  "beta": 330.1787897961112,
  "n_response_tokens": 1739,
  "sandbox_stdout": "",
  "parent_value": 2.631093589113891,
  "parent_is_seed": false
}