{
  "step": 14,
  "group": 0,
  "rollout": 60,
  "reward": 2.6298680523878297,
  "raw_score": 2.6298680523878297,
  "valid": true,
  "parsed": true,
  "ran": true,
  "msg": "ok",
  "advantage": 2.598129588113167,
  "beta": 184.82978422688453,
  "n_response_tokens": 2371,
  "sandbox_stdout": "",
  "parent_value": 2.634292402086837,
  "parent_is_seed": false
}