{
  "step": 14,
  "group": 2,
  "rollout": 41,
  "reward": 2.611806503566433,
  "raw_score": 2.611806503566433,
  "valid": true,
  "parsed": true,
  "ran": true,
  "msg": "ok",
  "advantage": -0.8348916075580487,
  "beta": 165.31181104022232,
  "n_response_tokens": 2140,
  "sandbox_stdout": "",
  "parent_value": 2.631286133296219,
  "parent_is_seed": false
}