{
  "step": 14,
  "group": 7,
  "rollout": 3,
  "reward": 2.6278466300468404,
  "raw_score": 2.6278466300468404,
  "valid": true,
  "parsed": true,
  "ran": true,
  "msg": "ok",
  "advantage": 0.10623067741027437,
  "beta": 357.9095459698342,
  "n_response_tokens": 2159,
  "sandbox_stdout": "",
  "parent_value": 2.6310935891138847,
  "parent_is_seed": false
}