{
  "step": 14,
  "group": 7,
  "rollout": 60,
  "reward": 2.626464214266464,
  "raw_score": 2.626464214266464,
  "valid": true,
  "parsed": true,
  "ran": true,
  "msg": "ok",
  "advantage": -0.33011635709853215,
  "beta": 357.9095459698342,
  "n_response_tokens": 2075,
  "sandbox_stdout": "",
  "parent_value": 2.6310935891138847,
  "parent_is_seed": false
}