{
  "step": 14,
  "group": 0,
  "rollout": 38,
  "reward": 2.6278466300468053,
  "raw_score": 2.6278466300468053,
  "valid": true,
  "parsed": true,
  "ran": true,
  "msg": "ok",
  "advantage": 1.4330511920487439,
  "beta": 184.82978422688453,
  "n_response_tokens": 2509,
  "sandbox_stdout": "",
  "parent_value": 2.634292402086837,
  "parent_is_seed": false
}