{
  "step": 15,
  "group": 1,
  "rollout": 6,
  "reward": 0.03608814404760917,
  "raw_score": 0.03608814404760917,
  "valid": true,
  "parsed": true,
  "ran": true,
  "msg": "ok",
  "advantage": -1.0,
  "beta": 75.2637944289261,
  "n_response_tokens": 3146,
  "sandbox_stdout": "Validation Failed: Circle 0 at (0.1,0.1) r=1.0 outside unit square\nValidation Failed: Circle 0 at (0.1,0.08333333333333333) r=1.0 outside unit square\nValidation Failed: Circle 0 at (0.8975902936609357,0.5984708851666248) r=1.0 outside unit square\nValidation Failed: Circle 0 at (0.0038604331854389384,-0.02761836583098448) r=0.0 outside unit square\nValidation Failed: Circle 1 at (-0.0006168019572762376,-0.02485163151204576) r=0.0 outside unit square\nValidation Failed: Circle 2 at (-0.012601889596145936,0.010800445225391052) r=0.0 outside unit square\nValidation Failed: Circle 3 at (-0.01834497363832758,0.008289560778364277) r=0.0 outside unit square\nValidation Failed: Circle 4 at (-0.02683815558721421,-0.04882888555426961) r=0.0 outside unit square\nValidation Failed: Circle 5 at (-0.0070226916881467455,-0.032368444124947826) r=0.0 outside unit square\nValidation Failed: Circle 6 at (-0.02182643684596244,0.019458579104486465) r=0.0 outside unit square\nValidation Failed: Circle 7 at (0.028297361492614248,-0.009816040159324226) r=0.0 outside unit square\nValidation Failed: Circle 10 at (0.02985277261536909,-0.016563043668203013) r=0.0 outside unit square\nValidation Failed: Circle 11 at (-0.013431124888925353,0.017983703786308536) r=0.0 outside unit square\nValidation Failed: Circle 13 at (-0.005745796416379068,0.04098530223771259) r=0.0 outside unit square\nValidation Failed: Circle 14 at (-0.030725438103455793,0.032698899822044075) r=0.0 outside unit square\nValidation Failed: Circle 15 at (0.02239828206491641,-0.02519956213465301) r=0.0 outside unit square\nValidation Failed: Circle 17 at (0.0018046292652548618,-0.00461771818038631) r=0.0 outside unit square\nValidation Failed: Circle 19 at (0.03641987425125452,-0.042549127315534965) r=0.0 outside unit square\nValidation Failed: Circle 22 at (0.00852693514138908,-0.03153105658712888) r=0.0 outside unit square\nValidation Failed: Circle 24 at (-0.01302607669160804,0.018980184574995757) r=0.0 outside unit square\nValidation Failed:",
  "parent_value": 2.4711446619869326,
  "parent_is_seed": false
}