{
  "step": 15,
  "group": 3,
  "rollout": 21,
  "reward": 2.4707136070508424,
  "raw_score": 2.4707136070508424,
  "valid": true,
  "parsed": true,
  "ran": true,
  "msg": "ok",
  "advantage": 1.3784925980480658,
  "beta": 3.622178165342811,
  "n_response_tokens": 2917,
  "sandbox_stdout": "Validation Failed: Circle 4 at (1.0631950817121594,1.0117206359560986) r=0.0 outside unit square\nValidation Failed: Circle 0 at (0.8476082003516017,1.0025626735889714) r=0.0 outside unit square\nValidation Failed: Circle 0 at (1.0283172320166538,0.8642256758175224) r=0.0 outside unit square\n",
  "parent_value": 2.4707136070508424,
  "parent_is_seed": false
}