{
  "step": 15,
  "group": 2,
  "rollout": 21,
  "reward": 1.949999999999999,
  "raw_score": 1.949999999999999,
  "valid": true,
  "parsed": true,
  "ran": true,
  "msg": "ok",
  "advantage": -1.0,
  "beta": 76.28085571618453,
  "n_response_tokens": 2522,
  "sandbox_stdout": "",
  "parent_value": 2.4707136070508424,
  "parent_is_seed": false
}