{
  "step": 15,
  "group": 3,
  "rollout": 2,
  "reward": 2.4707136070508424,
  "raw_score": 2.4707136070508424,
  "valid": true,
  "parsed": true,
  "ran": true,
  "msg": "ok",
  "advantage": 1.3784925980480658,
  "beta": 3.622178165342811,
  "n_response_tokens": 2421,
  "sandbox_stdout": "Validation Failed: Circle 0 at (-0.2835613966757422,-0.40663017111371214) r=0.0 outside unit square\n",
  "parent_value": 2.4707136070508424,
  "parent_is_seed": false
}