{
  "step": 15,
  "group": 0,
  "rollout": 14,
  "reward": 2.4707136070508424,
  "raw_score": 2.4707136070508424,
  "valid": true,
  "parsed": true,
  "ran": true,
  "msg": "ok",
  "advantage": 0.5635140568810559,
  "beta": 164.28528222842235,
  "n_response_tokens": 2546,
  "sandbox_stdout": "",
  "parent_value": 2.4735371235559267,
  "parent_is_seed": false
}