{
  "step": 15,
  "group": 0,
  "rollout": 23,
  "reward": 1.9168081667805168,
  "raw_score": 1.9168081667805168,
  "valid": true,
  "parsed": true,
  "ran": true,
  "msg": "ok",
  "advantage": -1.0,
  "beta": 164.28528222842235,
  "n_response_tokens": 2597,
  "sandbox_stdout": "",
  "parent_value": 2.4735371235559267,
  "parent_is_seed": false
}