{
  "step": 15,
  "group": 0,
  "rollout": 22,
  "reward": 2.476764630166502,
  "raw_score": 2.476764630166502,
  "valid": true,
  "parsed": true,
  "ran": true,
  "msg": "ok",
  "advantage": 3.777942565307236,
  "beta": 164.28528222842235,
  "n_response_tokens": 3082,
  "sandbox_stdout": "Validation Failed: Circle 5 at (1.1,0.1) r=0.0 outside unit square\nValidation Failed: Circle 4 at (0.9047373744371972,-0.006127701172697099) r=0.0 outside unit square\n",
  "parent_value": 2.4735371235559267,
  "parent_is_seed": false
}