{
  "step": 15,
  "group": 3,
  "rollout": 23,
  "reward": 0.04996190258253134,
  "raw_score": 0.04996190258253134,
  "valid": true,
  "parsed": true,
  "ran": true,
  "msg": "ok",
  "advantage": -0.9996646448081052,
  "beta": 3.622178165342811,
  "n_response_tokens": 3190,
  "sandbox_stdout": "Validation Failed: Circle 0 at (0.0625,0.0625) r=0.6427472900285278 outside unit square\nValidation Failed: Circle 0 at (0.1,0.1) r=0.321937968770588 outside unit square\nValidation Failed: Circle 0 at (0.05758381321965145,0.3435537615223818) r=0.2807116535887284 outside unit square\nValidation Failed: Circle 4 at (0.5771256592473244,0.5909959711370497) r=0.6103065837848554 outside unit square\nValidation Failed: Circle 2 at (1.0072995626462142,0.048956419435763544) r=0.0 outside unit square\nValidation Failed: Circle 4 at (-0.024659140117107414,0.006516868170077027) r=0.0 outside unit square\nValidation Failed: Circle 5 at (0.030070471435623414,-0.0009904267881265943) r=0.0 outside unit square\nValidation Failed: Circle 6 at (-0.030739143343160205,-0.03899066239301511) r=0.0 outside unit square\nValidation Failed: Circle 7 at (0.02019763676500294,-0.03968102358056524) r=0.0 outside unit square\nValidation Failed: Circle 8 at (-0.015709085815231116,-0.031221376299741223) r=0.0 outside unit square\nValidation Failed: Circle 10 at (-0.014181213827579357,0.047213076897460904) r=0.0 outside unit square\nValidation Failed: Circle 11 at (0.02922848398987081,-0.013832639990040342) r=0.0 outside unit square\nValidation Failed: Circle 12 at (-0.03978699172283021,-0.016932443418990882) r=0.0 outside unit square\nValidation Failed: Circle 13 at (-0.007916344426993613,0.04413221670660761) r=0.0 outside unit square\nValidation Failed: Circle 14 at (-0.023467966250163053,0.010900827936932492) r=0.0 outside unit square\nValidation Failed: Circle 16 at (0.027083806322563048,-0.019324634033872447) r=0.0 outside unit square\nValidation Failed: Circle 17 at (-0.041158090190933076,0.02393828190051127) r=0.0 outside unit square\nValidation Failed: Circle 18 at (0.005841964860746271,-0.037844000122126076) r=0.0 outside unit square\nValidation Failed: Circle 20 at (-0.00918185947491549,0.0285812595515738) r=0.0 outside unit square\nValidation Failed: Circle 21 at (0.048633059206151213,-0.034974296894433925)",
  "parent_value": 2.4707136070508424,
  "parent_is_seed": false
}