{
  "step": 15,
  "group": 3,
  "rollout": 0,
  "reward": 1.2000000000000002,
  "raw_score": 1.2000000000000002,
  "valid": true,
  "parsed": true,
  "ran": true,
  "msg": "ok",
  "advantage": -0.9783716881503756,
  "beta": 3.622178165342811,
  "n_response_tokens": 2711,
  "sandbox_stdout": "",
  "parent_value": 2.4707136070508424,
  "parent_is_seed": false
}