{
  "step": 15,
  "group": 1,
  "rollout": 5,
  "reward": 0.02157140545963063,
  "raw_score": 0.02157140545963063,
  "valid": true,
  "parsed": true,
  "ran": true,
  "msg": "ok",
  "advantage": -1.0,
  "beta": 75.2637944289261,
  "n_response_tokens": 3157,
  "sandbox_stdout": "Validation Failed: Circle 4 at (1.125,0.1) r=0.0 outside unit square\nValidation Failed: Circle 3 at (1.0499999999999998,0.15) r=0.0 outside unit square\nValidation Failed: Circle 0 at (0.0,0.0) r=1.0 outside unit square\nValidation Failed: Circle 0 at (0.02846569796797041,-0.027636197668216247) r=0.0 outside unit square\nValidation Failed: Circle 1 at (0.026355506480881363,-0.007162244958218211) r=0.0 outside unit square\nValidation Failed: Circle 2 at (0.02375007321696515,-0.04601860896230471) r=0.0 outside unit square\nValidation Failed: Circle 3 at (0.030694956260874914,-0.030982549044597497) r=0.0 outside unit square\nValidation Failed: Circle 4 at (-0.020282312759718403,0.009985870255722548) r=0.0 outside unit square\nValidation Failed: Circle 5 at (0.010432130625938826,-0.0013822830896408553) r=0.0 outside unit square\nValidation Failed: Circle 6 at (-0.018474049864488508,-0.04275993519968857) r=0.0 outside unit square\nValidation Failed: Circle 8 at (0.02279397392696403,-0.035559363205842215) r=0.0 outside unit square\nValidation Failed: Circle 9 at (-0.021835581916978132,-0.022397361894969693) r=0.0 outside unit square\nValidation Failed: Circle 10 at (0.03665895546390106,-0.04214508913800853) r=0.0 outside unit square\nValidation Failed: Circle 11 at (-0.0067578515774785325,-0.0043198110359374126) r=0.0 outside unit square\nValidation Failed: Circle 12 at (-0.027016062016056386,-0.025084220432844917) r=0.0 outside unit square\nValidation Failed: Circle 13 at (-0.00838717153500762,-0.035896539139607456) r=0.0 outside unit square\nValidation Failed: Circle 14 at (-0.017787776372231223,0.0002689990268892606) r=0.0 outside unit square\nValidation Failed: Circle 15 at (-0.01895911354513198,0.016946789011719393) r=0.0 outside unit square\nValidation Failed: Circle 17 at (-0.013368640496952813,0.012846555016303121) r=0.0 outside unit square\nValidation Failed: Circle 19 at (-0.042645934170418676,-0.006896602493223228) r=0.0 outside unit square\nValidation Failed: Circle 21 at (-0.01",
  "parent_value": 2.4711446619869326,
  "parent_is_seed": false
}