{
  "step": 15,
  "group": 3,
  "rollout": 10,
  "reward": 2.470710678118657,
  "raw_score": 2.470710678118657,
  "valid": true,
  "parsed": true,
  "ran": true,
  "msg": "ok",
  "advantage": 1.3784647550411346,
  "beta": 3.622178165342811,
  "n_response_tokens": 2728,
  "sandbox_stdout": "Validation Failed: Circle 3 at (0.7000000000000001,0.1) r=0.4335337104677126 outside unit square\nValidation Failed: Circle 2 at (0.5,0.1) r=0.3761309275399628 outside unit square\nValidation Failed: Circle 1 at (0.30000000000000004,0.1) r=0.3761309275399628 outside unit square\nValidation Failed: Circle 1 at (0.30000000000000004,0.1) r=0.15316459752735367 outside unit square\nValidation Failed: Circle 1 at (0.30000000000000004,0.1) r=0.3368395108385538 outside unit square\nValidation Failed: Circle 1 at (0.30000000000000004,0.1) r=0.15316459752735367 outside unit square\nValidation Failed: Circle 1 at (0.30000000000000004,0.1) r=0.3368395108385538 outside unit square\nValidation Failed: Circle 1 at (0.30000000000000004,0.1) r=0.3368395108385538 outside unit square\nValidation Failed: Circle 1 at (0.30000000000000004,0.1) r=0.3368395108385538 outside unit square\nValidation Failed: Circle 1 at (0.30000000000000004,0.1) r=0.3368395108385538 outside unit square\nValidation Failed: Circle 1 at (0.30000000000000004,0.1) r=0.3368395108385538 outside unit square\nValidation Failed: Circle 1 at (0.30000000000000004,0.1) r=0.15316459752735367 outside unit square\nValidation Failed: Circle 1 at (0.30000000000000004,0.1) r=0.3368395108385538 outside unit square\nValidation Failed: Circle 1 at (0.30000000000000004,0.1) r=0.15316459752735367 outside unit square\nValidation Failed: Circle 1 at (0.30000000000000004,0.1) r=0.3368395108385538 outside unit square\nValidation Failed: Circle 1 at (0.30000000000000004,0.1) r=0.3368395108385538 outside unit square\nValidation Failed: Circle 1 at (0.30000000000000004,0.1) r=0.3368395108385538 outside unit square\nValidation Failed: Circle 1 at (0.30000000000000004,0.1) r=0.15316459752735367 outside unit square\nValidation Failed: Circle 1 at (0.30000000000000004,0.1) r=0.3368395108385538 outside unit square\nValidation Failed: Circle 1 at (0.30000000000000004,0.1) r=0.3368395108385538 outside unit square\nValidation Failed: Circle 1 at (0.30000000000000004,",
  "parent_value": 2.4707136070508424,
  "parent_is_seed": false
}