{
  "step": 15,
  "group": 2,
  "rollout": 10,
  "reward": 2.4707136070508424,
  "raw_score": 2.4707136070508424,
  "valid": true,
  "parsed": true,
  "ran": true,
  "msg": "ok",
  "advantage": 1.2237958139006357,
  "beta": 76.28085571618453,
  "n_response_tokens": 2542,
  "sandbox_stdout": "Validation Failed: Circle 4 at (1.1,0.1) r=0.0 outside unit square\nValidation Failed: Circle 3 at (1.0499999999999998,0.15) r=0.0 outside unit square\n",
  "parent_value": 2.4707136070508424,
  "parent_is_seed": false
}