{
  "step": 15,
  "group": 2,
  "rollout": 0,
  "reward": 7.151698722049582e-16,
  "raw_score": 7.151698722049582e-16,
  "valid": true,
  "parsed": true,
  "ran": true,
  "msg": "ok",
  "advantage": -1.0,
  "beta": 76.28085571618453,
  "n_response_tokens": 2891,
  "sandbox_stdout": "Validation Failed: Circle 9 has negative radius -3.469446951953614e-18\nValidation Failed: Circle 1 has negative radius -1.3877787807814457e-17\nValidation Failed: Circle 5 has negative radius -1.3877787807814457e-17\nValidation Failed: Circle 3 has negative radius -1.2947745631729235e-17\nValidation Failed: Circle 5 has negative radius -9.508791865876776e-18\nValidation Failed: Circle 1 has negative radius -1.3877787807814457e-17\nValidation Failed: Circle 4 has negative radius -4.608410799743208e-18\nValidation Failed: Circle 4 has negative radius -4.608410799743208e-18\nValidation Failed: Circle 1 has negative radius -1.3877787807814457e-17\nValidation Failed: Circle 12 has negative radius -3.9810548520952116e-19\nValidation Failed: Circle 11 has negative radius -1.3877787807814457e-17\nValidation Failed: Circle 12 has negative radius -7.703719777548943e-34\n",
  "parent_value": 2.4707136070508424,
  "parent_is_seed": false
}