{
  "step": 15,
  "group": 3,
  "rollout": 7,
  "reward": 2.4707136070508424,
  "raw_score": 2.4707136070508424,
  "valid": true,
  "parsed": true,
  "ran": true,
  "msg": "ok",
  "advantage": 1.3784925980480658,
  "beta": 3.622178165342811,
  "n_response_tokens": 2980,
  "sandbox_stdout": "Validation Failed: Circle 3 at (1.0499999999999998,0.15) r=0.0 outside unit square\n",
  "parent_value": 2.4707136070508424,
  "parent_is_seed": false
}