{
  "step": 15,
  "group": 2,
  "rollout": 5,
  "reward": 2.4707136070508424,
  "raw_score": 2.4707136070508424,
  "valid": true,
  "parsed": true,
  "ran": true,
  "msg": "ok",
  "advantage": 1.2237958139006357,
  "beta": 76.28085571618453,
  "n_response_tokens": 3089,
  "sandbox_stdout": "Validation Failed: Circle 4 at (1.125,0.125) r=0.0 outside unit square\n",
  "parent_value": 2.4707136070508424,
  "parent_is_seed": false
}