{
  "step": 15,
  "group": 3,
  "rollout": 6,
  "reward": 2.013756833563859,
  "raw_score": 2.013756833563859,
  "valid": true,
  "parsed": true,
  "ran": true,
  "msg": "ok",
  "advantage": -0.5806508542096769,
  "beta": 3.622178165342811,
  "n_response_tokens": 2477,
  "sandbox_stdout": "Validation Failed: Circle 23 at (1.0127074991860483,0.557103077180652) r=0.0 outside unit square\nValidation Failed: Circle 19 at (1.0402462286824248,0.4806650703646092) r=0.0 outside unit square\nValidation Failed: Circle 11 at (1.0056737970678138,0.24580828275018174) r=0.0 outside unit square\n",
  "parent_value": 2.4707136070508424,
  "parent_is_seed": false
}