{
  "step": 15,
  "group": 2,
  "rollout": 12,
  "reward": 2.4707136070508424,
  "raw_score": 2.4707136070508424,
  "valid": true,
  "parsed": true,
  "ran": true,
  "msg": "ok",
  "advantage": 1.2237958139006357,
  "beta": 76.28085571618453,
  "n_response_tokens": 2718,
  "sandbox_stdout": "Validation Failed: Circle 7 at (1.1666666666666667,0.16666666666666666) r=0.0 outside unit square\n",
  "parent_value": 2.4707136070508424,
  "parent_is_seed": false
}