{
  "step": 1,
  "group": 0,
  "rollout": 19,
  "reward": 2.569538343458276,
  "raw_score": 2.569538343458276,
  "valid": true,
  "parsed": true,
  "ran": true,
  "msg": "ok",
  "advantage": 1.2587490274703246,
  "beta": 1.4770830470871283,
  "n_response_tokens": 1419,
  "sandbox_stdout": "",
  "parent_value": 2.551805405197651,
  "parent_is_seed": false
}