{
  "step": 1,
  "group": 1,
  "rollout": 61,
  "reward": 0.6293309580797442,
  "raw_score": 0.6293309580797442,
  "valid": true,
  "parsed": true,
  "ran": true,
  "msg": "ok",
  "advantage": -0.38853337571708113,
  "beta": 1.2432787607953066,
  "n_response_tokens": 2082,
  "sandbox_stdout": "",
  "parent_value": 1.854542857142857,
  "parent_is_seed": false
}