{
  "step": 1,
  "group": 0,
  "rollout": 44,
  "reward": 0.0,
  "raw_score": null,
  "valid": false,
  "parsed": true,
  "ran": true,
  "msg": "Circle 0 at (0.6873239480702789,0.06752462286980435) r=0.9958929483206438 outside unit square",
  "advantage": -0.9509569910174567,
  "beta": 1.4770830470871283,
  "n_response_tokens": 1617,
  "sandbox_stdout": "",
  "parent_value": 2.551805405197651,
  "parent_is_seed": false
}