{
  "step": 1,
  "group": 1,
  "rollout": 23,
  "reward": 0.0,
  "raw_score": null,
  "valid": false,
  "parsed": true,
  "ran": true,
  "msg": "Circle 15 at (0.6256497661102929,0.896952416752894) r=0.1249 outside unit square",
  "advantage": -0.721846545663088,
  "beta": 1.2432787607953066,
  "n_response_tokens": 1767,
  "sandbox_stdout": "Warning: Packing validation failed: Circle 15 at (0.6256497661102929,0.896952416752894) r=0.1249 outside unit square\n",
  "parent_value": 1.854542857142857,
  "parent_is_seed": false
}