{
  "step": 1,
  "group": 4,
  "rollout": 40,
  "reward": 0.0,
  "raw_score": null,
  "valid": false,
  "parsed": true,
  "ran": false,
  "msg": "run_failed: Invalid packing: Circle 0 at (0.06401614493342656,0.20910213447042003) r=0.49418644180686977 outside unit square",
  "advantage": -0.40976430939866193,
  "beta": 13.18250286788035,
  "n_response_tokens": 1366,
  "sandbox_stdout": "",
  "parent_value": 0.1,
  "parent_is_seed": false
}