{
  "step": 1,
  "group": 1,
  "rollout": 40,
  "reward": 1.5599998919383584,
  "raw_score": 1.5599998919383584,
  "valid": true,
  "parsed": true,
  "ran": true,
  "msg": "ok",
  "advantage": 0.986904800887384,
  "beta": 1.2432787607953066,
  "n_response_tokens": 1089,
  "sandbox_stdout": "",
  "parent_value": 1.854542857142857,
  "parent_is_seed": false
}