{
  "step": 1,
  "group": 0,
  "rollout": 24,
  "reward": 2.5380695303899956,
  "raw_score": 2.5380695303899956,
  "valid": true,
  "parsed": true,
  "ran": true,
  "msg": "ok",
  "advantage": 1.1526551134786818,
  "beta": 1.4770830470871283,
  "n_response_tokens": 1400,
  "sandbox_stdout": "",
  "parent_value": 2.551805405197651,
  "parent_is_seed": false
}