{
  "step": 1,
  "group": 3,
  "rollout": 49,
  "reward": 0.0,
  "raw_score": 0.0,
  "valid": true,
  "parsed": true,
  "ran": true,
  "msg": "ok",
  "advantage": -0.5120064921451162,
  "beta": 1.8378378281819603,
  "n_response_tokens": 1497,
  "sandbox_stdout": "Optimization failed: Circle 4 at (1.0,0.11088287021654843) r=0.03199951607921625 outside unit square\n",
  "parent_value": 1.1392304845412538,
  "parent_is_seed": false
}