{
  "step": 1,
  "group": 2,
  "rollout": 57,
  "reward": 0.0,
  "raw_score": 0.0,
  "valid": true,
  "parsed": true,
  "ran": true,
  "msg": "ok",
  "advantage": -0.4492601625833159,
  "beta": 1.5262621187822571,
  "n_response_tokens": 1032,
  "sandbox_stdout": "Validation failed: Circle 21 at (0.014937955323085172,0.5108425225620024) r=0.047777957434592636 outside unit square\n",
  "parent_value": 1.3000000000000003,
  "parent_is_seed": false
}