{
  "step": 13,
  "group": 6,
  "rollout": 13,
  "reward": 2.6054161429677785,
  "raw_score": 2.6054161429677785,
  "valid": true,
  "parsed": true,
  "ran": true,
  "msg": "ok",
  "advantage": -1.0,
  "beta": 2887.4772213549463,
  "n_response_tokens": 2185,
  "sandbox_stdout": "",
  "parent_value": 2.6313496673385925,
  "parent_is_seed": false
}