{
  "step": 13,
  "group": 2,
  "rollout": 7,
  "reward": 2.620897766400806,
  "raw_score": 2.620897766400806,
  "valid": true,
  "parsed": true,
  "ran": true,
  "msg": "ok",
  "advantage": -0.8632893281850502,
  "beta": 248.2094468338841,
  "n_response_tokens": 1694,
  "sandbox_stdout": "",
  "parent_value": 2.6323260072585617,
  "parent_is_seed": false
}