{
  "step": 13,
  "group": 2,
  "rollout": 15,
  "reward": 2.6091811342954774,
  "raw_score": 2.6091811342954774,
  "valid": true,
  "parsed": true,
  "ran": true,
  "msg": "ok",
  "advantage": -0.9925542860818636,
  "beta": 248.2094468338841,
  "n_response_tokens": 2238,
  "sandbox_stdout": "",
  "parent_value": 2.6323260072585617,
  "parent_is_seed": false
}