{
  "step": 13,
  "group": 4,
  "rollout": 11,
  "reward": 2.569640883172989,
  "raw_score": 2.569640883172989,
  "valid": true,
  "parsed": true,
  "ran": true,
  "msg": "ok",
  "advantage": -1.0,
  "beta": 2543.1784749169046,
  "n_response_tokens": 1943,
  "sandbox_stdout": "Invalid packing: Circle 1 at (0.9999876206820455,0.9999900975984175) r=0.9999876206820455 outside unit square\nInvalid packing: Circle 0 at (1.0,1.0) r=1.0 outside unit square\n",
  "parent_value": 2.6323260072585617,
  "parent_is_seed": false
}