{
  "step": 13,
  "group": 3,
  "rollout": 54,
  "reward": 0.0,
  "raw_score": 0.0,
  "valid": true,
  "parsed": true,
  "ran": true,
  "msg": "ok",
  "advantage": -1.0,
  "beta": 1048576.0,
  "n_response_tokens": 2050,
  "sandbox_stdout": "Invalid packing: Circle 0 at (0.13333333333333333,0.13333333333333333) r=1.0 outside unit square\nInvalid packing: Circle 0 at (0.14285714285714288,0.14285714285714288) r=1.0 outside unit square\nInvalid packing: Circle 0 at (0.23809523809523808,0.23809523809523808) r=0.9999999939225289 outside unit square\nInvalid packing: Circle 0 at (0.14196131379858887,0.8476492687063253) r=0.9999999939225293 outside unit square\nInvalid packing: Circle 0 at (0.7144306109354623,0.5953588424462186) r=1.0 outside unit square\n",
  "parent_value": 2.631334365159044,
  "parent_is_seed": false
}