{
  "step": 13,
  "group": 3,
  "rollout": 42,
  "reward": 2.631334192618713,
  "raw_score": 2.631334192618713,
  "valid": true,
  "parsed": true,
  "ran": true,
  "msg": "ok",
  "advantage": 0.15337019007462982,
  "beta": 1048576.0,
  "n_response_tokens": 2075,
  "sandbox_stdout": "",
  "parent_value": 2.631334365159044,
  "parent_is_seed": false
}