{
  "step": 13,
  "group": 4,
  "rollout": 54,
  "reward": 2.5991727432126384,
  "raw_score": 2.5991727432126384,
  "valid": true,
  "parsed": true,
  "ran": true,
  "msg": "ok",
  "advantage": -1.0,
  "beta": 2543.1784749169046,
  "n_response_tokens": 2051,
  "sandbox_stdout": "",
  "parent_value": 2.6323260072585617,
  "parent_is_seed": false
}