{
  "step": 13,
  "group": 6,
  "rollout": 48,
  "reward": 2.629728644323057,
  "raw_score": 2.629728644323057,
  "valid": true,
  "parsed": true,
  "ran": true,
  "msg": "ok",
  "advantage": -0.9812590807312939,
  "beta": 2887.4772213549463,
  "n_response_tokens": 2074,
  "sandbox_stdout": "Invalid packing: Circle 22 at (0.4388157827215094,0.1281152908585637) r=0.1281153161025274 outside unit square\nInvalid packing: Circle 5 at (0.5174441846986377,0.14275623837144344) r=0.14336583284783444 outside unit square\n",
  "parent_value": 2.6313496673385925,
  "parent_is_seed": false
}