{
  "step": 13,
  "group": 4,
  "rollout": 18,
  "reward": 2.6079671192977134,
  "raw_score": 2.6079671192977134,
  "valid": true,
  "parsed": true,
  "ran": true,
  "msg": "ok",
  "advantage": -1.0,
  "beta": 2543.1784749169046,
  "n_response_tokens": 2350,
  "sandbox_stdout": "Invalid packing: Circle 2 at (0.0,0.0) r=1.0 outside unit square\n",
  "parent_value": 2.6323260072585617,
  "parent_is_seed": false
}