{
  "step": 4,
  "group": 6,
  "rollout": 51,
  "reward": 2.4767844038019113,
  "raw_score": 2.4767844038019113,
  "valid": true,
  "parsed": true,
  "ran": true,
  "msg": "ok",
  "advantage": 1.8229210025641311,
  "beta": 1.0275115689032301,
  "n_response_tokens": 1923,
  "sandbox_stdout": "",
  "parent_value": 2.5832959904543173,
  "parent_is_seed": false
}