{
  "step": 4,
  "group": 7,
  "rollout": 49,
  "reward": 0.0,
  "raw_score": null,
  "valid": false,
  "parsed": true,
  "ran": false,
  "msg": "run_failed: Validation failed: Circle 0 at (0.09742336115010901,0.09742336115011302) r=0.09742336115111848 outside unit square",
  "advantage": -0.7113413704338922,
  "beta": 0.9716440211054167,
  "n_response_tokens": 1846,
  "sandbox_stdout": "",
  "parent_value": 2.5829926653200252,
  "parent_is_seed": false
}