{
  "step": 4,
  "group": 3,
  "rollout": 13,
  "reward": 0.0,
  "raw_score": null,
  "valid": false,
  "parsed": true,
  "ran": false,
  "msg": "run_failed: Validation failed: Circle 0 at (0.07112696048868046,0.07112696048868025) r=0.07112696048968849 outside unit square",
  "advantage": -0.6260401096063333,
  "beta": 0.9427881529597587,
  "n_response_tokens": 1905,
  "sandbox_stdout": "",
  "parent_value": 2.6035808140123198,
  "parent_is_seed": false
}