{
  "step": 4,
  "group": 1,
  "rollout": 10,
  "reward": 0.0,
  "raw_score": null,
  "valid": false,
  "parsed": true,
  "ran": false,
  "msg": "run_failed: Validation failed: Circle 0 at (0.10633353163908604,0.26287832344501255) r=0.10633353164008831 outside unit square",
  "advantage": -0.6257794649705792,
  "beta": 0.9520817919481573,
  "n_response_tokens": 1652,
  "sandbox_stdout": "",
  "parent_value": 2.61328264173952,
  "parent_is_seed": false
}