{
  "step": 4,
  "group": 7,
  "rollout": 62,
  "reward": 2.5656368982404025,
  "raw_score": 2.5656368982404025,
  "valid": true,
  "parsed": true,
  "ran": true,
  "msg": "ok",
  "advantage": 2.6786814632230995,
  "beta": 0.9716440211054167,
  "n_response_tokens": 1527,
  "sandbox_stdout": "",
  "parent_value": 2.5829926653200252,
  "parent_is_seed": false
}