{
  "step": 4,
  "group": 2,
  "rollout": 9,
  "reward": 2.594973021619235,
  "raw_score": 2.594973021619235,
  "valid": true,
  "parsed": true,
  "ran": true,
  "msg": "ok",
  "advantage": 1.3568703842406733,
  "beta": 1.3798000022528,
  "n_response_tokens": 2071,
  "sandbox_stdout": "",
  "parent_value": 2.6039529595352793,
  "parent_is_seed": false
}