{
  "step": 4,
  "group": 5,
  "rollout": 4,
  "reward": 2.5967225918149186,
  "raw_score": 2.5967225918149186,
  "valid": true,
  "parsed": true,
  "ran": true,
  "msg": "ok",
  "advantage": 1.2964817685261765,
  "beta": 1.4698819678441584,
  "n_response_tokens": 1786,
  "sandbox_stdout": "",
  "parent_value": 2.603050842971071,
  "parent_is_seed": false
}