{
  "step": 4,
  "group": 1,
  "rollout": 26,
  "reward": 0.0,
  "raw_score": null,
  "valid": false,
  "parsed": true,
  "ran": false,
  "msg": "run_failed: Validation failed: Circle 12 at (0.8646782529136272,0.43494393878687115) r=0.13532174708737355 outside unit square",
  "advantage": -0.6257794649705792,
  "beta": 0.9520817919481573,
  "n_response_tokens": 2102,
  "sandbox_stdout": "",
  "parent_value": 2.61328264173952,
  "parent_is_seed": false
}