{
  "step": 4,
  "group": 0,
  "rollout": 53,
  "reward": 2.599087126745835,
  "raw_score": 2.599087126745835,
  "valid": true,
  "parsed": true,
  "ran": true,
  "msg": "ok",
  "advantage": 2.313120247823863,
  "beta": 0.9769404984055128,
  "n_response_tokens": 1783,
  "sandbox_stdout": "",
  "parent_value": 2.614135433847097,
  "parent_is_seed": false
}