{
  "step": 4,
  "group": 2,
  "rollout": 49,
  "reward": 2.5910213138856304,
  "raw_score": 2.5910213138856304,
  "valid": true,
  "parsed": true,
  "ran": true,
  "msg": "ok",
  "advantage": 1.3435776125691592,
  "beta": 1.3798000022528,
  "n_response_tokens": 1921,
  "sandbox_stdout": "",
  "parent_value": 2.6039529595352793,
  "parent_is_seed": false
}