{
  "step": 4,
  "group": 7,
  "rollout": 47,
  "reward": 0.0,
  "raw_score": null,
  "valid": false,
  "parsed": true,
  "ran": false,
  "msg": "run_failed: Validation failed: Circle 0 at (0.16118507394195503,0.1611850739419548) r=0.16118507394295606 outside unit square",
  "advantage": -0.7113413704338922,
  "beta": 0.9716440211054167,
  "n_response_tokens": 1785,
  "sandbox_stdout": "",
  "parent_value": 2.5829926653200252,
  "parent_is_seed": false
}