{
  "step": 4,
  "group": 7,
  "rollout": 9,
  "reward": 2.609005048527398,
  "raw_score": 2.609005048527398,
  "valid": true,
  "parsed": true,
  "ran": true,
  "msg": "ok",
  "advantage": 2.846674737090568,
  "beta": 0.9716440211054167,
  "n_response_tokens": 1979,
  "sandbox_stdout": "",
  "parent_value": 2.5829926653200252,
  "parent_is_seed": false
}