{
  "step": 4,
  "group": 3,
  "rollout": 30,
  "reward": 0.0,
  "raw_score": null,
  "valid": false,
  "parsed": true,
  "ran": false,
  "msg": "run_failed: Validation failed: Circle 0 at (0.14555873740783457,0.1455587374078332) r=0.1455587374088424 outside unit square",
  "advantage": -0.6260401096063333,
  "beta": 0.9427881529597587,
  "n_response_tokens": 1633,
  "sandbox_stdout": "",
  "parent_value": 2.6035808140123198,
  "parent_is_seed": false
}