{
  "step": 4,
  "group": 1,
  "rollout": 41,
  "reward": 0.0,
  "raw_score": null,
  "valid": false,
  "parsed": true,
  "ran": false,
  "msg": "run_failed: Validation failed: Circle 0 at (0.11089664872142656,0.11089664872142811) r=0.11089664872243273 outside unit square",
  "advantage": -0.6257794649705792,
  "beta": 0.9520817919481573,
  "n_response_tokens": 1861,
  "sandbox_stdout": "",
  "parent_value": 2.61328264173952,
  "parent_is_seed": false
}