{
  "step": 4,
  "group": 3,
  "rollout": 16,
  "reward": 0.0,
  "raw_score": null,
  "valid": false,
  "parsed": true,
  "ran": false,
  "msg": "run_failed: Validation failed: Circle 1 at (0.14373011192243557,0.14373011192243415) r=0.14373012192243365 outside unit square",
  "advantage": -0.6260401096063333,
  "beta": 0.9427881529597587,
  "n_response_tokens": 1994,
  "sandbox_stdout": "",
  "parent_value": 2.6035808140123198,
  "parent_is_seed": false
}