{
  "step": 4,
  "group": 3,
  "rollout": 44,
  "reward": 0.0,
  "raw_score": null,
  "valid": false,
  "parsed": true,
  "ran": false,
  "msg": "run_failed: Validation failed: Circle 10 at (0.1142930826078469,0.8857069173921187) r=0.11429308260887734 outside unit square",
  "advantage": -0.6260401096063333,
  "beta": 0.9427881529597587,
  "n_response_tokens": 2061,
  "sandbox_stdout": "",
  "parent_value": 2.6035808140123198,
  "parent_is_seed": false
}