{
  "step": 4,
  "group": 1,
  "rollout": 47,
  "reward": 0.0,
  "raw_score": null,
  "valid": false,
  "parsed": true,
  "ran": false,
  "msg": "run_failed: Validation failed: Circle 0 at (0.14269511442265154,0.14269511442265165) r=0.14269611442265628 outside unit square",
  "advantage": -0.6257794649705792,
  "beta": 0.9520817919481573,
  "n_response_tokens": 2065,
  "sandbox_stdout": "",
  "parent_value": 2.61328264173952,
  "parent_is_seed": false
}