{
  "step": 4,
  "group": 2,
  "rollout": 42,
  "reward": 2.5928811198012514,
  "raw_score": 2.5928811198012514,
  "valid": true,
  "parsed": true,
  "ran": true,
  "msg": "ok",
  "advantage": 1.3498239340575795,
  "beta": 1.3798000022528,
  "n_response_tokens": 1745,
  "sandbox_stdout": "",
  "parent_value": 2.6039529595352793,
  "parent_is_seed": false
}