{
  "step": 4,
  "group": 5,
  "rollout": 50,
  "reward": 2.6029056631811196,
  "raw_score": 2.6029056631811196,
  "valid": true,
  "parsed": true,
  "ran": true,
  "msg": "ok",
  "advantage": 1.3182197155270878,
  "beta": 1.4698819678441584,
  "n_response_tokens": 1827,
  "sandbox_stdout": "",
  "parent_value": 2.603050842971071,
  "parent_is_seed": false
}