{
  "step": 4,
  "group": 2,
  "rollout": 5,
  "reward": 2.6041965494295303,
  "raw_score": 2.6041965494295303,
  "valid": true,
  "parsed": true,
  "ran": true,
  "msg": "ok",
  "advantage": 1.3882013820509416,
  "beta": 1.3798000022528,
  "n_response_tokens": 2357,
  "sandbox_stdout": "",
  "parent_value": 2.6039529595352793,
  "parent_is_seed": false
}