{
  "step": 4,
  "group": 1,
  "rollout": 29,
  "reward": 2.5000000000154423,
  "raw_score": 2.5000000000154423,
  "valid": true,
  "parsed": true,
  "ran": true,
  "msg": "ok",
  "advantage": 3.294411482171526,
  "beta": 0.9520817919481573,
  "n_response_tokens": 2014,
  "sandbox_stdout": "",
  "parent_value": 2.61328264173952,
  "parent_is_seed": false
}