{
  "step": 4,
  "group": 0,
  "rollout": 6,
  "reward": 0.0,
  "raw_score": null,
  "valid": false,
  "parsed": true,
  "ran": false,
  "msg": "run_failed: Validation failed: Circle 0 at (0.08040189770842569,0.0804018977084254) r=0.08040189770942567 outside unit square",
  "advantage": -0.7505669309495429,
  "beta": 0.9769404984055128,
  "n_response_tokens": 2032,
  "sandbox_stdout": "",
  "parent_value": 2.614135433847097,
  "parent_is_seed": false
}