{
  "step": 4,
  "group": 4,
  "rollout": 56,
  "reward": 2.584349917764856,
  "raw_score": 2.584349917764856,
  "valid": true,
  "parsed": true,
  "ran": true,
  "msg": "ok",
  "advantage": 2.6298830636896566,
  "beta": 0.9600441127621979,
  "n_response_tokens": 1760,
  "sandbox_stdout": "",
  "parent_value": 2.6035808140123198,
  "parent_is_seed": false
}