{
  "step": 4,
  "group": 1,
  "rollout": 38,
  "reward": 2.565536183001676,
  "raw_score": 2.565536183001676,
  "valid": true,
  "parsed": true,
  "ran": true,
  "msg": "ok",
  "advantage": 3.5910497837115036,
  "beta": 0.9520817919481573,
  "n_response_tokens": 2040,
  "sandbox_stdout": "",
  "parent_value": 2.61328264173952,
  "parent_is_seed": false
}