{
  "step": 4,
  "group": 0,
  "rollout": 23,
  "reward": 0.0,
  "raw_score": null,
  "valid": false,
  "parsed": true,
  "ran": false,
  "msg": "run_failed: Validation failed: Circle 0 at (0.11269144816101334,0.11269144816029301) r=0.11269144816222963 outside unit square",
  "advantage": -0.7505669309495429,
  "beta": 0.9769404984055128,
  "n_response_tokens": 1854,
  "sandbox_stdout": "",
  "parent_value": 2.614135433847097,
  "parent_is_seed": false
}