{
  "step": 4,
  "group": 4,
  "rollout": 29,
  "reward": 0.0,
  "raw_score": null,
  "valid": false,
  "parsed": true,
  "ran": false,
  "msg": "run_failed: Validation failed: Circle 5 at (0.8774233298461808,0.12257667015373683) r=0.12257667015481588 outside unit square",
  "advantage": -0.7115807995833047,
  "beta": 0.9600441127621979,
  "n_response_tokens": 1856,
  "sandbox_stdout": "",
  "parent_value": 2.6035808140123198,
  "parent_is_seed": false
}