{
  "step": 4,
  "group": 2,
  "rollout": 33,
  "reward": 2.486677551634256,
  "raw_score": 2.486677551634256,
  "valid": true,
  "parsed": true,
  "ran": true,
  "msg": "ok",
  "advantage": 1.0192566661425988,
  "beta": 1.3798000022528,
  "n_response_tokens": 1859,
  "sandbox_stdout": "",
  "parent_value": 2.6039529595352793,
  "parent_is_seed": false
}