{
  "step": 4,
  "group": 3,
  "rollout": 4,
  "reward": 0.0,
  "raw_score": null,
  "valid": false,
  "parsed": true,
  "ran": false,
  "msg": "run_failed: Validation failed: Circle 0 at (0.20119513388541996,0.07029674339233066) r=0.07029674339333435 outside unit square",
  "advantage": -0.6260401096063333,
  "beta": 0.9427881529597587,
  "n_response_tokens": 1936,
  "sandbox_stdout": "",
  "parent_value": 2.6035808140123198,
  "parent_is_seed": false
}