{
  "step": 4,
  "group": 2,
  "rollout": 41,
  "reward": 2.586868650477081,
  "raw_score": 2.586868650477081,
  "valid": true,
  "parsed": true,
  "ran": true,
  "msg": "ok",
  "advantage": 1.3296925240789017,
  "beta": 1.3798000022528,
  "n_response_tokens": 2083,
  "sandbox_stdout": "",
  "parent_value": 2.6039529595352793,
  "parent_is_seed": false
}