{
  "step": 4,
  "group": 7,
  "rollout": 6,
  "reward": 2.590442944134822,
  "raw_score": 2.590442944134822,
  "valid": true,
  "parsed": true,
  "ran": true,
  "msg": "ok",
  "advantage": 2.773800356769256,
  "beta": 0.9716440211054167,
  "n_response_tokens": 1939,
  "sandbox_stdout": "",
  "parent_value": 2.5829926653200252,
  "parent_is_seed": false
}