{
  "step": 7,
  "group": 0,
  "rollout": 27,
  "reward": 2.6302148014238265,
  "raw_score": 2.6302148014238265,
  "valid": true,
  "parsed": true,
  "ran": true,
  "msg": "ok",
  "advantage": 2.915147312189849,
  "beta": 36.72471302453343,
  "n_response_tokens": 1775,
  "sandbox_stdout": "",
  "parent_value": 2.628212418165273,
  "parent_is_seed": false
}