{
  "step": 10,
  "group": 0,
  "rollout": 3,
  "reward": 2.4707136070508424,
  "raw_score": 2.4707136070508424,
  "valid": true,
  "parsed": true,
  "ran": true,
  "msg": "ok",
  "advantage": 1.7137525976763248,
  "beta": 1.5557418481749579,
  "n_response_tokens": 3661,
  "sandbox_stdout": "Validation Failed: Circle 25 at (-0.044590862245545954,-0.03337374245681333) r=0.0 outside unit square\n",
  "parent_value": 2.4717216974505014,
  "parent_is_seed": false
}