{
  "step": 10,
  "group": 0,
  "rollout": 21,
  "reward": 2.4283449252175457,
  "raw_score": 2.4283449252175457,
  "valid": true,
  "parsed": true,
  "ran": true,
  "msg": "ok",
  "advantage": 1.521665001151789,
  "beta": 1.5557418481749579,
  "n_response_tokens": 3624,
  "sandbox_stdout": "",
  "parent_value": 2.4717216974505014,
  "parent_is_seed": false
}