{
  "step": 10,
  "group": 1,
  "rollout": 15,
  "reward": 2.470710678118657,
  "raw_score": 2.470710678118657,
  "valid": true,
  "parsed": true,
  "ran": true,
  "msg": "ok",
  "advantage": 0.9166666675555104,
  "beta": 1048576.0,
  "n_response_tokens": 2582,
  "sandbox_stdout": "Validation Failed: Circle 0 at (0.08333333333333333,0.08333333333333333) r=1.0 outside unit square\nValidation Failed: Circle 0 at (0.08333333333333333,0.08333333333333333) r=1.0 outside unit square\nValidation Failed: Circle 25 at (1.05,0.05) r=0.0 outside unit square\nValidation Failed: Circle 25 has negative radius -0.050000000000000044\nValidation Failed: Circle 0 at (0.05,0.05) r=1.0 outside unit square\nValidation Failed: Circle 0 at (0.05,0.05) r=1.0 outside unit square\nValidation Failed: Circle 0 at (0.39576604248405667,0.9151034676941419) r=1.0 outside unit square\nValidation Failed: Circle 0 at (0.39576604248405667,0.9151034676941419) r=1.0 outside unit square\nValidation Failed: Circle 1 at (0.1,0.30000000000000004) r=1.0 outside unit square\nValidation Failed: Circle 0 at (0.1,0.1) r=1.0 outside unit square\nValidation Failed: Circle 0 at (0.0,0.0) r=1.0 outside unit square\nValidation Failed: Circle 0 at (0.0,0.0) r=1.0 outside unit square\nValidation Failed: Circle 0 at (0.0,0.0) r=1.0 outside unit square\nValidation Failed: Circle 0 at (0.0,0.0) r=0.999999993922529 outside unit square\nValidation Failed: Circle 0 at (0.0,0.16666) r=1.0 outside unit square\nValidation Failed: Circle 0 at (0.0,0.16666) r=0.9999999994736442 outside unit square\nValidation Failed: Circle 0 at (0.0,0.0) r=1.0 outside unit square\nValidation Failed: Circle 0 at (0.0,0.0) r=1.0 outside unit square\n",
  "parent_value": 2.470710678118657,
  "parent_is_seed": false
}