{
  "step": 10,
  "group": 0,
  "rollout": 19,
  "reward": 2.4707136070508424,
  "raw_score": 2.4707136070508424,
  "valid": true,
  "parsed": true,
  "ran": true,
  "msg": "ok",
  "advantage": 1.7137525976763248,
  "beta": 1.5557418481749579,
  "n_response_tokens": 3591,
  "sandbox_stdout": "Validation Failed: Circle 25 at (0.1,1.1) r=0.0 outside unit square\nValidation Failed: Circle 5 at (1.1,0.1) r=0.0 outside unit square\nValidation Failed: Circle 4 at (1.125,0.125) r=0.0 outside unit square\nValidation Failed: Circle 25 at (1.0159909006775953,1.0048079574848217) r=0.0 outside unit square\nValidation Failed: Circle 25 at (0.9883197651979723,1.0049811497919678) r=0.0 outside unit square\nValidation Failed: Circle 25 at (0.9961885626135853,1.0002106378210445) r=0.0 outside unit square\n",
  "parent_value": 2.4717216974505014,
  "parent_is_seed": false
}