{
  "step": 3,
  "group": 0,
  "rollout": 2,
  "reward": 0.78,
  "raw_score": 0.78,
  "valid": true,
  "parsed": true,
  "ran": true,
  "msg": "ok",
  "advantage": -0.04791462097663213,
  "beta": 2.2662377522560733,
  "n_response_tokens": 1571,
  "sandbox_stdout": "Validation failed: Circle 1 at (0.1,0.4377499074759311) r=0.3641696800871167 outside unit square\n",
  "parent_value": 1.3000000000000003,
  "parent_is_seed": false
}