{
  "step": 3,
  "group": 0,
  "rollout": 6,
  "reward": 1.3000000000000003,
  "raw_score": 1.3000000000000003,
  "valid": true,
  "parsed": true,
  "ran": true,
  "msg": "ok",
  "advantage": 3.4572470393469343,
  "beta": 2.2662377522560733,
  "n_response_tokens": 2530,
  "sandbox_stdout": "Packing valid: 1.3000000000000003\n",
  "parent_value": 1.3000000000000003,
  "parent_is_seed": false
}