{
  "step": 9,
  "group": 6,
  "rollout": 17,
  "reward": 2.6340630825581934,
  "raw_score": 2.6340630825581934,
  "valid": true,
  "parsed": true,
  "ran": true,
  "msg": "ok",
  "advantage": 14.299122083531104,
  "beta": 586.0201839876087,
  "n_response_tokens": 2452,
  "sandbox_stdout": "",
  "parent_value": 2.6301563071897585,
  "parent_is_seed": false
}