{
  "step": 2,
  "group": 2,
  "rollout": 55,
  "reward": 0.0,
  "raw_score": null,
  "valid": false,
  "parsed": true,
  "ran": true,
  "msg": "Circle 0 at (0.08333333333333333,0.1) r=0.3 outside unit square",
  "advantage": -0.8809763276743205,
  "beta": 1.2161732321494676,
  "n_response_tokens": 1950,
  "sandbox_stdout": "Warning: Packing validation failed: Circle 0 at (0.08333333333333333,0.1) r=70894626.10920598 outside unit square\n",
  "parent_value": 2.545810179915727,
  "parent_is_seed": false
}