{
  "step": 2,
  "group": 0,
  "rollout": 59,
  "reward": 2.622145221503329,
  "raw_score": 2.622145221503329,
  "valid": true,
  "parsed": true,
  "ran": true,
  "msg": "ok",
  "advantage": 1.3157213732490396,
  "beta": 1.5843951296726195,
  "n_response_tokens": 1196,
  "sandbox_stdout": "",
  "parent_value": 2.622144904471914,
  "parent_is_seed": false
}