{
  "step": 2,
  "group": 0,
  "rollout": 8,
  "reward": 2.6180522248327867,
  "raw_score": 2.6180522248327867,
  "valid": true,
  "parsed": true,
  "ran": true,
  "msg": "ok",
  "advantage": 1.30020615908527,
  "beta": 1.5843951296726195,
  "n_response_tokens": 1253,
  "sandbox_stdout": "",
  "parent_value": 2.622144904471914,
  "parent_is_seed": false
}