{
  "step": 2,
  "group": 2,
  "rollout": 46,
  "reward": 2.5483002989751755,
  "raw_score": 2.5483002989751755,
  "valid": true,
  "parsed": true,
  "ran": true,
  "msg": "ok",
  "advantage": 1.74993767296878,
  "beta": 1.2161732321494676,
  "n_response_tokens": 2797,
  "sandbox_stdout": "",
  "parent_value": 2.545810179915727,
  "parent_is_seed": false
}