{
  "step": 2,
  "group": 0,
  "rollout": 43,
  "reward": 0.0,
  "raw_score": null,
  "valid": false,
  "parsed": true,
  "ran": false,
  "msg": "run_failed: Circle 0 at (5.5973421069310415e-05,6.110977513282589e-05) r=0.1179942134313808 is outside unit square",
  "advantage": -0.964927374550219,
  "beta": 1.5843951296726195,
  "n_response_tokens": 1303,
  "sandbox_stdout": "",
  "parent_value": 2.622144904471914,
  "parent_is_seed": false
}