{
  "step": 2,
  "group": 3,
  "rollout": 44,
  "reward": 0.6500000000002384,
  "raw_score": 0.6500000000002384,
  "valid": true,
  "parsed": true,
  "ran": true,
  "msg": "ok",
  "advantage": 0.3995131057174568,
  "beta": 1.384493225546122,
  "n_response_tokens": 1181,
  "sandbox_stdout": "",
  "parent_value": 2.166666666640483,
  "parent_is_seed": false
}