{
  "step": 2,
  "group": 1,
  "rollout": 54,
  "reward": 2.6210076936255473,
  "raw_score": 2.6210076936255473,
  "valid": true,
  "parsed": true,
  "ran": true,
  "msg": "ok",
  "advantage": 1.2358195204849367,
  "beta": 1.7501912714926589,
  "n_response_tokens": 1683,
  "sandbox_stdout": "",
  "parent_value": 2.6165756447228885,
  "parent_is_seed": false
}