{
  "step": 2,
  "group": 2,
  "rollout": 12,
  "reward": 0.0,
  "raw_score": null,
  "valid": false,
  "parsed": true,
  "ran": true,
  "msg": "Circle 0 at (0.3704343949564092,0.8002439999801454) r=0.2 outside unit square",
  "advantage": -0.8809763276743205,
  "beta": 1.2161732321494676,
  "n_response_tokens": 1970,
  "sandbox_stdout": "Warning: Packing validation failed: Circle 1 at (0.6706874999811508,0.9270435988240092) r=0.07295640118126494 outside unit square\n",
  "parent_value": 2.545810179915727,
  "parent_is_seed": false
}