{
  "step": 2,
  "group": 6,
  "rollout": 23,
  "reward": 0.0,
  "raw_score": 0.0,
  "valid": true,
  "parsed": true,
  "ran": true,
  "msg": "ok",
  "advantage": -0.7359244110176444,
  "beta": 1.5869352764104063,
  "n_response_tokens": 1493,
  "sandbox_stdout": "Optimization failed: Circle 3 at (1.05,0.3) r=1.9614860033797935e-14 outside unit square\n",
  "parent_value": 1.4899999999998343,
  "parent_is_seed": false
}