{
  "step": 2,
  "group": 1,
  "rollout": 27,
  "reward": 2.6068778016867578,
  "raw_score": 2.6068778016867578,
  "valid": true,
  "parsed": true,
  "ran": true,
  "msg": "ok",
  "advantage": 1.179316539236313,
  "beta": 1.7501912714926589,
  "n_response_tokens": 1493,
  "sandbox_stdout": "",
  "parent_value": 2.6165756447228885,
  "parent_is_seed": false
}