{
  "step": 2,
  "group": 4,
  "rollout": 18,
  "reward": 0.0,
  "raw_score": null,
  "valid": false,
  "parsed": true,
  "ran": true,
  "msg": "Circles 0 and 4 overlap",
  "advantage": -0.7951537615271086,
  "beta": 1.2483034118529464,
  "n_response_tokens": 1577,
  "sandbox_stdout": "Warning: Packing validation failed: Circle 0 at (0.1084105242494173,0.128682056486343) r=0.13844773880416983 outside unit square\n",
  "parent_value": 2.16666617524131,
  "parent_is_seed": false
}