{
  "step": 2,
  "group": 4,
  "rollout": 61,
  "reward": 0.0,
  "raw_score": null,
  "valid": false,
  "parsed": true,
  "ran": true,
  "msg": "Circle 2 at (0.1,1.0) r=0.05 outside unit square",
  "advantage": -0.7951537615271086,
  "beta": 1.2483034118529464,
  "n_response_tokens": 1653,
  "sandbox_stdout": "Warning: Packing validation failed: Circle 2 at (0.13284071699180824,1.0) r=0.13515401424698137 outside unit square\n",
  "parent_value": 2.16666617524131,
  "parent_is_seed": false
}