{
  "step": 2,
  "group": 2,
  "rollout": 2,
  "reward": 2.1664066666666666,
  "raw_score": 2.1664066666666666,
  "valid": true,
  "parsed": true,
  "ran": true,
  "msg": "ok",
  "advantage": 0.7007048911888596,
  "beta": 1.2161732321494676,
  "n_response_tokens": 1725,
  "sandbox_stdout": "Warning: Packing validation failed: Circles 1 and 6 overlap\n",
  "parent_value": 2.545810179915727,
  "parent_is_seed": false
}