{
  "step": 2,
  "group": 0,
  "rollout": 38,
  "reward": 2.6180526378949915,
  "raw_score": 2.6180526378949915,
  "valid": true,
  "parsed": true,
  "ran": true,
  "msg": "ok",
  "advantage": 1.3002077194275445,
  "beta": 1.5843951296726195,
  "n_response_tokens": 1174,
  "sandbox_stdout": "",
  "parent_value": 2.622144904471914,
  "parent_is_seed": false
}