{
  "step": 5,
  "group": 2,
  "rollout": 17,
  "reward": 2.493582149210134,
  "raw_score": 2.493582149210134,
  "valid": true,
  "parsed": true,
  "ran": true,
  "msg": "ok",
  "advantage": -0.8963228709734251,
  "beta": 24.746471399309357,
  "n_response_tokens": 2141,
  "sandbox_stdout": "",
  "parent_value": 2.6188644648357524,
  "parent_is_seed": false
}