{
  "step": 5,
  "group": 2,
  "rollout": 3,
  "reward": 2.6096820576489073,
  "raw_score": 2.6096820576489073,
  "valid": true,
  "parsed": true,
  "ran": true,
  "msg": "ok",
  "advantage": 0.9833926723043795,
  "beta": 24.746471399309357,
  "n_response_tokens": 2478,
  "sandbox_stdout": "",
  "parent_value": 2.6188644648357524,
  "parent_is_seed": false
}