{
  "step": 5,
  "group": 3,
  "rollout": 18,
  "reward": 2.61300985482955,
  "raw_score": 2.61300985482955,
  "valid": true,
  "parsed": true,
  "ran": true,
  "msg": "ok",
  "advantage": 2.248668967864697,
  "beta": 1.0270997783433002,
  "n_response_tokens": 1974,
  "sandbox_stdout": "",
  "parent_value": 2.618344464690378,
  "parent_is_seed": false
}