{
  "step": 5,
  "group": 0,
  "rollout": 17,
  "reward": 2.6030208208446086,
  "raw_score": 2.6030208208446086,
  "valid": true,
  "parsed": true,
  "ran": true,
  "msg": "ok",
  "advantage": 1.3526890205649345,
  "beta": 1.643270727600189,
  "n_response_tokens": 1817,
  "sandbox_stdout": "",
  "parent_value": 2.6265818871819047,
  "parent_is_seed": false
}