{
  "step": 5,
  "group": 1,
  "rollout": 8,
  "reward": 0.0,
  "raw_score": null,
  "valid": false,
  "parsed": true,
  "ran": true,
  "msg": "bad_centers_shape: (0,)",
  "advantage": -0.9994485972897162,
  "beta": 3.117031648116154,
  "n_response_tokens": 1803,
  "sandbox_stdout": "Validation failed: Circle 0 at (0.07611631537270927,0.07611631537294336) r=1.0 outside unit square\n",
  "parent_value": 2.623489242000623,
  "parent_is_seed": false
}