{
  "step": 5,
  "group": 3,
  "rollout": 15,
  "reward": 0.0,
  "raw_score": null,
  "valid": false,
  "parsed": true,
  "ran": true,
  "msg": "bad_centers_shape: (0,)",
  "advantage": -0.8039152384236408,
  "beta": 1.0270997783433002,
  "n_response_tokens": 1934,
  "sandbox_stdout": "Validation failed: Circle 0 at (0.139169378829542,0.8581533009938579) r=0.13916938882954197 outside unit square\n",
  "parent_value": 2.618344464690378,
  "parent_is_seed": false
}