{
  "step": 5,
  "group": 3,
  "rollout": 17,
  "reward": 2.603301837868557,
  "raw_score": 2.603301837868557,
  "valid": true,
  "parsed": true,
  "ran": true,
  "msg": "ok",
  "advantage": 2.211935960497722,
  "beta": 1.0270997783433002,
  "n_response_tokens": 1960,
  "sandbox_stdout": "",
  "parent_value": 2.618344464690378,
  "parent_is_seed": false
}