{
  "step": 5,
  "group": 2,
  "rollout": 4,
  "reward": 2.5640064915929353,
  "raw_score": 2.5640064915929353,
  "valid": true,
  "parsed": true,
  "ran": true,
  "msg": "ok",
  "advantage": -0.3948299542239795,
  "beta": 24.746471399309357,
  "n_response_tokens": 2063,
  "sandbox_stdout": "",
  "parent_value": 2.6188644648357524,
  "parent_is_seed": false
}