{
  "step": 5,
  "group": 0,
  "rollout": 4,
  "reward": 2.5550529191589435,
  "raw_score": 2.5550529191589435,
  "valid": true,
  "parsed": true,
  "ran": true,
  "msg": "ok",
  "advantage": 1.1576317047721978,
  "beta": 1.643270727600189,
  "n_response_tokens": 1521,
  "sandbox_stdout": "",
  "parent_value": 2.6265818871819047,
  "parent_is_seed": false
}