{
  "step": 5,
  "group": 3,
  "rollout": 5,
  "reward": 2.579655905378501,
  "raw_score": 2.579655905378501,
  "valid": true,
  "parsed": true,
  "ran": true,
  "msg": "ok",
  "advantage": 2.1243990312072647,
  "beta": 1.0270997783433002,
  "n_response_tokens": 1798,
  "sandbox_stdout": "",
  "parent_value": 2.618344464690378,
  "parent_is_seed": false
}