{
  "step": 5,
  "group": 0,
  "rollout": 10,
  "reward": 2.5880076434979253,
  "raw_score": 2.5880076434979253,
  "valid": true,
  "parsed": true,
  "ran": true,
  "msg": "ok",
  "advantage": 1.289649186030279,
  "beta": 1.643270727600189,
  "n_response_tokens": 1710,
  "sandbox_stdout": "",
  "parent_value": 2.6265818871819047,
  "parent_is_seed": false
}