{
  "step": 5,
  "group": 2,
  "rollout": 14,
  "reward": 0.0,
  "raw_score": null,
  "valid": false,
  "parsed": true,
  "ran": true,
  "msg": "bad_centers_shape: (0,)",
  "advantage": -1.0,
  "beta": 24.746471399309357,
  "n_response_tokens": 2788,
  "sandbox_stdout": "Validation failed in optimization: Circle 2 at (0.09584602125183386,0.7452332010223899) r=0.09584602126134746 outside unit square\nValidation failed in optimization: Circle 2 at (0.09584602125183386,0.7452332010223899) r=0.09584602126134746 outside unit square\nValidation failed in optimization: Circle 2 at (0.09584602125183386,0.7452332010223899) r=0.09584602126134746 outside unit square\nValidation failed in optimization: Circle 2 at (0.09584602125183386,0.7452332010223899) r=0.09584602126134746 outside unit square\nValidation failed in optimization: Circle 2 at (0.09584602125183386,0.7452332010223899) r=0.09584602126134746 outside unit square\nValidation failed in optimization: Circle 2 at (0.09584602125183386,0.7452332010223899) r=0.09584602126134746 outside unit square\nValidation failed in optimization: Circle 2 at (0.09584602125183386,0.7452332010223899) r=0.09584602126134746 outside unit square\nValidation failed in optimization: Circle 2 at (0.09584602125183386,0.7452332010223899) r=0.09584602126134746 outside unit square\nValidation failed in optimization: Circle 2 at (0.09584602125183386,0.7452332010223899) r=0.09584602126134746 outside unit square\nValidation failed in optimization: Circle 2 at (0.09584602125183386,0.7452332010223899) r=0.09584602126134746 outside unit square\n",
  "parent_value": 2.6188644648357524,
  "parent_is_seed": false
}