{
  "step": 7,
  "group": 6,
  "rollout": 38,
  "reward": 2.611316762984242,
  "raw_score": 2.611316762984242,
  "valid": true,
  "parsed": true,
  "ran": true,
  "msg": "ok",
  "advantage": -0.7596432817653818,
  "beta": 149.21509273341033,
  "n_response_tokens": 1694,
  "sandbox_stdout": "",
  "parent_value": 2.6310779580035875,
  "parent_is_seed": false
}