{
  "step": 7,
  "group": 3,
  "rollout": 7,
  "reward": 2.5902806919351877,
  "raw_score": 2.5902806919351877,
  "valid": true,
  "parsed": true,
  "ran": true,
  "msg": "ok",
  "advantage": -0.8517520650985632,
  "beta": 82.17260444544928,
  "n_response_tokens": 1403,
  "sandbox_stdout": "",
  "parent_value": 2.633019595706763,
  "parent_is_seed": false
}