{
  "step": 7,
  "group": 6,
  "rollout": 10,
  "reward": 2.6185465102369534,
  "raw_score": 2.6185465102369534,
  "valid": true,
  "parsed": true,
  "ran": true,
  "msg": "ok",
  "advantage": -0.2878099424862891,
  "beta": 149.21509273341033,
  "n_response_tokens": 1504,
  "sandbox_stdout": "",
  "parent_value": 2.6310779580035875,
  "parent_is_seed": false
}