{
  "step": 7,
  "group": 5,
  "rollout": 47,
  "reward": 2.6294049262492867,
  "raw_score": 2.6294049262492867,
  "valid": true,
  "parsed": true,
  "ran": true,
  "msg": "ok",
  "advantage": -0.8241742890700148,
  "beta": 1269.452774430001,
  "n_response_tokens": 2232,
  "sandbox_stdout": "",
  "parent_value": 2.631334188602859,
  "parent_is_seed": false
}