{
  "step": 7,
  "group": 4,
  "rollout": 53,
  "reward": 2.6313341923021363,
  "raw_score": 2.6313341923021363,
  "valid": true,
  "parsed": true,
  "ran": true,
  "msg": "ok",
  "advantage": 1.4235092136399143,
  "beta": 189.63465746644664,
  "n_response_tokens": 2334,
  "sandbox_stdout": "",
  "parent_value": 2.6313341923021363,
  "parent_is_seed": false
}