{
  "step": 7,
  "group": 7,
  "rollout": 56,
  "reward": 2.600870599859582,
  "raw_score": 2.600870599859582,
  "valid": true,
  "parsed": true,
  "ran": true,
  "msg": "ok",
  "advantage": -0.3962379514301527,
  "beta": 61.761133013945134,
  "n_response_tokens": 1420,
  "sandbox_stdout": "",
  "parent_value": 2.6301991816755668,
  "parent_is_seed": false
}