{
  "step": 7,
  "group": 7,
  "rollout": 43,
  "reward": 2.6048178558979207,
  "raw_score": 2.6048178558979207,
  "valid": true,
  "parsed": true,
  "ran": true,
  "msg": "ok",
  "advantage": -0.22751204221212273,
  "beta": 61.761133013945134,
  "n_response_tokens": 1491,
  "sandbox_stdout": "",
  "parent_value": 2.6301991816755668,
  "parent_is_seed": false
}