{
  "step": 7,
  "group": 5,
  "rollout": 37,
  "reward": 2.6241717025752025,
  "raw_score": 2.6241717025752025,
  "valid": true,
  "parsed": true,
  "ran": true,
  "msg": "ok",
  "advantage": -0.9997715916991055,
  "beta": 1269.452774430001,
  "n_response_tokens": 2228,
  "sandbox_stdout": "",
  "parent_value": 2.631334188602859,
  "parent_is_seed": false
}