{
  "step": 7,
  "group": 6,
  "rollout": 45,
  "reward": 2.625032663194246,
  "raw_score": 2.625032663194246,
  "valid": true,
  "parsed": true,
  "ran": true,
  "msg": "ok",
  "advantage": 0.9098897780094446,
  "beta": 149.21509273341033,
  "n_response_tokens": 1481,
  "sandbox_stdout": "",
  "parent_value": 2.6310779580035875,
  "parent_is_seed": false
}