{
  "step": 7,
  "group": 3,
  "rollout": 40,
  "reward": 2.625092119438137,
  "raw_score": 2.625092119438137,
  "valid": true,
  "parsed": true,
  "ran": true,
  "msg": "ok",
  "advantage": 1.6944829650675128,
  "beta": 82.17260444544928,
  "n_response_tokens": 1988,
  "sandbox_stdout": "",
  "parent_value": 2.633019595706763,
  "parent_is_seed": false
}