{
  "step": 7,
  "group": 1,
  "rollout": 3,
  "reward": 2.6272724783175616,
  "raw_score": 2.6272724783175616,
  "valid": true,
  "parsed": true,
  "ran": true,
  "msg": "ok",
  "advantage": 0.20709393448074964,
  "beta": 69963.92328798657,
  "n_response_tokens": 1810,
  "sandbox_stdout": "",
  "parent_value": 2.6272724783709127,
  "parent_is_seed": false
}