{
  "step": 7,
  "group": 3,
  "rollout": 32,
  "reward": 2.6124007333560413,
  "raw_score": 2.6124007333560413,
  "valid": true,
  "parsed": true,
  "ran": true,
  "msg": "ok",
  "advantage": -0.07595759906453659,
  "beta": 82.17260444544928,
  "n_response_tokens": 1993,
  "sandbox_stdout": "",
  "parent_value": 2.633019595706763,
  "parent_is_seed": false
}