{
  "step": 7,
  "group": 3,
  "rollout": 50,
  "reward": 2.6027304608810913,
  "raw_score": 2.6027304608810913,
  "valid": true,
  "parsed": true,
  "ran": true,
  "msg": "ok",
  "advantage": -0.5858959623517219,
  "beta": 82.17260444544928,
  "n_response_tokens": 1729,
  "sandbox_stdout": "",
  "parent_value": 2.633019595706763,
  "parent_is_seed": false
}