{
  "step": 7,
  "group": 4,
  "rollout": 47,
  "reward": 2.6125918518543334,
  "raw_score": 2.6125918518543334,
  "valid": true,
  "parsed": true,
  "ran": true,
  "msg": "ok",
  "advantage": -0.9331742975457737,
  "beta": 189.63465746644664,
  "n_response_tokens": 2420,
  "sandbox_stdout": "",
  "parent_value": 2.6313341923021363,
  "parent_is_seed": false
}