{
  "step": 7,
  "group": 4,
  "rollout": 48,
  "reward": 2.605783955888846,
  "raw_score": 2.605783955888846,
  "valid": true,
  "parsed": true,
  "ran": true,
  "msg": "ok",
  "advantage": -0.9816375831077966,
  "beta": 189.63465746644664,
  "n_response_tokens": 2602,
  "sandbox_stdout": "",
  "parent_value": 2.6313341923021363,
  "parent_is_seed": false
}