{
  "step": 7,
  "group": 6,
  "rollout": 61,
  "reward": 2.543280119358239,
  "raw_score": 2.543280119358239,
  "valid": true,
  "parsed": true,
  "ran": true,
  "msg": "ok",
  "advantage": -0.9999906630694955,
  "beta": 149.21509273341033,
  "n_response_tokens": 1244,
  "sandbox_stdout": "",
  "parent_value": 2.6310779580035875,
  "parent_is_seed": false
}