{
  "step": 7,
  "group": 7,
  "rollout": 39,
  "reward": 2.6161179156571728,
  "raw_score": 2.6161179156571728,
  "valid": true,
  "parsed": true,
  "ran": true,
  "msg": "ok",
  "advantage": 0.571800135822393,
  "beta": 61.761133013945134,
  "n_response_tokens": 1590,
  "sandbox_stdout": "",
  "parent_value": 2.6301991816755668,
  "parent_is_seed": false
}