{
  "step": 7,
  "group": 5,
  "rollout": 60,
  "reward": 2.629445350809277,
  "raw_score": 2.629445350809277,
  "valid": true,
  "parsed": true,
  "ran": true,
  "msg": "ok",
  "advantage": -0.8148887002012749,
  "beta": 1269.452774430001,
  "n_response_tokens": 2340,
  "sandbox_stdout": "",
  "parent_value": 2.631334188602859,
  "parent_is_seed": false
}