{
  "step": 7,
  "group": 7,
  "rollout": 41,
  "reward": 2.6070436199478633,
  "raw_score": 2.6070436199478633,
  "valid": true,
  "parsed": true,
  "ran": true,
  "msg": "ok",
  "advantage": -0.11207198182768707,
  "beta": 61.761133013945134,
  "n_response_tokens": 1683,
  "sandbox_stdout": "",
  "parent_value": 2.6301991816755668,
  "parent_is_seed": false
}