{
  "step": 7,
  "group": 2,
  "rollout": 59,
  "reward": 2.6226317244607813,
  "raw_score": 2.6226317244607813,
  "valid": true,
  "parsed": true,
  "ran": true,
  "msg": "ok",
  "advantage": -0.07157586022556417,
  "beta": 250.16960019219746,
  "n_response_tokens": 1898,
  "sandbox_stdout": "",
  "parent_value": 2.6281967896900453,
  "parent_is_seed": false
}