{
  "step": 7,
  "group": 4,
  "rollout": 41,
  "reward": 0.0,
  "raw_score": 0.0,
  "valid": true,
  "parsed": true,
  "ran": true,
  "msg": "ok",
  "advantage": -1.0,
  "beta": 189.63465746644664,
  "n_response_tokens": 2323,
  "sandbox_stdout": "Invalid packing: Circle 0 at (0.12577848737058542,0.1257784873706783) r=1.0 outside unit square\nInvalid packing: Circle 0 at (0.2255421573276866,0.27368847169883137) r=1.0 outside unit square\nInvalid packing: Circle 0 at (0.6379112141448511,0.34570606162076534) r=1.0 outside unit square\nInvalid packing: Circle 0 at (0.6354208698884667,0.6498169145026226) r=1.0 outside unit square\nInvalid packing: Circle 0 at (0.1194468859179228,0.11944688591642433) r=1.0 outside unit square\n",
  "parent_value": 2.6313341923021363,
  "parent_is_seed": false
}