{
  "step": 7,
  "group": 2,
  "rollout": 45,
  "reward": 2.618381637692595,
  "raw_score": 2.618381637692595,
  "valid": true,
  "parsed": true,
  "ran": true,
  "msg": "ok",
  "advantage": -0.6824470194626373,
  "beta": 250.16960019219746,
  "n_response_tokens": 1794,
  "sandbox_stdout": "",
  "parent_value": 2.6281967896900453,
  "parent_is_seed": false
}