{
  "step": 7,
  "group": 2,
  "rollout": 4,
  "reward": 2.624676256356012,
  "raw_score": 2.624676256356012,
  "valid": true,
  "parsed": true,
  "ran": true,
  "msg": "ok",
  "advantage": 0.5637746214390116,
  "beta": 250.16960019219746,
  "n_response_tokens": 2093,
  "sandbox_stdout": "",
  "parent_value": 2.6281967896900453,
  "parent_is_seed": false
}