{
  "step": 7,
  "group": 0,
  "rollout": 20,
  "reward": 2.6259148833085577,
  "raw_score": 2.6259148833085577,
  "valid": true,
  "parsed": true,
  "ran": true,
  "msg": "ok",
  "advantage": 1.415190631669001,
  "beta": 23.461673080965134,
  "n_response_tokens": 1588,
  "sandbox_stdout": "",
  "parent_value": 2.629075970718568,
  "parent_is_seed": false
}