{
  "step": 7,
  "group": 3,
  "rollout": 13,
  "reward": 2.617447519570046,
  "raw_score": 2.617447519570046,
  "valid": true,
  "parsed": true,
  "ran": true,
  "msg": "ok",
  "advantage": 0.4095588135012387,
  "beta": 82.17260444544928,
  "n_response_tokens": 1467,
  "sandbox_stdout": "",
  "parent_value": 2.633019595706763,
  "parent_is_seed": false
}