{
  "step": 9,
  "group": 0,
  "rollout": 21,
  "reward": 2.148753890345693,
  "raw_score": 2.148753890345693,
  "valid": true,
  "parsed": true,
  "ran": true,
  "msg": "ok",
  "advantage": 0.2588661511099728,
  "beta": 27.660384086694933,
  "n_response_tokens": 2004,
  "sandbox_stdout": "",
  "parent_value": 2.171666666666667,
  "parent_is_seed": false
}