{
  "step": 9,
  "group": 0,
  "rollout": 16,
  "reward": 2.166666666666667,
  "raw_score": 2.166666666666667,
  "valid": true,
  "parsed": true,
  "ran": true,
  "msg": "ok",
  "advantage": 1.1413054650372727,
  "beta": 27.660384086694933,
  "n_response_tokens": 1729,
  "sandbox_stdout": "",
  "parent_value": 2.171666666666667,
  "parent_is_seed": false
}