{
  "step": 9,
  "group": 0,
  "rollout": 11,
  "reward": 1.8309858445199574,
  "raw_score": 1.8309858445199574,
  "valid": true,
  "parsed": true,
  "ran": true,
  "msg": "ok",
  "advantage": -0.9998182093499596,
  "beta": 27.660384086694933,
  "n_response_tokens": 2149,
  "sandbox_stdout": "",
  "parent_value": 2.171666666666667,
  "parent_is_seed": false
}