{
  "step": 7,
  "group": 2,
  "rollout": 3,
  "reward": 2.3999999999999995,
  "raw_score": 2.3999999999999995,
  "valid": true,
  "parsed": true,
  "ran": true,
  "msg": "ok",
  "advantage": 1.7454136279870238,
  "beta": 2.16232629622232,
  "n_response_tokens": 2484,
  "sandbox_stdout": "Validation Failed: Circle 4 at (0.125,1.125) r=0.0 outside unit square\n",
  "parent_value": 2.3999999999999995,
  "parent_is_seed": false
}