{
  "step": 7,
  "group": 2,
  "rollout": 11,
  "reward": 0.0,
  "raw_score": 0.0,
  "valid": true,
  "parsed": true,
  "ran": true,
  "msg": "ok",
  "advantage": -0.9863199818546453,
  "beta": 2.16232629622232,
  "n_response_tokens": 2124,
  "sandbox_stdout": "Validation Failed: Circle 0 at (0.08333333333333333,0.08333333333333333) r=0.999999999993141 outside unit square\nValidation Failed: Circle 0 at (0.1,0.1) r=0.3723060934794115 outside unit square\n",
  "parent_value": 2.3999999999999995,
  "parent_is_seed": false
}