{
  "step": 7,
  "group": 1,
  "rollout": 1,
  "reward": 1.4756470248934028,
  "raw_score": 1.4756470248934028,
  "valid": true,
  "parsed": true,
  "ran": true,
  "msg": "ok",
  "advantage": -0.7919377048519698,
  "beta": 2.5404648169600668,
  "n_response_tokens": 1970,
  "sandbox_stdout": "Validation Failed: Circles 0 and 14 overlap\n",
  "parent_value": 2.3999999999999995,
  "parent_is_seed": false
}