{
  "step": 7,
  "group": 1,
  "rollout": 20,
  "reward": 2.3999999999999995,
  "raw_score": 2.3999999999999995,
  "valid": true,
  "parsed": true,
  "ran": true,
  "msg": "ok",
  "advantage": 1.3819172580209638,
  "beta": 2.5404648169600668,
  "n_response_tokens": 1823,
  "sandbox_stdout": "Validation Failed: Circle 2 at (1.25,0.25) r=0.0 outside unit square\n",
  "parent_value": 2.3999999999999995,
  "parent_is_seed": false
}