{
  "step": 7,
  "group": 0,
  "rollout": 18,
  "reward": 1.5750000000000002,
  "raw_score": 1.5750000000000002,
  "valid": true,
  "parsed": true,
  "ran": true,
  "msg": "ok",
  "advantage": -1.0,
  "beta": 1048576.0,
  "n_response_tokens": 2122,
  "sandbox_stdout": "Validation Failed: Circle 6 at (0.5723220081531939,1.0956253244588323) r=0.0 outside unit square\nValidation Failed: Circle 6 at (0.38366597136332936,1.0033168303478028) r=0.0 outside unit square\n",
  "parent_value": 2.400000000000002,
  "parent_is_seed": false
}