{
  "step": 7,
  "group": 2,
  "rollout": 17,
  "reward": 2.3999999999999995,
  "raw_score": 2.3999999999999995,
  "valid": true,
  "parsed": true,
  "ran": true,
  "msg": "ok",
  "advantage": 1.7454136279870238,
  "beta": 2.16232629622232,
  "n_response_tokens": 2335,
  "sandbox_stdout": "",
  "parent_value": 2.3999999999999995,
  "parent_is_seed": false
}