{
  "step": 7,
  "group": 3,
  "rollout": 19,
  "reward": 0.0,
  "raw_score": 0.0,
  "valid": true,
  "parsed": true,
  "ran": true,
  "msg": "ok",
  "advantage": -0.9939271981741176,
  "beta": 2.563184552867026,
  "n_response_tokens": 2162,
  "sandbox_stdout": "Validation Failed: Circle 0 at (0.08333333333333333,0.08333333333333333) r=1.0 outside unit square\nValidation Failed: Circle 0 at (0.08333333333333333,0.08333333333333333) r=0.9359762010197441 outside unit square\nValidation Failed: Circle 0 at (0.1,0.1) r=1.0 outside unit square\n",
  "parent_value": 2.3999999999999995,
  "parent_is_seed": false
}