{
  "step": 7,
  "group": 0,
  "rollout": 5,
  "reward": 2.3999999999999995,
  "raw_score": 2.3999999999999995,
  "valid": true,
  "parsed": true,
  "ran": true,
  "msg": "ok",
  "advantage": 0.35294117602404307,
  "beta": 1048576.0,
  "n_response_tokens": 2533,
  "sandbox_stdout": "",
  "parent_value": 2.400000000000002,
  "parent_is_seed": false
}