{
  "step": 3,
  "group": 3,
  "rollout": 4,
  "reward": 1.1074772854443045,
  "raw_score": 1.1074772854443045,
  "valid": true,
  "parsed": true,
  "ran": true,
  "msg": "ok",
  "advantage": 0.8501394180735811,
  "beta": 1.8257940601860192,
  "n_response_tokens": 2103,
  "sandbox_stdout": "",
  "parent_value": 0.7747256957557094,
  "parent_is_seed": false
}