{
  "step": 3,
  "group": 0,
  "rollout": 21,
  "reward": 0.6849606403189653,
  "raw_score": 0.6849606403189653,
  "valid": true,
  "parsed": true,
  "ran": true,
  "msg": "ok",
  "advantage": -0.005183545436543535,
  "beta": 3.1253419351084872,
  "n_response_tokens": 2201,
  "sandbox_stdout": "",
  "parent_value": 1.002448104644849,
  "parent_is_seed": false
}