{
  "step": 3,
  "group": 0,
  "rollout": 8,
  "reward": 0.0,
  "raw_score": null,
  "valid": false,
  "parsed": true,
  "ran": true,
  "msg": "bad_centers_shape: (0,)",
  "advantage": -0.8873410982397858,
  "beta": 3.1253419351084872,
  "n_response_tokens": 1677,
  "sandbox_stdout": "Validation failed: Circle 0 at (0.07434639810642199,0.07445341349270151) r=0.07435239631366913 outside unit square\n",
  "parent_value": 1.002448104644849,
  "parent_is_seed": false
}