{
  "step": 3,
  "group": 2,
  "rollout": 1,
  "reward": 0.9322077619362316,
  "raw_score": 0.9322077619362316,
  "valid": true,
  "parsed": true,
  "ran": true,
  "msg": "ok",
  "advantage": 3.799446447642337,
  "beta": 2.7483946522471103,
  "n_response_tokens": 1646,
  "sandbox_stdout": "",
  "parent_value": 0.9295198340123081,
  "parent_is_seed": false
}