{
  "step": 3,
  "group": 0,
  "rollout": 17,
  "reward": 0.005434758920012717,
  "raw_score": 0.005434758920012717,
  "valid": true,
  "parsed": true,
  "ran": true,
  "msg": "ok",
  "advantage": -0.8854015730514562,
  "beta": 3.1253419351084872,
  "n_response_tokens": 2318,
  "sandbox_stdout": "",
  "parent_value": 1.002448104644849,
  "parent_is_seed": false
}