{
  "step": 3,
  "group": 1,
  "rollout": 11,
  "reward": 0.5988372093073255,
  "raw_score": 0.5988372093073255,
  "valid": true,
  "parsed": true,
  "ran": true,
  "msg": "ok",
  "advantage": 0.6171608984890626,
  "beta": 2.9352943119676427,
  "n_response_tokens": 2155,
  "sandbox_stdout": "",
  "parent_value": 0.9453559925079293,
  "parent_is_seed": false
}