{
  "step": 3,
  "group": 2,
  "rollout": 8,
  "reward": 0.0,
  "raw_score": null,
  "valid": false,
  "parsed": true,
  "ran": true,
  "msg": "Circle 6 has negative radius -0.03095274724110673",
  "advantage": -0.6895362087882366,
  "beta": 2.7483946522471103,
  "n_response_tokens": 1814,
  "sandbox_stdout": "",
  "parent_value": 0.9295198340123081,
  "parent_is_seed": false
}