{
  "step": 3,
  "group": 0,
  "rollout": 20,
  "reward": 0.5990816198547798,
  "raw_score": 0.5990816198547798,
  "valid": true,
  "parsed": true,
  "ran": true,
  "msg": "ok",
  "advantage": -0.2470289802833595,
  "beta": 3.1253419351084872,
  "n_response_tokens": 1770,
  "sandbox_stdout": "",
  "parent_value": 1.002448104644849,
  "parent_is_seed": false
}