{
  "step": 3,
  "group": 3,
  "rollout": 15,
  "reward": 1.064223648043546,
  "raw_score": 1.064223648043546,
  "valid": true,
  "parsed": true,
  "ran": true,
  "msg": "ok",
  "advantage": 3.4412843509299105,
  "beta": 2.7867751529257503,
  "n_response_tokens": 2056,
  "sandbox_stdout": "",
  "parent_value": 1.1046863270287404,
  "parent_is_seed": false
}