{
  "step": 3,
  "group": 3,
  "rollout": 23,
  "reward": 5.990208329365032e-13,
  "raw_score": 5.990208329365032e-13,
  "valid": true,
  "parsed": true,
  "ran": true,
  "msg": "ok",
  "advantage": -0.8065989415567107,
  "beta": 2.7867751529257503,
  "n_response_tokens": 2017,
  "sandbox_stdout": "",
  "parent_value": 1.1046863270287404,
  "parent_is_seed": false
}