{
  "step": 3,
  "group": 3,
  "rollout": 0,
  "reward": 1.1749945327296762e-08,
  "raw_score": 1.1749945327296762e-08,
  "valid": true,
  "parsed": true,
  "ran": true,
  "msg": "ok",
  "advantage": -0.8065989351709728,
  "beta": 2.7867751529257503,
  "n_response_tokens": 1858,
  "sandbox_stdout": "",
  "parent_value": 1.1046863270287404,
  "parent_is_seed": false
}