{
  "step": 3,
  "group": 3,
  "rollout": 10,
  "reward": 0.4755540625795549,
  "raw_score": 0.4755540625795549,
  "valid": true,
  "parsed": true,
  "ran": true,
  "msg": "ok",
  "advantage": -0.25488595660778623,
  "beta": 2.7867751529257503,
  "n_response_tokens": 2048,
  "sandbox_stdout": "",
  "parent_value": 1.1046863270287404,
  "parent_is_seed": false
}