{
  "step": 3,
  "group": 2,
  "rollout": 12,
  "reward": 1.0457117607078372,
  "raw_score": 1.0457117607078372,
  "valid": true,
  "parsed": true,
  "ran": true,
  "msg": "ok",
  "advantage": 1.9984159291329093,
  "beta": 1.6097896344837734,
  "n_response_tokens": 1961,
  "sandbox_stdout": "",
  "parent_value": 1.1062605985142555,
  "parent_is_seed": false
}