{
  "step": 3,
  "group": 3,
  "rollout": 6,
  "reward": 1.521782699853702e-12,
  "raw_score": 1.521782699853702e-12,
  "valid": true,
  "parsed": true,
  "ran": true,
  "msg": "ok",
  "advantage": -0.8065989415562094,
  "beta": 2.7867751529257503,
  "n_response_tokens": 1732,
  "sandbox_stdout": "",
  "parent_value": 1.1046863270287404,
  "parent_is_seed": false
}