{
  "step": 3,
  "group": 0,
  "rollout": 14,
  "reward": 0.0,
  "raw_score": null,
  "valid": false,
  "parsed": true,
  "ran": true,
  "msg": "bad_centers_shape: (1, 2)",
  "advantage": -0.9999842084407264,
  "beta": 5.536611416238578,
  "n_response_tokens": 1629,
  "sandbox_stdout": "Validation Failed: Circle 0 at (0.08333333333333333,0.08333333333333333) r=1.0 outside unit square\n",
  "parent_value": 2.1666666666666665,
  "parent_is_seed": false
}