{
  "step": 3,
  "group": 3,
  "rollout": 2,
  "reward": 4.394198993970609e-10,
  "raw_score": 4.394198993970609e-10,
  "valid": true,
  "parsed": true,
  "ran": true,
  "msg": "ok",
  "advantage": -0.8065989413182129,
  "beta": 2.7867751529257503,
  "n_response_tokens": 1902,
  "sandbox_stdout": "",
  "parent_value": 1.1046863270287404,
  "parent_is_seed": false
}