{
  "step": 3,
  "group": 0,
  "rollout": 6,
  "reward": 1.1587948761511448,
  "raw_score": 1.1587948761511448,
  "valid": true,
  "parsed": true,
  "ran": true,
  "msg": "ok",
  "advantage": -0.990340552647442,
  "beta": 5.536611416238578,
  "n_response_tokens": 1767,
  "sandbox_stdout": "",
  "parent_value": 2.1666666666666665,
  "parent_is_seed": false
}