{
  "step": 34,
  "group": 0,
  "rollout": 61,
  "reward": 2.635983083334135,
  "raw_score": 2.635983083334135,
  "valid": true,
  "parsed": true,
  "ran": true,
  "msg": "ok",
  "advantage": 0.03278688524483497,
  "beta": 1048576.0,
  "n_response_tokens": 2324,
  "sandbox_stdout": "Invalid packing: Circle 0 at (0.07999999999999999,0.07999999999999999) r=1.0 outside unit square\nInvalid packing: Circle 0 at (0.07999999999999999,0.07999999999999999) r=1.0 outside unit square\nInvalid packing: Circle 1 at (0.15652476357691159,0.6298871327155394) r=0.15652476581681277 outside unit square\n",
  "parent_value": 2.635983083334135,
  "parent_is_seed": false
}