{
  "step": 34,
  "group": 4,
  "rollout": 44,
  "reward": 2.6359829364320713,
  "raw_score": 2.6359829364320713,
  "valid": true,
  "parsed": true,
  "ran": true,
  "msg": "ok",
  "advantage": 0.23553836369966974,
  "beta": 1048576.0,
  "n_response_tokens": 2817,
  "sandbox_stdout": "Invalid packing: Circles 2 and 8 overlap\nInvalid packing: Circle 6 at (0.0932636332615614,0.42461354674484414) r=0.09326395333759101 outside unit square\n",
  "parent_value": 2.6359829364320713,
  "parent_is_seed": false
}