{
  "step": 34,
  "group": 7,
  "rollout": 55,
  "reward": 2.6359829364320713,
  "raw_score": 2.6359829364320713,
  "valid": true,
  "parsed": true,
  "ran": true,
  "msg": "ok",
  "advantage": 0.3407131257008853,
  "beta": 1048576.0,
  "n_response_tokens": 2260,
  "sandbox_stdout": "Invalid packing: Circles 2 and 8 overlap\n",
  "parent_value": 2.6359829364320713,
  "parent_is_seed": false
}