{
  "step": 32,
  "group": 5,
  "rollout": 63,
  "reward": 2.6359829364320713,
  "raw_score": 2.6359829364320713,
  "valid": true,
  "parsed": true,
  "ran": true,
  "msg": "ok",
  "advantage": 0.49999999999775024,
  "beta": 1048576.0,
  "n_response_tokens": 2455,
  "sandbox_stdout": "Invalid packing: Circles 2 and 8 overlap\nInvalid packing: Circle 1 at (0.0,0.0) r=0.22638924386144077 outside unit square\n",
  "parent_value": 2.6359829364320713,
  "parent_is_seed": false
}