{
  "step": 32,
  "group": 4,
  "rollout": 30,
  "reward": 2.6359829364320713,
  "raw_score": 2.6359829364320713,
  "valid": true,
  "parsed": true,
  "ran": true,
  "msg": "ok",
  "advantage": 0.18886694509970092,
  "beta": 1048576.0,
  "n_response_tokens": 2554,
  "sandbox_stdout": "Invalid packing: Circles 2 and 8 overlap\nInvalid packing: Circle 3 at (0.18821547929122479,0.8117909163325973) r=0.8117845207087753 outside unit square\n",
  "parent_value": 2.6359829364320713,
  "parent_is_seed": false
}