{
  "step": 32,
  "group": 5,
  "rollout": 55,
  "reward": 2.539653095295156,
  "raw_score": 2.539653095295156,
  "valid": true,
  "parsed": true,
  "ran": true,
  "msg": "ok",
  "advantage": -1.0,
  "beta": 1048576.0,
  "n_response_tokens": 2787,
  "sandbox_stdout": "Invalid packing: Circle 0 at (0.09997586314127652,0.10001893489538036) r=0.09997589626107026 outside unit square\nInvalid packing: Circle 4 at (0.9000000056885901,0.3000000104704232) r=0.09999999994783094 outside unit square\nInvalid packing: Circles 3 and 4 overlap\nInvalid packing: Circle 4 at (0.9000000056885901,0.3000000104704232) r=0.09999999994783094 outside unit square\n",
  "parent_value": 2.6359829364320713,
  "parent_is_seed": false
}