{
  "step": 32,
  "group": 0,
  "rollout": 60,
  "reward": 2.63598293122794,
  "raw_score": 2.63598293122794,
  "valid": true,
  "parsed": true,
  "ran": true,
  "msg": "ok",
  "advantage": 0.04999999999889759,
  "beta": 1048576.0,
  "n_response_tokens": 2460,
  "sandbox_stdout": "Invalid packing: Circle 2 at (0.0,0.0) r=1.0 outside unit square\nInvalid packing: Circle 0 at (0.6547451943445125,0.1417863358204424) r=0.1417864225268612 outside unit square\n",
  "parent_value": 2.63598293122794,
  "parent_is_seed": false
}