{
  "step": 32,
  "group": 6,
  "rollout": 35,
  "reward": 2.6359829364320713,
  "raw_score": 2.6359829364320713,
  "valid": true,
  "parsed": true,
  "ran": true,
  "msg": "ok",
  "advantage": 0.12603557321606562,
  "beta": 1048576.0,
  "n_response_tokens": 2627,
  "sandbox_stdout": "Invalid packing: Circles 2 and 8 overlap\nInvalid packing: Circle 4 at (0.0765832299896153,0.42279339908942154) r=0.07658369570187804 outside unit square\n",
  "parent_value": 2.6359829364320713,
  "parent_is_seed": false
}