{
  "step": 32,
  "group": 1,
  "rollout": 53,
  "reward": 2.6296189463123745,
  "raw_score": 2.6296189463123745,
  "valid": true,
  "parsed": true,
  "ran": true,
  "msg": "ok",
  "advantage": -1.0,
  "beta": 1048576.0,
  "n_response_tokens": 2611,
  "sandbox_stdout": "Invalid packing: Circle 0 at (3.2495831003015503e-10,0.9999999996750417) r=0.9999999996750417 outside unit square\nInvalid packing: Circle 0 at (1.0,1.0) r=1.0 outside unit square\nInvalid packing: Circle 0 at (1.0,0.0) r=1.0 outside unit square\nInvalid packing: Circle 2 at (0.20864606455804385,0.20864606436807276) r=0.20864606491790583 outside unit square\nInvalid packing: Circle 1 at (0.0,0.0) r=1.0 outside unit square\nInvalid packing: Circle 2 at (0.20864606455804385,0.20864606436807276) r=0.20864606491790583 outside unit square\n",
  "parent_value": 2.635983083334135,
  "parent_is_seed": false
}