{
  "step": 32,
  "group": 2,
  "rollout": 62,
  "reward": 2.6359829364320713,
  "raw_score": 2.6359829364320713,
  "valid": true,
  "parsed": true,
  "ran": true,
  "msg": "ok",
  "advantage": 0.18886489389370453,
  "beta": 1048576.0,
  "n_response_tokens": 2504,
  "sandbox_stdout": "Invalid packing: Circles 2 and 8 overlap\nInvalid packing: Circle 12 at (0.12013285056600188,0.8798670508299711) r=0.12013285739830101 outside unit square\n",
  "parent_value": 2.6359829364320713,
  "parent_is_seed": false
}