{
  "step": 32,
  "group": 3,
  "rollout": 16,
  "reward": 2.6359829364320713,
  "raw_score": 2.6359829364320713,
  "valid": true,
  "parsed": true,
  "ran": true,
  "msg": "ok",
  "advantage": 0.12499999999873457,
  "beta": 1048576.0,
  "n_response_tokens": 2631,
  "sandbox_stdout": "Invalid packing: Circles 2 and 8 overlap\nInvalid packing: Circle 5 at (0.766128152717871,0.19298581925539943) r=0.19597583216529754 outside unit square\n",
  "parent_value": 2.6359829364320713,
  "parent_is_seed": false
}