{
  "step": 33,
  "group": 6,
  "rollout": 31,
  "reward": 2.6359829364320713,
  "raw_score": 2.6359829364320713,
  "valid": true,
  "parsed": true,
  "ran": true,
  "msg": "ok",
  "advantage": 0.14574059388037597,
  "beta": 1048576.0,
  "n_response_tokens": 2551,
  "sandbox_stdout": "Invalid packing: Circle 0 at (1.0,1.0) r=1.0 outside unit square\nInvalid packing: Circle 0 at (0.06894416926403514,0.9310558307359649) r=0.9310558307359649 outside unit square\n",
  "parent_value": 2.6359829364320713,
  "parent_is_seed": false
}