{
  "step": 33,
  "group": 7,
  "rollout": 24,
  "reward": 2.6359829364320713,
  "raw_score": 2.6359829364320713,
  "valid": true,
  "parsed": true,
  "ran": true,
  "msg": "ok",
  "advantage": 0.10526315789351526,
  "beta": 1048576.0,
  "n_response_tokens": 2517,
  "sandbox_stdout": "Invalid packing: Circles 2 and 8 overlap\nInvalid packing: Circle 19 at (0.11339969135071881,0.8865997639104588) r=0.11340022562295941 outside unit square\n",
  "parent_value": 2.6359829364320713,
  "parent_is_seed": false
}