{
  "step": 33,
  "group": 4,
  "rollout": 2,
  "reward": 2.6359829364320713,
  "raw_score": 2.6359829364320713,
  "valid": true,
  "parsed": true,
  "ran": true,
  "msg": "ok",
  "advantage": 0.050120163812973795,
  "beta": 1048576.0,
  "n_response_tokens": 2531,
  "sandbox_stdout": "Invalid packing: Circles 2 and 8 overlap\nInvalid packing: Circle 7 at (0.649812776178457,0.1472096890514165) r=0.14720973326028336 outside unit square\n",
  "parent_value": 2.6359829364320713,
  "parent_is_seed": false
}