{
  "step": 33,
  "group": 4,
  "rollout": 53,
  "reward": 2.6359829364320713,
  "raw_score": 2.6359829364320713,
  "valid": true,
  "parsed": true,
  "ran": true,
  "msg": "ok",
  "advantage": 0.050120163812973795,
  "beta": 1048576.0,
  "n_response_tokens": 2506,
  "sandbox_stdout": "Invalid packing: Circles 2 and 8 overlap\nInvalid packing: Circles 14 and 18 overlap\n",
  "parent_value": 2.6359829364320713,
  "parent_is_seed": false
}