{
  "step": 33,
  "group": 3,
  "rollout": 59,
  "reward": 2.6359829364320713,
  "raw_score": 2.6359829364320713,
  "valid": true,
  "parsed": true,
  "ran": true,
  "msg": "ok",
  "advantage": 0.43207897483737523,
  "beta": 1048576.0,
  "n_response_tokens": 2369,
  "sandbox_stdout": "Invalid packing: Circles 2 and 8 overlap\nInvalid packing: Circle 4 at (0.2225448039952217,0.22253448363354725) r=0.2225345154559961 outside unit square\n",
  "parent_value": 2.6359829364320713,
  "parent_is_seed": false
}