{
  "step": 40,
  "group": 4,
  "rollout": 44,
  "reward": 2.635983083334135,
  "raw_score": 2.635983083334135,
  "valid": true,
  "parsed": true,
  "ran": true,
  "msg": "ok",
  "advantage": 0.03278688524483497,
  "beta": 1048576.0,
  "n_response_tokens": 2465,
  "sandbox_stdout": "Invalid packing: Circle 4 at (0.8814338915544407,0.11856610746707635) r=0.11856610748283547 outside unit square\nInvalid packing: Circle 22 at (0.8243683832375919,0.17563159676477552) r=0.17563161671714952 outside unit square\nInvalid packing: Circle 1 at (1.0,0.0) r=1.0 outside unit square\n",
  "parent_value": 2.635983083334135,
  "parent_is_seed": false
}