{
  "step": 40,
  "group": 7,
  "rollout": 60,
  "reward": 2.635983083334135,
  "raw_score": 2.635983083334135,
  "valid": true,
  "parsed": true,
  "ran": true,
  "msg": "ok",
  "advantage": 0.10526315789351526,
  "beta": 1048576.0,
  "n_response_tokens": 2207,
  "sandbox_stdout": "Invalid packing for guess 0: Circle 0 at (1.0,0.0) r=1.0 outside unit square\nInvalid packing for guess 1: Circle 9 at (0.8707528386953552,0.29407266779065877) r=0.12924716255307037 outside unit square\nInvalid packing for guess 2: Circle 0 at (0.7591744778632986,0.9383033850871618) r=0.061696615009470046 outside unit square\n",
  "parent_value": 2.635983083334135,
  "parent_is_seed": false
}