{
  "step": 40,
  "group": 2,
  "rollout": 4,
  "reward": 2.635983083334135,
  "raw_score": 2.635983083334135,
  "valid": true,
  "parsed": true,
  "ran": true,
  "msg": "ok",
  "advantage": 0.10526315789351526,
  "beta": 1048576.0,
  "n_response_tokens": 2403,
  "sandbox_stdout": "Invalid packing: Circle 0 at (0.07999999999999999,0.07999999999999999) r=1.0 outside unit square\nInvalid packing: Circle 0 at (0.07999999999999999,0.07999999999999999) r=1.0 outside unit square\nInvalid packing: Circle 0 at (0.8743804283741012,0.125619572175358) r=0.12561957174204844 outside unit square\nInvalid packing: Circle 12 at (0.13949567657129197,0.30253173453849763) r=0.13949567657374434 outside unit square\n",
  "parent_value": 2.635983083334135,
  "parent_is_seed": false
}