{
  "step": 40,
  "group": 5,
  "rollout": 12,
  "reward": 2.635983083334135,
  "raw_score": 2.635983083334135,
  "valid": true,
  "parsed": true,
  "ran": true,
  "msg": "ok",
  "advantage": 0.04999999999889759,
  "beta": 1048576.0,
  "n_response_tokens": 2283,
  "sandbox_stdout": "Invalid packing: Circle 14 at (0.8871749184799271,0.4154715578728389) r=0.11282508167578266 outside unit square\nInvalid packing: Circle 23 at (0.8584705270414406,0.3633714096786404) r=0.1415294809133087 outside unit square\n",
  "parent_value": 2.635983083334135,
  "parent_is_seed": false
}