{
  "step": 40,
  "group": 6,
  "rollout": 39,
  "reward": 2.635983083334135,
  "raw_score": 2.635983083334135,
  "valid": true,
  "parsed": true,
  "ran": true,
  "msg": "ok",
  "advantage": 0.04999999999889759,
  "beta": 1048576.0,
  "n_response_tokens": 2331,
  "sandbox_stdout": "Invalid packing: Circles 1 and 5 overlap\nInvalid packing: Circle 0 at (0.0,1.0) r=1.0 outside unit square\nInvalid packing: Circle 1 at (0.8339774564132109,0.9200001811192119) r=0.079999824082784 outside unit square\n",
  "parent_value": 2.635983083334135,
  "parent_is_seed": false
}