{
  "step": 40,
  "group": 2,
  "rollout": 8,
  "reward": 2.630171895893834,
  "raw_score": 2.630171895893834,
  "valid": true,
  "parsed": true,
  "ran": true,
  "msg": "ok",
  "advantage": -1.0,
  "beta": 1048576.0,
  "n_response_tokens": 2289,
  "sandbox_stdout": "Invalid packing: Circle 0 at (0.07999999999999999,0.07999999999999999) r=1.0 outside unit square\nInvalid packing: Circles 0 and 6 overlap\nInvalid packing: Circle 6 at (0.8999303835607831,0.6681007501372802) r=0.10006961655440394 outside unit square\n",
  "parent_value": 2.635983083334135,
  "parent_is_seed": false
}