{
  "step": 13,
  "group": 6,
  "rollout": 29,
  "reward": 2.6276805552500537,
  "raw_score": 2.6276805552500537,
  "valid": true,
  "parsed": true,
  "ran": true,
  "msg": "ok",
  "advantage": 0.9719913974151038,
  "beta": 182.60577951659118,
  "n_response_tokens": 2435,
  "sandbox_stdout": "",
  "parent_value": 2.6310935891138616,
  "parent_is_seed": false
}