{
  "step": 13,
  "group": 0,
  "rollout": 31,
  "reward": 2.627521519909658,
  "raw_score": 2.627521519909658,
  "valid": true,
  "parsed": true,
  "ran": true,
  "msg": "ok",
  "advantage": 1.7609239341167315,
  "beta": 171.03458155812095,
  "n_response_tokens": 2001,
  "sandbox_stdout": "",
  "parent_value": 2.6358957385972603,
  "parent_is_seed": false
}