{
  "step": 13,
  "group": 2,
  "rollout": 9,
  "reward": 2.626739695488405,
  "raw_score": 2.626739695488405,
  "valid": true,
  "parsed": true,
  "ran": true,
  "msg": "ok",
  "advantage": 0.6399027854363208,
  "beta": 388.74495690124024,
  "n_response_tokens": 1428,
  "sandbox_stdout": "",
  "parent_value": 2.6310935891139278,
  "parent_is_seed": false
}