{
  "step": 13,
  "group": 2,
  "rollout": 51,
  "reward": 2.6126988370930353,
  "raw_score": 2.6126988370930353,
  "valid": true,
  "parsed": true,
  "ran": true,
  "msg": "ok",
  "advantage": -0.993189331592359,
  "beta": 388.74495690124024,
  "n_response_tokens": 2161,
  "sandbox_stdout": "",
  "parent_value": 2.6310935891139278,
  "parent_is_seed": false
}