{
  "step": 13,
  "group": 5,
  "rollout": 44,
  "reward": 2.6122845096876155,
  "raw_score": 2.6122845096876155,
  "valid": true,
  "parsed": true,
  "ran": true,
  "msg": "ok",
  "advantage": -0.9979559164068571,
  "beta": 412.9915517856221,
  "n_response_tokens": 1817,
  "sandbox_stdout": "",
  "parent_value": 2.631093589113902,
  "parent_is_seed": false
}