{
  "step": 13,
  "group": 0,
  "rollout": 32,
  "reward": 2.626847006862818,
  "raw_score": 2.626847006862818,
  "valid": true,
  "parsed": true,
  "ran": true,
  "msg": "ok",
  "advantage": 1.4484046315710146,
  "beta": 171.03458155812095,
  "n_response_tokens": 1802,
  "sandbox_stdout": "",
  "parent_value": 2.6358957385972603,
  "parent_is_seed": false
}