{
  "step": 13,
  "group": 5,
  "rollout": 32,
  "reward": 2.627547817399921,
  "raw_score": 2.627547817399921,
  "valid": true,
  "parsed": true,
  "ran": true,
  "msg": "ok",
  "advantage": 0.13731542353628345,
  "beta": 412.9915517856221,
  "n_response_tokens": 1692,
  "sandbox_stdout": "",
  "parent_value": 2.631093589113902,
  "parent_is_seed": false
}