{
  "step": 13,
  "group": 0,
  "rollout": 56,
  "reward": 2.625313298944241,
  "raw_score": 2.625313298944241,
  "valid": true,
  "parsed": true,
  "ran": true,
  "msg": "ok",
  "advantage": 0.8667377905808238,
  "beta": 171.03458155812095,
  "n_response_tokens": 2348,
  "sandbox_stdout": "",
  "parent_value": 2.6358957385972603,
  "parent_is_seed": false
}