{
  "step": 13,
  "group": 0,
  "rollout": 63,
  "reward": 2.624734363613228,
  "raw_score": 2.624734363613228,
  "valid": true,
  "parsed": true,
  "ran": true,
  "msg": "ok",
  "advantage": 0.6860439814619446,
  "beta": 171.03458155812095,
  "n_response_tokens": 2141,
  "sandbox_stdout": "",
  "parent_value": 2.6358957385972603,
  "parent_is_seed": false
}