{
  "step": 13,
  "group": 2,
  "rollout": 13,
  "reward": 2.6176019744482915,
  "raw_score": 2.6176019744482915,
  "valid": true,
  "parsed": true,
  "ran": true,
  "msg": "ok",
  "advantage": -0.9541589738865976,
  "beta": 388.74495690124024,
  "n_response_tokens": 1645,
  "sandbox_stdout": "",
  "parent_value": 2.6310935891139278,
  "parent_is_seed": false
}