{
  "step": 13,
  "group": 4,
  "rollout": 24,
  "reward": 2.5909378750608463,
  "raw_score": 2.5909378750608463,
  "valid": true,
  "parsed": true,
  "ran": true,
  "msg": "ok",
  "advantage": -0.999941880014238,
  "beta": 284.85888725699203,
  "n_response_tokens": 1404,
  "sandbox_stdout": "",
  "parent_value": 2.6310935891139047,
  "parent_is_seed": false
}