{
  "step": 13,
  "group": 3,
  "rollout": 4,
  "reward": 2.625802930417901,
  "raw_score": 2.625802930417901,
  "valid": true,
  "parsed": true,
  "ran": true,
  "msg": "ok",
  "advantage": -0.41866640222839735,
  "beta": 328.01857936165845,
  "n_response_tokens": 2103,
  "sandbox_stdout": "",
  "parent_value": 2.631093589113919,
  "parent_is_seed": false
}