{
  "step": 13,
  "group": 5,
  "rollout": 57,
  "reward": 2.626968399202746,
  "raw_score": 2.626968399202746,
  "valid": true,
  "parsed": true,
  "ran": true,
  "msg": "ok",
  "advantage": -0.10815129609322904,
  "beta": 412.9915517856221,
  "n_response_tokens": 1819,
  "sandbox_stdout": "",
  "parent_value": 2.631093589113902,
  "parent_is_seed": false
}