{
  "step": 13,
  "group": 4,
  "rollout": 23,
  "reward": 2.6273750115181045,
  "raw_score": 2.6273750115181045,
  "valid": true,
  "parsed": true,
  "ran": true,
  "msg": "ok",
  "advantage": 0.9282012948749825,
  "beta": 284.85888725699203,
  "n_response_tokens": 1886,
  "sandbox_stdout": "",
  "parent_value": 2.6310935891139047,
  "parent_is_seed": false
}