{
  "step": 13,
  "group": 7,
  "rollout": 1,
  "reward": 2.62228587057065,
  "raw_score": 2.62228587057065,
  "valid": true,
  "parsed": true,
  "ran": true,
  "msg": "ok",
  "advantage": -0.5423775461595985,
  "beta": 332.8071037263919,
  "n_response_tokens": 1910,
  "sandbox_stdout": "",
  "parent_value": 2.6310935891138594,
  "parent_is_seed": false
}