{
  "step": 13,
  "group": 3,
  "rollout": 20,
  "reward": 2.6147607745276007,
  "raw_score": 2.6147607745276007,
  "valid": true,
  "parsed": true,
  "ran": true,
  "msg": "ok",
  "advantage": -0.9846002436297965,
  "beta": 328.01857936165845,
  "n_response_tokens": 2252,
  "sandbox_stdout": "",
  "parent_value": 2.631093589113919,
  "parent_is_seed": false
}