{
  "step": 13,
  "group": 4,
  "rollout": 27,
  "reward": 2.6063408292950685,
  "raw_score": 2.6063408292950685,
  "valid": true,
  "parsed": true,
  "ran": true,
  "msg": "ok",
  "advantage": -0.9953237522794132,
  "beta": 284.85888725699203,
  "n_response_tokens": 1600,
  "sandbox_stdout": "",
  "parent_value": 2.6310935891139047,
  "parent_is_seed": false
}