{
  "step": 13,
  "group": 1,
  "rollout": 9,
  "reward": 2.6262937029881397,
  "raw_score": 2.6262937029881397,
  "valid": true,
  "parsed": true,
  "ran": true,
  "msg": "ok",
  "advantage": 0.003263786783572531,
  "beta": 312.17764375087694,
  "n_response_tokens": 2115,
  "sandbox_stdout": "",
  "parent_value": 2.631093589113933,
  "parent_is_seed": false
}