{
  "step": 13,
  "group": 3,
  "rollout": 22,
  "reward": 2.6282124181653157,
  "raw_score": 2.6282124181653157,
  "valid": true,
  "parsed": true,
  "ran": true,
  "msg": "ok",
  "advantage": 0.29576344064152815,
  "beta": 328.01857936165845,
  "n_response_tokens": 2302,
  "sandbox_stdout": "",
  "parent_value": 2.631093589113919,
  "parent_is_seed": false
}