{
  "step": 13,
  "group": 7,
  "rollout": 6,
  "reward": 2.627592879993743,
  "raw_score": 2.627592879993743,
  "valid": true,
  "parsed": true,
  "ran": true,
  "msg": "ok",
  "advantage": 1.7741785403155124,
  "beta": 332.8071037263919,
  "n_response_tokens": 2178,
  "sandbox_stdout": "",
  "parent_value": 2.6310935891138594,
  "parent_is_seed": false
}