{
  "step": 13,
  "group": 4,
  "rollout": 19,
  "reward": 2.5913286354913554,
  "raw_score": 2.5913286354913554,
  "valid": true,
  "parsed": true,
  "ran": true,
  "msg": "ok",
  "advantage": -0.9999350367786892,
  "beta": 284.85888725699203,
  "n_response_tokens": 1981,
  "sandbox_stdout": "",
  "parent_value": 2.6310935891139047,
  "parent_is_seed": false
}