{
  "step": 13,
  "group": 7,
  "rollout": 43,
  "reward": 2.6183056135065277,
  "raw_score": 2.6183056135065277,
  "valid": true,
  "parsed": true,
  "ran": true,
  "msg": "ok",
  "advantage": -0.8789663732786339,
  "beta": 332.8071037263919,
  "n_response_tokens": 1776,
  "sandbox_stdout": "",
  "parent_value": 2.6310935891138594,
  "parent_is_seed": false
}