{
  "step": 13,
  "group": 0,
  "rollout": 59,
  "reward": 2.6259531602185526,
  "raw_score": 2.6259531602185526,
  "valid": true,
  "parsed": true,
  "ran": true,
  "msg": "ok",
  "advantage": 1.0897899072062094,
  "beta": 171.03458155812095,
  "n_response_tokens": 2111,
  "sandbox_stdout": "",
  "parent_value": 2.6358957385972603,
  "parent_is_seed": false
}