{
  "step": 13,
  "group": 3,
  "rollout": 15,
  "reward": 2.631093589113698,
  "raw_score": 2.631093589113698,
  "valid": true,
  "parsed": true,
  "ran": true,
  "msg": "ok",
  "advantage": 2.4454888858702053,
  "beta": 328.01857936165845,
  "n_response_tokens": 2063,
  "sandbox_stdout": "",
  "parent_value": 2.631093589113919,
  "parent_is_seed": false
}