{
  "step": 13,
  "group": 1,
  "rollout": 10,
  "reward": 2.6101785058972924,
  "raw_score": 2.6101785058972924,
  "valid": true,
  "parsed": true,
  "ran": true,
  "msg": "ok",
  "advantage": -0.9935472102129103,
  "beta": 312.17764375087694,
  "n_response_tokens": 2331,
  "sandbox_stdout": "",
  "parent_value": 2.631093589113933,
  "parent_is_seed": false
}