{
  "step": 13,
  "group": 7,
  "rollout": 57,
  "reward": 2.592126283954467,
  "raw_score": 2.592126283954467,
  "valid": true,
  "parsed": true,
  "ran": true,
  "msg": "ok",
  "advantage": -0.9999801294678686,
  "beta": 332.8071037263919,
  "n_response_tokens": 2570,
  "sandbox_stdout": "",
  "parent_value": 2.6310935891138594,
  "parent_is_seed": false
}