{
  "step": 13,
  "group": 5,
  "rollout": 35,
  "reward": 2.627132543997226,
  "raw_score": 2.627132543997226,
  "valid": true,
  "parsed": true,
  "ran": true,
  "msg": "ok",
  "advantage": -0.04464753142100131,
  "beta": 412.9915517856221,
  "n_response_tokens": 1753,
  "sandbox_stdout": "",
  "parent_value": 2.631093589113902,
  "parent_is_seed": false
}