{
  "step": 13,
  "group": 4,
  "rollout": 50,
  "reward": 2.624956740736083,
  "raw_score": 2.624956740736083,
  "valid": true,
  "parsed": true,
  "ran": true,
  "msg": "ok",
  "advantage": -0.04629504769988857,
  "beta": 284.85888725699203,
  "n_response_tokens": 1768,
  "sandbox_stdout": "",
  "parent_value": 2.6310935891139047,
  "parent_is_seed": false
}