{
  "step": 13,
  "group": 6,
  "rollout": 24,
  "reward": 2.6256367527920803,
  "raw_score": 2.6256367527920803,
  "valid": true,
  "parsed": true,
  "ran": true,
  "msg": "ok",
  "advantage": 0.3446465840684967,
  "beta": 182.60577951659118,
  "n_response_tokens": 2235,
  "sandbox_stdout": "",
  "parent_value": 2.6310935891138616,
  "parent_is_seed": false
}