{
  "step": 13,
  "group": 3,
  "rollout": 25,
  "reward": 2.62130360081536,
  "raw_score": 2.62130360081536,
  "valid": true,
  "parsed": true,
  "ran": true,
  "msg": "ok",
  "advantage": -0.8680572651626418,
  "beta": 328.01857936165845,
  "n_response_tokens": 1908,
  "sandbox_stdout": "",
  "parent_value": 2.631093589113919,
  "parent_is_seed": false
}