{
  "step": 13,
  "group": 5,
  "rollout": 42,
  "reward": 2.631093589113796,
  "raw_score": 2.631093589113796,
  "valid": true,
  "parsed": true,
  "ran": true,
  "msg": "ok",
  "advantage": 4.232782417326379,
  "beta": 412.9915517856221,
  "n_response_tokens": 1803,
  "sandbox_stdout": "",
  "parent_value": 2.631093589113902,
  "parent_is_seed": false
}