{
  "step": 13,
  "group": 0,
  "rollout": 30,
  "reward": 2.6259305083810314,
  "raw_score": 2.6259305083810314,
  "valid": true,
  "parsed": true,
  "ran": true,
  "msg": "ok",
  "advantage": 1.0814422308444476,
  "beta": 171.03458155812095,
  "n_response_tokens": 1966,
  "sandbox_stdout": "",
  "parent_value": 2.6358957385972603,
  "parent_is_seed": false
}