{
  "step": 13,
  "group": 5,
  "rollout": 53,
  "reward": 2.6180682559781285,
  "raw_score": 2.6180682559781285,
  "valid": true,
  "parsed": true,
  "ran": true,
  "msg": "ok",
  "advantage": -0.9777151038853286,
  "beta": 412.9915517856221,
  "n_response_tokens": 1961,
  "sandbox_stdout": "",
  "parent_value": 2.631093589113902,
  "parent_is_seed": false
}