{
  "step": 13,
  "group": 2,
  "rollout": 57,
  "reward": 2.5967881062677716,
  "raw_score": 2.5967881062677716,
  "valid": true,
  "parsed": true,
  "ran": true,
  "msg": "ok",
  "advantage": -0.9999859738800938,
  "beta": 388.74495690124024,
  "n_response_tokens": 1633,
  "sandbox_stdout": "",
  "parent_value": 2.6310935891139278,
  "parent_is_seed": false
}