{
  "step": 13,
  "group": 7,
  "rollout": 41,
  "reward": 2.6241380564967023,
  "raw_score": 2.6241380564967023,
  "valid": true,
  "parsed": true,
  "ran": true,
  "msg": "ok",
  "advantage": -0.1470718928497572,
  "beta": 332.8071037263919,
  "n_response_tokens": 1796,
  "sandbox_stdout": "",
  "parent_value": 2.6310935891138594,
  "parent_is_seed": false
}