{
  "step": 13,
  "group": 0,
  "rollout": 39,
  "reward": 2.6214986515534737,
  "raw_score": 2.6214986515534737,
  "valid": true,
  "parsed": true,
  "ran": true,
  "msg": "ok",
  "advantage": -0.041460137153211174,
  "beta": 171.03458155812095,
  "n_response_tokens": 2294,
  "sandbox_stdout": "",
  "parent_value": 2.6358957385972603,
  "parent_is_seed": false
}