{
  "step": 13,
  "group": 1,
  "rollout": 0,
  "reward": 2.6250427645553693,
  "raw_score": 2.6250427645553693,
  "valid": true,
  "parsed": true,
  "ran": true,
  "msg": "ok",
  "advantage": -0.32456050477631226,
  "beta": 312.17764375087694,
  "n_response_tokens": 2183,
  "sandbox_stdout": "",
  "parent_value": 2.631093589113933,
  "parent_is_seed": false
}