{
  "step": 13,
  "group": 1,
  "rollout": 33,
  "reward": 2.628212418165279,
  "raw_score": 2.628212418165279,
  "valid": true,
  "parsed": true,
  "ran": true,
  "msg": "ok",
  "advantage": 0.8503726163595589,
  "beta": 312.17764375087694,
  "n_response_tokens": 1997,
  "sandbox_stdout": "",
  "parent_value": 2.631093589113933,
  "parent_is_seed": false
}