{
  "step": 13,
  "group": 2,
  "rollout": 34,
  "reward": 2.6173100037462835,
  "raw_score": 2.6173100037462835,
  "valid": true,
  "parsed": true,
  "ran": true,
  "msg": "ok",
  "advantage": -0.9590808058207175,
  "beta": 388.74495690124024,
  "n_response_tokens": 1563,
  "sandbox_stdout": "",
  "parent_value": 2.6310935891139278,
  "parent_is_seed": false
}