{
  "step": 13,
  "group": 1,
  "rollout": 56,
  "reward": 2.6239021647557483,
  "raw_score": 2.6239021647557483,
  "valid": true,
  "parsed": true,
  "ran": true,
  "msg": "ok",
  "advantage": -0.528420765005042,
  "beta": 312.17764375087694,
  "n_response_tokens": 2663,
  "sandbox_stdout": "",
  "parent_value": 2.631093589113933,
  "parent_is_seed": false
}