{
  "step": 13,
  "group": 0,
  "rollout": 58,
  "reward": 2.6293428719870064,
  "raw_score": 2.6293428719870064,
  "valid": true,
  "parsed": true,
  "ran": true,
  "msg": "ok",
  "advantage": 2.831385898375367,
  "beta": 171.03458155812095,
  "n_response_tokens": 2264,
  "sandbox_stdout": "",
  "parent_value": 2.6358957385972603,
  "parent_is_seed": false
}