{
  "step": 13,
  "group": 4,
  "rollout": 40,
  "reward": 2.62821241816535,
  "raw_score": 2.62821241816535,
  "valid": true,
  "parsed": true,
  "ran": true,
  "msg": "ok",
  "advantage": 1.468004170673988,
  "beta": 284.85888725699203,
  "n_response_tokens": 1758,
  "sandbox_stdout": "",
  "parent_value": 2.6310935891139047,
  "parent_is_seed": false
}