{
  "step": 13,
  "group": 7,
  "rollout": 7,
  "reward": 2.627521519909631,
  "raw_score": 2.627521519909631,
  "valid": true,
  "parsed": true,
  "ran": true,
  "msg": "ok",
  "advantage": 1.7062735358446894,
  "beta": 332.8071037263919,
  "n_response_tokens": 1862,
  "sandbox_stdout": "",
  "parent_value": 2.6310935891138594,
  "parent_is_seed": false
}