{
  "step": 13,
  "group": 2,
  "rollout": 20,
  "reward": 2.6282124181653606,
  "raw_score": 2.6282124181653606,
  "valid": true,
  "parsed": true,
  "ran": true,
  "msg": "ok",
  "advantage": 1.9667571941125317,
  "beta": 388.74495690124024,
  "n_response_tokens": 1457,
  "sandbox_stdout": "",
  "parent_value": 2.6310935891139278,
  "parent_is_seed": false
}