{
  "step": 13,
  "group": 2,
  "rollout": 23,
  "reward": 0.0,
  "raw_score": null,
  "valid": false,
  "parsed": true,
  "ran": true,
  "msg": "Circle 3 at (0.7224229004859207,0.10676002312466856) r=0.10676002312566885 outside unit square",
  "advantage": -1.0,
  "beta": 388.74495690124024,
  "n_response_tokens": 1720,
  "sandbox_stdout": "",
  "parent_value": 2.6310935891139278,
  "parent_is_seed": false
}