{
  "step": 13,
  "group": 5,
  "rollout": 46,
  "reward": 2.626443232480878,
  "raw_score": 2.626443232480878,
  "valid": true,
  "parsed": true,
  "ran": true,
  "msg": "ok",
  "advantage": -0.2840211185197442,
  "beta": 412.9915517856221,
  "n_response_tokens": 1770,
  "sandbox_stdout": "",
  "parent_value": 2.631093589113902,
  "parent_is_seed": false
}