{
  "step": 13,
  "group": 7,
  "rollout": 33,
  "reward": 2.626293702983743,
  "raw_score": 2.626293702983743,
  "valid": true,
  "parsed": true,
  "ran": true,
  "msg": "ok",
  "advantage": 0.7729413561990435,
  "beta": 332.8071037263919,
  "n_response_tokens": 1747,
  "sandbox_stdout": "",
  "parent_value": 2.6310935891138594,
  "parent_is_seed": false
}