{
  "step": 13,
  "group": 5,
  "rollout": 41,
  "reward": 2.619242687927528,
  "raw_score": 2.619242687927528,
  "valid": true,
  "parsed": true,
  "ran": true,
  "msg": "ok",
  "advantage": -0.9637963316855567,
  "beta": 412.9915517856221,
  "n_response_tokens": 1612,
  "sandbox_stdout": "",
  "parent_value": 2.631093589113902,
  "parent_is_seed": false
}