{
  "step": 13,
  "group": 1,
  "rollout": 49,
  "reward": 2.626443232480911,
  "raw_score": 2.626443232480911,
  "valid": true,
  "parsed": true,
  "ran": true,
  "msg": "ok",
  "advantage": 0.05200673544042722,
  "beta": 312.17764375087694,
  "n_response_tokens": 2165,
  "sandbox_stdout": "",
  "parent_value": 2.631093589113933,
  "parent_is_seed": false
}