{
  "step": 13,
  "group": 4,
  "rollout": 29,
  "reward": 2.624965336899567,
  "raw_score": 2.624965336899567,
  "valid": true,
  "parsed": true,
  "ran": true,
  "msg": "ok",
  "advantage": -0.043921370864481446,
  "beta": 284.85888725699203,
  "n_response_tokens": 1706,
  "sandbox_stdout": "",
  "parent_value": 2.6310935891139047,
  "parent_is_seed": false
}