{
  "step": 13,
  "group": 0,
  "rollout": 38,
  "reward": 2.626847006862799,
  "raw_score": 2.626847006862799,
  "valid": true,
  "parsed": true,
  "ran": true,
  "msg": "ok",
  "advantage": 1.448404631562707,
  "beta": 171.03458155812095,
  "n_response_tokens": 2216,
  "sandbox_stdout": "",
  "parent_value": 2.6358957385972603,
  "parent_is_seed": false
}