{
  "step": 13,
  "group": 3,
  "rollout": 35,
  "reward": 2.6039305489840943,
  "raw_score": 2.6039305489840943,
  "valid": true,
  "parsed": true,
  "ran": true,
  "msg": "ok",
  "advantage": -0.999558863495022,
  "beta": 328.01857936165845,
  "n_response_tokens": 1851,
  "sandbox_stdout": "",
  "parent_value": 2.631093589113919,
  "parent_is_seed": false
}