{
  "step": 13,
  "group": 0,
  "rollout": 7,
  "reward": 2.6018957480789022,
  "raw_score": 2.6018957480789022,
  "valid": true,
  "parsed": true,
  "ran": true,
  "msg": "ok",
  "advantage": -0.9669486996270341,
  "beta": 171.03458155812095,
  "n_response_tokens": 2599,
  "sandbox_stdout": "",
  "parent_value": 2.6358957385972603,
  "parent_is_seed": false
}