{
  "step": 13,
  "group": 1,
  "rollout": 57,
  "reward": 2.6284345301847667,
  "raw_score": 2.6284345301847667,
  "valid": true,
  "parsed": true,
  "ran": true,
  "msg": "ok",
  "advantage": 0.9874183208006295,
  "beta": 312.17764375087694,
  "n_response_tokens": 2121,
  "sandbox_stdout": "",
  "parent_value": 2.631093589113933,
  "parent_is_seed": false
}