{
  "step": 13,
  "group": 7,
  "rollout": 54,
  "reward": 2.6164115167414144,
  "raw_score": 2.6164115167414144,
  "valid": true,
  "parsed": true,
  "ran": true,
  "msg": "ok",
  "advantage": -0.9356200910805713,
  "beta": 332.8071037263919,
  "n_response_tokens": 1821,
  "sandbox_stdout": "",
  "parent_value": 2.6310935891138594,
  "parent_is_seed": false
}