{
  "step": 13,
  "group": 6,
  "rollout": 50,
  "reward": 2.6166514583489873,
  "raw_score": 2.6166514583489873,
  "valid": true,
  "parsed": true,
  "ran": true,
  "msg": "ok",
  "advantage": -0.7437740642224304,
  "beta": 182.60577951659118,
  "n_response_tokens": 1985,
  "sandbox_stdout": "",
  "parent_value": 2.6310935891138616,
  "parent_is_seed": false
}