{
  "step": 13,
  "group": 5,
  "rollout": 8,
  "reward": 0.0,
  "raw_score": null,
  "valid": false,
  "parsed": true,
  "ran": true,
  "msg": "Circle 0 at (0.07399172485043741,0.07399172485043905) r=0.07399172485144244 outside unit square",
  "advantage": -1.0,
  "beta": 412.9915517856221,
  "n_response_tokens": 1604,
  "sandbox_stdout": "",
  "parent_value": 2.631093589113902,
  "parent_is_seed": false
}