{
  "step": 13,
  "group": 3,
  "rollout": 0,
  "reward": 2.6295323805065367,
  "raw_score": 2.6295323805065367,
  "valid": true,
  "parsed": true,
  "ran": true,
  "msg": "ok",
  "advantage": 1.0203667130742624,
  "beta": 328.01857936165845,
  "n_response_tokens": 2030,
  "sandbox_stdout": "",
  "parent_value": 2.631093589113919,
  "parent_is_seed": false
}