{
  "step": 13,
  "group": 7,
  "rollout": 30,
  "reward": 2.606664908568347,
  "raw_score": 2.606664908568347,
  "valid": true,
  "parsed": true,
  "ran": true,
  "msg": "ok",
  "advantage": -0.9974905098004708,
  "beta": 332.8071037263919,
  "n_response_tokens": 1727,
  "sandbox_stdout": "",
  "parent_value": 2.6310935891138594,
  "parent_is_seed": false
}