{
  "step": 13,
  "group": 7,
  "rollout": 9,
  "reward": 2.6211612916504543,
  "raw_score": 2.6211612916504543,
  "valid": true,
  "parsed": true,
  "ran": true,
  "msg": "ok",
  "advantage": -0.6859628173276027,
  "beta": 332.8071037263919,
  "n_response_tokens": 1747,
  "sandbox_stdout": "",
  "parent_value": 2.6310935891138594,
  "parent_is_seed": false
}