{
  "step": 13,
  "group": 1,
  "rollout": 42,
  "reward": 2.6203226096590777,
  "raw_score": 2.6203226096590777,
  "valid": true,
  "parsed": true,
  "ran": true,
  "msg": "ok",
  "advantage": -0.8465145357577692,
  "beta": 312.17764375087694,
  "n_response_tokens": 2447,
  "sandbox_stdout": "",
  "parent_value": 2.631093589113933,
  "parent_is_seed": false
}