{
  "step": 13,
  "group": 7,
  "rollout": 32,
  "reward": 2.624956740734229,
  "raw_score": 2.624956740734229,
  "valid": true,
  "parsed": true,
  "ran": true,
  "msg": "ok",
  "advantage": 0.12483138679305927,
  "beta": 332.8071037263919,
  "n_response_tokens": 1862,
  "sandbox_stdout": "",
  "parent_value": 2.6310935891138594,
  "parent_is_seed": false
}