{
  "step": 13,
  "group": 5,
  "rollout": 63,
  "reward": 2.628212418164989,
  "raw_score": 2.628212418164989,
  "valid": true,
  "parsed": true,
  "ran": true,
  "msg": "ok",
  "advantage": 0.505105710807398,
  "beta": 412.9915517856221,
  "n_response_tokens": 1798,
  "sandbox_stdout": "",
  "parent_value": 2.631093589113902,
  "parent_is_seed": false
}