{
  "step": 13,
  "group": 3,
  "rollout": 41,
  "reward": 2.612250593146097,
  "raw_score": 2.612250593146097,
  "valid": true,
  "parsed": true,
  "ran": true,
  "msg": "ok",
  "advantage": -0.9932413144712414,
  "beta": 328.01857936165845,
  "n_response_tokens": 2176,
  "sandbox_stdout": "",
  "parent_value": 2.631093589113919,
  "parent_is_seed": false
}