{
  "step": 13,
  "group": 6,
  "rollout": 61,
  "reward": 2.618491061924895,
  "raw_score": 2.618491061924895,
  "valid": true,
  "parsed": true,
  "ran": true,
  "msg": "ok",
  "advantage": -0.6408978522677142,
  "beta": 182.60577951659118,
  "n_response_tokens": 2336,
  "sandbox_stdout": "",
  "parent_value": 2.6310935891138616,
  "parent_is_seed": false
}