{
  "step": 13,
  "group": 5,
  "rollout": 29,
  "reward": 2.626125484284211,
  "raw_score": 2.626125484284211,
  "valid": true,
  "parsed": true,
  "ran": true,
  "msg": "ok",
  "advantage": -0.37294975573710154,
  "beta": 412.9915517856221,
  "n_response_tokens": 1799,
  "sandbox_stdout": "",
  "parent_value": 2.631093589113902,
  "parent_is_seed": false
}