{
  "step": 13,
  "group": 4,
  "rollout": 63,
  "reward": 2.623581377422951,
  "raw_score": 2.623581377422951,
  "valid": true,
  "parsed": true,
  "ran": true,
  "msg": "ok",
  "advantage": -0.3585861733038419,
  "beta": 284.85888725699203,
  "n_response_tokens": 1666,
  "sandbox_stdout": "",
  "parent_value": 2.6310935891139047,
  "parent_is_seed": false
}