{
  "step": 13,
  "group": 4,
  "rollout": 15,
  "reward": 2.6259305083810123,
  "raw_score": 2.6259305083810123,
  "valid": true,
  "parsed": true,
  "ran": true,
  "msg": "ok",
  "advantage": 0.2647019713625536,
  "beta": 284.85888725699203,
  "n_response_tokens": 1786,
  "sandbox_stdout": "",
  "parent_value": 2.6310935891139047,
  "parent_is_seed": false
}