{
  "step": 13,
  "group": 6,
  "rollout": 59,
  "reward": 2.625636752792167,
  "raw_score": 2.625636752792167,
  "valid": true,
  "parsed": true,
  "ran": true,
  "msg": "ok",
  "advantage": 0.3446465840902133,
  "beta": 182.60577951659118,
  "n_response_tokens": 2517,
  "sandbox_stdout": "",
  "parent_value": 2.6310935891138616,
  "parent_is_seed": false
}